PLAYER_NAME,PLAYER_ID,SEASON_ID,LEAGUE_ID,TEAM_ID,PLAYER_AGE,GP,GS,MIN,FGM,FGA,FG%,FG3M,FG3A,FG3_PCT,FTM,FTA,FT%,OREB,DREB,REB,AST,STL,BLK,TOV,PF,PTS,POS,fg_shrunk,ft_shrunk,z_PTS,z_REB,z_AST,z_STL,z_BLK,z_3PM,z_FG%,z_FT%,z_TOV,fantasy_z_9cat,TEAM_ABBREVIATION ,Total_PTS,PTS_roll2,PTS_delta,REB_roll2,REB_delta,AST_roll2,AST_delta,STL_roll2,STL_delta,BLK_roll2,BLK_delta,FG3M_roll2,FG3M_delta,FG%_roll2,FG%_delta,FT%_roll2,FT%_delta,TOV_roll2,TOV_delta,GP_roll2,GP_delta,MIN_roll2,MIN_delta,next_fantasy_z_9cat,delta_fantasy,PTS_per36,REB_per36,AST_per36,STL_per36,BLK_per36,TOV_per36,sample_weight_norm,has_history,target_delta,AGE_squared,pred_OLS,pred_RandomForest
Victor Wembanyama,,2024-25,,,21,46,46,33.2,8.9,18.6,0.476,3.1,,,3.4,4.1,0.836,1.8,9.2,11,3.7,1.1,3.8,3.2,2.3,24.3,Center,0.462394479,0.755088529,2.182321999,2.933779427,0.767238496,1.083585162,8.216819835,2.207302006,0.440054251,1.220049379,-2.446113944,16.60503661,SAS,1117.8,21.4,2.9,10.6,0.4,3.9,-0.2,1.2,-0.1,3.6,0.2,1.8,1.3,0.465,0.011,0.796,0.04,3.7,-0.5,71,-25,29.7,3.5,,,26.34939759,11.92771084,4.012048193,1.192771084,4.120481928,3.469879518,0.766537442,1,,441,16.71994775,10.26920421
Nikola Jokić,203999,2024-25,0,1610612743,30,70,70,36.72857143,11.22857143,19.48571429,0.576,1.971428571,4.728571429,0.417,5.157142857,6.442857143,0.8,2.857142857,9.885714286,12.74285714,10.22857143,1.814285714,0.642857143,3.285714286,2.285714286,29.58571429,Center,0.478803319,0.754337702,2.979495134,3.652072373,4.195277348,2.919463987,0.511503398,0.961660472,3.811146428,1.057882633,-2.549311274,17.5391905,,2071,25.44257934,3.19330923,12.09750505,0.38842676,9.394056137,1.266546114,1.313979086,0.447197106,0.770959457,-0.217902351,0.938359934,0.92079566,0.6075,-0.007,0.8195,-0.017,3.289855073,0.285714286,74,-9,34.15611815,2.08300181,,,28.99883314,12.49008168,10.02567095,1.778296382,0.630105018,3.220536756,0.921760067,1,,900,15.62405781,11.29306983
Shai Gilgeous-Alexander,1628983,2024-25,0,1610612760,26,76,76,34.18421053,11.31578947,21.78947368,0.519,2.144736842,5.723684211,0.375,7.907894737,8.802631579,0.898,0.881578947,4.105263158,4.986842105,6.394736842,1.723684211,1.013157895,2.407894737,2.157894737,32.68421053,Guard,0.470443958,0.770840545,3.446799613,0.455544807,2.182197755,2.686597254,1.41525866,1.152946531,2.093768653,4.622233907,-1.492443884,16.56290329,,2484,30.72519608,2.6308772,5.185784314,-0.546491228,5.827941176,0.194736842,1.823529412,-0.276315789,0.924607843,0.119824562,1.059803922,0.878070175,0.5225,-0.016,0.8895,0.024,2.491764706,0.247894737,71.5,1,34.78470588,0.14421053,,,34.42032333,5.251732101,6.734411085,1.815242495,1.066974596,2.535796767,0.956169483,1,,676,14.8861743,12.2304512
Anthony Davis,203076,2024-25,0,0,32,51,51,33.43137255,9.215686275,17.84313725,0.516,0.68627451,2.431372549,0.282,5.607843137,7.235294118,0.775,2.62745098,8.941176471,11.56862745,3.549019608,1.156862745,2.156862745,2.215686275,1.921568627,24.7254902,Forward-Center,0.468363668,0.751809579,2.246492958,3.16813087,0.687961329,1.229735515,4.206582391,-0.456806481,1.66638629,0.511848353,-1.261030884,11.99930034,,1261,25.29746241,0.04127967,12.59022557,-1.07610939,3.071428572,0.049019608,1.125469925,-0.040505676,2.188909775,-0.185242518,0.360432331,0.304695563,0.5595,-0.04,0.8,-0.041,2.135338346,0.123581012,66,-25,34.77208647,-2.09494324,,,26.62521994,12.457478,3.82170088,1.2457478,2.322580645,2.385923754,0.801720961,1,,1024,12.66149523,12.0586713
Giannis Antetokounmpo,203507,2024-25,0,1610612749,30,67,67,34.1641791,11.8358209,19.68656716,0.601,0.208955224,0.940298507,0.222,6.507462687,10.55223881,0.617,2.194029851,9.71641791,11.91044776,6.462686567,0.865671642,1.164179104,3.074626866,2.313432836,30.3880597,Forward,0.483078539,0.725545771,3.100502092,3.309007085,2.217876969,0.481307303,1.783840716,-0.983639531,4.68946326,-5.160715843,-2.295168596,7.142473454,,2036,30.76679713,-0.05029646,11.64916287,0.38989981,6.109480321,-0.057861378,1.008588824,-0.32610918,0.945857795,0.081987323,0.605892586,-0.256798201,0.582,-0.01,0.651,-0.04,3.66470972,-0.350030668,68,-6,33.64568384,-1.00020446,,,32.02096986,12.55045872,6.809960682,0.912188729,1.226736566,3.239842727,0.904001915,1,,900,11.30668119,9.82523215
Luka Dončić,1629029,2024-25,0,0,26,50,50,35.38,9.22,20.5,0.45,3.54,9.62,0.368,6.18,7.9,0.782,0.8,7.38,8.18,7.66,1.78,0.42,3.58,2.52,28.16,Guard-Forward,0.458185769,0.753030906,2.764473839,1.771557887,2.846565344,2.831341804,-0.032401292,2.692944528,-0.424598437,0.775635439,-2.903622106,10.32189701,,1408,33.12554113,-5.69714286,8.932034632,-1.062857143,8.907575758,-2.14,1.388961039,0.365714286,0.521428572,-0.122857143,3.43008658,-0.517142857,0.4915,-0.037,0.764,-0.004,3.802164503,-0.448571429,68,-20,36.85649351,-2.10571429,,,28.65347654,8.323346523,7.794234031,1.811192764,0.42736009,3.642736009,0.794827213,1,,676,11.20762814,10.55566643
Tyrese Haliburton,1630169,2024-25,0,1610612754,25,73,73,33.56164384,6.520547945,13.78082192,0.473,2.98630137,7.698630137,0.388,2.589041096,3.04109589,0.851,0.575342466,2.95890411,3.534246575,9.219178082,1.438356164,0.671232877,1.643835616,1.260273973,18.61643836,Guard,0.461454866,0.754333246,1.325146903,-0.143121085,3.665262528,1.953238446,0.580757157,2.081809076,0.247016801,1.056920232,-0.572540505,10.19448955,,1359,20.42236025,-1.51399642,3.794125259,-0.393289657,10.67248964,-1.679372638,1.413949276,0.235457613,0.571040373,-0.024419297,2.850543478,0.160214413,0.4835,-0.004,0.863,-0.004,2.411102485,-0.66051221,62.5,4,32.92844203,1.32975978,,,19.96897959,3.791020407,9.88897959,1.542857142,0.72,1.763265305,0.939141592,1,,625,10.67396789,6.313034357
Tyrese Maxey,1630178,2024-25,0,1610612755,24,52,52,37.69230769,9.173076923,20.98076923,0.437,3.096153846,9.192307692,0.337,4.884615385,5.557692308,0.879,0.288461538,3.057692308,3.346153846,6.096153846,1.75,0.403846154,2.384615385,2.230769231,26.32692308,Guard,0.455898749,0.761512929,2.488015522,-0.220640738,2.025417038,2.754234893,-0.071826336,2.203056879,-0.894452231,2.607617278,-1.46441627,9.427006036,,1369,23.12142857,0.38406594,3.30952381,-0.33956044,4.85952381,-0.08956044,0.901190477,0.764285714,0.302380952,-0.067582417,2.847619048,0.067582417,0.4655,-0.013,0.8565,0.011,1.495238095,0.727472528,65,-18,35.55714286,0.17802198,,,25.14489796,3.195918367,5.82244898,1.671428572,0.385714286,2.277551021,0.808547448,1,,576,9.956577047,8.808089235
Jayson Tatum,1628369,2024-25,0,1610612738,27,72,72,36.44444444,9.194444444,20.34722222,0.452,3.472222222,10.11111111,0.343,4.972222222,6.111111111,0.814,0.666666667,7.986111111,8.652777778,5.986111111,1.055555556,0.527777778,2.902777778,2.180555556,26.83333333,Guard-Forward,0.458534303,0.755592485,2.564390564,1.966406297,1.967635519,0.969352703,0.230640934,2.618135958,-0.352994425,1.328895777,-2.088267648,9.204195677,,1932,28.45945946,-0.01801802,8.445945946,0.531156156,4.770270271,1.067192192,1.033783784,0.042042042,0.635135135,-0.053303303,3.168918919,0.377627627,0.4685,-0.019,0.8435,-0.019,2.709459459,0.362237237,74,-2,36.33108108,0.7012012,,,26.50609756,8.547256099,5.913109757,1.042682927,0.521341464,2.867378049,0.933388129,1,,729,9.810707564,8.661131878
Joel Embiid,203954,2024-25,0,1610612755,31,19,19,30.21052632,7.368421053,16.57894737,0.444,1.210526316,4.052631579,0.299,7.842105263,8.894736842,0.882,1.894736842,6.263157895,8.157894737,4.473684211,0.736842105,0.947368421,3.263157895,2.210526316,23.78947368,Forward-Center,0.457607819,0.768622966,2.105326186,1.762447528,1.173486565,0.150185716,1.254693004,0.12182754,-0.543334686,4.143272159,-2.522154082,7.645749928,,451.9999999,33.88403264,-10.90283401,10.58857809,-2.867746293,4.883449884,-1.141700404,1.08974359,-0.442645074,1.694638695,-0.744939271,1.192307693,-0.174089069,0.5385,-0.085,0.87,-0.001,3.635198135,-0.582995951,52.5,-20,34.08508159,-3.35357624,,,28.34843205,9.721254354,5.331010453,0.87804878,1.12891986,3.888501742,0.52909606,1,,961,9.179040968,11.60376171
Jaren Jackson Jr.,1628991,2024-25,0,1610612763,25,74,74,29.82432432,8,16.39189189,0.488,1.972972973,5.256756757,0.375,4.202702703,5.378378378,0.781,1.22972973,4.405405405,5.635135135,2,1.243243243,1.527027027,2.067567568,3.472972973,22.17567568,Forward-Center,0.463826367,0.751614695,1.861938757,0.722729248,-0.125401817,1.451753293,2.669406619,0.963365079,0.734226709,0.469756407,-1.082700575,7.66507372,,1641,20.56709957,-0.33947584,6.146103896,0.104832105,1.642857143,-0.333333333,1.121933622,0.031122031,2.303030303,-0.079033579,1.68001443,0.2002457,0.475,0.044,0.798,-0.027,2.061327561,-0.356674856,64.5,8,30.28138528,-2.35749386,,,26.76755778,6.801993657,2.414136838,1.500679656,1.843226099,2.495695515,0.944855781,1,,625,9.140564164,9.743778167
Anthony Edwards,1630162,2024-25,0,1610612750,23,79,79,36.34177215,9.126582278,20.40506329,0.447,4.050632911,10.26582278,0.395,5.253164557,6.278481013,0.837,0.772151899,4.924050633,5.696202532,4.544303797,1.151898734,0.64556962,3.151898734,1.898734177,27.55696203,Guard,0.457683813,0.758332089,2.67352574,0.747897277,1.210567676,1.216976863,0.518123464,3.256546925,-0.52772214,1.92060649,-2.388201518,8.628320777,,2177,25.28481013,1.62025317,5.620253165,0.253164557,4.778481013,-0.582278481,1.430379747,-0.126582279,0.632911393,0.11392405,2.550632912,1.64556962,0.46,-0.014,0.796,0.001,3.164556962,0.101265823,79,0,35.51265823,1.27848101,,,27.29780565,5.642633229,4.501567398,1.141065831,0.639498432,3.122257053,0.972864486,1,,529,8.915678554,8.904511118
Kristaps Porziņģis,204001,2024-25,0,1610612738,29,42,42,28.80952381,6.595238095,13.66666667,0.483,2.452380952,5.952380952,0.412,3.833333333,4.738095238,0.809,1.619047619,5.142857143,6.761904762,2.071428571,0.738095238,1.5,1.261904762,2.761904762,19.47619048,Forward-Center,0.462645617,0.753694631,1.454811742,1.187110783,-0.087895922,0.153406556,2.603444512,1.492503488,0.491649096,0.918989513,-0.112707656,8.101312115,,818.0000002,21.62078272,-0.61152882,7.787719298,-0.413533834,2.347233469,0.053884711,0.814574899,0.001253133,1.74291498,-0.447368421,2.018758435,0.522556391,0.507,-0.033,0.8545,-0.049,1.834547909,-0.299498747,61,-15,31.13225372,-0.839599,,,24.33719009,8.449586777,2.588429751,0.922314049,1.874380165,1.576859504,0.73698852,1,,841,8.914969941,6.288431289
Cade Cunningham,1630595,2024-25,0,1610612765,23,70,70,35.02857143,9.771428571,20.81428571,0.469,2.128571429,5.971428571,0.356,4.471428571,5.285714286,0.846,0.8,5.271428571,6.071428571,9.114285714,1.014285714,0.757142857,4.414285714,2.785714286,26.14285714,Guard,0.461437858,0.757779912,2.460255334,0.902541173,3.610185377,0.863279702,0.790428879,1.135104231,0.243522526,1.801345224,-3.908076115,7.898586331,,1830,21.2889785,3.48156682,5.244623656,1.748847926,6.741935484,1.630414746,0.86827957,0.111059908,0.469086022,0.402304147,1.668010753,0.20921659,0.432,0.02,0.853,-0.023,3.33467742,0.994930875,37,8,33.39247312,1.57695853,,,26.86786296,6.239804241,9.367047308,1.042414355,0.778140293,4.53670473,0.921760067,1,,529,8.702767039,9.906508279
Kevin Durant,201142,2024-25,0,1610612756,36,62,62,36.53225806,9.548387097,18.12903226,0.527,2.580645161,6,0.43,4.887096774,5.822580645,0.839,0.370967742,5.661290323,6.032258065,4.241935484,0.806451613,1.241935484,3.064516129,1.677419355,26.56451613,Forward,0.470167106,0.757898222,2.523848484,0.886397625,1.051799355,0.329098187,1.973612779,1.634072929,2.036891113,1.826898157,-2.282995584,9.979623044,,1647,28.07858156,-0.5288172,6.629787234,-0.567741935,5.02,-0.798064516,0.821702128,-0.113548387,1.319432624,0.028602151,2.109361702,0.340645161,0.5415,0.004,0.8875,-0.017,3.286241135,-0.188817204,61,-13,36.39390071,-0.68107527,,,26.17748345,5.944370862,4.180132451,0.794701987,1.22384106,3.01986755,0.873497163,1,,1296,8.511843637,10.83826254
Devin Booker,1626164,2024-25,0,1610612756,28,75,75,37.26666667,8.72,18.93333333,0.461,2.44,7.346666667,0.332,5.76,6.44,0.894,1.013333333,3.053333333,4.066666667,7.053333333,0.893333333,0.213333333,2.933333333,2.64,25.64,Guard,0.460044718,0.765061117,2.384416161,0.076308028,2.528015271,0.552404221,-0.536791539,1.478838223,-0.042689096,3.373969424,-2.125055585,7.689415109,,1923,27.4141232,-1.43352941,4.528856826,-0.462745098,6.234739179,0.112156862,0.929661488,-0.003725491,0.375693674,-0.198431373,2.164816871,0.204705882,0.493,-0.031,0.8705,0.008,2.676748058,0.315686274,60.5,7,35.30396782,1.28137255,,,24.7685152,3.928443649,6.813595706,0.862969588,0.206082289,2.833631484,0.950531489,1,,784,8.411126503,6.544807317
Karl-Anthony Towns,1626157,2024-25,0,1610612752,29,72,72,34.95833333,8.875,16.875,0.526,1.972222222,4.694444444,0.42,4.708333333,5.680555556,0.829,2.944444444,9.833333333,12.77777778,3.083333333,0.986111111,0.694444444,2.666666667,3.458333333,24.43055556,Forward-Center,0.469412921,0.75667115,2.202011936,3.666464401,0.443437598,0.790864482,0.63740726,0.962536451,1.881948746,1.561870183,-1.803997226,10.34254383,,1759,21.25834261,2.67249104,8.222191323,4.471326167,3.937986652,0.034946236,0.69160178,0.292562724,0.62374861,0.033154121,2.131256952,-0.221326165,0.4995,0.022,0.8735,-0.044,2.910177976,-0.188172043,45.5,10,32.83870968,2.28091398,,,25.15852206,13.15852205,3.175208582,1.015494636,0.715137068,2.746126341,0.933388129,1,,841,8.40702894,8.635040614
Kyrie Irving,202681,2024-25,0,1610612742,33,50,50,36.08,8.94,18.9,0.473,2.88,7.18,0.401,3.92,4.28,0.916,1.2,3.6,4.8,4.62,1.32,0.46,2.22,2.02,24.68,Guard,0.461951936,0.761664876,2.239632284,0.37854058,1.250314431,1.64903584,0.065222626,1.964480745,0.349136632,2.640435368,-1.266224474,9.270574032,,1234,26.34396552,-0.95793103,5.033333334,-0.2,5.335919541,-0.535172414,1.187931035,0.044137931,0.61637931,-0.022758621,3.058045977,-0.102758621,0.4955,-0.024,0.905,0.011,1.98045977,0.392413793,59,-8,36.175,1.08,,,24.62527716,4.789356984,4.609756098,1.317073171,0.458980044,2.215077605,0.794827213,1,,1089,8.228396002,8.778872113
Trae Young,1629027,2024-25,0,1610612737,26,76,76,36.03947368,7.447368421,18.10526316,0.411,2.868421053,8.447368421,0.34,6.460526316,7.381578947,0.875,0.473684211,2.631578947,3.105263158,11.57894737,1.197368421,0.157894737,4.671052632,1.907894737,24.22368421,Guard,0.452373137,0.764732721,2.170812315,-0.319920293,4.904336173,1.333844433,-0.672094864,1.951700679,-1.61876692,3.30304119,-4.217215485,6.835737229,,1841,25.97070015,-1.49853801,2.865930999,0.346003899,10.47349062,0.78265107,1.214611872,-0.135964912,0.163495688,-0.045808967,2.675164891,-0.372319688,0.4295,-0.019,0.8705,0.02,4.230720447,0.31920078,63.5,22,35.38559107,0.07651072,,,24.19715225,3.101861994,11.56626506,1.196056955,0.157721796,4.665936474,0.956169483,1,,676,8.20188215,6.7013676
Chet Holmgren,,2024-25,,,22,32,32,27.4,5.2,10.7,0.49,1.4,,,3.2,4.2,0.754,1.5,6.5,8,2,0.7,2.2,1.8,2.3,15,Center,0.462776741,0.748883569,0.779728187,1.697373533,-0.125401817,0.055493019,4.311863088,0.330955898,0.518587513,-0.120123219,-0.760557559,6.687918644,OKC,480,16.5,-1.5,7.9,0.1,2.4,-0.4,0.6,0.1,2.3,-0.1,1.6,-0.2,0.53,-0.04,0.793,-0.039,1.6,0.2,82,-50,29.4,-2,,,19.7080292,10.51094891,2.627737226,0.919708029,2.890510949,2.364963504,0.656266298,1,,484,8.192794169,5.549691266
Donovan Mitchell,1628378,2024-25,0,1610612739,28,71,71,31.43661972,8.23943662,18.5915493,0.443,3.281690141,8.915492958,0.368,4.197183099,5.098591549,0.823,0.802816901,3.732394366,4.535211268,4.985915493,1.338028169,0.23943662,2.098591549,1.971830986,23.95774648,Guard,0.457220113,0.755351981,2.130704507,0.269411797,1.442450266,1.695372387,-0.47308391,2.407839411,-0.622986452,1.276950761,-1.120052482,7.006606286,,1701,27.43235294,-2.64225352,4.670454546,-0.555697823,5.240508022,-1.068629962,1.646122995,-0.498335467,0.471256685,-0.306017925,3.456016043,-0.027400768,0.473,-0.019,0.866,-0.042,2.723529412,-0.701408451,61.5,16,35.54598931,-3.89065301,,,27.43548387,5.193548387,5.709677419,1.532258064,0.274193549,2.403225806,0.92759457,1,,784,8.186370733,9.565255778
Jalen Brunson,1628973,2024-25,0,1610612752,28,65,65,35.4,9,18.46153846,0.487,2.338461538,6.107692308,0.383,5.661538462,6.892307692,0.821,0.415384615,2.461538462,2.876923077,7.307692308,0.923076923,0.123076923,2.523076923,2.123076923,26,Guard,0.464092862,0.757242513,2.438710115,-0.4140273,2.661574727,0.628852099,-0.75707115,1.366766871,0.788976294,1.685275555,-1.631119648,6.767937563,,1690,26.37098931,-2.72727273,3.577253629,-0.733466533,6.465718106,0.567432568,0.903074867,0.013986014,0.194709702,-0.045754246,2.355423988,-0.401798202,0.485,0.008,0.838,-0.026,2.251909855,0.107492507,72.5,-12,35.19394576,-0.0025974,,,26.44067797,2.925684485,7.4315515,0.938722295,0.125162973,2.565840939,0.891941389,1,,784,8.142415671,6.446272823
Damian Lillard,203081,2024-25,0,1610612749,34,58,58,36.0862069,7.655172414,17.10344828,0.448,3.396551724,9.034482759,0.376,6.24137931,6.775862069,0.921,0.5,4.189655172,4.689655172,7.068965517,1.206896552,0.172413793,2.793103448,1.672413793,24.94827586,Guard,0.458131087,0.769046155,2.28009272,0.333063581,2.536223458,1.358333925,-0.636659686,2.534615932,-0.435832609,4.234674105,-1.956223172,10.24828826,,1447,28.24374114,0.63320737,4.579711857,0.306093528,7.143245159,0.110061407,0.924185168,0.220595182,0.278460085,-0.074161549,3.610297591,0.382853094,0.4435,0.024,0.917,0.001,2.968469532,0.149267832,65.5,-15,35.82132735,0.77113841,,,24.88867654,4.678451982,7.052078356,1.204013378,0.172001911,2.78643096,0.848196002,1,,1156,8.141768194,7.805027648
LaMelo Ball,1630163,2024-25,0,1610612766,23,47,47,32.0212766,8.638297872,21.34042553,0.405,3.808510638,11.23404255,0.339,4.106382979,4.872340426,0.843,1,3.936170213,4.936170213,7.361702128,1.14893617,0.276595745,3.553191489,3.340425532,25.19148936,Guard,0.450214817,0.756848935,2.316773339,0.434661131,2.689934341,1.209362391,-0.382393425,2.989308582,-2.062179901,1.600268973,-2.871345494,5.924389937,,1184,23.59343435,1.28239845,5.776515152,-0.200193423,8.222222222,-0.638297872,1.547979798,-0.669245648,0.243686869,0.094777563,3.590909091,0.626692456,0.422,-0.028,0.8505,-0.022,3.678030303,-0.219535784,29,25,33.77020202,-0.29690522,,,28.32159468,5.549501661,8.276411959,1.291694352,0.310963455,3.994684384,0.773721595,1,,529,8.008863872,8.956577807
Evan Mobley,1630596,2024-25,0,1610612739,24,71,71,30.52112676,7.112676056,12.76056338,0.557,1.197183099,3.23943662,0.37,3.112676056,4.295774648,0.725,2.309859155,6.971830986,9.281690141,3.183098592,0.85915493,1.591549296,2.042253521,1.985915493,18.53521127,Center,0.470856276,0.746598171,1.312896515,2.225603281,0.495822593,0.464557852,2.826879537,0.107100191,2.17847686,-0.613732723,-1.052223251,7.945380854,,1316,15.93227848,2.83521127,9.18,-0.078309859,3.017721519,-0.016901408,0.829746836,-0.04084507,1.473164557,0.151549296,0.359240507,0.757183099,0.567,-0.023,0.6965,0.006,1.824050633,0.242253521,64.5,21,32.50354431,-0.11887324,,,21.8624827,10.94785418,3.754499308,1.013382557,1.877249654,2.408860175,0.92759457,1,,576,7.959605518,5.286648717
Jamal Murray,1627750,2024-25,0,1610612743,28,67,67,36.08955224,7.925373134,16.73134328,0.474,2.328358209,5.925373134,0.393,3.253731343,3.671641791,0.886,0.671641791,3.223880597,3.895522388,6.014925373,1.358208955,0.492537313,2.059701493,1.910447761,21.43283582,Guard,0.461890015,0.757863235,1.749906221,0.00577343,1.982765385,1.747241656,0.144633126,1.355615494,0.336415367,1.819341554,-1.073230066,8.068462167,,1436,20.57783573,0.24639514,4.027770535,-0.206172527,6.331160365,-0.493549203,0.990743155,0.39210726,0.453585398,-0.168479636,2.551890483,-0.12926891,0.4675,-0.007,0.843,0.033,2.17470665,-0.058942575,62,8,32.17887875,4.54717936,,,21.3796526,3.885856079,6,1.354838709,0.491315136,2.054590571,0.904001915,1,,784,7.717727266,5.80587563
Franz Wagner,1630532,2024-25,0,1610612753,23,60,60,33.71666667,8.95,19.35,0.463,1.733333333,5.866666667,0.295,4.516666667,5.183333333,0.871,0.933333333,4.766666667,5.7,4.733333333,1.25,0.35,2.3,2.45,24.15,Forward,0.46037231,0.759964472,2.159699518,0.749462348,1.309823785,1.469119715,-0.20324315,0.698866899,0.024612479,2.273175282,-1.362541982,7.118974895,,1449,19.14930555,4.41388889,4.702083334,0.408333333,3.636805556,0.997222222,1.009027778,0.194444444,0.300694445,-0.038888889,1.465277778,0.427777777,0.4835,-0.019,0.846,0.021,1.995138889,0.397222222,76,-12,32.53541667,1.25833334,,,25.78546713,6.086010874,5.053880375,1.334651508,0.373702422,2.455758774,0.860952026,1,,529,7.660713432,8.061027912
De'Aaron Fox,1628368,2024-25,0,0,27,62,62,36.14516129,8.693548387,18.75806452,0.463,1.903225806,6.14516129,0.31,4.241935484,5.129032258,0.827,0.870967742,3.935483871,4.806451613,6.322580645,1.467741935,0.403225806,2.806451613,2.64516129,23.53225806,Guard,0.460359212,0.755761482,2.066533817,0.381199517,2.144309796,2.028766646,-0.073340356,0.886382829,0.021921699,1.36539641,-1.972293946,6.848876412,,1459,25.7906331,-3.03530951,4.393187709,0.211857018,5.88596816,0.673931996,1.582006664,-0.559285092,0.366993706,-0.015693113,2.261014439,-0.988666086,0.4885,-0.002,0.759,0.089,2.550536839,0.184829991,73.5,-12,34.64429841,0.21272886,,,23.437751,4.787148595,6.297188755,1.461847389,0.401606425,2.795180723,0.873497163,1,,729,7.56124322,7.632600395
Zion Williamson,1629627,2024-25,0,1610612740,24,30,30,28.56666667,9.6,16.93333333,0.567,0.1,0.433333333,0.231,5.266666667,8.033333333,0.656,2.533333333,4.666666667,7.2,5.3,1.233333333,0.9,3,2.733333333,24.56666667,Forward,0.475378437,0.735655763,2.222539743,1.367665295,1.607370556,1.426282542,1.139085732,-1.103897008,3.107525996,-2.977118619,-2.205320175,4.584134061,,737.0000001,24.43571429,1.6952381,6.382758621,1.4,4.807389163,0.271428571,1.101724138,0.133333333,0.611576354,0.228571429,0.163546798,0.014285714,0.589,-0.003,0.708,-0.046,3.08546798,0.242857143,49.5,-40,32.24704434,-2.96190476,,,30.95915986,9.073512251,6.679113185,1.554259043,1.134189031,3.780630105,0.638666754,1,,576,7.500406078,9.934038959
Stephen Curry,201939,2024-25,0,1610612744,37,70,70,32.17142857,8.057142857,17.97142857,0.448,4.442857143,11.2,0.397,3.985714286,4.271428571,0.933,0.571428571,3.857142857,4.428571429,6.014285714,1.142857143,0.428571429,2.857142857,1.357142857,24.54285714,Guard,0.458056547,0.762978484,2.218948872,0.225461755,1.982429511,1.193737892,-0.01148188,3.689457756,-0.451146367,2.924153891,-2.033324625,9.738236805,,1718,27.93050193,-1.88957529,5.274372587,-0.03088803,5.703667954,0.892664092,0.82915058,0.413127413,0.367760618,0.050193051,4.849662162,-0.381467181,0.4715,-0.002,0.919,0.01,3.017133205,0.019305019,65,-4,33.69522201,-0.55830116,,,27.46358792,4.955595027,6.730017762,1.278863233,0.479573713,3.197158082,0.921760067,1,,1369,7.37581362,9.506208653
Jalen Williams,1631114,2024-25,0,1610612760,24,69,69,32.42028986,8.188405797,16.92753623,0.484,1.797101449,4.927536232,0.365,3.420289855,4.333333333,0.789,0.855072464,4.492753623,5.347826087,5.130434783,1.608695652,0.666666667,2.173913043,2.289855072,21.5942029,Guard-Forward,0.463358029,0.751687536,1.774243045,0.604319048,1.518334822,2.391050169,0.569612874,0.769249874,0.638009521,0.485488921,-1.210737214,7.539571058,,1490,16.58225352,2.50969586,4.23258216,1.375995101,3.920938968,0.595223515,1.250046948,0.481935089,0.550234742,0.03286385,1.212018779,0.346397224,0.5305,-0.056,0.813,-0.025,1.686197183,0.441518677,73,-2,30.83530517,1.0963462,,,23.97854269,5.938310236,5.696915511,1.786320965,0.740277157,2.41394725,0.915883737,1,,576,7.324230439,5.622171175
Bam Adebayo,1628389,2024-25,0,1610612748,27,78,78,34.28205128,6.923076923,14.26923077,0.485,1.012820513,2.833333333,0.357,3.217948718,4.205128205,0.765,2.371794872,7.230769231,9.602564103,4.320512821,1.256410256,0.679487179,2.064102564,2.076923077,18.07692308,Forward-Center,0.463002698,0.749737412,1.243779076,2.357846767,1.093058943,1.48559555,0.600902589,-0.09638688,0.565008961,0.064293184,-1.078528818,6.235569371,,1410,19.8200939,-1.17659805,9.776807512,-0.777717587,3.557746479,0.405019863,1.157089201,0.115565186,0.871455399,-0.250090286,0.11230047,0.801552907,0.5305,-0.036,0.7805,0.01,2.387511737,-0.217587577,73,7,34.33408451,0.25388227,,,18.98279731,10.08376963,4.537023187,1.319371727,0.713537771,2.167539267,0.967335276,1,,729,7.294115643,5.208402106
Alperen Şengün,,2024-25,,,22,76,76,31.5,7.5,15,0.496,0.3,,,3.9,5.6,0.692,3.4,6.9,10.3,4.9,1.1,0.8,2.6,2.8,19.1,Center,0.464577262,0.742767796,1.398075996,2.645284718,1.397337541,1.083585162,0.895025935,-0.883150407,0.888493308,-1.441032832,-1.723732636,4.259886786,HOU,1451.6,21.1,-2,9.3,1,5,-0.1,1.2,-0.1,0.7,0.1,0.5,-0.2,0.537,-0.041,0.693,-0.001,2.6,0,63,13,32.5,-1,,,21.82857143,11.77142857,5.6,1.257142857,0.914285714,2.971428571,0.956169483,1,,484,7.199028077,5.290103232
Alperen Sengun,1630578,2024-25,0,1610612745,22,76,76,31.51315789,7.460526316,15.03947368,0.496,0.276315789,1.184210526,0.233,3.894736842,5.631578947,0.692,3.447368421,6.894736842,10.34210526,4.894736842,1.105263158,0.802631579,2.552631579,2.75,19.09210526,Center,0.464588045,0.742738978,1.396885339,2.662637782,1.394573949,1.09711269,0.901448561,-0.909291452,0.89070843,-1.447257071,-1.666702533,4.320115694,,1451,17.9568254,-2.03487887,9.194603175,0.992898911,4.416190476,-0.05764411,1.06984127,-0.101086048,0.831746032,0.072472849,0.388571429,-0.247493735,0.545,-0.041,0.704,-0.001,2.572380952,-0.018796992,69,13,30.71142858,-0.96303259,,,21.81043841,11.81461378,5.59164927,1.26263048,0.91691023,2.916075157,0.956169483,1,,484,7.067528168,4.746895677
Paolo Banchero,1631094,2024-25,0,1610612753,22,46,46,34.39130435,8.956521739,19.80434783,0.452,1.891304348,5.913043478,0.32,6.086956522,8.369565217,0.727,1.108695652,6.391304348,7.5,4.760869565,0.782608696,0.608695652,2.956521739,2.108695652,25.89130435,Forward,0.458563912,0.745377547,2.422317013,1.491305884,1.324282579,0.267816397,0.428128932,0.873224722,-0.346911412,-0.877368078,-2.152973703,3.429822336,,1191,21.25416667,3.34130435,6.913888889,0.575,4.561805556,-0.626630435,0.860416666,-0.104891304,0.564583334,0.021195652,1.334027778,0.403804348,0.441,-0.003,0.7315,0.002,2.932638889,-0.130978261,76,-34,34.36875,-0.59619565,,,27.10240202,7.850821744,4.983565107,0.819216182,0.637168141,3.094816687,0.766537442,1,,484,7.061912772,7.551804855
Tyler Herro,1629639,2024-25,0,1610612748,25,77,77,35.38961039,8.454545455,17.8961039,0.472,3.25974026,8.701298701,0.375,3.727272727,4.246753247,0.878,0.454545455,4.727272727,5.181818182,5.506493506,0.896103896,0.220779221,2.571428571,1.103896104,23.8961039,Guard,0.461706065,0.758595424,2.121407787,0.53590133,1.71579669,0.559525206,-0.51861912,2.383612603,0.298624031,1.977482792,-1.689333526,7.384397794,,1840,20.46890547,3.06277057,5.329424307,-0.103896104,4.327647477,1.03030303,0.737739872,0.181818182,0.155117271,0.14935065,3.086353945,0.116883117,0.44,0.031,0.895,0.022,2.286247334,0.357142857,54.5,35,34.17537314,1.88961039,,,24.30825688,5.271192661,5.601467889,0.911559633,0.224587156,2.615779816,0.961770506,1,,625,7.021112694,6.837382602
Myles Turner,1626167,2024-25,0,1610612754,29,72,72,30.19444444,5.416666667,11.26388889,0.481,2.166666667,5.472222222,0.396,2.555555556,3.305555556,0.773,1.25,5.291666667,6.541666667,1.541666667,0.75,2,1.708333333,2.541666667,15.55555556,Forward-Center,0.462003587,0.749975935,0.863515153,1.096342891,-0.366064647,0.184004537,3.823743495,1.177151202,0.359747956,0.1158105,-0.650193747,6.60405734,,1120,17.50178048,-1.49639249,7.219103477,-0.380411255,1.367092585,0.242965368,0.543569334,0.243506494,2.064097193,0.12987013,1.503246753,0.660173161,0.536,-0.043,0.778,0,1.53843737,0.292748917,69.5,-5,28.19826141,3.23340548,,,18.54645815,7.799448024,1.838086477,0.894204232,2.384544619,2.036798528,0.933388129,1,,841,6.912827067,5.142675138
Scottie Barnes,1630567,2024-25,0,1610612761,23,65,65,32.83076923,7.292307692,16.35384615,0.446,1.169230769,4.307692308,0.271,3.507692308,4.646153846,0.755,1.676923077,6.046153846,7.723076923,5.815384615,1.430769231,0.969230769,2.830769231,1.738461538,19.26153846,Guard-Forward,0.45791525,0.749010364,1.422438668,1.583243758,1.877990017,1.93373828,1.308050206,0.076248281,-0.48017485,-0.092737479,-2.001571601,5.62722528,,1252,17.58084416,-0.58846154,7.441341991,-0.51025641,5.434090909,-0.234615385,1.163961039,0.180769231,1.12943723,-0.497435898,1.250757576,-0.514102564,0.4655,-0.029,0.7765,-0.026,2.375,0.080769231,68.5,5,34.83961039,-2.06923077,,,21.12089972,8.468603562,6.376757263,1.568884724,1.062792877,3.104029991,0.891941389,1,,529,6.803241761,5.786710511
LeBron James,2544,2024-25,0,1610612747,40,70,70,34.91428571,9.3,18.14285714,0.513,2.128571429,5.657142857,0.376,3.7,4.728571429,0.782,1.028571429,6.771428571,7.8,8.214285714,1,0.557142857,3.714285714,1.414285714,24.42857143,Forward,0.468023817,0.751352196,2.201712697,1.614946474,3.137611093,0.826562126,0.302309286,1.135104231,1.596565976,0.413060769,-3.065297922,8.16257473,,1710,27.28553137,-1.2334004,7.802432779,0.504225352,7.556978233,-0.081488934,1.081306018,-0.253521127,0.558514725,0.021931589,2.149295775,0.02997988,0.52,-0.027,0.759,0.032,3.343533931,0.263581489,63,-1,35.39743918,-0.35331992,,,25.18821604,8.042553192,8.469721768,1.031096563,0.574468085,3.829787234,0.921760067,1,,1600,6.659453727,8.767478865
Domantas Sabonis,1627734,2024-25,0,1610612758,29,70,70,34.7,7.528571429,12.75714286,0.59,0.928571429,2.228571429,0.417,3.114285714,4.128571429,0.754,3.814285714,10.07142857,13.88571429,6.042857143,0.685714286,0.371428571,2.885714286,3.271428571,19.1,Forward-Center,0.474587224,0.748876817,1.398075996,4.123084145,1.99743187,0.018775444,-0.150944623,-0.189375375,2.944976493,-0.121581477,-2.067723735,7.952718737,,1337,19.27037666,-0.32682927,12.98749615,0.2271777,7.730240815,-2.16445993,0.862611917,-0.216724738,0.53951837,-0.213937283,0.397422044,0.526132405,0.6045,-0.004,0.723,0.05,3.114232788,-0.431358885,80.5,-12,35.17011423,-1.00731707,,,19.81556196,14.40592837,6.269246604,0.71140387,0.385343762,2.993824619,0.921760067,1,,841,6.621031419,5.141268622
Trey Murphy III,1630530,2024-25,0,1610612740,25,53,51,34.98113208,7.188679245,15.83018868,0.454,2.981132075,8.264150943,0.361,3.849056604,4.339622642,0.887,0.886792453,4.169811321,5.056603774,3.547169811,1.056603774,0.735849057,1.943396226,2.113207547,21.20754717,Forward,0.459062456,0.759518243,1.715928966,0.484296053,0.686990033,0.972046864,0.738459274,2.076103554,-0.244488778,2.176796989,-0.933202148,7.672930808,,1124,14.6517877,6.43561735,4.234621364,0.144323072,1.796580058,1.371731215,1.01065956,0.161866932,0.517765934,0.244620987,2.760937153,0.016219794,0.4635,0.011,0.86,0.072,0.684321564,1.346904998,68,-4,30.31823229,5.33200927,,,21.82524272,5.203883495,3.650485436,1.087378641,0.757281554,1.999999999,0.815308605,1,,625,6.557851518,5.078820739
Desmond Bane,1630217,2024-25,0,1610612763,27,69,68,31.95652174,7.144927536,14.75362319,0.484,2.376811594,6.057971014,0.392,2.565217391,2.869565217,0.894,0.898550725,5.15942029,6.057971014,5.347826087,1.15942029,0.405797101,2.449275362,2.376811594,19.23188406,Guard,0.462966984,0.756353501,1.417966294,0.896994839,1.632483199,1.236308995,-0.067064859,1.409095094,0.557671772,1.493263078,-1.542264867,7.034453545,,1327,22.61904762,-4.50621118,4.711001642,1.653209109,4.927750411,-0.128364389,0.994663383,0.135610766,0.451559935,-0.118012423,3.061986864,-0.885093168,0.4715,0.02,0.8765,0.024,2.41954023,-0.217391305,50,27,33.04926109,-2.40062112,,,21.66530612,6.824489795,6.024489796,1.306122449,0.457142857,2.759183673,0.915883737,1,,729,6.378344685,5.199172383
Kawhi Leonard,202695,2024-25,0,1610612746,34,37,37,31.89189189,8.378378378,16.83783784,0.498,2.108108108,5.135135135,0.411,2.648648649,3.27027027,0.81,0.945945946,4.972972973,5.918918919,3.135135135,1.594594595,0.459459459,1.945945946,1.513513514,21.51351351,Forward,0.465359762,0.75223212,1.762073751,0.839686562,0.47063782,2.354807204,0.063903383,1.112518188,1.049252905,0.603110537,-0.936271931,7.319718418,,795.9999999,23.77375566,-2.20707473,6.30882353,-0.19872814,3.755656109,-0.453100159,1.508484163,-0.037758346,0.703054299,-0.4081876,2.029411765,0.049284579,0.5185,-0.027,0.878,-0.075,1.721153846,0.195945946,60,-31,33.94004525,-2.37281399,,,24.28474576,6.681355933,3.538983051,1.800000001,0.518644067,2.19661017,0.697995668,1,,1156,6.370720473,6.155584603
James Harden,201935,2024-25,0,1610612746,35,79,79,35.30379747,6.721518987,16.39240506,0.41,2.974683544,8.455696203,0.352,6.392405063,7.316455696,0.874,0.696202532,5.075949367,5.772151899,8.696202532,1.493670886,0.696202532,4.316455696,2.050632911,22.81012658,Guard,0.452841156,0.764479785,1.957624446,0.779198692,3.390657199,2.095410023,0.641698046,2.068986098,-1.522615298,3.248410952,-3.790291821,8.869078337,,1802,18.7605364,6.25457102,5.614224138,0.647151899,9.591475094,0.168424754,1.146791187,0.424226442,0.663074713,-0.095464135,2.679597701,0.391350211,0.4345,-0.018,0.8725,-0.004,2.965756705,1.747011252,65,7,35.5579502,0.99824191,,,23.2599498,5.885980638,8.867694514,1.523126569,0.709931876,4.401577626,0.972864486,1,,1225,6.345634375,7.80184493
Miles Bridges,1628970,2024-25,0,1610612766,27,64,64,31.703125,7.328125,17.015625,0.431,2.203125,7.03125,0.313,3.453125,3.96875,0.87,1.125,6.390625,7.515625,3.875,0.6875,0.703125,2.125,1.453125,20.3125,Forward,0.455666665,0.757392045,1.58094105,1.497745498,0.85912794,0.02336514,0.658593007,1.217391468,-0.94213247,1.717572101,-1.151847434,5.4607563,,1300,20.58125,-0.6875,7.15317029,0.19678442,3.548913044,0.527173913,0.933514493,-0.254528986,0.657880435,0.22486413,2.10018116,-0.072237319,0.4765,-0.031,0.8135,0.045,1.9375,0.125,74.5,-5,36.43414855,-5.7026721,,,23.06554953,8.534253327,4.400197141,0.780680138,0.798422868,2.413011336,0.885841539,1,,729,6.184932603,4.87069611
Darius Garland,1629636,2024-25,0,1610612739,25,75,75,30.68,7.386666667,15.65333333,0.472,2.826666667,7.053333333,0.401,2.986666667,3.4,0.878,0.626666667,2.226666667,2.853333333,6.746666667,1.213333333,0.146666667,2.52,1.906666667,20.58666667,Guard,0.461506443,0.75670205,1.622289918,-0.423749467,2.36698996,1.374877935,-0.699498069,1.905614985,0.257612985,1.568544006,-1.627415128,6.345267125,,1544,19.81464531,2.55157895,2.673913044,0.186666666,7.170480549,0.202807018,1.265064836,-0.084912281,0.126620901,0.023859649,2.382532418,0.510877193,0.454,0.026,0.8485,0.044,2.985888635,-0.567719298,63,18,34.39855073,-2.65333333,,,24.15645372,3.348109517,7.916558019,1.423728813,0.172099088,2.956975228,0.950531489,1,,625,6.171759307,5.619681071
Ja Morant,1629630,2024-25,0,1610612763,25,50,50,30.38,8.08,17.78,0.454,1.76,5.7,0.309,5.26,6.38,0.824,0.68,3.42,4.1,7.28,1.22,0.24,3.7,2.26,23.18,Guard,0.458978648,0.757002651,2.013407475,0.090045872,2.64703398,1.392012805,-0.471708926,0.72829978,-0.261706472,1.633469064,-3.048098367,4.72275521,,1159,25.63752277,-1.93111111,5.704007286,-1.455555556,8.096539162,-0.831111111,0.929872496,0.442222222,0.408925319,-0.315555556,1.531876139,0.204444444,0.4685,-0.017,0.7805,0.011,3.18852459,0.7,35,41,33.63387978,-4.95333333,,,27.4680711,4.858459513,8.626728111,1.445687953,0.28439763,4.384463463,0.794827213,1,,625,6.149906166,8.802211688
Derrick White,1628401,2024-25,0,1610612738,30,76,76,33.86842105,5.578947368,12.61842105,0.442,3.486842105,9.092105263,0.384,1.776315789,2.118421053,0.839,0.881578947,3.605263158,4.486842105,4.75,0.947368421,1.052631579,1.723684211,1.815789474,16.42105263,Guard,0.457862282,0.752134157,0.994046426,0.249477158,1.318575161,0.691286844,1.511598053,2.634272405,-0.491056767,0.581952092,-0.668675726,6.821475645,,1248,13.78341129,1.25666907,3.909873037,0.240266763,4.539508854,-0.414383562,0.836117607,-0.066330209,1.059305045,-0.139149243,2.251002339,0.801910598,0.4615,-0.019,0.888,-0.062,1.34639158,0.189437636,77.5,3,30.44846308,1.25198269,,,17.45454545,4.769230769,5.048951049,1.006993007,1.118881119,1.832167833,0.956169483,1,,900,6.03418452,4.574910723
Nikola Vučević,202696,2024-25,0,1610612741,34,73,72,31.20547945,7.534246575,14.21917808,0.53,1.767123288,4.397260274,0.402,1.643835616,2.04109589,0.805,2.438356164,7.630136986,10.06849315,3.506849315,0.835616438,0.712328767,1.630136986,2.232876712,18.47945205,Center,0.468595121,0.750671579,1.304487102,2.549872573,0.665818445,0.404058505,0.681055702,0.736161988,1.713936839,0.266058486,-0.556047782,7.765401858,,1349,17.83632863,0.45313626,10.7758344,-0.47098053,3.28690629,0.164744052,0.694801027,0.177721701,0.742297817,-0.077144917,1.343068036,0.556596972,0.502,0.046,0.8285,-0.017,1.637034659,0.051189618,79,-3,33.91495507,-3.13662581,,,21.31870061,11.61545215,4.045654083,0.964003512,0.821773485,1.880597015,0.939141592,1,,1156,6.012146933,4.11658079
Brandon Miller,,2024-25,,,22,27,27,34.2,7.3,18.2,0.403,3.9,,,2.5,2.9,0.861,0.9,3.9,4.9,3.6,1.1,0.7,2.8,2.7,21,Forward,0.451108166,0.754623619,1.68462742,0.41975411,0.714730243,1.083585162,0.650966138,3.09028841,-1.878647165,1.11963612,-1.964526405,4.920414033,CHO,567,17.3,3.7,4.3,0.6,2.4,1.2,0.9,0.2,0.6,0.1,2.5,1.4,0.44,-0.037,0.827,0.034,1.8,1,74,-47,32.2,2,,,22.10526316,5.157894737,3.789473684,1.157894737,0.736842105,2.947368421,0.611127948,1,,484,5.968381067,4.605184399
Jalen Johnson,1630552,2024-25,0,1610612737,23,36,36,35.66666667,7.527777778,15.05555556,0.5,1.222222222,3.916666667,0.312,2.611111111,3.5,0.746,1.722222222,8.25,9.972222222,5.027777778,1.555555556,1,2.944444444,1.861111111,18.88888889,Forward,0.465115854,0.748293261,1.366236949,2.510195926,1.464431421,2.254467881,1.383145528,0.134736697,0.999143489,-0.247620439,-2.138433016,7.726304437,,680,10.82142857,2.88888889,6.371428572,1.257936508,2.405357143,1.402777778,0.869642857,0.359126985,0.6625,0.160714286,0.848214286,-0.045634921,0.501,-0.011,0.678,0.018,1.194642857,1.140873015,63,-20,24.30892858,1.93452381,,,19.06542056,10.06542056,5.074766355,1.570093458,1.009345794,2.971962616,0.689886814,1,,529,5.922316188,4.960977431
Ivica Zubac,1627826,2024-25,0,1610612746,28,80,80,32.8,7.4,11.775,0.628,0,0,0,1.95,2.95,0.661,3.75,8.875,12.625,2.675,0.6875,1.125,1.5875,2.1,16.75,Center,0.477576249,0.743581481,1.04365713,3.603499286,0.229028896,0.02336514,1.688220274,-1.214270308,3.559052525,-1.265289679,-0.504714179,7.162549083,,1340,11.21981424,5.07352941,9.576625387,3.419117647,1.190402477,1.307352941,0.35255418,0.363970588,1.25503096,-0.095588235,0,0,0.6415,-0.021,0.71,-0.062,1.350619195,0.425735294,72,12,27.46826625,6.40294118,,,18.38414634,13.85670732,2.93597561,0.754573171,1.234756098,1.742378049,0.978358811,1,,784,5.911626428,4.470576532
Walker Kessler,1631117,2024-25,0,1610612762,23,58,58,30,4.793103448,7.224137931,0.663,0.103448276,0.586206897,0.176,1.362068966,2.620689655,0.52,4.586206897,7.603448276,12.18965517,1.672413793,0.620689655,2.379310345,1.482758621,2.24137931,11.05172414,Center,0.473549982,0.737076012,0.184262887,3.424078314,-0.297411614,-0.148352837,4.749487552,-1.100091032,2.73188169,-2.670367514,-0.378608822,6.494878624,,641.0000001,8.634712838,2.95797414,7.947001689,4.67403017,0.934966216,0.734913793,0.410050675,0.151939655,2.372043919,-0.026939655,0.038006757,0.040948276,0.687,0.009,0.559,-0.082,0.907516892,0.451508621,69,-6,23.17081925,6.671875,,,13.26206897,14.6275862,2.006896552,0.744827586,2.855172414,1.779310345,0.848196002,1,,529,5.894353653,2.699605896
Dejounte Murray,1627749,2024-25,0,1610612740,28,31,31,32.64516129,6.258064516,15.93548387,0.393,1.677419355,5.612903226,0.299,3.290322581,4,0.823,0.548387097,5.903225806,6.451612903,7.35483871,2.032258065,0.387096774,3.419354839,1.967741935,17.48387097,Guard,0.450673328,0.75397573,1.154337009,1.059228556,2.68633048,3.47970314,-0.112704839,0.637152796,-1.967981816,0.979702517,-2.710210337,5.205557508,,542.0000001,21.47366597,-4.990488,5.295045045,1.11827957,6.244975745,0.918941274,1.468295219,0.609181142,0.282224533,0.079404466,2.187110187,-0.899503722,0.4615,-0.066,0.813,0.029,2.36954262,0.842431762,76,-47,36.03568953,-3.03432589,,,19.28063241,7.114624506,8.110671937,2.24110672,0.42687747,3.770750988,0.647537506,1,,784,5.827603469,5.123188775
Lauri Markkanen,1628374,2024-25,0,1610612762,28,47,47,31.40425532,6.29787234,14.89361702,0.423,2.936170213,8.489361702,0.346,3.446808511,3.936170213,0.876,1.531914894,4.382978723,5.914893617,1.489361702,0.70212766,0.361702128,1.404255319,1.680851064,18.9787234,Forward-Center,0.455085204,0.757761895,1.379785479,0.838027593,-0.39352907,0.060961596,-0.17468296,2.026477663,-1.061589799,1.797453751,-0.284093292,4.188810961,,891.9999998,24.42878788,-4.25764024,8.4,-2.248742747,1.931818182,-0.510638298,0.772727273,-0.206963249,0.524242425,-0.111025145,3.106060606,-0.245647969,0.4895,-0.057,0.887,-0.023,1.662121212,0.004255319,60.5,-8,33.75757576,-1.68665377,,,21.75609756,6.780487805,1.707317073,0.804878049,0.414634147,1.609756097,0.773721595,1,,784,5.798770151,3.627310677
Mark Williams,1631109,2024-25,0,1610612766,23,44,41,26.61363636,6.136363636,10.15909091,0.604,0,0.090909091,0,2.977272727,3.704545455,0.804,3,7.159090909,10.15909091,2.477272727,0.727272727,1.227272727,1.613636364,2.386363636,15.25,Center,0.473156375,0.752285373,0.817432321,2.587211108,0.125205757,0.12559021,1.937826884,-1.214270308,2.651017479,0.614612158,-0.536181547,7.108444063,,671,10.86842105,2.51315789,8.376988984,0.474880384,0.788249694,1.31937799,0.746634027,-0.114832536,1.049571604,0.174641148,0,0,0.643,-0.045,0.705,0.085,0.9124847,0.718899522,31,25,22.99632803,-0.12320575,,,20.62852263,13.74210077,3.350982067,0.983774551,1.660119556,2.182749787,0.751930938,1,,529,5.749944759,4.947381479
Pascal Siakam,1627783,2024-25,0,1610612754,31,78,78,32.66666667,7.858974359,15.15384615,0.519,1.615384615,4.153846154,0.389,2.897435897,3.948717949,0.734,1.705128205,5.217948718,6.923076923,3.371794872,0.897435897,0.538461538,1.397435897,2.423076923,20.23076923,Forward,0.467645963,0.747395859,1.568614698,1.25353552,0.594903715,0.562948755,0.256715697,0.568683006,1.518938468,-0.441444796,-0.27588292,5.607012144,,1578,22.96892605,-1.48173077,7.446742958,-0.139423077,5.060035212,-0.903205128,0.851496479,0.109935897,0.409771127,0.225961538,1.186179578,0.552884615,0.508,-0.017,0.753,0.002,2.071390845,-0.365064103,75.5,-2,35.28855634,-0.55833333,,,22.29513343,7.629513343,3.715855573,0.989010988,0.593406593,1.540031397,0.967335276,1,,961,5.727840428,4.133748338
DeMar DeRozan,201942,2024-25,0,1610612758,35,77,77,35.94805195,8.103896104,16.98701299,0.477,1.090909091,3.324675325,0.328,4.909090909,5.727272727,0.857,0.649350649,3.220779221,3.87012987,4.441558442,0.805194805,0.415584416,1.363636364,1.948051948,22.20779221,Guard-Forward,0.462352094,0.759609435,1.866782461,-0.004691723,1.156617885,0.3258679,-0.043177958,-0.01019794,0.431346483,2.196493037,-0.235189335,5.683850811,,1710,24.27659938,-1.80486602,4.469466302,-0.433667598,5.21185426,-0.887555482,1.130431064,-0.334045701,0.52805337,-0.154035837,0.785494356,0.141542002,0.492,-0.003,0.8625,0.004,1.888214163,-0.345224395,76.5,-2,37.03934314,-1.88739109,,,22.23988439,3.875722543,4.447976879,0.806358381,0.416184971,1.365606937,0.961770506,1,,1225,5.632292108,4.696155385
Jimmy Butler,,2024-25,,,35,55,55,31.7,5.5,10.9,0.504,0.6,,,6,7.1,0.842,2.3,3.1,5.4,5.4,1.4,0.3,1.3,0.9,17.5,Forward,0.46420185,0.760085629,1.156769534,0.625821759,1.65987881,1.854654269,-0.325273048,-0.552030506,0.811367233,2.299343381,-0.158573135,7.371958296,2TM,962.5,20.8,-3.3,5.3,0.1,5,0.4,1.3,0.1,0.3,0,1,-0.4,0.499,0.005,0.858,-0.016,1.7,-0.4,60,-5,34,-2.3,,,19.87381703,6.132492114,6.132492114,1.589905363,0.340694006,1.476340694,0.828642207,1,,1225,5.58971121,5.623172199
Austin Reaves,1630559,2024-25,0,1610612747,27,73,73,34.93150685,6.534246575,14.20547945,0.46,2.739726027,7.273972603,0.377,4.397260274,5.01369863,0.877,0.835616438,3.671232877,4.506849315,5.767123288,1.109589041,0.301369863,2.424657534,2.068493151,20.20547945,Guard,0.459880787,0.760168907,1.564800581,0.257722835,1.852648837,1.108231206,-0.321929763,1.809655731,-0.076367847,2.317329936,-1.512625769,6.999465748,,1475,14.43464177,4.35182091,3.654153964,0.214166388,4.423589939,0.27931841,0.660251525,0.304710992,0.300876525,-0.003508186,1.61089939,0.861677247,0.5075,-0.026,0.8585,0.024,1.83441311,0.302706314,73,-9,30.42892531,2.87053124,,,20.82352941,4.644705882,5.943529412,1.143529412,0.310588235,2.498823529,0.939141592,1,,729,5.543130665,4.881262726
Onyeka Okongwu,1630168,2024-25,0,1610612737,24,74,40,27.89189189,5.243243243,9.243243243,0.567,0.648648649,2,0.324,2.216216216,2.918918919,0.759,2.972972973,5.945945946,8.918918919,2.27027027,0.932432432,0.918918919,1.216216216,2.608108108,13.35135135,Forward-Center,0.46892881,0.7490355,0.531084703,2.076092455,0.016512382,0.652897912,1.185259207,-0.498335386,1.782491229,-0.087308513,-0.05770007,5.600993919,,987.9999999,10.04375,3.15135135,7.018181818,2.082555283,1.178977273,0.924815725,0.586363637,0.459705159,1.214204546,-0.171990172,0.234090909,0.230466831,0.6245,-0.044,0.787,-0.034,0.915340909,0.398034398,67.5,19,24.32897728,2.34643734,,,17.23255814,11.51162791,2.930232558,1.203488372,1.186046512,1.569767442,0.944855781,1,,576,5.309441202,3.477404527
Brandon Ingram,1627742,2024-25,0,1610612740,27,18,18,33.05555556,8.611111111,18.5,0.465,2.388888889,6.388888889,0.374,2.611111111,3.055555556,0.855,0.944444444,4.611111111,5.555555556,5.166666667,0.888888889,0.611111111,3.833333333,2.5,22.22222222,Forward,0.460665698,0.754589958,1.868958745,0.689931694,1.537359551,0.540980976,0.434024097,1.422425203,0.084887157,1.112365908,-3.208627546,4.482305784,,400,22.76180556,1.40972222,5.264583334,0.493055556,5.747048611,-0.505208333,0.746180556,0.107638889,0.523611111,-0.013888889,1.382986111,1.045138889,0.488,-0.027,0.8415,0.054,2.917881945,1.286458333,54.5,-46,33.51857639,0.19618056,,,24.20168067,6.050420168,5.626890756,0.968067227,0.665546218,4.174789915,0.517705383,1,,729,5.191035869,5.188119458
Fred VanVleet,1627832,2024-25,0,1610612745,31,60,60,35.18333333,4.783333333,12.65,0.378,2.65,7.683333333,0.345,1.85,2.283333333,0.81,0.533333333,3.15,3.683333333,5.55,1.566666667,0.416666667,1.45,2.333333333,14.06666667,Guard,0.450670974,0.751141653,0.638966084,-0.081677169,1.73864119,2.283025996,-0.040536618,1.710622154,-1.968465491,0.367587018,-0.339168462,4.308994701,,844.0000002,18.37254318,-3.3305936,3.933095096,-0.124885845,7.621203097,-2.518493151,1.58308517,0.183105023,0.679471908,-0.391552511,3.05479452,-0.459589041,0.4045,-0.038,0.879,-0.05,1.877506452,-0.276027397,71,-13,36.75312686,-1.58378996,,,14.39317859,3.768829938,5.678825202,1.603031739,0.426338229,1.483657035,0.860952026,1,,961,5.161711066,2.365103584
Josh Giddey,1630581,2024-25,0,1610612741,22,70,69,30.24285714,5.3,11.4,0.465,1.5,3.971428571,0.378,2.5,3.2,0.781,1.814285714,6.271428571,8.085714286,7.185714286,1.2,0.642857143,2.885714286,1.742857143,14.6,Guard,0.460389454,0.750411456,0.719401571,1.732699416,2.597526198,1.340608197,0.511503398,0.441329199,0.028134645,0.209875955,-2.067723735,5.513354843,,1022,14.45197369,2.275,7.153289474,1.660714286,5.498026316,2.360714286,0.69375,0.5625,0.478947368,0.092857143,1.0125,0.475,0.4785,-0.01,0.7685,-0.025,2.438157894,0.785714286,78,-10,28.14736842,5.09285714,,,17.37931035,9.624940955,8.553613605,1.428436467,0.765233822,3.435049599,0.921760067,1,,484,5.13864086,3.984081558
Jaylen Brown,1627759,2024-25,0,1610612738,28,63,63,34.25396825,8.222222222,17.74603175,0.463,1.841269841,5.682539683,0.324,3.904761905,5.111111111,0.764,1.301587302,4.53968254,5.841269841,4.53968254,1.158730159,0.301587302,2.571428571,2.444444444,22.19047619,Guard-Forward,0.460336515,0.749895575,1.864170919,0.807684636,1.208141135,1.234535199,-0.321399082,0.817999986,0.017258602,0.09845385,-1.689333526,4.037511719,,1398,24.81343284,-0.80952381,6.189658849,0.312698412,3.509914712,0.982539683,1.152558636,-0.026984127,0.458315565,-0.226984127,2.252132196,-0.23015873,0.495,-0.036,0.734,0.061,2.655863539,0.2,68.5,-7,34.68347548,0.78253968,,,23.32159407,6.139017609,4.771084338,1.217794254,0.316960149,2.702502317,0.879693845,1,,784,5.132941755,4.594603894
OG Anunoby,1628384,2024-25,0,1610612752,27,74,74,36.56756757,6.608108108,13.87837838,0.476,2.310810811,6.216216216,0.372,2.472972973,3.054054054,0.81,1.310810811,3.527027027,4.837837838,2.216216216,1.486486486,0.878378378,1.378378378,2.324324324,18,Guard-Forward,0.461830367,0.751996694,1.232177803,0.394134889,-0.011870458,2.07694446,1.086316045,1.336247851,0.324161085,0.552262073,-0.252938261,6.737435489,,1332,15.7180597,3.34,4.557611941,0.677837838,2.047611941,0.076216216,1.635223881,0.126486486,0.733134329,0.158378378,2.079701493,0.270810811,0.4825,-0.013,0.7955,0.057,1.795074627,-0.241621622,58.5,24,34.82597015,2.52756757,,,17.72062084,4.762749446,2.181818181,1.463414634,0.864745011,1.356984478,0.944855781,1,,729,5.095374969,4.23485916
Brook Lopez,201572,2024-25,0,1610612749,37,80,80,31.825,4.925,9.675,0.509,1.7375,4.6625,0.373,1.425,1.725,0.826,1.4125,3.6,5.0125,1.7875,0.625,1.85,1.05,2.1375,13.0125,Center,0.464198406,0.751039912,0.479980315,0.466119331,-0.236981856,-0.137274257,3.4576538,0.703465787,0.810659661,0.345612484,0.142419076,6.031654341,,1041,14.20813048,0.48085443,5.921940929,-0.16471519,1.438412853,0.179905063,0.509331386,0.080696203,2.433382019,-0.542405063,1.808503733,-0.135917722,0.508,0.024,0.8025,0.005,1.185897436,0.05,78.5,1,30.46462188,1.30601266,,,14.71956009,5.670070699,2.021995287,0.706991359,2.092694423,1.187745483,0.978358811,1,,1369,5.076503971,4.43641225
Jarrett Allen,1628386,2024-25,0,1610612739,27,82,82,28,5.512195122,7.804878049,0.706,0,0.06097561,0,2.426829268,3.37804878,0.718,2.634146341,7.097560976,9.731707317,1.926829268,0.93902439,0.890243902,1.182926829,1.548780488,13.45121951,Center,0.477683663,0.74652651,0.546146474,2.411071244,-0.163822491,0.669840762,1.115275019,-1.214270308,3.581120234,-0.629210425,-0.017620685,6.298529824,,1103,15.37824676,-3.055274,10.16329259,-0.800760213,2.194518717,-0.800443459,0.741214668,0.250712702,1.143621085,-0.16170415,0.007352941,0,0.639,0.072,0.7375,-0.024,1.469537815,-0.388501742,72.5,5,32.18067227,-3.71428571,,,17.29442508,12.51219512,2.477351916,1.207317073,1.144599303,1.520905923,0.989245392,1,,729,4.984429563,3.556896736
John Collins,1628381,2024-25,0,1610612762,27,40,31,30.525,7,13.275,0.527,1.475,3.7,0.399,3.475,4.1,0.848,2.225,5.95,8.175,2,0.975,1,2.575,2.9,18.95,Forward-Center,0.467731716,0.755997956,1.375453515,1.76949721,-0.125401817,0.762306367,1.383145528,0.413735874,1.536555869,1.416471121,-1.693633415,6.838130253,,758,14.10780862,3.84705882,7.481462304,-0.280882353,1.16476802,0.867647059,0.589892295,0.386764706,0.962613919,0.102941176,1.125310687,0.210294118,0.52,-0.005,0.799,0.053,1.276926264,1.133823529,69.5,-28,28.97794117,2.56911765,,,22.34889435,9.641277641,2.358722359,1.14987715,1.179361179,3.036855037,0.721685888,1,,729,4.966253755,4.739693241
Anfernee Simons,1629014,2024-25,0,1610612757,26,70,70,32.74285714,6.842857143,16.07142857,0.426,3.071428571,8.471428571,0.363,2.5,2.771428571,0.902,0.357142857,2.342857143,2.7,4.814285714,0.857142857,0.071428571,2.042857143,1.671428571,19.25714286,Guard,0.455175011,0.756517667,1.421775739,-0.486943545,1.352330466,0.459386361,-0.883124013,2.175766777,-1.043139637,1.528720272,-1.052949993,3.471822426,,1348,21.82573633,-3.32981366,3.113604489,-0.930434783,4.812061711,-0.729192547,0.588709678,0.357142857,0.167251052,-0.037267081,3.405329594,-0.319875777,0.4385,-0.004,0.905,-0.014,2.401823282,-0.696273292,54,24,34.70371669,-1.64844721,,,21.17277487,2.968586388,5.293193717,0.942408377,0.078534031,2.246073299,0.921760067,1,,676,4.962074467,3.173392068
Amen Thompson,,2024-25,,,22,69,42,32.2,5.6,10.1,0.557,0.4,,,2.4,3.6,0.684,2.8,5.4,8.2,3.8,1.4,1.3,2,2.4,14.1,Forward,0.468774616,0.744124803,0.643993302,1.779800593,0.81974675,1.854654269,2.115324918,-0.772777107,1.750812889,-1.147940871,-1.001351328,6.042263414,HOU,972.9,9.5,4.6,6.6,1.6,2.6,1.2,1.3,0.1,0.6,0.7,0.1,0.3,0.536,0.021,0.684,0,1.5,0.5,62,7,22.4,9.8,,,15.76397516,9.167701863,4.248447205,1.565217391,1.453416149,2.236024845,0.915883737,1,,484,4.511346417,4.109876593
Jakob Poeltl,1627751,2024-25,0,1610612761,29,57,56,29.57894737,6.368421053,10.15789474,0.627,0.01754386,0.052631579,0.333,1.701754386,2.526315789,0.674,3.315789474,6.280701754,9.596491228,2.771929825,1.157894737,1.245614035,1.947368421,3.087719298,14.45614035,Center,0.475275833,0.744872845,0.697705157,2.355343921,0.279925054,1.232387972,1.982590643,-1.194906571,3.086446745,-0.986375701,-0.937984547,6.515132672,,824,11.77916667,3.35614035,8.824722222,1.016491228,2.638055556,0.231929825,0.808333334,0.457894737,1.357222222,-0.274385965,0,0.01754386,0.6425,-0.029,0.5715,0.123,1.638055556,0.407368421,61,7,26.42611111,3.19894737,,,17.59430605,11.6797153,3.373665481,1.409252669,1.516014235,2.370106761,0.841735505,1,,841,4.476533674,4.565120458
Michael Porter Jr.,1629008,2024-25,0,1610612743,27,77,77,33.67532468,6.857142857,13.61038961,0.504,2.506493506,6.350649351,0.395,1.935064935,2.519480519,0.768,1.792207792,5.220779221,7.012987013,2.142857143,0.649350649,0.493506494,1.350649351,2.038961039,18.15584416,Forward,0.46515131,0.749391466,1.25568168,1.290590642,-0.050390026,-0.07468748,0.146998508,1.5522293,1.006427714,-0.010425645,-0.219553376,4.896871317,,1398,17.08004779,1.41510342,6.237654321,0.037678371,1.277279969,0.636684303,0.557646357,0.13083213,0.561031462,-0.160814494,2.874153724,-0.209555877,0.4855,0.02,0.818,-0.068,1.116288331,0.214846882,71.5,-4,30.33333334,2.00865801,,,19.40917856,7.497107596,2.290782877,0.694176629,0.527574239,1.443887389,0.961770506,1,,729,4.403708785,3.027469104
Rudy Gobert,203497,2024-25,0,1610612750,33,72,72,33.16666667,4.736111111,7.083333333,0.669,0,0,0,2.555555556,3.791666667,0.674,3.680555556,7.222222222,10.90277778,1.763888889,0.777777778,1.444444444,1.236111111,2.527777778,12.02777778,Center,0.47369776,0.743205691,0.331467918,2.893710718,-0.249379638,0.255399825,2.467855735,-1.214270308,2.762241753,-1.346454506,-0.081652903,5.818918594,,866.0000002,13.68740602,-1.93274854,12.27481203,-2.01827485,1.292481203,0.421783626,0.742105263,0.093567252,1.744360902,-0.687134503,0,0,0.66,0.008,0.641,0.036,1.647744361,-0.316520468,73,-4,32.40206767,-0.95175438,,,13.05527638,11.83417086,1.914572864,0.844221106,1.567839195,1.341708542,0.933388129,1,,1089,4.390777228,3.835204221
Jordan Poole,1629673,2024-25,0,1610612764,26,68,68,29.42647059,6.720588235,15.54411765,0.432,3.455882353,9.147058824,0.378,3.558823529,4.029411765,0.883,0.455882353,2.529411765,2.985294118,4.455882353,1.264705882,0.397058824,3,2.955882353,20.45588235,Guard,0.456115336,0.758487992,1.602565479,-0.369363769,1.16413912,1.50691722,-0.08839148,2.600101105,-0.849955858,1.954279108,-2.205320175,5.314970751,,1391,18.90572233,3.07126697,2.730925579,0.2673454,4.448717949,0.058446456,0.935428393,0.162141779,0.288305191,0.076546003,2.484365228,1.096907994,0.4215,0.019,0.8735,0.006,2.741713571,0.58974359,80,-10,30.02626642,-0.65045249,,,25.02548725,3.652173913,5.451274363,1.547226386,0.485757122,3.670164917,0.909964669,1,,676,4.380589387,5.873085672
Zach LaVine,203897,2024-25,0,0,30,74,74,35.17567568,8.445945946,16.52702703,0.511,3.22972973,7.243243243,0.446,3.175675676,3.851351351,0.825,0.297297297,3.959459459,4.256756757,4.189189189,0.783783784,0.162162162,2.810810811,1.635135135,23.2972973,Guard,0.467116491,0.753928236,2.031097848,0.154650864,1.024103197,0.270836644,-0.661679795,2.350488991,1.41016174,0.969444387,-1.977542285,5.571561591,,1724,22.16207792,3.8172973,4.820259741,-0.903243243,4.083376623,0.269189189,0.868051948,-0.056216216,0.276883117,-0.157837838,2.504675325,0.86972973,0.4685,0.059,0.851,-0.029,2.29974026,0.730810811,51,49,35.41402598,0.29567568,,,23.84325778,4.356511717,4.287360737,0.802151364,0.165962351,2.876680753,0.944855781,1,,900,4.342816874,5.207048009
Jalen Green,1630224,2024-25,0,1610612745,23,82,82,32.8902439,7.414634146,17.52439024,0.423,2.853658537,8.06097561,0.354,3.329268293,4.097560976,0.813,0.548780488,4.048780488,4.597560976,3.43902439,0.865853659,0.329268293,2.475609756,1.548780488,21.01219512,Guard,0.45436698,0.753342772,1.686466646,0.295108313,0.630204761,0.481775128,-0.253840912,1.935406803,-1.209144466,0.84299347,-1.573970657,2.834999086,,1723,20.88944159,1.37804878,4.447689345,-0.560975609,3.623074455,-0.109756098,0.790596919,0.06097561,0.28915276,-0.012195122,2.455872914,0.402439025,0.4195,0,0.795,0.009,2.48042362,0.146341463,79,0,32.97817716,1.1707317,,,22.99888765,5.032258065,3.764182425,0.947719689,0.360400445,2.709677419,0.989245392,1,,529,4.317469217,3.720087318
Devin Vassell,1630170,2024-25,0,1610612759,24,64,53,30.984375,6.15625,13.890625,0.443,2.46875,6.703125,0.368,1.484375,1.875,0.792,0.53125,3.453125,3.984375,2.859375,1.3125,0.515625,1.375,1.6875,16.265625,Guard-Forward,0.457807059,0.750027748,0.970605369,0.042392728,0.325840988,1.629759112,0.200980888,1.510570547,-0.502402074,0.12700127,-0.248870799,4.05587803,,1041,18.97794117,-3.19025735,3.866486068,0.146139706,3.82623839,-1.214154412,1.10255418,0.238970588,0.392801858,0.177389706,2.575851394,0.027573529,0.4555,-0.029,0.7905,-0.009,1.544117647,-0.213235294,53,-4,32.02941177,-2.07444853,,,18.89863843,4.62934947,3.322239032,1.524962179,0.599092284,1.597579425,0.885841539,1,,576,4.311754343,3.70381063
CJ McCollum,203468,2024-25,0,1610612740,33,56,56,32.71428571,7.928571429,17.85714286,0.444,3.053571429,8.196428571,0.373,2.214285714,3.089285714,0.717,0.75,3.035714286,3.785714286,4.053571429,0.821428571,0.428571429,1.892857143,2.214285714,21.125,Guard,0.457460238,0.746623481,1.703479488,-0.039482365,0.952892679,0.367592419,-0.01148188,2.15605726,-0.573654227,-0.608266251,-0.872354666,3.074782457,,1183,20.46848485,1.09469697,4.353333333,-0.547619047,5.170606061,-0.567640692,0.936363636,-0.117965368,0.563939394,-0.192640692,3.217272727,-0.567640692,0.448,-0.015,0.798,-0.11,2.053333334,0.226190476,70.5,-10,34.01606061,0.0021645,,,23.24672489,4.165938865,4.460698691,0.903930131,0.471615721,2.082969433,0.835218084,1,,1089,4.242986007,3.545214419
Paul George,202331,2024-25,0,1610612755,35,41,41,32.53658537,5.975609756,13.90243902,0.43,2.341463415,6.536585366,0.358,1.926829268,2.365853659,0.814,0.585365854,4.756097561,5.341463415,4.341463415,1.829268293,0.487804878,2.585365854,2.463414634,16.2195122,Forward,0.456218799,0.751415122,0.963650796,0.601696766,1.104059734,2.957972666,0.133083155,1.370080142,-0.828699924,0.426651911,-1.70611358,5.022381666,,665.0000002,23.18339769,-6.36156888,5.67519305,0.098220172,4.341698842,0.800922874,1.504584942,0.302241266,0.428571428,-0.012195122,3.052606178,-0.942320369,0.464,-0.041,0.889,-0.093,2.605212356,0.517798286,65,-33,34.2179054,-1.27422544,,,17.94602699,5.910044977,4.803598201,2.023988006,0.539730135,2.860569715,0.729383864,1,,1225,4.237550698,5.220106022
Coby White,1629632,2024-25,0,1610612741,25,74,73,33.10810811,6.864864865,15.14864865,0.453,2.918918919,7.891891892,0.37,3.743243243,4.148648649,0.902,0.337837838,3.351351351,3.689189189,4.459459459,0.932432432,0.216216216,2.391891892,2.081081081,20.39189189,Guard,0.458960862,0.760217873,1.59291466,-0.079263764,1.166017396,0.652897912,-0.529755581,2.007436841,-0.265360568,2.327905966,-1.473176957,5.399615903,,1509,14.38171399,1.29062607,3.698255218,-0.842456381,3.941669518,-0.667122819,0.700307903,0.261546356,0.154464591,-0.011631885,2.187649675,0.273349299,0.445,0.006,0.8545,0.064,1.550632912,0.290626069,76.5,-5,29.9233664,-3.36024632,,,22.17306122,4.011428571,4.848979591,1.01387755,0.235102041,2.600816326,0.944855781,1,,625,4.232683624,3.96155073
Cam Thomas,1630560,2024-25,0,1610612751,23,25,23,31.24,7.96,18.16,0.438,2.72,7.8,0.349,5.32,6.04,0.881,0.6,2.72,3.32,3.76,0.6,0.08,2.48,1.76,23.96,Guard,0.456503598,0.76273964,2.131044375,-0.231419661,0.798743449,-0.201530016,-0.862204601,1.787883464,-0.770189752,2.872567442,-1.579256374,3.945638326,,599,16.52551834,1.50545455,2.454545455,0.077575758,2.138755981,0.850909091,0.516347688,-0.081818182,0.18261563,-0.162424242,1.538277512,0.538181818,0.4415,-0.004,0.862,0.025,1.492025519,0.601212121,61.5,-41,24.03548645,-0.19939394,,,27.61075544,3.825864277,4.33290653,0.691421255,0.092189501,2.85787452,0.591909451,1,,529,4.229921509,6.714275274
Daniel Gafford,1629655,2024-25,0,1610612742,26,57,31,21.50877193,4.964912281,7.070175439,0.702,0,0,0,2.368421053,3.438596491,0.689,2.719298246,4.087719298,6.807017544,1.403508772,0.403508772,1.789473684,1.157894737,2.666666667,12.29824561,Forward-Center,0.475852852,0.744628135,0.37225894,1.205703353,-0.438608945,-0.706557735,3.309933396,-1.214270308,3.204991625,-1.039229254,0.012517174,4.706738246,,700.9999998,10.01923077,1.29824561,6.572938323,-0.787577051,1.315488566,-0.150545282,0.65072765,-0.474869606,1.668399169,-0.278093884,0,0,0.7285,-0.023,0.6765,0.015,1.044871795,0.157894737,76,-17,22.53880804,-3.00474158,,,20.58401304,11.39314845,2.349102773,0.675367047,2.995106036,1.938009788,0.841735505,1,,676,4.213379905,3.968423179
Malik Monk,1628370,2024-25,0,1610612758,27,65,45,31.6,6.338461538,14.44615385,0.439,2.138461538,6.584615385,0.325,2.369230769,2.738461538,0.865,0.461538462,3.307692308,3.769230769,5.569230769,0.938461538,0.584615385,2.446153846,2.430769231,17.18461538,Guard,0.457230278,0.754505488,1.109204317,-0.046275804,1.748738931,0.668394103,0.369358682,1.14602027,-0.620898065,1.094121773,-1.538506659,3.930157548,,1117,14.4680736,1.76794871,2.79040404,0.824786325,4.50450938,0.43034188,0.630681818,0.313461538,0.400703464,0.042948718,1.956349206,0.082905982,0.4455,-0.004,0.859,0.036,1.989718615,0.362820513,74.5,-7,24.16233766,5.6,,,19.57740993,4.29406037,6.344693281,1.069133398,0.666017527,2.786757546,0.891941389,1,,729,4.105846735,3.251137662
Cameron Johnson,1629661,2024-25,0,1610612751,29,57,57,31.57894737,6.228070175,13.10526316,0.475,2.789473684,7.157894737,0.39,3.526315789,3.947368421,0.893,0.947368421,3.385964912,4.333333333,3.403508772,0.929824561,0.438596491,1.736842105,1.824561404,18.77192982,Forward,0.461617645,0.759030341,1.348597587,0.186210774,0.61155613,0.646195083,0.012985266,1.864563862,0.28045862,2.071417858,-0.684517421,6.33746776,,1070,14.42775041,5.39261948,4.366174056,0.005747126,2.118226601,1.024198427,1.017651888,0.084996975,0.295977012,0.179975801,2.415845649,0.410163339,0.458,0.029,0.8155,0.104,0.931855501,0.754083484,50,-1,28.07019705,4.00998185,,,21.39999999,4.939999999,3.88,1.059999999,0.5,1.98,0.841735505,1,,841,4.085653863,3.956841057
Deandre Ayton,1629028,2024-25,0,1610612757,26,40,40,30.15,6.625,11.7,0.566,0.15,0.8,0.188,1,1.5,0.667,3.1,7.05,10.15,1.6,0.775,0.975,1.725,2.2,14.4,Center,0.470981067,0.746081348,0.689238263,2.583464423,-0.335434832,0.248260296,1.322130579,-1.048710358,2.204114317,-0.72535824,-0.670259895,4.267444554,,576,17.34124831,-2.32727273,10.51397558,-0.92272727,1.676390773,-0.036363636,0.785210312,-0.243181818,0.77734057,0.211363636,0.061329715,0.131818182,0.5795,-0.004,0.7915,-0.156,1.795522388,-0.075,61,-15,31.39565808,-2.26818182,,,17.19402985,12.11940299,1.910447761,0.925373134,1.164179104,2.059701493,0.721685888,1,,676,4.074805936,4.078096467
Immanuel Quickley,1630193,2024-25,0,1610612761,26,33,33,27.81818182,5.575757576,13.27272727,0.42,2.575757576,6.818181818,0.378,3.363636364,3.878787879,0.867,0.484848485,3.060606061,3.545454545,5.787878788,0.696969697,0.121212121,1.757575758,1.848484848,17.09090909,Guard,0.455192807,0.756988049,1.095071859,-0.138501885,1.863547188,0.047704443,-0.761622382,1.62867834,-1.039483606,1.630315403,-0.709480093,3.616229267,,564,15.96296297,0.09090909,3.984658678,-0.263368984,4.156045752,0.920231729,0.86147422,-0.038324421,0.159949165,-0.025846703,2.294389978,0.061051694,0.441,-0.014,0.836,0.014,1.35993101,0.27228164,74.5,-35,29.06472403,-1.37299465,,,22.11764706,4.588235293,7.490196078,0.901960784,0.156862745,2.274509804,0.664859736,1,,676,4.073848673,2.202537457
Mikal Bridges,1628969,2024-25,0,1610612752,28,82,82,37.02439024,7.219512195,14.42682927,0.5,2,5.646341463,0.354,1.170731707,1.43902439,0.814,0.865853659,2.292682927,3.158536585,3.731707317,0.914634146,0.524390244,1.609756098,1.548780488,17.6097561,Guard-Forward,0.46492418,0.750287467,1.173322569,-0.297964433,0.783887455,0.607152217,0.222373325,0.993195701,0.959765405,0.183096296,-0.531509827,4.093318707,,1444,19.85894799,-1.97560975,4.461063768,-1.378048781,3.467749045,0.085365854,1.04209521,-0.073170732,0.550396709,0.158536585,2.359535703,-0.682926829,0.452,0.064,0.8545,0,1.765060241,-0.390243902,82.5,0,35.25183662,2.21951219,,,17.12252965,3.071146245,3.628458498,0.889328063,0.509881423,1.565217392,0.989245392,1,,784,4.04923984,3.136296759
Julius Randle,203944,2024-25,0,1610612750,30,69,69,32.26086957,6.594202899,13.60869565,0.485,1.565217391,4.550724638,0.344,3.913043478,4.855072464,0.806,2.086956522,4.971014493,7.057971014,4.68115942,0.68115942,0.231884058,2.84057971,2.536231884,18.66666667,Forward-Center,0.462874803,0.753547047,1.332722163,1.309130136,1.282428174,0.007068389,-0.491516678,0.513311786,0.538733733,0.887113651,-2.013383112,3.365608242,,1288,24.54968944,-5.28985507,9.578345568,-2.13768116,4.541078487,-0.29710145,0.589920949,0.137681159,0.266798419,-0.028985507,2.241671372,-0.086956522,0.4655,0.013,0.769,0.025,3.130858272,-0.615942029,61.5,23,35.49011858,-3.17391304,,,20.83018868,7.87601078,5.223719675,0.760107816,0.258760108,3.16981132,0.915883737,1,,900,4.043750825,3.435697803
Jalen Duren,1631105,2024-25,0,1610612765,21,78,78,26.07692308,4.846153846,7,0.692,0,0,0,2.076923077,3.102564103,0.669,3.551282051,6.794871795,10.34615385,2.679487179,0.692307692,1.141025641,1.743589744,3.217948718,11.76923077,Center,0.475050329,0.743811631,0.292474753,2.664306349,0.231385035,0.035722016,1.727332421,-1.214270308,3.040118339,-1.215580994,-0.692641368,4.868846242,,918.0000001,11.4606068,-2.01765448,10.25177392,-1.27679697,1.764619526,0.269651113,0.598850013,0.151324085,0.825544409,0.370533838,0,0,0.6335,0.073,0.7005,-0.121,1.743944213,-0.371164354,64,17,27.02826034,-3.05422446,,,16.24778761,14.28318584,3.699115043,0.955752212,1.575221239,2.407079646,0.967335276,1,,441,3.976468798,1.579419435
Dereck Lively II,,2024-25,,,20,36,29,23.1,3.7,5.3,0.702,0,,,1.3,2,0.63,2.9,4.6,7.5,2.4,0.6,1.6,1.1,2.8,8.7,Center,0.472051141,0.743897874,-0.170416009,1.491305884,0.084631198,-0.201530016,2.847504308,-1.214270308,2.423954302,-1.19695395,0.082220634,4.146446043,DAL,313.2,8.8,-0.1,6.9,0.6,1.1,1.3,0.7,-0.1,1.4,0.2,0,0,0.747,-0.045,0.506,0.124,0.9,0.2,55,-19,23.5,-0.4,,,13.55844156,11.68831169,3.74025974,0.935064935,2.493506494,1.714285714,0.689886814,1,,400,3.938389808,2.972814574
Naz Reid,1629675,2024-25,0,1610612750,25,80,17,27.5,5.325,11.5375,0.462,2.1875,5.775,0.379,1.3875,1.7875,0.776,1.15,4.85,6,2.2625,0.725,0.9,1.35,2.3625,14.225,Forward-Center,0.460084816,0.749404575,0.662845369,0.873102937,0.012432349,0.119748778,1.139085732,1.200145639,-0.034451279,-0.007594172,-0.218771578,3.746543776,,1138,12.47104212,0.76820988,5.059640523,0.777777778,1.220497458,0.953858025,0.697712419,-0.052777778,0.840323166,-0.001234568,1.594680465,0.101080247,0.507,-0.015,0.7065,0.04,1.361655773,-0.02037037,74.5,-1,21.3219862,3.25308642,,,18.62181818,7.854545455,2.961818182,0.949090909,1.178181818,1.767272727,0.978358811,1,,625,3.895179197,3.291110102
Nic Claxton,1629651,2024-25,0,1610612751,26,70,62,26.88571429,4.571428571,8.114285714,0.563,0.071428571,0.3,0.238,1.128571429,2.2,0.513,2.242857143,5.114285714,7.357142857,2.242857143,0.885714286,1.428571429,1.242857143,2.142857143,10.34285714,Center,0.467604514,0.738530449,0.077354019,1.432429413,0.002118228,0.532821515,2.429116087,-1.135432237,1.510422952,-2.356232204,-0.089774916,2.402822856,,723.9999998,12.24490363,-1.50221328,9.590252039,-2.586519115,1.982579689,0.172434608,0.751575241,0.237826962,2.271590067,-0.627766599,0.007042254,0.057344064,0.667,-0.066,0.546,-0.038,1.286508525,-0.067002012,73.5,-1,29.84219793,-2.91710261,,,13.8490967,9.851222102,3.003188097,1.18597237,1.912858661,1.664187035,0.921760067,1,,676,3.842655865,2.65067768
Isaiah Hartenstein,1628392,2024-25,0,1610612760,27,57,53,27.89473684,4.894736842,8.421052632,0.581,0,0.333333333,0,1.385964912,2.052631579,0.675,2.859649123,7.859649123,10.71929825,3.842105263,0.824561404,1.087719298,1.684210526,3,11.1754386,Center,0.469272485,0.745557229,0.202921073,2.818092327,0.841855488,0.375644521,1.597233069,-1.214270308,1.853096926,-0.838559697,-0.621150639,5.01486276,,637.0000002,6.355609756,3.4154386,7.441626016,2.372631583,1.875284553,1.335438596,0.903170732,-0.335438596,0.956910569,-0.045614035,0.055447155,-0.013333333,0.5895,-0.063,0.6915,-0.032,1.022439025,0.444210526,78.5,-18,22.56682927,2.61473684,,,14.42264152,13.83396227,4.958490566,1.064150944,1.403773585,2.173584905,0.841735505,1,,729,3.814654292,0.551353519
Alex Sarr,,2024-25,,,19,67,67,27.1,4.9,12.4,0.394,1.6,,,1.7,2.5,0.679,1.9,4.6,6.5,2.4,0.7,1.5,1.7,2.2,13,Center,0.452597733,0.745146466,0.478095109,1.079170586,0.084631198,0.055493019,2.603444512,0.551702499,-1.572625021,-0.927278038,-0.640160674,1.71247319,WAS,871,-999,-999,-999,-999,-999,-999,-999,-999,-999,-999,-999,-999,-999,-999,-999,-999,-999,-999,-999,-999,-999,-999,,,17.26937269,8.634686347,3.188191882,0.929889299,1.992619926,2.258302583,0.904001915,1,,361,3.800753706,3.921813671
Keegan Murray,1631099,2024-25,0,1610612758,24,76,76,34.34210526,4.789473684,10.78947368,0.444,2.026315789,5.907894737,0.343,0.789473684,0.947368421,0.833,1.921052632,4.75,6.671052632,1.434210526,0.802631579,0.907894737,0.789473684,2.447368421,12.39473684,Forward,0.458318916,0.750025929,0.386811414,1.149667414,-0.42248799,0.319279819,1.158353611,1.022241306,-0.397244234,0.126608363,0.456084644,3.799314347,,941.9999998,13.71038961,-2.82604238,5.046022728,1.216507177,1.450162338,-0.241114149,0.894237013,-0.223342447,0.645616883,0.141660971,2.475811689,-0.350307588,0.4535,-0.01,0.798,0.002,0.790584416,-0.041695147,78.5,-1,31.69918831,0.71872864,,,12.99310345,6.993103449,1.503448276,0.84137931,0.951724138,0.827586207,0.956169483,1,,576,3.762821209,3.739046467
Dyson Daniels,1630700,2024-25,0,1610612737,22,76,76,33.82894737,5.986842105,12.14473684,0.493,1.052631579,3.092105263,0.34,1.092105263,1.842105263,0.593,1.631578947,4.276315789,5.907894737,4.381578947,3.013157895,0.723684211,2.039473684,2.302631579,14.11842105,Guard,0.463452338,0.74293005,0.646771501,0.835143107,1.125123699,6.00084166,0.708769776,-0.052446093,0.657384646,-1.405988459,-1.048876414,7.466723423,,1073,4.825368158,8.315142361,3.527646569,2.039042278,2.479855515,1.693054357,1.061128091,1.619715272,0.298138372,0.313848145,0.573075855,0.364106989,0.4325,0.046,0.646,-0.049,0.966657405,1.072260569,60,15,19.96985274,11.55025885,,,15.02450408,6.287047841,4.662777129,3.206534423,0.770128355,2.170361727,0.956169483,1,,484,3.744931607,2.963668107
RJ Barrett,1629628,2024-25,0,1610612761,25,58,58,32.22413793,7.931034483,16.93103448,0.468,1.844827586,5.275862069,0.35,3.379310345,5.362068966,0.63,1.051724138,5.25862069,6.310344828,5.413793103,0.793103448,0.293103448,2.862068966,2.362068966,21.0862069,Guard-Forward,0.461041926,0.736980999,1.697628847,1.001006996,1.667121327,0.294790328,-0.342104759,0.821926786,0.162180818,-2.69088875,-2.039255507,0.572406086,,1223,19.88757676,0.91379311,5.236065187,0.879310345,3.040505433,2.086206896,0.479570146,0.258620689,0.292394899,-0.086206897,1.604629193,0.293103448,0.4645,-0.027,0.7275,-0.085,2.209494568,0.689655173,65.5,0,32.80373169,0.53448276,,,23.55698235,7.04975923,6.048154093,0.886035313,0.327447833,3.197431782,0.848196002,1,,625,3.673901357,4.318931937
Bradley Beal,203078,2024-25,0,1610612756,32,53,38,32.11320755,6.509433962,13.09433962,0.497,1.924528302,4.981132075,0.386,2.075471698,2.58490566,0.803,0.641509434,2.698113208,3.339622642,3.679245283,1.094339623,0.528301887,1.867924528,2.566037736,17.01886792,Guard,0.464163566,0.751135106,1.084206859,-0.223332477,0.756340557,1.069036689,0.231920073,0.909895097,0.803501998,0.366172897,-0.842336574,4.155405119,,901.9999998,20.69433962,-1.16981133,4.148679246,-1.037735849,5.21,-1.320754717,0.940566038,0.113207548,0.584716981,0.018867925,1.752830189,0.018867925,0.5095,-0.016,0.8275,-0.01,2.685849057,-0.603773585,51.5,0,33.39981132,-1.22641509,,,19.0787309,3.743830788,4.124559342,1.22679201,0.592244419,2.09400705,0.815308605,1,,1024,3.652067148,2.686724119
Jerami Grant,203924,2024-25,0,1610612757,31,47,47,32.42553191,4.553191489,12.21276596,0.373,2.29787234,6.29787234,0.365,3,3.531914894,0.849,0.553191489,2.914893617,3.468085106,2.14893617,0.872340426,0.978723404,1.382978723,2.319148936,14.40425532,Forward,0.450409955,0.755087601,0.689880036,-0.170388561,-0.047198035,0.498447614,1.331217911,1.321967234,-2.022090083,1.219848824,-0.258476933,2.563208007,,677,20.71957672,-6.55870764,4.014550265,-0.068951931,2.597883598,-0.665878645,0.821428572,0.039007093,0.735449736,0.349093774,2.170634921,0.242316784,0.463,-0.078,0.815,0.032,1.994708995,-0.765169425,58.5,-7,34.76984127,-1.46335698,,,15.99212599,3.850393701,2.385826772,0.968503938,1.086614173,1.535433071,0.773721595,1,,961,3.573253826,2.049824481
Jaden McDaniels,1630183,2024-25,0,1610612750,24,82,82,31.87804878,4.853658537,10.17073171,0.477,1.219512195,3.695121951,0.33,1.268292683,1.56097561,0.813,1.573170732,4.158536585,5.731707317,1.987804878,1.341463415,0.902439024,1.158536585,2.743902439,12.19512195,Forward,0.461445825,0.750407884,0.356706187,0.762530053,-0.131805263,1.704201761,1.145038409,0.131745551,0.245159395,0.209104565,0.011744409,4.434425067,,999.9999999,11.28859002,1.68123306,3.49859353,2.620596206,1.63809775,0.5850271,0.905854431,0.466463415,0.772679325,0.319105691,1.274437412,0.025067751,0.503,-0.012,0.729,0.091,1.313027426,-0.049796748,75.5,10,29.91552391,2.64193767,,,13.77199694,6.472838562,2.244835501,1.514919664,1.019127773,1.308339709,0.989245392,1,,576,3.417766809,2.692720469
Tobias Harris,202699,2024-25,0,1610612765,32,73,73,31.57534247,5.260273973,11.02739726,0.477,1.246575342,3.616438356,0.345,1.95890411,2.273972603,0.861,0.890410959,5.02739726,5.917808219,2.219178082,1.01369863,0.780821918,1.164383562,1.890410959,13.7260274,Forward,0.461565838,0.753349667,0.587592048,0.839228803,-0.010315234,0.861770761,0.848219947,0.161616039,0.269815295,0.844482795,0.004704831,4.407115286,,1002,15.93108108,-3.4739726,6.100579151,-0.553620352,2.806756757,-0.880821918,0.95945946,0.01369863,0.598841699,0.123679061,1.501351351,-0.053424658,0.494,-0.01,0.877,-0.017,1.265637066,-0.164187867,72,3,33.37374517,-2.25322896,,,15.6494577,6.747071582,2.530151843,1.155748373,0.890238612,1.327548807,0.939141592,1,,1024,3.345880164,3.485026147
Andrew Wiggins,203952,2024-25,0,0,30,60,60,30.7,6.266666667,13.98333333,0.448,2.166666667,5.8,0.374,3.266666667,4.283333333,0.763,1.483333333,3,4.483333333,2.633333333,1,0.833333333,1.65,1.683333333,17.96666667,Forward,0.458408409,0.749601586,1.227150586,0.248031069,0.207150456,0.826562126,0.9763792,1.177151202,-0.378858439,0.034957067,-0.579962232,3.738561035,,1078,15.16673011,4.74131456,4.774076894,-0.037793428,1.986676818,0.957276995,0.903882756,0.408450704,0.667110773,0.255868544,1.843547773,0.884976526,0.463,-0.005,0.681,0.012,1.261324705,0.424647887,54,-11,29.60220784,3.65774648,,,21.06840391,5.25732899,3.087947882,1.172638436,0.977198697,1.93485342,0.860952026,1,,900,3.345021377,3.309632434
Josh Hart,1628404,2024-25,0,1610612752,30,77,77,37.62337662,5.246753247,10,0.525,1.090909091,3.272727273,0.333,2.064935065,2.662337662,0.776,2.090909091,7.480519481,9.571428571,5.883116883,1.545454545,0.350649351,2.051948052,2.61038961,13.64935065,Guard,0.46578532,0.749846384,0.576027926,2.345014715,1.913555049,2.228505956,-0.201658345,-0.01019794,1.136681033,0.08782947,-1.063895164,7.011862699,,1051,9.585688759,4.254288922,8.067982456,1.238095238,3.951104613,1.79669713,1.041910332,0.619528619,0.280133203,0.066698734,0.89514295,0.10325477,0.4815,0.091,0.7705,-0.015,1.498131904,0.595157929,78.5,-4,32.85461339,4.20362353,,,13.06040732,9.158439766,5.629271661,1.478771142,0.335519503,1.963410425,0.961770506,1,,900,3.260666784,3.044185543
Tari Eason,1631106,2024-25,0,1610612745,24,57,16,24.9122807,4.771929825,9.807017544,0.487,1.105263158,3.228070175,0.342,1.385964912,1.824561404,0.76,2.245614035,4.105263158,6.350877193,1.456140351,1.701754386,0.877192982,1.140350877,2.385964912,12.03508772,Forward,0.462287419,0.748860291,0.332570378,1.017711814,-0.410973022,2.630232552,1.08342297,0.005645118,0.418059495,-0.125151009,0.033639435,4.985157732,,686,9.520509978,2.262360447,6.501662972,-0.603668262,1.15022173,0.228867624,1.289911308,0.292663477,0.718403548,0.013556618,0.768847006,0.28708134,0.457,0.021,0.694,0.124,1.070399113,0.231259968,52,35,21.68348116,3.09409888,,,17.3915493,9.177464789,2.104225352,2.45915493,1.267605633,1.647887324,0.841735505,1,,576,3.171057618,1.434089802
Jalen Suggs,1630591,2024-25,0,1610612753,24,35,35,28.62857143,5.628571429,13.74285714,0.41,2.171428571,6.914285714,0.314,2.771428571,3.142857143,0.882,0.657142857,3.371428571,4.028571429,3.685714286,1.457142857,0.942857143,2.914285714,2.8,16.2,Guard,0.453839106,0.756351683,0.960708033,0.060607636,0.759737317,2.001524574,1.243682788,1.182407073,-1.317592782,1.492870439,-2.102122845,4.281822235,,567,11.23006289,3.62666667,3.045534591,0.975238096,2.828930818,0.952380953,1.338742138,0.043809524,0.568050315,0.316190476,1.64264151,0.131428571,0.445,-0.061,0.7395,0.126,1.766792453,1.154285714,64,-40,25.25471698,1.62857143,,,20.37125748,5.065868264,4.634730539,1.832335329,1.185628743,3.664670658,0.681664532,1,,576,3.128620846,3.877086524
P.J. Washington,1629023,2024-25,0,1610612742,26,57,56,32.19298246,5.280701754,11.66666667,0.453,1.596491228,4.192982456,0.381,2.50877193,3.473684211,0.722,1.438596491,6.315789474,7.754385965,2.298245614,1.105263158,1.052631579,2.070175439,2.298245614,14.66666667,Forward,0.459146733,0.746735334,0.729456007,1.59614732,0.031201747,1.09711269,1.511598053,0.547829752,-0.227174517,-0.584107755,-1.08584037,3.616222927,,836.0000002,14.26712329,1.80365297,5.267123288,2.124248979,2.164383562,0.366738765,0.94520548,0.118961788,0.94520548,0.244412401,1.924657534,-0.21172795,0.44,0.017,0.7065,0.039,1.410958904,0.755106946,73,-16,31.51369863,1.76832493,,,16.40108992,8.671389645,2.570027248,1.235967302,1.177111717,2.314986376,0.841735505,1,,676,3.07412914,3.385015038
Norman Powell,1626181,2024-25,0,1610612746,32,60,60,32.63333333,7.616666667,15.75,0.484,2.983333333,7.133333333,0.418,3.55,4.416666667,0.804,0.35,2.816666667,3.166666667,2.083333333,1.216666667,0.15,1.8,1.9,21.76666667,Guard,0.463148036,0.752962134,1.800253434,-0.29461374,-0.081644939,1.383445371,-0.691362743,2.078533155,0.594867829,0.760781775,-0.760557559,4.789702583,,1306,15.43903509,7.87192983,2.741228071,0.600877193,1.447807018,1.004385965,0.699561404,0.650877193,0.294736842,-0.139473684,2.048684211,0.785964912,0.4825,-0.002,0.8215,-0.027,1.275877193,0.931578947,68,-16,26.1504386,6.4491228,,,24.01225741,3.493360573,2.298263534,1.342185904,0.165474974,1.985699694,0.860952026,1,,1024,2.977061408,3.075194379
Deni Avdija,1630166,2024-25,0,1610612757,24,72,54,30.01388889,5.583333333,11.72222222,0.476,1.736111111,4.75,0.365,4.027777778,5.166666667,0.78,1.527777778,5.722222222,7.25,3.902777778,0.986111111,0.486111111,2.722222222,2.375,16.93055556,Forward,0.461556904,0.751408268,1.070887894,1.38827206,0.873713567,0.790864482,0.128949351,0.701932825,0.26797976,0.425171501,-1.870884384,3.776887055,,1219,11.93219298,2.23722223,6.803947369,0.05,3.294824561,0.089444445,0.827631579,0.186111111,0.430789473,0.006111111,1.040614035,0.562777778,0.4715,-0.03,0.7395,0.04,1.875877193,0.588888889,75.5,-3,28.33614035,-0.07944444,,,20.30726516,8.695974086,4.681166127,1.182785747,0.583063396,3.26515502,0.933388129,1,,576,2.836248845,2.999534029
Santi Aldama,1630583,2024-25,0,1610612763,24,65,16,25.53846154,4.815384615,9.969230769,0.483,1.846153846,5.015384615,0.368,1,1.446153846,0.691,1.446153846,4.953846154,6.4,2.892307692,0.8,0.446153846,1.092307692,1.169230769,12.47692308,Forward-Center,0.461961253,0.74683876,0.399206458,1.037957057,0.34313337,0.312516055,0.031429731,0.823390623,0.351050776,-0.561769379,0.091481933,2.828396624,,811.0000002,9.88013626,1.7556116,5.294336811,0.629508197,1.761017671,0.63001261,0.644666809,0.095081967,0.754311262,-0.439092056,1.47924207,0.108448928,0.4525,0.048,0.6855,0.07,0.95518416,-0.038839849,69,4,24.184373,-0.98612862,,,17.58795181,9.021686746,4.077108433,1.127710843,0.628915662,1.539759036,0.891941389,1,,576,2.645290746,1.455514819
D'Angelo Russell,1626156,2024-25,0,0,29,58,36,25.51724138,4.293103448,11,0.39,1.948275862,6.206896552,0.314,2.086206897,2.5,0.834,0.344827586,2.448275862,2.793103448,5.120689655,0.965517241,0.396551724,1.862068966,1.982758621,12.62068966,Guard,0.452940407,0.752527418,0.420888836,-0.448572328,1.513217825,0.737933492,-0.089629107,0.936106063,-1.5022248,0.666890097,-0.83528666,1.399323418,,732.0000003,17.90094514,-5.39246823,3.066716086,-0.31215971,6.24851742,-1.221415608,0.946905115,0.057622504,0.441067458,-0.077132487,2.853039288,-1.025408349,0.4625,-0.066,0.8285,0.006,2.336174944,-0.190562613,73.5,-18,32.56745738,-7.16696915,,,17.80540541,3.94054054,7.224324324,1.362162162,0.559459459,2.627027028,0.848196002,1,,841,2.63327615,1.106497624
Robert Williams III,1629057,2024-25,0,1610612757,27,20,3,17.55,2.5,3.9,0.641,0.05,0.15,0.333,0.75,0.85,0.882,1.75,4.15,5.9,1.05,0.65,1.65,0.85,1.55,5.8,Forward-Center,0.466662995,0.750686125,-0.607783972,0.831889408,-0.624230228,-0.073018498,2.969534207,-1.159083658,1.316993829,0.269200093,0.383212846,3.306714026,,116,7.402380952,-1.033333333,7.338095238,-0.433333333,1.130952381,0.216666667,0.897619048,-0.516666667,1.269047619,0.483333333,0,0.05,0.7005,-0.013,0.694,0.104,1.069047619,-0.316666667,20.5,14,21.68809524,-2.28333333,,,11.8974359,12.1025641,2.153846154,1.333333333,3.384615385,1.743589744,0.540190724,1,,729,2.60264035,0.981676353
Keyonte George,,2024-25,,,21,67,35,31.5,5.4,13.7,0.391,2.6,,,3.5,4.3,0.818,0.4,3.4,3.8,5.6,0.7,0.1,2.7,1.7,16.8,Guard,0.451566272,0.753961132,1.051197957,-0.033594718,1.764895317,0.055493019,-0.813392641,1.655435504,-1.784532025,0.976549392,-1.844129521,1.027922284,UTA,1125.6,13,3.8,2.8,1,4.4,1.2,0.5,0.2,0.1,0,2,0.6,0.391,0,0.848,-0.03,2.5,0.2,75,-8,27,4.5,,,19.2,4.342857143,6.4,0.8,0.114285714,3.085714286,0.904001915,1,,441,2.459696644,2.117532639
Toumani Camara,,2024-25,,,24,78,78,32.7,4.2,9.2,0.458,1.7,,,1.2,1.6,0.722,2.2,3.6,5.8,2.2,1.5,0.6,1.4,2.9,11.3,Forward-Center,0.459706824,0.747633516,0.221706993,0.790675878,-0.02038531,2.111677304,0.406906342,0.6620758,-0.112107367,-0.390114694,-0.27897002,3.391464926,POR,881.4,7.5,3.8,4.9,0.9,1.2,1,0.9,0.6,0.5,0.1,0.8,0.9,0.45,0.008,0.758,-0.036,1.2,0.2,70,8,24.8,7.9,,,12.44036697,6.385321101,2.422018349,1.651376147,0.660550459,1.541284404,0.967335276,1,,576,2.427001486,0.548521678
Kel'el Ware,,2024-25,,,20,64,36,22.2,4,7.3,0.554,0.5,,,0.7,1,0.687,1.8,5.6,7.4,0.9,0.6,1.1,0.9,1.7,9.3,Center,0.466268268,0.747248813,-0.079926085,1.450092354,-0.702992608,-0.201530016,1.627205325,-0.662403806,1.235899717,-0.473204571,0.323014403,2.516154714,MIA,595.2,-999,-999,-999,-999,-999,-999,-999,-999,-999,-999,-999,-999,-999,-999,-999,-999,-999,-999,-999,-999,-999,-999,,,15.08108108,12,1.459459459,0.972972973,1.783783784,1.459459459,0.885841539,1,,400,2.415268877,1.07445062
Kelly Oubre Jr.,1626162,2024-25,0,1610612755,29,60,57,34.63333333,5.8,12.35,0.47,1.183333333,4.033333333,0.293,2.316666667,3.083333333,0.751,1.616666667,4.516666667,6.133333333,1.8,1.533333333,0.5,1.333333333,3,15.1,Guard-Forward,0.460978061,0.748601685,0.79480984,0.92805431,-0.230418325,2.197351649,0.162846545,0.091813747,0.149060259,-0.181005695,-0.19870543,3.713806901,,906,17.8382353,-0.32647059,5.101102941,1.118627451,1.305147059,0.314705882,1.274509804,0.400980392,0.533088236,-0.191176471,1.867647059,-0.301960785,0.436,0.029,0.755,0.001,1.306372549,0.053921568,58,-8,31.23529412,4.41274509,,,15.69586141,6.375360924,1.871029837,1.593840231,0.51973051,1.385948027,0.860952026,1,,841,2.406288951,3.713450403
Jabari Smith Jr.,1631095,2024-25,0,1610612745,22,57,39,30.10526316,4.350877193,9.929824561,0.438,1.719298246,4.859649123,0.354,1.824561404,2.210526316,0.825,1.842105263,5.157894737,7,1.052631579,0.438596491,0.719298246,1.070175439,2.157894737,12.24561404,Forward,0.457888917,0.751694657,0.364321229,1.285238235,-0.622848431,-0.616374215,0.698065398,0.683375911,-0.48558478,0.487026924,0.118128476,1.911348748,,698.0000003,13.26082612,-1.49122807,7.653897402,-1.105263158,1.435293138,-0.539473684,0.614257162,-0.245614035,0.86967022,-0.083333333,1.667388408,-0.096491228,0.431,-0.016,0.7985,0.014,1.243754164,-0.100877193,77.5,-19,31.46002665,-1.78947368,,,14.64335665,8.37062937,1.258741259,0.524475524,0.860139861,1.27972028,0.841735505,1,,484,2.39892507,2.125033466
Yves Missi,,2024-25,,,20,73,67,26.8,3.7,6.7,0.547,0,,,1.7,2.8,0.623,3.5,4.7,8.2,1.4,0.5,1.3,1.1,2,9.1,Center,0.465335381,0.741800936,-0.110089393,1.779800593,-0.440451339,-0.458553052,2.115324918,-1.214270308,1.04424401,-1.649859042,0.082220634,1.14836702,NOP,664.3,-999,-999,-999,-999,-999,-999,-999,-999,-999,-999,-999,-999,-999,-999,-999,-999,-999,-999,-999,-999,-999,-999,,,12.2238806,11.01492537,1.880597015,0.671641791,1.746268657,1.47761194,0.939141592,1,,400,2.395560464,2.594011105
Bobby Portis,1626171,2024-25,0,1610612749,30,49,7,25.3877551,5.653061224,12.14285714,0.466,1.326530612,3.632653061,0.365,1.244897959,1.489795918,0.836,1.836734694,6.551020408,8.387755102,2.12244898,0.714285714,0.530612245,1.163265306,1.918367347,13.87755102,Forward,0.460528275,0.750986834,0.610444316,1.857181098,-0.061105996,0.092210595,0.237558728,0.24986531,0.056654631,0.334148548,0.006051176,3.383008406,,680,13.9402439,0.09706322,8.501219512,0.985316078,1.384146342,0.854156297,0.621777004,-0.114982579,0.321602788,0.115978099,1.288327526,0.107018417,0.502,-0.042,0.779,0.046,1.133449478,0.053509208,76,-33,25.22961673,0.89995022,,,19.67845659,11.89389068,3.009646303,1.012861736,0.752411576,1.649517685,0.787864177,1,,900,2.371934506,2.35139673
Herbert Jones,1630529,2024-25,0,1610612740,26,20,20,32.4,3.75,8.6,0.436,1.1,3.6,0.306,1.65,2,0.825,1.1,2.8,3.9,3.25,1.85,0.45,1.75,3.3,10.25,Forward,0.457974081,0.751397874,0.063349627,0.007618812,0.530951355,3.011257929,0.040816647,-0.000164003,-0.468088452,0.422926574,-0.700359116,2.908309372,,205,10.42324561,-0.76315789,3.827352472,0.321052632,2.536483254,0.631578947,1.471092504,0.468421053,0.726076555,-0.365789474,1.174242424,-0.4,0.4835,-0.062,0.8155,-0.042,1.278508772,0.526315789,71,-56,30.05003987,1.86052632,,,11.38888889,4.333333333,3.611111111,2.055555556,0.5,1.944444444,0.540190724,1,,676,2.22009995,1.118390335
Ayo Dosunmu,1630245,2024-25,0,1610612741,25,46,26,30.30434783,4.804347826,9.760869565,0.492,1.347826087,4.108695652,0.328,1.347826087,1.717391304,0.785,0.565217391,2.934782609,3.5,4.52173913,0.934782609,0.391304348,1.5,2.282608696,12.30434783,Guard,0.462721671,0.749667387,0.373179256,-0.157235307,1.198719364,0.658938408,-0.102435842,0.273369828,0.507273879,0.049169034,-0.399366905,2.401611715,,566.0000002,10.37269737,0.14645309,2.796052632,0.657894737,2.879605263,1.337528604,0.834868421,0.040045767,0.399342106,-0.082379863,1.151644737,-0.217963387,0.497,-0.009,0.8075,-0.025,1.296381579,0.144736842,78,-30,27.66513158,1.19908467,,,14.6169297,4.157819225,5.371592538,1.110473458,0.464849355,1.781922525,0.766537442,1,,625,2.212846193,1.919640041
Christian Braun,1631128,2024-25,0,1610612743,24,79,77,33.86075949,6.025316456,10.39240506,0.58,1.126582278,2.835443038,0.397,2.240506329,2.708860759,0.827,1.240506329,3.949367089,5.189873418,2.594936709,1.075949367,0.46835443,1.025316456,2.151898734,15.41772152,Guard,0.471173538,0.752490506,0.8427275,0.539221177,0.18698906,1.021769495,0.085612431,0.029175734,2.243656371,0.65891765,0.172137294,5.780206713,,1218,6.026957638,8.100648349,3.056643132,1.458166101,1.193035944,0.985180611,0.525834403,0.563754245,0.32525674,0.041525162,0.607830552,0.358289595,0.4775,0.12,0.6595,0.133,0.565629012,0.354584749,79,-3,17.86729782,13.66563754,,,16.3917757,5.51775701,2.758878505,1.143925234,0.497943925,1.090093458,0.972864486,1,,576,2.20303649,3.434083568
Cason Wallace,,2024-25,,,21,68,43,27.6,3.4,7.2,0.474,1.1,,,0.4,0.5,0.811,1,2.3,3.4,2.5,1.8,0.5,0.9,2.1,8.4,Guard,0.460813295,0.749073058,-0.21566097,-0.198448837,0.137139452,2.882746411,0.162846545,-0.000164003,0.115209997,-0.079196566,0.323014403,3.127486431,OKC,571.2,6.8,1.6,2.3,1.1,1.5,1,0.9,0.9,0.5,0,1.2,-0.1,0.491,-0.017,0.784,0.027,0.5,0.4,82,-14,20.6,7,,,10.95652174,4.434782609,3.260869565,2.347826087,0.652173913,1.173913043,0.909964669,1,,441,2.152541478,0.625632646
Payton Pritchard,1630202,2024-25,0,1610612738,27,80,3,28.3875,5.1125,10.825,0.472,3.1875,7.825,0.407,0.8875,1.05,0.845,1.275,2.5625,3.8375,3.4875,0.875,0.175,1.0375,1.475,14.3,Guard,0.461049268,0.750439558,0.674156609,-0.018139644,0.655658457,0.505283332,-0.630347794,2.303878644,0.163689337,0.215945635,0.157468687,4.027593263,,1144,7.611280488,4.702439024,2.532520325,0.605792683,2.380081301,0.060670732,0.383638212,0.399390244,0.047002033,0.101829268,1.479674797,1.394817073,0.44,0.004,0.7855,0.024,0.788617886,0.293597561,65,-2,17.83206301,6.11920732,,,18.1347424,4.8665786,4.422721268,1.109643329,0.221928666,1.315719947,0.978358811,1,,729,2.123683348,2.478062208
Zach Edey,,2024-25,,,22,66,55,21.5,3.8,6.6,0.58,0.3,,,1.4,1.9,0.709,3.5,4.8,8.3,1,0.5,1.3,1.3,2.8,9.2,Center,0.467301925,0.747009431,-0.095007739,1.821014122,-0.650484354,-0.458553052,2.115324918,-0.883150407,1.448257896,-0.524907292,-0.158573135,2.613920957,MEM,607.2,-999,-999,-999,-999,-999,-999,-999,-999,-999,-999,-999,-999,-999,-999,-999,-999,-999,-999,-999,-999,-999,-999,,,15.40465116,13.89767442,1.674418605,0.837209302,2.176744186,2.176744186,0.897994495,1,,484,2.086690336,2.264364181
Shaedon Sharpe,1631101,2024-25,0,1610612757,22,72,52,31.27777778,6.930555556,15.33333333,0.452,2.041666667,6.555555556,0.311,2.638888889,3.361111111,0.785,0.944444444,3.555555556,4.5,2.75,0.861111111,0.222222222,2.083333333,1.666666667,18.54166667,Guard,0.458818369,0.750755763,1.313870096,0.254899991,0.268410086,0.469585688,-0.515097335,1.039184577,-0.294634887,0.284240761,-1.101682065,1.71877691,,1335,12.9,2.60416667,3.975,-0.5,2.05625,-0.1875,0.675,-0.013888889,0.3375,-0.152777778,1.575,0.166666667,0.439,0.046,0.769,-0.039,1.64375,-0.166666667,56,40,27.665625,-1.81597222,,,21.3410302,5.179396092,3.165186501,0.991119005,0.255772646,2.397868561,0.933388129,1,,484,2.079867115,2.355954253
Jrue Holiday,201950,2024-25,0,1610612738,35,62,62,30.58064516,4.096774194,9.241935484,0.443,1.741935484,4.935483871,0.353,1.129032258,1.241935484,0.909,1.225806452,3.048387097,4.274193548,3.85483871,1.064516129,0.435483871,1.241935484,1.629032258,11.06451613,Guard,0.458437159,0.752344899,0.18619213,0.161837181,0.848541599,0.992383439,0.005388612,0.708361377,-0.372951885,0.627469,-0.088665267,3.068556188,,686.0000001,15.85874973,-1.39925199,5.24767467,-1.131603553,6.107073329,-0.971248247,1.031581225,0.180458158,0.570625135,-0.332632071,2.179104478,-0.258064516,0.4795,-0.037,0.846,0.076,2.368699978,-0.555165965,68,-7,32.6895955,-2.21645629,,,13.02531646,5.031645569,4.537974684,1.253164557,0.512658228,1.462025317,0.873497163,1,,1225,2.021817524,1.086876182
Collin Sexton,1629012,2024-25,0,1610612762,26,63,61,27.9047619,6.603174603,13.76190476,0.48,1.746031746,4.301587302,0.406,3.444444444,3.984126984,0.865,0.952380952,1.761904762,2.714285714,4.19047619,0.746031746,0.095238095,2.53968254,2.285714286,18.3968254,Guard,0.462299744,0.757055112,1.292025637,-0.481055898,1.024778979,0.17380521,-0.825014537,0.712882557,0.420591628,1.644799819,-1.651112293,2.311701101,,1159,16.48157051,-0.29548229,2.407852564,0.086080586,3.892628205,-0.71978022,0.678685898,-0.048840049,0.177884616,-0.135531136,1.32051282,0.105006105,0.4965,-0.007,0.839,0.006,1.943108974,0.424297925,63,-15,25.22836539,1.3021978,,,23.7337884,3.501706485,5.406143345,0.962457338,0.122866894,3.276450513,0.879693845,1,,676,2.019090032,2.790484714
Bilal Coulibaly,,2024-25,,,20,59,59,33,4.5,10.6,0.421,1.1,,,2.3,3.1,0.746,1.5,3.4,5,3.4,1.3,0.7,2.1,2.4,12.3,Forward,0.456139106,0.748310536,0.372523531,0.46096764,0.609713735,1.597631233,0.650966138,-0.000164003,-0.845072287,-0.243889307,-1.121748213,1.480928468,WAS,725.7,8.4,3.9,4.1,0.9,1.7,1.7,0.9,0.4,0.8,-0.1,1,0.1,0.435,-0.014,0.702,0.044,1.4,0.7,63,-4,27.2,5.8,,,13.41818182,5.454545455,3.709090909,1.418181818,0.763636364,2.290909091,0.854601041,1,,400,1.919268561,2.266382122
Donovan Clingan,,2024-25,,,20,67,37,19.8,2.7,5,0.539,0.2,,,0.9,1.6,0.596,3.2,4.6,7.9,1.1,0.5,1.6,1.1,2.8,6.5,Center,0.46363224,0.74372654,-0.502212394,1.656160003,-0.597976101,-0.458553052,2.847504308,-0.993523708,0.694344406,-1.233959432,0.082220634,1.494004665,POR,435.5,-999,-999,-999,-999,-999,-999,-999,-999,-999,-999,-999,-999,-999,-999,-999,-999,-999,-999,-999,-999,-999,-999,,,11.81818182,14.36363636,2,0.909090909,2.909090909,2,0.904001915,1,,400,1.819391844,0.266354945
Tyus Jones,1626145,2024-25,0,1610612756,29,81,58,26.83950617,3.777777778,8.432098765,0.448,2.049382716,4.950617284,0.414,0.62962963,0.703703704,0.895,0.49382716,1.925925926,2.419753086,5.296296296,0.851851852,0.098765432,1.12345679,0.777777778,10.2345679,Guard,0.458941273,0.750487666,0.061022211,-0.602443191,1.605425806,0.445787259,-0.816405726,1.047701035,-0.269384989,0.2263362,0.05397939,1.752017994,,828.9999999,11.12859849,-1.73512907,2.606060606,-0.292368126,6.280492424,-2.052188552,1.056628788,-0.223905724,0.173863636,-0.173961841,1.559280303,0.44332211,0.4635,-0.041,0.8,0.095,0.9625,0.12345679,73,15,26.7626894,-2.44837262,,,13.72769089,3.245630175,7.103955842,1.142594297,0.132474701,1.506899724,0.983818902,1,,841,1.716629137,-0.55165245
Lonzo Ball,1628366,2024-25,0,1610612741,27,35,14,22.2,2.542857143,6.942857143,0.366,1.914285714,5.571428571,0.344,0.628571429,0.771428571,0.815,0.714285714,2.657142857,3.371428571,3.285714286,1.342857143,0.485714286,1.171428571,1.571428571,7.628571429,Guard,0.453770099,0.749464902,-0.332005158,-0.210224131,0.549704302,1.707783963,0.127980861,0.898590015,-1.331769808,0.005435393,-0.00377714,1.411718297,,267,13.79090909,-5.371428571,5.105194806,-2.057142858,5.415584416,-1.8,1.65974026,-0.485714286,0.724675325,-0.4,3.135064935,-1.228571429,0.4185,-0.057,0.7655,0.065,2.28961039,-1.171428572,45,0,33.1961039,-12.42857143,,,12.37065637,5.467181466,5.328185329,2.177606178,0.787644788,1.899613899,0.681664532,1,,729,1.711754983,1.034715001
Rui Hachimura,1629060,2024-25,0,1610612747,27,59,57,31.6779661,4.966101695,9.762711864,0.509,1.728813559,4.186440678,0.413,1.474576271,1.915254237,0.77,1.338983051,3.661016949,5,1.406779661,0.762711864,0.440677966,0.830508475,1.779661017,13.13559322,Forward,0.464234207,0.74924867,0.498544809,0.46096764,-0.436891458,0.216676956,0.01806531,0.693878276,0.81801478,-0.041267167,0.406680034,2.63466918,,775,12.39787582,-0.43793619,4.407796452,0.676470588,1.055905696,0.21560319,0.452264239,0.159770688,0.390172736,0.073030907,1.125350141,0.287637088,0.5115,-0.028,0.739,0.031,0.758870215,0.154037887,65.5,-9,25.05403828,4.83973081,,,14.92776886,5.682182986,1.598715891,0.866773675,0.500802568,0.943820225,0.854601041,1,,729,1.707342277,2.274997922
Ausar Thompson,,2024-25,,,22,59,48,22.5,4.2,7.8,0.535,0.2,,,1.5,2.4,0.641,1.9,3.3,5.1,2.3,1.7,0.7,1.4,2.8,10.1,Forward,0.465300419,0.743532241,0.040727146,0.502181169,0.032122944,2.625723375,0.650966138,-0.993523708,1.037061259,-1.275924773,-0.27897002,2.340363532,DET,595.9,8.8,1.3,6.4,-1.3,1.9,0.4,1.1,0.6,0.9,-0.2,0.3,-0.1,0.483,0.052,0.597,0.044,1.3,0.1,63,-4,25.1,-2.6,,,16.16,8.16,3.68,2.72,1.12,2.24,0.854601041,1,,484,1.679567375,0.80601777
Jonathan Kuminga,1630228,2024-25,0,1610612744,22,47,10,24.34042553,5.489361702,12.08510638,0.454,0.978723404,3.212765957,0.305,3.340425532,5,0.668,1.191489362,3.425531915,4.617021277,2.212765957,0.808510638,0.446808511,1.510638298,1.914893617,15.29787234,Forward,0.459231607,0.741139808,0.824652262,0.30312859,-0.013682129,0.334390355,0.033027505,-0.134020985,-0.209737769,-1.792652237,-0.412175084,-1.067069492,,719,12.99717628,-0.75618171,4.122529246,-0.18027602,2.034187173,0.010063254,0.677591771,0.065267395,0.474586527,-0.039677975,0.761093183,0.262507188,0.527,-0.075,0.699,-0.078,1.533279549,-0.138010351,70.5,-27,23.571904,-1.99741231,,,22.62587413,6.82867133,3.272727272,1.195804195,0.660839161,2.234265735,0.773721595,1,,484,1.657315855,1.421287637
Jaden Ivey,1631093,2024-25,0,1610612765,23,30,30,29.93333333,6.333333333,13.76666667,0.46,2.1,5.133333333,0.409,2.833333333,3.866666667,0.733,1.333333333,2.8,4.133333333,3.966666667,0.933333333,0.366666667,2.966666667,2.233333333,17.6,Guard,0.459880327,0.747344482,1.171851188,0.103783715,0.907260506,0.655213435,-0.162566516,1.103569001,-0.076462314,-0.452541456,-2.16518788,1.084919679,,528,15.82994033,2.21038961,3.660231661,0.704761904,4.536942787,0.122510823,0.782292032,0.193073593,0.381098631,-0.165800865,1.616005616,0.48961039,0.4225,0.031,0.748,-0.016,2.835117586,0.499134199,75.5,-47,29.97016498,1.12813852,,,21.16703786,4.971046771,4.770601337,1.122494432,0.440979956,3.567928731,0.638666754,1,,529,1.642713568,3.473743496
De'Andre Hunter,1629631,2024-25,0,0,27,64,9,27.1875,5.59375,11.90625,0.47,2.453125,6.0625,0.405,3.359375,3.96875,0.846,0.6875,3.34375,4.03125,1.4375,0.78125,0.203125,1.28125,2.421875,17,Guard-Forward,0.460942286,0.755627135,1.081361264,0.06171157,-0.420760744,0.264324236,-0.561705976,1.493324719,0.14171044,1.336379602,-0.13599872,3.260346391,,1088,15.49489396,1.36842105,4.066771406,0.136513158,1.464650432,-0.088815789,0.612071223,0.079495614,0.267216549,-0.077576754,1.772584446,0.400493421,0.46,0.011,0.8365,-0.001,1.340010474,-0.174890351,62,7,30.61128567,-2.30372807,,,22.51034483,5.337931034,1.903448276,1.034482759,0.268965517,1.696551724,0.885841539,1,,729,1.636981564,1.885825711
Aaron Gordon,203932,2024-25,0,1610612743,29,51,42,28.37254902,5.176470588,9.745098039,0.531,1.470588235,3.37254902,0.436,2.843137255,3.509803922,0.81,1.568627451,3.274509804,4.843137255,3.215686275,0.450980392,0.274509804,1.431372549,1.607843137,14.66666667,Forward,0.466180569,0.752490715,0.729456007,0.396318965,0.512933817,-0.584544736,-0.387484369,0.408866463,1.21788245,0.65896287,-0.316741592,2.635649877,,748.0000002,15.09276793,0.78995434,6.505439162,-1.60891754,3.266619662,-0.33225893,0.780620467,-0.316142896,0.683219178,-0.341928552,0.715149073,0.92264303,0.56,-0.025,0.633,0.152,1.439766318,-0.006983615,70.5,-22,30.84317083,-3.0932044,,,18.60953698,6.145127851,4.080165861,0.572218383,0.348306842,1.816171389,0.801720961,1,,841,1.630287713,1.638356051
Scotty Pippen Jr.,1630590,2024-25,0,1610612763,24,79,21,21.30379747,3.607594937,7.518987342,0.48,1.101265823,2.772151899,0.397,1.544303797,2.164556962,0.713,0.82278481,2.455696203,3.278481013,4.392405063,1.303797468,0.379746835,1.746835443,2.569620253,9.860759494,Guard,0.461272007,0.746982642,0.004645721,-0.248531101,1.130808304,1.607391601,-0.130643085,0.001233127,0.209449594,-0.53069327,-0.696549088,1.347111802,,779,12.9047619,-3.044002406,3.19047619,0.088004823,4.666666667,-0.274261604,1.714285714,-0.410488246,0.476190476,-0.096443641,1.428571429,-0.327305606,0.493,-0.013,0.745,-0.032,2.666666667,-0.919831224,21,58,25.0952381,-3.79144063,,,16.6631016,5.540106952,7.422459892,2.203208555,0.641711229,2.951871657,0.972864486,1,,576,1.627919002,0.765347512
Klay Thompson,202691,2024-25,0,1610612742,35,72,72,27.29166667,5.013888889,12.18055556,0.412,3,7.680555556,0.391,0.930555556,1.027777778,0.905,0.611111111,2.805555556,3.416666667,2.013888889,0.694444444,0.416666667,1.222222222,1.125,13.95833333,Guard,0.454666799,0.75160687,0.622627625,-0.191579915,-0.118109004,0.041213961,-0.040536618,2.096928706,-1.147548588,0.468066373,-0.064931114,1.666131425,,1005,19.86335404,-3.89880953,3.721814418,0.117965368,2.324016564,-0.271825397,0.679747789,0.045093795,0.437417655,-0.037878788,3.921419161,-0.480519481,0.434,-0.02,0.903,-0.022,1.651044608,-0.297258297,73,-5,31.34566159,-2.37067099,,,18.41221373,4.506870229,2.656488549,0.916030534,0.549618321,1.61221374,0.933388129,1,,1225,1.572534843,1.835722144
Wendell Carter Jr.,1628976,2024-25,0,1610612753,26,68,51,25.85294118,3.323529412,7.220588235,0.46,0.544117647,2.323529412,0.234,1.897058824,2.573529412,0.737,2.220588235,5.014705882,7.235294118,1.970588235,0.764705882,0.602941176,1.132352941,2.926470588,9.088235294,Forward-Center,0.45987302,0.747893114,-0.111863705,1.382211247,-0.140845421,0.221802041,0.41408457,-0.613709703,-0.077963355,-0.33404576,0.043268701,0.782938614,,618,13.09585327,-1.875401066,7.823285487,0.308021391,2.021531101,0.243315508,0.581339712,0.128342246,0.544019138,0.093850267,1.283572568,-0.619518717,0.525,-0.065,0.716,0.043,1.54800638,-0.104010695,56,13,27.60637959,0.28930482,,,12.6552901,10.07508532,2.744027303,1.064846416,0.839590443,1.576791808,0.909964669,1,,676,1.550594187,1.459246277
Alex Caruso,1627936,2024-25,0,1610612760,31,54,3,19.27777778,2.592592593,5.814814815,0.446,1.111111111,3.148148148,0.353,0.777777778,0.944444444,0.824,0.703703704,2.240740741,2.944444444,2.537037037,1.611111111,0.555555556,0.685185185,1.888888889,7.074074074,Guard,0.459101995,0.749854318,-0.415632529,-0.386199362,0.156586953,2.397258455,0.298435322,0.012099697,-0.236365635,0.089543175,0.581644748,2.497370823,,382,7.826256046,-2.996348466,3.385221779,-0.900625979,3.179735127,-0.941836202,1.576413706,-0.079029734,0.836241329,-0.430359937,1.36819424,-0.804381847,0.4615,-0.022,0.784,0.064,1.292936725,-0.751434533,69,-17,26.11992853,-9.45461659,,,13.21037464,5.498559076,4.737752161,3.008645533,1.037463978,1.279538904,0.822006273,1,,961,1.504759465,0.939607334
Brandin Podziemski,,2024-25,,,21,64,33,26.8,4.4,9.8,0.445,1.8,,,1.1,1.5,0.758,1,4.1,5.1,3.4,1.1,0.2,1.2,1.5,11.7,Guard,0.458537206,0.748731834,0.282033608,0.502181169,0.609713735,1.083585162,-0.569332845,0.7724491,-0.352398035,-0.152895608,-0.038176251,2.137160036,GSW,748.8,9.2,2.5,5.8,-0.7,3.7,-0.3,0.8,0.3,0.2,0,1.2,0.6,0.454,-0.009,0.633,0.125,1.2,0,74,-10,26.6,0.2,,,15.71641791,6.850746269,4.567164179,1.47761194,0.268656716,1.611940299,0.885841539,1,,441,1.353958415,0.417723019
Donte DiVincenzo,1628978,2024-25,0,1610612750,28,62,10,25.90322581,4.032258065,9.564516129,0.422,2.806451613,7.064516129,0.397,0.790322581,1.016129032,0.778,0.516129032,3.161290323,3.677419355,3.629032258,1.177419355,0.274193548,1.596774194,1.838709677,11.66129032,Guard,0.456558499,0.749042284,0.276195548,-0.084114528,0.729974574,1.282570738,-0.388256222,1.883302963,-0.758910838,-0.08584324,-0.515880019,2.339038976,,722.9999998,12.47993827,-3.88191956,4.090277778,0.010752688,3.083333333,0.962365591,1.334104938,-0.143568299,0.291666666,-0.170250896,2.788580247,-0.687375547,0.439,-0.021,0.7855,0.024,1.475308642,0.201712466,76.5,-19,27.72067902,-3.23257666,,,16.20672478,5.110834371,5.04358655,1.636363636,0.381070983,2.219178083,0.873497163,1,,784,1.343770368,1.096045224
Stephon Castle,,2024-25,,,20,81,47,26.7,5.2,12.2,0.428,1.2,,,3.1,4.2,0.724,1.1,2.6,3.7,4.1,0.9,0.3,2.2,2,14.7,Guard,0.456399155,0.746558846,0.734483225,-0.074808248,0.977271511,0.569539091,-0.325273048,0.110209297,-0.791646995,-0.622226408,-1.242145097,-0.664596671,SAS,1190.7,-999,-999,-999,-999,-999,-999,-999,-999,-999,-999,-999,-999,-999,-999,-999,-999,-999,-999,-999,-999,-999,-999,,,19.82022472,4.988764045,5.528089888,1.213483146,0.404494382,2.966292135,0.983818902,1,,400,1.343111001,1.020368471
Luguentz Dort,1629652,2024-25,0,1610612760,26,71,71,29.1971831,3.633802817,8.352112676,0.435,2.394366197,5.816901408,0.412,0.464788732,0.647887324,0.717,1.253521127,2.873239437,4.126760563,1.61971831,1.112676056,0.549295775,0.718309859,2.929577465,10.12676056,Guard,0.45794727,0.748051432,0.044763081,0.101074844,-0.325081092,1.116165546,0.283157713,1.428470689,-0.473596579,-0.299851509,0.541763673,2.416866366,,718.9999998,12.28763257,-0.75931539,4.121792679,0.531823854,1.755730414,0.189338563,0.96245296,0.201283651,0.45287376,-0.045640934,1.899503934,0.419682653,0.413,-0.003,0.799,-0.109,1.089976052,-0.218399002,76.5,-8,29.56654123,0.76680335,,,12.4862518,5.088277857,1.997105644,1.371924746,0.677279306,0.885672938,0.92759457,1,,676,1.340951264,-0.108795138
Khris Middleton,203114,2024-25,0,0,33,37,21,22.78378378,4.324324324,9.108108108,0.475,1.297297297,3.594594595,0.361,1.945945946,2.27027027,0.857,0.351351351,3.351351351,3.702702703,4.054054054,0.945945946,0.216216216,1.513513514,2.027027027,11.89189189,Forward,0.461127385,0.753168309,0.310974079,-0.073694368,0.953146097,0.687630756,-0.529755581,0.217599535,0.179737798,0.805312328,-0.415636755,2.135313889,,439.9999999,15.05757576,-3.16265356,4.457575758,-0.97002457,5.124242424,-1.255036855,0.812121212,0.018673219,0.212121213,-0.056511057,1.627272727,-0.411793612,0.4645,-0.018,0.8675,0.024,2.230303031,-0.795577395,44,-18,25.65454546,-4.25257986,,,18.79003559,5.850533809,6.405693951,1.494661922,0.34163701,2.391459076,0.697995668,1,,1089,1.31868002,-0.704306797
Goga Bitadze,1629048,2024-25,0,1610612753,25,70,42,20.41428571,2.957142857,4.842857143,0.611,0.042857143,0.4,0.107,1.214285714,1.9,0.639,2.385714286,4.228571429,6.614285714,1.957142857,0.7,1.4,1.028571429,2.142857143,7.171428571,Center,0.466845069,0.74444681,-0.400949861,1.126271763,-0.147905354,0.055493019,2.359384715,-1.166967465,1.354399812,-1.078392481,0.168218408,2.269552555,,502,4.705432937,2.155299539,4.109083192,2.001382488,1.150254669,0.682949309,0.468590832,0.183870968,0.922750425,0.238709677,0.095076401,0.010599078,0.5775,0.008,0.6015,-0.016,0.644312394,0.31889401,50,8,13.73089983,4.97880184,,,12.64660602,11.66410077,3.451364591,1.234429671,2.468859343,1.813855844,0.921760067,1,,625,1.295274749,1.714783372
Isaiah Stewart,1630191,2024-25,0,1610612765,24,72,4,19.91666667,2.444444444,4.375,0.559,0.236111111,0.736111111,0.321,0.916666667,1.208333333,0.759,1.805555556,3.736111111,5.541666667,1.708333333,0.388888889,1.402777778,0.944444444,2.541666667,6.041666667,Forward-Center,0.464019259,0.748702642,-0.571336641,0.684207593,-0.278550891,-0.744134202,2.366164154,-0.953666682,0.773855086,-0.159200649,0.269504677,1.386842444,,435,11.13739131,-4.893115943,7.345217392,-1.088768116,1.493478261,0.121376811,0.384782609,0.019323672,0.753043479,0.576690821,1.39826087,-1.220410628,0.4645,0.072,0.7455,0.006,1.397391305,-0.490338165,48,26,29.60739131,-11.01811594,,,10.92050209,10.0167364,3.087866108,0.70292887,2.535564854,1.70711297,0.933388129,1,,576,1.281280471,-0.167436358
Chris Paul,101108,2024-25,0,1610612759,40,82,82,27.95121951,3.036585366,7.109756098,0.427,1.707317073,4.524390244,0.377,1.036585366,1.12195122,0.924,0.402439024,3.207317073,3.609756098,7.37804878,1.256097561,0.268292683,1.573170732,1.841463415,8.817073171,Guard,0.457682407,0.752306425,-0.152759438,-0.112000945,2.698517682,1.484791852,-0.402657862,0.670151895,-0.528010898,0.619159176,-0.487462187,3.789729275,,723,11.53550555,-0.372582001,4.066773817,-0.269554247,7.828609001,0.602186711,1.374634717,0.049201009,0.238164816,0.164844407,1.502922268,0.362489487,0.4405,-0.014,0.829,0.097,1.621274109,0.262825904,58.5,24,29.20675044,1.55466779,,,11.35602094,4.649214661,9.502617801,1.617801047,0.345549738,2.026178011,0.989245392,1,,1600,1.259567067,0.921586215
Killian Hayes,1630165,2024-25,0,1610612751,23,6,5,27,3,7.166666667,0.419,1.333333333,3.5,0.381,1.666666667,2,0.833,0.833333333,2.166666667,3,5.166666667,0.666666667,0.666666667,1.5,2.166666667,9,Guard,0.457131121,0.751705566,-0.125171047,-0.363302956,1.537359551,-0.030181325,0.569612874,0.257373697,-0.641269116,0.489383211,-0.399366905,1.294437985,,54,8.611528821,2.119047619,2.870614035,0.166666667,5.532581454,0.285714286,1.112781955,-0.19047619,0.422305765,0.190476191,0.788220552,0.809523809,0.395,0.006,0.7405,0.173,1.745300751,0.285714286,59,-36,26.17105263,3,,,12,4,6.888888889,0.888888889,0.888888889,2,0.342017182,1,,529,1.224670991,-0.351978968
Bub Carrington,,2024-25,,,19,82,57,30,3.7,9.1,0.401,1.7,,,0.8,1,0.812,0.4,3.8,4.2,4.4,0.7,0.3,1.7,2.3,9.8,Guard,0.454954035,0.749699793,-0.004517816,0.131259401,1.134796272,0.055493019,-0.325273048,0.6620758,-1.088537782,0.05616815,-0.640160674,-0.018696677,WAS,803.6,-999,-999,-999,-999,-999,-999,-999,-999,-999,-999,-999,-999,-999,-999,-999,-999,-999,-999,-999,-999,-999,-999,,,11.76,5.04,5.28,0.84,0.36,2.04,0.989245392,1,,361,1.168099246,-0.433892113
Dennis Schröder,203471,2024-25,0,0,31,75,49,28.06666667,4.48,11.02666667,0.406,1.693333333,4.946666667,0.342,2.413333333,2.88,0.838,0.36,2.28,2.64,5.386666667,0.88,0.16,1.893333333,2.4,13.06666667,Guard,0.454514338,0.753330738,0.488149545,-0.511671663,1.652877709,0.518134483,-0.666956763,0.654717579,-1.178870768,0.8403945,-0.872927984,0.923846639,,980.0000003,13.20652985,-0.95833333,2.743843284,-0.385,5.273880597,-0.713333333,0.766884329,0.0925,0.180876865,-0.0525,1.414738806,-0.031666667,0.425,-0.029,0.8465,0.002,1.792070896,-0.019166667,73.5,-5,30.35839552,-3.00833333,,,16.76009501,3.386223278,6.909263658,1.128741093,0.205225653,2.428503562,0.950531489,1,,961,1.160508751,0.72831416
Aaron Nesmith,1630174,2024-25,0,1610612754,25,45,37,24.93333333,4.266666667,8.422222222,0.507,1.866666667,4.333333333,0.431,1.622222222,1.777777778,0.912,0.822222222,3.133333333,3.955555556,1.2,0.777777778,0.377777778,0.822222222,2.533333333,12.02222222,Guard-Forward,0.463525381,0.754069109,0.330630048,0.030515218,-0.545467847,0.255399825,-0.135448761,0.846031301,0.672390908,0.999870892,0.416656425,2.870578008,,540.9999999,11.1450723,-0.15833334,3.806982496,0.136111112,1.421232877,-0.3,0.828101218,-0.125,0.573154491,-0.302777778,1.759893455,-0.077777777,0.4615,0.011,0.8095,0.131,0.958143075,-0.066666667,72.5,-27,26.29252283,-2.775,,,17.35828877,5.711229948,1.732620321,1.122994653,0.545454546,1.187165775,0.759274768,1,,625,1.108572383,1.032553244
Bennedict Mathurin,1631097,2024-25,0,1610612754,23,72,49,29.84722222,5.430555556,11.84722222,0.458,1.361111111,4,0.34,3.833333333,4.611111111,0.831,1.208333333,4.111111111,5.319444444,1.888888889,0.652777778,0.333333333,1.875,2.25,16.05555556,Guard-Forward,0.459666427,0.755423611,0.938923423,0.592621971,-0.183744321,-0.065878969,-0.243919783,0.288032948,-0.120406766,1.292421736,-0.850855222,1.647195015,,1156,15.60039113,1.54708098,4.021512386,1.353342749,1.75206432,-0.128060264,0.604302477,0.059557439,0.201977402,0.096045197,1.318991743,0.005178908,0.44,0.012,0.8245,0.01,1.796392873,0.230932203,68.5,13,27.27748805,3.77942561,,,19.36528619,6.416007445,2.278268963,0.787342951,0.402047464,2.261516985,0.933388129,1,,529,1.107409952,1.946229396
Luke Kornet,1628436,2024-25,0,1610612738,29,73,16,18.64383562,2.561643836,3.835616438,0.668,0,0.04109589,0,0.917808219,1.328767123,0.691,2.602739726,2.712328767,5.315068493,1.602739726,0.493150685,0.97260274,0.424657534,1.630136986,6.04109589,Forward-Center,0.467552258,0.746966461,-0.571422724,0.590818487,-0.33399625,-0.476157369,1.316279831,-1.214270308,1.499687338,-0.534188022,0.895311924,1.172062907,,441,4.542097999,0.739508588,3.498964804,1.17221135,0.915804003,0.539247663,0.262249828,0.12807132,0.817460317,0.004348772,0.029675638,-0.015873016,0.6825,-0.032,0.864,-0.216,0.347826087,0.091324201,66,10,13.62767425,3.04066102,,,11.66495224,10.26304188,3.094783247,0.952240999,1.87803086,0.819985304,0.939141592,1,,841,1.104419208,-0.665531945
Al Horford,201143,2024-25,0,1610612738,39,60,42,27.65,3.25,7.683333333,0.423,1.9,5.233333333,0.363,0.566666667,0.633333333,0.895,1.316666667,4.833333333,6.15,2.133333333,0.6,0.85,0.766666667,1.35,8.966666667,Forward-Center,0.457233572,0.750286822,-0.130198265,0.934923232,-0.055390812,-0.201530016,1.017055833,0.882822401,-0.620221229,0.182957158,0.483543582,2.493961883,,538,9.211965812,0.320512821,6.272161172,-0.203846154,2.792307693,-0.451282052,0.530402931,0.015384615,0.961050061,-0.103846154,1.981562882,0.238461538,0.4935,-0.088,0.7905,0.028,0.662881563,0.028205129,64,-5,28.63064713,0.88076923,,,11.67450271,8.007233273,2.777576853,0.78119349,1.106690778,0.998191682,0.860952026,1,,1521,1.082638007,0.661188297
Grant Williams,1629684,2024-25,0,1610612766,26,16,7,29.9375,3.375,7.6875,0.439,1.6875,4.625,0.365,1.9375,2.3125,0.838,1.125,4,5.125,2.3125,1.125,0.8125,1.75,2.875,10.375,Forward,0.458374442,0.752412224,0.082201694,0.512484552,0.038686476,1.147840921,0.92553341,0.648279137,-0.385836875,0.642009933,-0.700359116,2.910840131,,166,9.214856761,0.05921053,4.389573618,0.940789474,1.973850766,0.023026316,0.548967355,0.546052632,0.452781479,0.299342105,1.55679547,0.029605263,0.455,-0.017,0.7635,0.081,1.236092605,0.315789474,77.5,-60,26.95619587,1.91118421,,,12.47599165,6.162839248,2.780793319,1.352818372,0.977035491,2.104384134,0.493932088,1,,676,1.064457168,0.362728482
Draymond Green,203110,2024-25,0,1610612744,35,68,66,29.16176471,3.176470588,7.485294118,0.424,1.176470588,3.617647059,0.325,1.485294118,2.161764706,0.687,1.088235294,5,6.088235294,5.632352941,1.455882353,1.029411765,2.558823529,3.220588235,9.014705882,Forward,0.457366287,0.74590693,-0.122953157,0.909467817,1.781883282,1.998284789,1.454927822,0.084239109,-0.592955826,-0.763029752,-1.674157448,3.075706636,,613,8.544209216,0.378342246,7.214072229,-1.148128342,6.442839352,-0.404010695,1.006849315,0.455882353,0.838231632,0.17486631,0.737608966,0.249197861,0.512,-0.073,0.7215,-0.043,2.624533001,0.104278074,64,13,29.28518057,2.07085562,,,11.12859304,7.515885021,6.95310136,1.797276853,1.270801816,3.158850226,0.909964669,1,,1225,0.969432351,0.965092024
Keon Ellis,1631165,2024-25,0,1610612758,25,80,28,24.35,2.8375,5.8,0.489,1.7375,4.0125,0.433,0.9125,1.075,0.849,0.75,1.9,2.65,1.5,1.5125,0.7875,0.8875,2.2,8.325,Guard,0.461461108,0.750570033,-0.226972211,-0.50755031,-0.387943086,2.143805184,0.864518461,0.703465787,0.248299061,0.244126159,0.338064014,3.419813058,,666,5.438596491,2.886403509,2.175438596,0.474561404,1.49122807,0.00877193,0.894736842,0.617763158,0.50877193,0.27872807,1.228070175,0.509429825,0.461,0.028,0.743,0.106,0.649122807,0.238377193,57,23,17.1754386,7.1745614,,,12.30800821,3.917864476,2.217659138,2.23613963,1.164271047,1.31211499,0.978358811,1,,625,0.963241166,-0.625239722
Guerschon Yabusele,,2024-25,,,29,70,43,27.1,4,8,0.501,1.5,,,1.4,2,0.725,1.9,3.7,5.6,2.1,0.8,0.3,1.2,2.3,11,Center,0.462910974,0.74755172,0.176462031,0.708248818,-0.072893563,0.312516055,-0.325273048,0.441329199,0.546164899,-0.407781387,-0.038176251,1.340596753,PHI,770,-999,-999,-999,-999,-999,-999,-999,-999,-999,-999,-999,-999,-999,-999,-999,-999,-999,-999,-999,-999,-999,-999,,,14.61254613,7.439114391,2.789667897,1.062730627,0.398523985,1.594095941,0.921760067,1,,841,0.940994453,-0.412718964
Day'Ron Sharpe,1630549,2024-25,0,1610612751,23,50,2,18.14,3.3,6.34,0.521,0.22,0.9,0.244,1.12,1.48,0.757,2.98,3.62,6.6,1.82,0.82,0.84,1.26,2.26,7.94,Center,0.463508794,0.748699484,-0.285036578,1.120384116,-0.219916674,0.363920662,0.992649854,-0.971449047,0.668983298,-0.159882631,-0.110414382,1.399238618,,397,5.766222678,1.136721311,5.271857924,0.22295082,1.082137978,0.426557377,0.352971312,0.426557377,0.693989071,0.118688525,0.095286885,0.15442623,0.5575,-0.05,0.623,0.147,1.011270492,0.112459016,54.5,-11,13.309597,3.04163934,,,15.75744212,13.09812569,3.611907387,1.627342889,1.667034179,2.500551268,0.794827213,1,,529,0.91764668,0.711882631
Tre Jones,1630200,2024-25,0,0,25,46,9,19.67391304,2.782608696,5.173913043,0.538,0.413043478,1.043478261,0.396,1.195652174,1.456521739,0.821,0.673913043,1.847826087,2.52173913,4.173913043,0.804347826,0.217391304,0.760869565,1.195652174,7.173913043,Guard,0.463707672,0.750507273,-0.400575162,-0.560411142,1.016081959,0.323690969,-0.526887664,-0.758380589,0.709841519,0.230570892,0.490523113,0.524453896,,330,11.44031704,-2.839073967,3.678093965,-1.231507623,6.398013751,-2.033879165,1.160905271,-0.208639187,0.124618029,0.100508187,0.746466769,-0.418125353,0.482,0.033,0.858,-0.035,1.562070283,-0.745623941,72.5,-31,28.47135218,-8.09232073,,,13.12707182,4.614364641,7.637569061,1.471823205,0.397790055,1.392265193,0.766537442,1,,625,0.889977531,-0.684648402
Scoot Henderson,,2024-25,,,20,66,10,26.7,4.3,10.4,0.419,1.6,,,2.4,3.1,0.767,0.8,2.2,3,5.1,1,0.2,2.7,2.7,12.7,Guard,0.456014359,0.749536524,0.432850147,-0.363302956,1.502354049,0.826562126,-0.569332845,0.551702499,-0.870700971,0.020904722,-1.844129521,-0.313092749,POR,838.2,14,-1.3,3.1,-0.1,5.4,-0.3,0.8,0.2,0.2,0,1.4,0.2,0.385,0.034,0.819,-0.052,3.4,-0.7,62,4,28.5,-1.8,,,17.12359551,4.04494382,6.876404494,1.348314607,0.269662921,3.640449438,0.897994495,1,,400,0.887902809,0.318735953
Gradey Dick,,2024-25,,,21,54,54,29.4,4.9,12,0.41,2.1,,,2.5,2.9,0.858,0.8,2.8,3.6,1.8,0.9,0.2,1.5,2.2,14.4,Guard,0.454521296,0.754459158,0.689238263,-0.116021777,-0.230418325,0.569539091,-0.569332845,1.103569001,-1.17744114,1.08411511,-0.399366905,0.953880475,TOR,777.6,8.5,5.9,2.2,1.4,1.1,0.7,0.6,0.3,0,0.2,1.5,0.6,0.425,-0.015,0.863,-0.005,0.8,0.7,60,-6,21.1,8.3,,,17.63265306,4.408163265,2.204081633,1.102040816,0.244897959,1.836734694,0.822006273,1,,441,0.875766984,1.701016475
Jose Alvarado,1630631,2024-25,0,1610612740,27,56,23,24.39285714,3.642857143,9.303571429,0.392,1.982142857,5.517857143,0.359,1.071428571,1.321428571,0.811,0.482142857,1.946428571,2.428571429,4.625,1.321428571,0.25,1.535714286,1.625,10.33928571,Guard,0.454087497,0.750064234,0.076815388,-0.59880884,1.252939843,1.652707597,-0.447302946,0.973486183,-1.266562412,0.134881622,-0.442365792,1.335790642,,578.9999998,8.052839579,3.249999996,2.298594848,0.142857143,2.569233021,2.535714286,1.075966043,0.267857142,0.215895785,-0.017857143,1.376756441,0.589285714,0.4115,-0.02,0.743,0.138,1.021077283,0.821428572,58.5,0,19.91627635,6.03571428,,,15.2591508,3.58418741,6.825768668,1.950219619,0.368960469,2.26647145,0.835218084,1,,729,0.858213533,-0.481557341
Nick Richards,,2024-25,,,27,57,43,22,3.6,6.1,0.591,0,,,2.1,2.8,0.744,2.6,5.6,8.2,0.9,0.2,1,1.4,2.5,9.3,Center,0.467403253,0.748217603,-0.079926085,1.779800593,-0.702992608,-1.229622159,1.383145528,-1.214270308,1.46907521,-0.26396126,-0.27897002,0.86227889,2TM,530.1,9.7,-0.4,8,0.2,0.8,0.1,0.4,-0.2,1.1,-0.1,0,0,0.691,-0.1,0.737,0.007,1.1,0.3,67,-10,26.3,-4.3,,,15.21818182,13.41818182,1.472727273,0.327272727,1.636363636,2.290909091,0.841735505,1,,729,0.820646702,0.164028822
Malik Beasley,1627736,2024-25,0,1610612765,28,82,18,27.84146341,5.62195122,13.06097561,0.43,3.890243902,9.341463415,0.416,1.158536585,1.707317073,0.679,0.573170732,2.036585366,2.609756098,1.695121951,0.890243902,0.06097561,1.012195122,1.524390244,16.29268293,Guard,0.456413934,0.746160503,0.974686152,-0.524136243,-0.285487957,0.544463671,-0.908635488,3.079520283,-0.788610664,-0.708262027,0.187934972,1.571472699,,1336,11.95374278,5.03951837,3.582356618,-1.061129978,1.448976403,0.328033343,0.77465229,0.143408459,0.112517581,-0.052948441,2.868338803,1.054800864,0.419,-0.013,0.7415,-0.035,0.897327708,0.328650818,80,3,27.71089233,-1.74081507,,,21.06701709,3.374507228,2.191852825,1.151116951,0.078843627,1.308804205,0.989245392,1,,784,0.820495954,1.450737514
Zaccharie Risacher,,2024-25,,,19,75,73,24.6,4.8,10.4,0.458,1.6,,,1.4,2,0.711,1.1,2.4,3.6,1.2,0.7,0.5,1.2,2,12.6,Forward,0.459688272,0.747013259,0.417768493,-0.116021777,-0.545467847,0.055493019,0.162846545,0.551702499,-0.115918847,-0.524080501,-0.038176251,-0.151854667,ATL,945,-999,-999,-999,-999,-999,-999,-999,-999,-999,-999,-999,-999,-999,-999,-999,-999,-999,-999,-999,-999,-999,-999,,,18.43902439,5.268292683,1.756097561,1.024390244,0.731707317,1.756097561,0.950531489,1,,361,0.800947902,0.975188085
Nikola Jović,1631107,2024-25,0,1610612748,22,46,10,25.13043478,3.739130435,8.195652174,0.456,1.695652174,4.565217391,0.371,1.565217391,1.891304348,0.828,0.565217391,3.347826087,3.913043478,2.847826087,0.826086957,0.282608696,1.304347826,1.782608696,10.73913043,Forward,0.459571171,0.751353043,0.137118585,0.01299449,0.319776856,0.379565544,-0.367718229,0.657276961,-0.139976405,0.41324388,-0.163807782,1.248473898,,493.9999998,6.55942029,3.086956517,3.120289855,-0.260869565,1.311594203,0.891304348,0.505072464,0.282608696,0.21884058,-0.02173913,0.973188406,0.282608696,0.429,0.004,0.8245,0.126,0.789855073,0.391304348,30.5,0,16.53913044,5.65217391,,,15.38408304,5.605536332,4.079584776,1.183391004,0.404844291,1.868512111,0.766537442,1,,484,0.736704928,-0.672891683
Caris LeVert,1627747,2024-25,0,0,30,64,3,24.9375,4.375,9.359375,0.467,1.65625,4.4375,0.373,1.71875,2.421875,0.71,0.640625,2.53125,3.171875,3.359375,0.890625,0.515625,1.1875,1.546875,12.125,Guard,0.460474589,0.746677235,0.346130637,-0.292467202,0.588382257,0.545443181,0.200980888,0.613787481,0.045625174,-0.596656169,-0.02312664,1.428099607,,776,13.06081081,-1.875,3.964228935,-0.945772059,4.483306836,-1.728860294,1.045310016,-0.227022059,0.412162162,0.015625,1.652225755,0.068014706,0.426,0.046,0.744,-0.056,1.644077902,-0.533088235,71,-4,29.51192369,-3.85661765,,,17.5037594,4.578947368,4.84962406,1.285714286,0.744360902,1.714285714,0.885841539,1,,900,0.716738157,0.277198374
Jordan Clarkson,203903,2024-25,0,1610612762,33,37,9,26,5.432432432,13.32432432,0.408,2.27027027,6.27027027,0.362,3.081081081,3.864864865,0.797,0.675675676,2.513513514,3.189189189,3.72972973,0.837837838,0.243243243,2.324324324,1.405405405,16.21621622,Guard,0.45376586,0.751937034,0.963153708,-0.285331413,0.782849058,0.409768015,-0.463793474,1.291501918,-1.33264069,0.539376634,-1.39182771,0.513056045,,600.0000001,18.98166915,-0.91105651,3.725484352,-0.228992629,4.731296572,-1.306633906,0.588673622,0.201474202,0.161102832,0.134152334,2.097764531,0.615724815,0.4285,-0.005,0.8485,-0.084,2.851862891,-0.330221131,58,-18,31.58599106,-4.58181818,,,22.45322246,4.415800416,5.164241165,1.16008316,0.336798336,3.218295218,0.697995668,1,,1089,0.669528241,1.438399466
Gary Trent Jr.,1629018,2024-25,0,1610612749,26,74,9,25.58108108,3.824324324,8.878378378,0.431,2.432432432,5.851351351,0.416,1.054054054,1.243243243,0.848,0.27027027,2,2.27027027,1.175675676,0.972972973,0.054054054,0.567567568,1.675675676,11.13513514,Guard,0.457510178,0.75086894,0.196842645,-0.664050336,-0.558240125,0.757096441,-0.925528224,1.470485649,-0.56339437,0.30868518,0.723252695,0.745149556,,824.0000004,15.55612462,-2.58317472,2.634549723,-0.377617054,1.641058472,-0.500380662,1.330132309,-0.111534069,0.176483141,-0.086791016,2.511096884,-0.074609822,0.4295,0.005,0.805,0.077,0.747652582,-0.094404263,68.5,3,30.08770806,-2.50342596,,,15.67036451,3.194928684,1.654516641,1.369255151,0.076069731,0.798732172,0.944855781,1,,676,0.666275782,-1.275816621
Isaiah Jackson,1630543,2024-25,0,1610612754,23,5,1,16.8,2.8,4.6,0.609,0,0,0,1.4,2.8,0.5,2.2,3.4,5.6,1,0.6,1.6,1,2.8,7,Forward,0.46642242,0.735278209,-0.426804125,0.708248818,-0.650484354,-0.201530016,2.847504308,-1.214270308,1.267569317,-3.058664225,0.202617519,-0.525813067,,35,6.802777778,0.616666667,4.221428572,1.633333333,0.821428572,0.166666667,0.52936508,0.033333333,1.246428572,0.583333333,0.015873016,0,0.614,-0.056,0.6835,-0.216,0.729761905,0.35,61.5,-55,14.69484127,3.95,,,15,12,2.142857143,1.285714286,3.428571429,2.142857143,0.321106681,1,,529,0.65500706,1.265273277
Jeremy Sochan,1631110,2024-25,0,1610612759,22,54,23,25.25925926,4.648148148,8.685185185,0.535,0.518518519,1.685185185,0.308,1.611111111,2.314814815,0.696,2.351851852,4.166666667,6.518518519,2.37037037,0.833333333,0.5,1.555555556,2.425925926,11.42592593,Forward,0.465868086,0.746132825,0.240698705,1.086802722,0.069073197,0.398190399,0.162846545,-0.641964305,1.153684924,-0.71424017,-0.466254063,1.288837953,,617.0000002,11.29971043,-0.20920921,5.850144788,0.086086087,2.950289576,-0.994494495,0.802847491,-0.004504505,0.475627414,-0.040540541,0.76761583,-0.427427427,0.4455,0.097,0.7345,-0.075,1.812017374,-0.336336336,65,-20,27.83542472,-4.37587588,,,16.28445748,9.290322581,3.37829912,1.187683284,0.712609971,2.217008798,0.822006273,1,,484,0.641965415,0.572810893
Clint Capela,203991,2024-25,0,1610612737,31,55,41,21.38181818,3.963636364,7.090909091,0.559,0,0.018181818,0,0.945454545,1.763636364,0.536,3.163636364,5.363636364,8.527272727,1.127272727,0.618181818,0.963636364,0.854545455,1.927272727,8.872727273,Center,0.466428045,0.741215286,-0.144365879,1.914681235,-0.583655668,-0.154798556,1.294396512,-1.214270308,1.268724838,-1.776350194,0.377740259,0.982102239,,488,11.71833509,-2.579327517,10.83045311,-2.102864263,1.069441517,-0.119302615,0.640674394,0.029140722,1.333719705,-0.488418431,0,0,0.612,-0.012,0.617,-0.095,0.92223393,-0.159153175,69,-18,26.20495259,-4.41270237,,,14.93877551,14.35714286,1.897959183,1.040816326,1.62244898,1.438775511,0.828642207,1,,961,0.635584887,0.419376907
Miles McBride,1630540,2024-25,0,1610612752,24,64,10,24.890625,3.46875,8.546875,0.406,1.796875,4.875,0.369,0.8125,1,0.813,0.734375,1.78125,2.515625,2.921875,1.046875,0.265625,0.640625,1.6875,9.546875,Guard,0.455622665,0.749719401,-0.042693252,-0.562930991,0.358658647,0.947041674,-0.409168603,0.768999934,-0.951171984,0.060403131,0.635293823,0.804432379,,611,5.866727941,1.282169118,1.125919118,1.045036765,1.400735294,1.245404412,0.656709559,0.311580882,0.113970588,0.162683824,1.113970588,0.193933824,0.405,-0.046,0.7635,-0.047,0.415900736,0.199448529,66,-4,15.70220588,5.36121324,,,13.8079096,3.638418079,4.225988701,1.514124294,0.384180791,0.926553672,0.885841539,1,,576,0.633567705,-0.503565369
Kyshawn George,,2024-25,,,21,68,38,26.5,3,8,0.372,1.7,,,1,1.4,0.753,0.7,3.5,4.2,2.5,1,0.7,1.4,3,8.7,Guard,0.453355418,0.748577616,-0.170416009,0.131259401,0.137139452,0.826562126,0.650966138,0.6620758,-1.41696336,-0.186204287,-0.27897002,0.355449241,WAS,591.6,-999,-999,-999,-999,-999,-999,-999,-999,-999,-999,-999,-999,-999,-999,-999,-999,-999,-999,-999,-999,-999,-999,,,11.81886792,5.705660377,3.396226415,1.358490566,0.950943396,1.901886792,0.909964669,1,,441,0.63300857,-0.175449954
Andrew Nembhard,1629614,2024-25,0,1610612754,25,65,65,28.93846154,3.8,8.292307692,0.458,0.784615385,2.692307692,0.291,1.661538462,2.092307692,0.794,0.523076923,2.8,3.323076923,5.015384615,1.215384615,0.169230769,1.723076923,2.292307692,10.04615385,Guard-Forward,0.45972113,0.75028317,0.032606256,-0.230151552,1.457923988,1.380150202,-0.644428167,-0.348264412,-0.109168212,0.182168299,-0.66794457,1.052891831,,653.0000003,9.329607843,0.840271497,2.363431373,1.249547511,4.332156863,0.897737556,0.929901961,0.288914027,0.130784314,0.080995475,1.061862746,-0.112443439,0.4695,-0.04,0.797,-0.01,1.582647059,0.237782805,71.5,-3,26.30460784,3.98257919,,,12.49760766,4.133971292,6.239234449,1.511961722,0.210526315,2.14354067,0.891941389,1,,625,0.621636758,0.444213595
Kyle Filipowski,,2024-25,,,21,72,27,21.1,3.6,7.2,0.502,1.1,,,1.3,2,0.65,1.6,4.6,6.1,1.9,0.7,0.3,1.4,2.4,9.6,Center,0.462693892,0.744667105,-0.034681124,0.914316467,-0.177910071,0.055493019,-0.325273048,-0.000164003,0.501566721,-1.030812358,-0.27897002,-0.376434416,UTA,691.2,-999,-999,-999,-999,-999,-999,-999,-999,-999,-999,-999,-999,-999,-999,-999,-999,-999,-999,-999,-999,-999,-999,,,16.37914692,10.40758294,3.241706161,1.194312796,0.511848341,2.388625592,0.933388129,1,,441,0.615379201,0.323787289
Jalen Smith,1630188,2024-25,0,1610612741,25,64,2,15.03125,2.96875,6.375,0.466,1.125,3.46875,0.324,1.125,1.390625,0.809,1.390625,4.1875,5.578125,1.015625,0.265625,0.6875,0.578125,1.484375,8.1875,Forward-Center,0.460231588,0.750092163,-0.247709485,0.699233359,-0.64227994,-1.060950792,0.620458664,0.027429322,-0.004297919,0.140913835,0.710541876,0.24333892,,524,9.646817744,-1.664959016,5.659353906,0.053534836,1.00168756,-0.017161885,0.293756027,-0.013063525,0.752651881,0.06454918,0.897058823,0.125,0.534,-0.126,0.7255,0.117,0.890067502,-0.143186475,64.5,3,17.98637898,-2.13268443,,,19.60914761,13.35966736,2.432432432,0.636174636,1.646569647,1.384615385,0.885841539,1,,625,0.609070911,-0.209744452
Jonas Valančiūnas,202685,2024-25,0,0,33,81,21,18.81481481,4.259259259,7.740740741,0.55,0.098765432,0.456790123,0.216,1.790123457,2.037037037,0.879,2.345679012,5.395061728,7.740740741,2.024691358,0.456790123,0.567901235,1.481481481,2.234567901,10.40740741,Center,0.466339773,0.753564139,0.087089267,1.590523641,-0.112436816,-0.569612389,0.328566161,-1.105259641,1.250589935,0.890805275,-0.377071185,1.983194248,,843.0000002,13.16671813,-1.81210479,9.484949059,-1.051942186,1.940953999,-0.08506474,0.32170423,0.066546221,0.743748071,-0.261367058,0.466116085,-0.35245408,0.553,-0.009,0.8055,0.094,1.683158383,0.127822944,80.5,-1,24.19350109,-4.66079495,,,19.91338584,14.81102363,3.874015749,0.874015747,1.086614174,2.834645669,0.983818902,1,,1089,0.599215089,-1.161291758
Keldon Johnson,1629640,2024-25,0,1610612759,25,77,0,23.87012987,4.818181818,10,0.482,1.12987013,3.558441558,0.318,1.948051948,2.519480519,0.773,1.454545455,3.363636364,4.818181818,1.623376623,0.636363636,0.285714286,1,1.493506494,12.71428571,Guard-Forward,0.461876229,0.749631327,0.435004668,0.386033949,-0.323160175,-0.108067095,-0.360138733,0.032804645,0.333583108,0.041380623,0.202617519,0.640058509,,978.9999997,18.84713596,-2.99585922,5.255693582,-0.645586298,2.865424431,-1.202710334,0.734644583,-0.102766799,0.232229124,-0.004140786,1.983781919,-0.71070958,0.453,0.028,0.7705,-0.019,1.788129745,-0.449275362,66,8,31.14113182,-5.66610201,,,19.17519042,7.266594124,2.448313384,0.959738846,0.430903156,1.508161045,0.961770506,1,,625,0.572733756,1.480778766
Jonathan Mogbo,,2024-25,,,23,63,18,20.4,2.5,5.7,0.438,0.3,,,1,1.3,0.732,1.7,3.2,4.9,2.3,0.9,0.5,1.1,2.2,6.2,Forward-Center,0.458684817,0.748036831,-0.547457356,0.41975411,0.032122944,0.569539091,0.162846545,-0.883150407,-0.322072174,-0.303005098,0.082220634,-0.789201711,TOR,390.6,-999,-999,-999,-999,-999,-999,-999,-999,-999,-999,-999,-999,-999,-999,-999,-999,-999,-999,-999,-999,-999,-999,,,10.94117647,8.647058824,4.058823529,1.588235294,0.882352941,1.941176471,0.879693845,1,,529,0.550528367,-0.894172243
Dillon Brooks,1628415,2024-25,0,1610612745,29,75,75,31.84,5.12,11.93333333,0.429,2.48,6.253333333,0.397,1.32,1.613333333,0.818,1,2.666666667,3.666666667,1.706666667,0.8,0.213333333,1.013333333,3.226666667,14.04,Guard-Forward,0.456573423,0.750627669,0.634944309,-0.088546091,-0.279426028,0.312516055,-0.536791539,1.522987543,-0.75584466,0.25657467,0.186564601,1.25297886,,1053,13.52539954,1.33166667,3.37956621,0.25,2.120909437,0.053888889,0.889649924,-0.088888889,0.179033485,0.074444444,1.903063166,0.632777778,0.412,0.001,0.8115,-0.026,1.323439878,-0.208888889,72.5,3,30.62966134,0.90944444,,,15.87437186,4.145728644,1.929648242,0.904522613,0.24120603,1.145728643,0.950531489,1,,841,0.526483993,1.18292054
Quentin Grimes,1629656,2024-25,0,0,25,75,37,26.84,5.12,10.97333333,0.467,2.16,5.613333333,0.385,2.16,2.853333333,0.757,0.786666667,3.533333333,4.32,3.04,0.986666667,0.293333333,1.88,1.84,14.56,Guard,0.460569493,0.748915164,0.713368909,0.180715637,0.420684022,0.792292389,-0.341543702,1.169792982,0.065122464,-0.113299317,-0.856875066,2.030258317,,1092,9.146368408,7.520784314,2.593068214,2.359215686,1.703396852,1.745882353,0.67412317,0.300392157,0.251726042,0.156078431,1.89975145,0.571764706,0.42,0.095,0.776,0.001,0.760425297,1.330980392,61,24,24.98563933,6.74196078,,,19.5290611,5.794336811,4.077496274,1.323397914,0.393442623,2.521609538,0.950531489,1,,625,0.521514598,2.044554669
Julian Champagnie,,2024-25,,,23,82,29,23.6,3.4,8.1,0.415,2.2,,,1,1.1,0.904,0.8,3.1,3.9,1.4,0.7,0.4,0.9,1.4,9.9,Forward,0.456502176,0.751802142,0.010563838,0.007618812,-0.440451339,0.055493019,-0.081213252,1.213942302,-0.77048205,0.510241987,0.323014403,0.828727721,SAS,811.8,6.8,3.1,2.8,1.1,1.4,0,0.6,0.1,0.6,-0.2,1.4,0.8,0.408,0.007,0.815,0.089,0.8,0.1,74,8,19.8,3.8,,,15.10169492,5.949152542,2.13559322,1.06779661,0.610169492,1.372881356,0.989245392,1,,529,0.509324577,-0.213643167
Aaron Wiggins,1630598,2024-25,0,1610612760,26,76,26,22.94736842,4.671052632,9.578947368,0.488,1.710526316,4.460526316,0.383,0.973684211,1.171052632,0.831,1.065789474,2.815789474,3.881578947,1.763157895,0.789473684,0.236842105,0.907894737,1.328947368,12.02631579,Guard,0.4623234,0.750342864,0.331247426,2.68E-05,-0.249763471,0.285460998,-0.479416078,0.673694042,0.425451534,0.195061218,0.313509386,1.495271901,,914,6.895787546,5.077597841,2.692307693,1.496963562,1.122710623,0.660593792,0.637545788,0.071524966,0.228937729,-0.006747639,0.740293041,0.915654521,0.537,-0.074,0.81,0.042,0.751831502,0.189946019,74,-2,17.13608059,7.20377868,,,18.86697248,6.089449541,2.766055046,1.23853211,0.371559633,1.424311927,0.956169483,1,,676,0.502562297,0.456982197
Moritz Wagner,1629021,2024-25,0,1610612753,28,30,1,18.8,4.666666667,8.3,0.562,0.9,2.5,0.36,2.633333333,3.666666667,0.718,1.333333333,3.6,4.933333333,1.4,0.8,0.4,1.633333333,1.833333333,12.86666667,Forward-Center,0.467691461,0.746373095,0.457986237,0.433491953,-0.440451339,0.312516055,-0.081213252,-0.220910604,1.528285556,-0.662345578,-0.559896084,0.767462944,,386.0000001,10.6881579,2.01666667,4.440679825,0.595833333,1.336842106,0.2,0.568311404,0.3125,0.245285088,0.1375,0.684868421,0.425,0.5505,-0.039,0.8275,-0.096,1.202741228,0.420833333,68.5,-50,18.57182018,1.1125,,,24.63829788,9.44680851,2.680851064,1.531914894,0.765957447,3.127659574,0.638666754,1,,784,0.487957249,0.883193357
Grayson Allen,1628960,2024-25,0,1610612756,29,64,7,24.125,3.421875,7.640625,0.448,2.328125,5.46875,0.426,1.453125,1.78125,0.816,0.53125,2.5,3.03125,2.140625,0.84375,0.296875,1.171875,1.484375,10.625,Guard,0.459021723,0.750777346,0.119905829,-0.350423728,-0.051562085,0.424963633,-0.332899917,1.355358093,-0.252856966,0.288902413,-0.004314627,1.197072645,,680,11.96833334,-2.895,3.6125,-0.902083333,2.645277778,-0.886041667,0.890555556,-0.07625,0.397222222,-0.303125,2.380555556,-0.405208333,0.4695,-0.051,0.8915,-0.062,1.133333334,-0.094791667,73.5,-11,30.44777778,-9.38166667,,,15.85492228,4.523316062,3.194300518,1.259067358,0.443005181,1.748704663,0.885841539,1,,841,0.477359535,-0.24175814
Naji Marshall,1630230,2024-25,0,1610612742,27,69,31,27.8115942,5.246376812,10.31884058,0.508,0.869565217,3.15942029,0.275,1.884057971,2.31884058,0.813,1.101449275,3.652173913,4.753623188,3.014492754,1.014492754,0.15942029,1.623188406,1.579710145,13.24637681,Forward,0.46436634,0.751314563,0.515252806,0.359427059,0.407290612,0.863811842,-0.668371603,-0.254502479,0.845160561,0.404932695,-0.547681908,1.925319586,,913.9999999,8.062770563,6.185770749,3.62987013,1.117259552,2.196969697,1.075098815,0.721861472,0.272068512,0.181818182,-0.022397892,0.867965368,-0.009222662,0.448,0.045,0.79,0.022,1.122294373,0.638339921,71.5,3,21.15909091,8.76613965,,,17.14643043,6.153204794,3.902032309,1.313183951,0.206357478,2.10109432,0.915883737,1,,729,0.457729629,0.992531475
Mitchell Robinson,1629011,2024-25,0,1610612752,27,17,3,17.05882353,2.176470588,3.294117647,0.661,0,0,0,0.764705882,1.117647059,0.684,3.058823529,2.882352941,5.941176471,0.764705882,0.941176471,1.058823529,0.588235294,1.529411765,5.117647059,Forward-Center,0.466278216,0.747044558,-0.710694081,0.848859685,-0.774033187,0.675372106,1.526710114,-1.214270308,1.237943515,-0.517320404,0.698369397,1.770936836,,87,6.476763259,-0.462998102,8.945325315,-2.542694497,0.739475123,0.184060721,1.071350465,-0.252371916,1.488244943,-0.070208729,0,0,0.623,0.086,0.4465,0.275,0.750683434,-0.218216319,45,-14,25.85319847,-7.71537002,,,10.8,12.53793103,1.613793103,1.986206897,2.234482758,1.24137931,0.505993653,1,,729,0.44755278,0.614251781
Noah Clowney,,2024-25,,,20,46,20,22.7,2.9,8.1,0.358,1.9,,,1.5,1.7,0.838,0.9,3,3.9,0.9,0.5,0.5,1,2.3,9.1,Forward-Center,0.45223113,0.751398248,-0.110089393,0.007618812,-0.702992608,-0.458553052,0.162846545,0.882822401,-1.647941213,0.423007463,0.202617519,-1.240663528,BRK,418.6,5.8,3.3,3.5,0.4,0.8,0.1,0.3,0.2,0.7,-0.2,0.5,1.4,0.538,-0.18,0.7,0.138,0.7,0.3,23,23,16.1,6.6,,,14.43171806,6.185022026,1.427312775,0.792951542,0.792951542,1.585903084,0.766537442,1,,400,0.439427556,-1.275450142
Spencer Dinwiddie,203915,2024-25,0,1610612742,32,79,30,27.03797468,3.594936709,8.632911392,0.416,1.379746835,4.126582278,0.334,2.46835443,3.075949367,0.802,0.227848101,2.417721519,2.64556962,4.417721519,0.886075949,0.215189873,1.291139241,1.53164557,11.03797468,Guard,0.45637805,0.751556992,0.182189241,-0.509376226,1.144101533,0.533751072,-0.532260472,0.308601812,-0.795982764,0.457293473,-0.147905058,0.64041261,,871.9999997,13.89482012,0.57744836,3.05754497,-0.051798801,5.601598934,-0.266489007,0.759576949,0.215023317,0.296635576,-0.074283811,1.961359094,-0.251832112,0.415,0.024,0.8085,-0.003,1.51640573,0.09377082,77.5,3,31.40473018,-1.27781479,,,14.69662921,3.52247191,5.882022473,1.179775281,0.286516853,1.719101124,0.972864486,1,,1024,0.351708067,-1.313440198
Kyle Kuzma,1628398,2024-25,0,0,29,65,62,29.78461538,5.692307692,13.04615385,0.436,1.476923077,4.815384615,0.307,1.969230769,3.107692308,0.634,0.830769231,4.861538462,5.692307692,2.338461538,0.553846154,0.292307692,2.246153846,1.830769231,14.83076923,Forward,0.457109831,0.741756319,0.754205388,0.746292076,0.052318426,-0.320156032,-0.344046879,0.415858437,-0.645643141,-1.659495656,-1.29771289,-2.298380272,,964,21.69441965,-7.35494506,6.931473215,-0.936263737,3.981473215,-1.890109891,0.545535714,0.025274725,0.5765625,-0.407692308,2.328571429,-0.68021978,0.4555,-0.027,0.7525,-0.141,2.855803572,-0.496703297,67,-5,33.78504465,-2.80109891,,,17.92561984,6.88016529,2.826446281,0.669421488,0.353305785,2.714876033,0.891941389,1,,841,0.282836225,1.341322426
Adem Bona,,2024-25,,,21,58,11,15.6,2.3,3.3,0.703,0,,,1.2,1.7,0.67,1.6,2.6,4.2,0.5,0.4,1.2,1.1,2.2,5.8,Center,0.467631028,0.74587407,-0.607783972,0.131259401,-0.913025623,-0.715576088,1.871265122,-1.214270308,1.515870043,-0.770126974,0.082220634,-0.620167765,PHI,336.4,-999,-999,-999,-999,-999,-999,-999,-999,-999,-999,-999,-999,-999,-999,-999,-999,-999,-999,-999,-999,-999,-999,,,13.38461538,9.692307692,1.153846154,0.923076923,2.769230769,2.538461538,0.848196002,1,,441,0.274701689,-1.129779922
Terry Rozier,1626179,2024-25,0,1610612748,31,64,23,25.90625,3.875,9.921875,0.391,1.421875,4.8125,0.295,1.4375,1.6875,0.852,0.6875,3.03125,3.71875,2.609375,0.578125,0.21875,1.21875,1.140625,10.609375,Guard,0.453647996,0.751834379,0.11754932,-0.067080711,0.194570354,-0.257753805,-0.523571633,0.355100058,-1.356855145,0.517204631,-0.060750667,-1.081587597,,679,20.42466823,-9.14472336,4.08014572,-0.330430328,5.33502472,-2.997182377,1.10369503,-0.454661885,0.299115275,-0.125512295,2.530835285,-1.020747951,0.429,-0.052,0.839,-0.017,1.932344523,-0.518954918,62,3,34.3482956,-7.53637295,,,14.74306393,5.167671894,3.626055489,0.803377563,0.3039807,1.693606755,0.885841539,1,,961,0.224800777,-0.84994588
Malcolm Brogdon,1627763,2024-25,0,1610612764,32,24,13,23.5,4.333333333,10,0.433,0.666666667,2.333333333,0.286,3.375,3.833333333,0.88,0.875,2.916666667,3.791666667,4.083333333,0.541666667,0.208333333,1.583333333,1.25,12.70833333,Guard,0.457421683,0.757820857,0.434106951,-0.037029178,0.968520135,-0.35146012,-0.548994529,-0.478448305,-0.581574991,1.810188502,-0.499697642,0.715610823,,304.9999999,15.32166093,-3.00961539,3.986988137,-0.003205128,4.594336012,-1.403846154,0.681974741,-0.150641025,0.236892461,0.003205128,2.036356679,-1.435897436,0.462,-0.007,0.8445,0.061,1.500574053,0.044871795,53,-15,27.38672025,-5.24358974,,,19.4680851,5.808510639,6.255319148,0.829787235,0.319148936,2.425531914,0.582011728,1,,1024,0.185682569,1.33140089
Mike Conley,201144,2024-25,0,1610612750,37,71,64,24.73239437,2.633802817,6.591549296,0.4,1.788732394,4.366197183,0.41,1.14084507,1.267605634,0.9,0.450704225,2.112676056,2.563380282,4.492957746,1.112676056,0.197183099,1.056338028,1.563380282,8.197183099,Guard,0.456161912,0.752200811,-0.246249113,-0.543249354,1.183606762,1.116165546,-0.576207768,0.760012671,-0.840387104,0.596348102,0.134788288,1.58482803,,582,11.67232914,-3.237027431,2.792419482,-0.305040771,6.312156324,-1.414936991,1.123723488,-0.045218681,0.216319718,-0.026501112,2.185094266,-0.566530764,0.4425,-0.057,0.8725,-0.011,1.439709348,-0.285767235,71.5,-5,29.56195994,-4.12286879,,,11.93166287,3.731207289,6.539863324,1.619589976,0.287015946,1.537585421,0.92759457,1,,1369,0.132676341,0.302848557
Matas Buzelis,,2024-25,,,20,80,31,18.9,3.2,6.9,0.454,1.2,,,1.1,1.4,0.815,0.7,2.8,3.5,1,0.4,0.9,0.9,1.6,8.6,Forward,0.459485362,0.750266332,-0.185497663,-0.157235307,-0.650484354,-0.715576088,1.139085732,0.110209297,-0.157605362,0.178531457,0.323014403,-0.115557885,CHI,688,-999,-999,-999,-999,-999,-999,-999,-999,-999,-999,-999,-999,-999,-999,-999,-999,-999,-999,-999,-999,-999,-999,,,16.38095238,6.666666667,1.904761905,0.761904762,1.714285714,1.714285714,0.978358811,1,,400,0.11260128,-0.772970003
Patrick Williams,1630172,2024-25,0,1610612741,23,63,36,25.01587302,3.253968254,8.19047619,0.397,1.523809524,4.317460317,0.353,0.952380952,1.317460317,0.723,0.682539683,3.079365079,3.761904762,1.968253968,0.761904762,0.507936508,1.365079365,1.396825397,8.984126984,Forward,0.455104793,0.74780032,-0.12756496,-0.04929511,-0.142071104,0.214602518,0.18221637,0.467608556,-1.057565517,-0.354087736,-0.236926663,-1.103083647,,566,10.06764039,-0.992617202,3.924134997,-0.098560354,1.377197958,0.433370247,0.904140669,-0.168327796,0.810550199,-0.259505352,1.387266024,0.151716501,0.4535,-0.046,0.8225,-0.065,1.278644356,0.03949797,62.5,20,27.81579694,-2.28645256,,,12.92893401,5.413705583,2.832487309,1.0964467,0.730964467,1.964467005,0.879693845,1,,529,0.072744592,-0.741387564
Ziaire Williams,1630533,2024-25,0,1610612751,23,63,45,24.46031746,3.396825397,8.253968254,0.412,1.634920635,4.793650794,0.341,1.603174603,1.952380952,0.821,0.968253968,3.587301587,4.555555556,1.333333333,0.984126984,0.444444444,1.063492063,2.365079365,10.03174603,Forward,0.456214409,0.75118009,0.030433318,0.277796396,-0.475456842,0.785764819,0.027257768,0.590245557,-0.82960196,0.375888743,0.126175053,0.908502852,,631.9999999,6.955484897,1.796451912,2.83227345,1.026143791,1.208267091,-0.137254902,0.542130366,0.278244631,0.169316375,0.267973856,0.906465289,0.497665733,0.413,0.015,0.8,-0.006,1.147058824,-0.230625584,44,12,17.75755167,4.10737628,,,14.76443867,6.704737184,1.962362102,1.448410123,0.6541207,1.565217391,0.879693845,1,,529,0.064541747,-1.466967117
Justin Champagnie,,2024-25,,,23,62,31,21.6,3.4,6.6,0.511,1.2,,,0.8,1.2,0.685,1.8,3.9,5.7,1,1,0.6,0.9,1.8,8.8,Forward,0.46302988,0.746966591,-0.155334355,0.749462348,-0.650484354,0.826562126,0.406906342,0.110209297,0.570593351,-0.53416001,0.323014403,1.646769148,WAS,545.6,5.9,2.9,3.5,2.2,1.3,-0.3,0.7,0.3,0.6,0,0.9,0.3,0.41,0.101,0.8,-0.115,0.7,0.2,15,47,15.7,5.9,,,14.66666667,9.5,1.666666667,1.666666667,1,1.5,0.873497163,1,,529,0.006567646,-0.794708421
Isaiah Joe,1630198,2024-25,0,1610612760,25,74,16,21.67567568,3.5,7.945945946,0.44,2.594594595,6.297297297,0.412,0.621621622,0.756756757,0.821,0.554054054,2.094594595,2.648648649,1.608108108,0.648648649,0.121621622,0.513513514,1.527027027,10.21621622,Guard,0.458401665,0.749535415,0.058254474,-0.50810725,-0.331177406,-0.076491782,-0.760622955,1.64946938,-0.380243916,0.020665123,0.788332092,0.46007776,,756.0000003,8.80979979,2.062370066,2.352476291,0.340956341,1.237355111,0.338877339,0.623638919,0.058905059,0.195820162,-0.16042966,2.045047419,0.70997921,0.4495,-0.018,0.8425,-0.044,0.568405339,-0.089050589,75.5,-4,18.81761504,3.15003465,,,16.96758105,4.399002493,2.670822942,1.077306734,0.201995013,0.852867831,0.944855781,1,,625,-0.00956032,-1.008904717
Kentavious Caldwell-Pope,203484,2024-25,0,1610612753,32,77,77,29.5974026,3.103896104,7.064935065,0.439,1.467532468,4.285714286,0.342,1.064935065,1.233766234,0.863,0.428571429,1.766233766,2.194805195,1.766233766,1.285714286,0.441558442,0.805194805,1.766233766,8.74025974,Guard,0.458487101,0.751212189,-0.164344174,-0.695152157,-0.248148384,1.560913657,0.020214198,0.405493712,-0.362691761,0.382821676,0.437156905,1.336263671,,673,10.44736842,-1.33868763,2.572368421,-0.213089542,2.407894737,-0.641660971,1.381578948,-0.003759398,0.506578948,-0.111073137,1.710526315,-0.177204374,0.461,-0.021,0.859,-0.031,1.059210526,-0.1816473,76,1,31.46710527,-2.00786056,,,10.6309785,2.669591926,2.148310662,1.563843791,0.537077666,0.979376919,0.961770506,1,,1024,-0.01629279,-0.250575767
Matisse Thybulle,1629680,2024-25,0,1610612757,28,15,5,20.8,2.8,5.866666667,0.477,1.4,3.2,0.438,0.466666667,1,0.467,0.933333333,2.533333333,3.466666667,1.866666667,2.2,0.6,0.866666667,0.933333333,7.466666667,Guard-Forward,0.460813462,0.742935087,-0.356423073,-0.17097315,-0.195412822,3.910838554,0.406906342,0.330955898,0.115244396,-1.404900558,0.363146698,2.999382283,,112,4.786457205,2.020512821,2.032069339,1.374358975,1.065547129,0.482051282,1.453737812,0.461538462,0.60227519,-0.153846154,0.995666306,0.169230769,0.416,0.08,0.719,-0.292,0.476706392,0.251282052,68,-50,19.88916577,-2.07692308,,,12.92307692,6.000000001,3.230769231,3.807692308,1.038461538,1.500000001,0.481487332,1,,784,-0.030205665,0.230281102
Obi Toppin,1630167,2024-25,0,1610612754,27,79,4,19.55696203,4.012658228,7.582278481,0.529,1.392405063,3.810126582,0.365,1.126582278,1.443037975,0.781,0.708860759,3.316455696,4.025316456,1.620253165,0.582278481,0.35443038,0.860759494,1.367088608,10.5443038,Forward,0.46473649,0.749366749,0.107735507,0.059266147,-0.324800249,-0.247078402,-0.192430373,0.322573116,0.921205618,-0.015764152,0.37025875,1.000965962,,833.0000002,8.849199124,0.263816,3.3467419,0.122877432,1.273025119,0.059277555,0.458227157,0.009107749,0.351747361,-0.169959864,1.256279578,0.148502624,0.5095,-0.044,0.7895,0.011,0.704313797,0.019296079,74.5,-3,18.39816163,-1.55279407,,,19.40970874,7.409708737,2.982524272,1.07184466,0.652427185,1.58446602,0.972864486,1,,729,-0.041914316,-0.954957322
Larry Nance Jr.,1626204,2024-25,0,1610612737,32,24,3,19.29166667,3.333333333,6.458333333,0.516,1.416666667,3.166666667,0.447,0.375,0.541666667,0.692,0.958333333,3.333333333,4.291666667,1.583333333,0.833333333,0.541666667,0.666666667,1.541666667,8.458333333,Forward-Center,0.463269372,0.747848761,-0.206863339,0.16903847,-0.344186208,0.398190399,0.264538128,0.349351449,0.619795425,-0.343625357,0.603940467,1.510179434,,203,6.261160152,2.720628415,5.239470366,-0.741120218,1.841614124,-0.269125683,0.930769231,-0.166666667,0.44035309,0.230191257,0.329003783,0.974043716,0.5915,-0.057,0.733,-0.078,0.724716268,-0.136612022,63,-37,20.59029004,-0.64275956,,,15.78401728,8.008639308,2.954643627,1.555075593,1.010799137,1.244060476,0.582011728,1,,1024,-0.075731875,-1.38056894
Harrison Barnes,203084,2024-25,0,1610612759,33,82,82,27.19512195,4.231707317,8.329268293,0.508,1.902439024,4.390243902,0.433,1.963414634,2.426829268,0.809,1.182926829,2.597560976,3.780487805,1.658536585,0.475609756,0.170731707,0.609756098,0.914634146,12.32926829,Forward,0.463564965,0.751256463,0.376937674,-0.041636382,-0.304698293,-0.521241597,-0.640764981,0.885514432,0.680523239,0.392384066,0.672459019,1.499477175,,1011,13.59756098,0.13414634,3.75,0.743902439,1.384146342,0.451219512,0.676829268,-0.182926829,0.134146342,0.024390244,1.713414635,0.085365853,0.4735,0.034,0.824,0.008,0.878048781,-0.097560975,82,0,30.75,-1.84146342,,,16.32107623,5.004484305,2.195515695,0.629596412,0.226008968,0.807174889,0.989245392,1,,1089,-0.092513427,0.594568475
Cole Anthony,1630175,2024-25,0,1610612753,25,67,22,18.41791045,3.432835821,8.104477612,0.424,1.149253731,3.253731343,0.353,1.388059701,1.686567164,0.823,0.686567164,2.358208955,3.044776119,2.850746269,0.671641791,0.47761194,1.537313433,2.253731343,9.402985075,Guard,0.457175177,0.750886281,-0.064394233,-0.344849137,0.321310192,-0.01739411,0.108206291,0.054198965,-0.632218177,0.312430755,-0.444291116,-0.707000568,,630,12.29228395,-2.164916155,4.319753087,-0.794730054,3.415123457,-0.062833978,0.703395062,-0.118481666,0.486728395,0.020821817,1.199074074,0.001105583,0.4445,-0.011,0.86,-0.003,1.536111112,-0.018242123,70.5,-14,24.14938272,-4.01418832,,,18.37925446,5.951377632,5.572123177,1.31280389,0.933549432,3.004862237,0.904001915,1,,625,-0.09821892,-0.587337172
Tre Mann,1630544,2024-25,0,1610612766,24,13,0,24.53846154,5.384615385,12.38461538,0.435,1.846153846,4.615384615,0.4,1.461538462,1.615384615,0.905,0.923076923,2,2.923076923,3,0.538461538,0.307692308,1.923076923,1.846153846,14.07692308,Guard,0.457123893,0.753353149,0.64051292,-0.395005671,0.39968072,-0.359698039,-0.306499217,0.823390623,-0.642754197,0.845234776,-0.90873834,0.096123575,,183,8.516745541,4.759849909,2.973789589,-0.711069418,2.90771751,-1.024390244,0.920458682,-0.705440901,0.118674918,0.234521576,1.177648344,0.699812383,0.426,-0.024,0.7635,0.142,1.255369494,0.337711069,54,-28,20.86494357,0.46529081,,,20.65203762,4.288401254,4.401253918,0.789968651,0.451410659,2.821316614,0.455285043,1,,576,-0.1038691,1.860693807
Corey Kispert,1630557,2024-25,0,1610612764,26,61,0,26.26229508,4.180327869,9.262295082,0.451,1.967213115,5.409836066,0.364,1.229508197,1.442622951,0.852,0.590163934,2.37704918,2.967213115,1.68852459,0.426229508,0.229508197,1.049180328,1.606557377,11.55737705,Forward,0.459112452,0.75135757,0.260523708,-0.376815589,-0.288952116,-0.64816021,-0.497315199,0.957007734,-0.234217217,0.414221667,0.143405936,-0.270301285,,705,12.22804054,-1.81762295,2.804898649,0.154713115,1.562837838,-0.26147541,0.472466216,-0.086270492,0.160810811,0.029508197,2.251351352,-0.332786885,0.4915,-0.035,0.789,0.126,0.984121621,-0.175819672,77,-19,27.06064189,0.42479508,,,15.84269663,4.067415731,2.314606742,0.584269663,0.314606742,1.438202247,0.867250303,1,,676,-0.109926621,-0.482774411
Jaylen Wells,,2024-25,,,21,79,74,25.9,3.6,8.6,0.425,1.7,,,1.4,1.7,0.822,1.1,2.3,3.4,1.7,0.6,0.1,0.9,1.8,10.4,Guard,0.457102994,0.750872136,0.085972107,-0.198448837,-0.282926578,-0.201530016,-0.813392641,0.6620758,-0.647047658,0.309375611,0.323014403,-0.762907809,MEM,821.6,-999,-999,-999,-999,-999,-999,-999,-999,-999,-999,-999,-999,-999,-999,-999,-999,-999,-999,-999,-999,-999,-999,,,14.45559846,4.725868726,2.362934363,0.833976834,0.138996139,1.250965251,0.972864486,1,,441,-0.116175623,-0.551365986
Jusuf Nurkić,203994,2024-25,0,0,30,51,32,20.84313725,3.294117647,6.901960784,0.477,0.62745098,2.058823529,0.305,1.666666667,2.509803922,0.664,1.666666667,6.137254902,7.803921569,2.254901961,0.784313725,0.666666667,1.901960784,2.549019608,8.882352941,Center,0.460970221,0.744417163,-0.142914169,1.616562691,0.008442751,0.272198715,0.569612874,-0.521731953,0.147449505,-1.084795852,-0.883315166,-0.018490605,,453,12.1270243,-2.025541799,10.0354251,-3.209236321,3.412955466,-1.705624355,0.946356276,-0.281475749,0.949392713,-0.385964912,0.558198381,0.337977296,0.5145,-0.033,0.6505,0.024,2.295546559,-0.400670795,64,-25,27.04605263,-6.49896801,,,15.34148636,13.47883349,3.894637819,1.354656632,1.151458138,3.285042333,0.801720961,1,,900,-0.120251745,0.305729886
Kevin Porter Jr.,1629645,2024-25,0,0,25,75,4,19.76,3.906666667,8.693333333,0.449,0.733333333,2.36,0.311,1.733333333,2.253333333,0.769,0.56,3.146666667,3.706666667,3.413333333,1.08,0.173333333,1.813333333,1.586666667,10.28,Guard-Forward,0.458994957,0.749339808,0.067874123,-0.072060679,0.616714835,1.032180555,-0.634415458,-0.404866105,-0.258355948,-0.021582839,-0.776610476,-0.451121992,,771,17.35495971,-8.87254237,4.849541539,-1.615367231,5.946373993,-2.315480226,1.260489025,-0.309830508,0.324395666,-0.11480226,2.465407058,-1.656497175,0.4285,0.007,0.713,-0.015,3.166990831,-1.373107345,60,16,32.78368992,-14.54508475,,,18.72874494,6.753036438,6.218623481,1.967611336,0.315789473,3.303643724,0.950531489,1,,625,-0.137554804,1.117609682
Bogdan Bogdanović,203992,2024-25,0,0,32,54,4,24.96296296,3.888888889,9.111111111,0.427,1.944444444,5.351851852,0.363,1.074074074,1.222222222,0.879,0.444444444,2.5,2.944444444,2.703703704,0.759259259,0.203703704,1.37037037,2.351851852,10.7962963,Guard,0.45711962,0.751568774,0.145740144,-0.386199362,0.244100709,0.207802966,-0.560293592,0.9318772,-0.643632058,0.459838354,-0.243296869,0.155937493,,583.0000002,15.43670886,-6.07712142,3.249296766,-0.498593531,2.952180028,-0.422878574,1.005743085,-0.455930614,0.331223629,-0.12541022,2.870839194,-1.09353024,0.4375,-0.001,0.876,-0.042,1.310712612,-0.047351149,66.5,-25,29.16842475,-5.4294421,,,15.56973294,4.246290801,3.899109793,1.094955489,0.293768546,1.976261127,0.822006273,1,,1024,-0.144829946,-0.425163782
Thomas Bryant,1628418,2024-25,0,0,27,66,8,14.59090909,2.46969697,4.863636364,0.508,0.727272727,2.242424242,0.324,0.833333333,0.96969697,0.859,1.257575758,2.545454545,3.803030303,0.803030303,0.424242424,0.621212121,0.454545455,1.151515152,6.5,Forward-Center,0.462096434,0.750556927,-0.502212394,-0.032345823,-0.753909703,-0.653267473,0.458676601,-0.411555396,0.378822911,0.241295492,0.859327798,-0.415167987,,429,7.762042819,0.789473684,4.728144514,0.092503987,0.565343444,0.197767145,0.267172168,0.161084529,0.464763604,0.200159489,0.272970562,0.622009569,0.6,-0.069,0.805,-0.013,0.598349688,-0.098086124,48.5,28,14.97212311,2.98564593,,,16.03738318,9.383177571,1.981308411,1.046728971,1.53271028,1.121495328,0.897994495,1,,729,-0.151551484,-1.413811376
Buddy Hield,1627741,2024-25,0,1610612744,32,82,22,22.7195122,4,9.585365854,0.417,2.475609756,6.695121951,0.37,0.646341463,0.780487805,0.828,0.62195122,2.597560976,3.219512195,1.634146341,0.841463415,0.280487805,1.109756098,1.609756098,11.12195122,Guard,0.456114577,0.749676401,0.194854292,-0.272834232,-0.317505185,0.419086583,-0.372894472,1.518141886,-0.850111814,0.05111588,0.070474596,0.440327534,,912,14.42976191,-0.93757259,4.101190476,0.017131243,2.811011905,-1.175377469,0.991666667,0.008130082,0.4125,-0.219512195,3.103571429,-0.131533101,0.447,-0.019,0.8515,-0.053,1.481845238,-0.116434378,82,-2,28.36964286,-2.99477351,,,17.6231884,5.101449274,2.589371979,1.333333334,0.444444445,1.758454107,0.989245392,1,,1024,-0.174187603,-0.785571672
Peyton Watson,1631212,2024-25,0,1610612743,22,68,18,24.35294118,3,6.294117647,0.477,0.705882353,2,0.353,1.397058824,2.014705882,0.693,0.691176471,2.735294118,3.426470588,1.382352941,0.705882353,1.367647059,0.823529412,1.808823529,8.102941176,Guard,0.460878555,0.746305876,-0.260462354,-0.187539373,-0.449717502,0.070612022,2.280424193,-0.435164658,0.12861724,-0.676863936,0.415082609,0.884988241,,551,4.955434783,1.452941176,2.416847826,0.201470588,0.776630435,0.307352941,0.305978261,0.180882353,0.789130435,0.267647059,0.411684783,0.143382353,0.4785,0.012,0.61,0.023,0.536413044,0.098529412,51.5,-12,13.34347826,5.75294118,,,11.97826087,5.06521739,2.04347826,1.043478261,2.02173913,1.217391305,0.909964669,1,,484,-0.177948415,0.521056174
Luke Kennard,1628379,2024-25,0,1610612763,29,65,11,22.64615385,3.169230769,6.630769231,0.478,1.738461538,4.015384615,0.433,0.784615385,0.876923077,0.895,0.569230769,2.246153846,2.815384615,3.307692308,0.769230769,0.076923077,1.107692308,0.907692308,8.861538462,Guard,0.460991637,0.750979684,-0.146053337,-0.439389473,0.561244578,0.233432043,-0.869714133,0.704527068,0.151849333,0.332604139,0.072959335,0.601459554,,576,10.12711864,-2.138461538,2.787701,-0.082051282,2.514776184,-0.179487179,0.527596697,0.256410256,0.068013907,0.025641026,2.498913516,-1.005128206,0.47,0.03,0.919,0.006,1.082138201,-0.276923077,49,26,23.9517601,-2.96923077,,,14.08695652,4.475543477,5.258152174,1.222826086,0.122282609,1.760869565,0.891941389,1,,841,-0.199176617,-0.929067991
Jaime Jaquez Jr.,,2024-25,,,23,66,17,20.7,3.2,7,0.461,0.6,,,1.6,2.2,0.754,1.3,3.1,4.4,2.5,0.9,0.2,1.5,1.2,8.6,Forward,0.459938179,0.748687537,-0.185497663,0.213686461,0.137139452,0.569539091,-0.569332845,-0.552030506,-0.064576897,-0.162462973,-0.399366905,-1.012902785,MIA,567.6,11.9,-3.3,3.8,0.6,2.6,-0.1,1,-0.1,0.3,-0.1,0.9,-0.3,0.489,-0.028,0.811,-0.057,1.5,0,75,-9,28.2,-7.5,,,14.95652174,7.652173913,4.347826087,1.565217391,0.347826087,2.608695652,0.897994495,1,,529,-0.227219064,-0.662789226
Kevin Huerter,1628989,2024-25,0,0,26,69,31,24.33333333,3.724637681,8.753623188,0.425,1.913043478,5.666666667,0.338,0.507246377,0.710144928,0.714,0.434782609,2.536231884,2.971014493,2.260869565,0.956521739,0.333333333,0.971014493,1.753623188,9.869565217,Guard-Forward,0.457057646,0.747971298,0.005973769,-0.375248907,0.011576236,0.71481298,-0.243919783,0.897218918,-0.656364126,-0.317159244,0.237515166,0.274405009,,681,12.7171875,-0.364809783,3.423333334,-0.528985507,2.770208334,-0.332880435,0.884895834,0.253396739,0.3396875,-0.026041667,2.327604167,-0.008831522,0.464,-0.018,0.7455,-0.052,1.060729167,0.142889493,69.5,5,26.88979167,-0.07291667,,,14.60154854,4.395473497,3.344848124,1.415128052,0.493150685,1.436569387,0.915883737,1,,676,-0.253153538,-0.470134493
Zach Collins,1628380,2024-25,0,0,27,64,12,15.265625,2.390625,4.71875,0.507,0.5,1.65625,0.302,1.078125,1.21875,0.885,1.59375,2.90625,4.5,1.734375,0.453125,0.453125,0.9375,2.0625,6.359375,Forward-Center,0.461987862,0.751702906,-0.52342097,0.254899991,-0.264876866,-0.5790326,0.048443515,-0.662403806,0.356517431,0.488808548,0.277865572,-0.603199186,,407,11.4247757,-4.88700181,5.871635611,-0.862318841,2.83436853,-1.077219203,0.540027605,-0.039628623,0.765700483,-0.300498188,0.856797792,-0.34057971,0.501,0.023,0.757,0.132,1.980331263,-0.975543478,66,-5,22.49447895,-6.85031703,,,14.99692938,10.61207779,4.090071648,1.068577277,1.068577277,2.210849539,0.885841539,1,,729,-0.254572028,-1.20705664
Sam Hauser,1630573,2024-25,0,1610612738,27,71,19,21.70422535,3.014084507,6.676056338,0.451,2.338028169,5.61971831,0.416,0.154929577,0.154929577,1,0.61971831,2.535211268,3.154929577,0.901408451,0.577464789,0.183098592,0.323943662,1.225352113,8.521126761,Forward,0.45930913,0.74923082,-0.197393052,-0.299451009,-0.702253055,-0.2594507,-0.610582387,1.366288548,-0.193811151,-0.045122522,1.016568288,0.074792961,,605,7.706329114,-0.491531467,3.021835443,-0.338741309,0.962737342,-0.136566233,0.434414557,0.071135675,0.289477848,-0.133357104,2.121835443,-0.155642717,0.4505,0.005,0.8005,0.105,0.390031646,-0.081119629,79.5,-8,19.08148734,-0.33374933,,,14.13367943,5.232965606,1.495133031,0.957819598,0.303698898,0.537313433,0.92759457,1,,729,-0.287084878,-0.674437469
Jake LaRavia,,2024-25,,,23,66,0,20.4,2.4,5.1,0.475,0.9,,,1.2,1.7,0.678,1.4,2.6,3.9,2.4,0.9,0.3,1.3,2,6.9,Forward-Center,0.460598337,0.746137127,-0.441885779,0.007618812,0.084631198,0.569539091,-0.325273048,-0.220910604,0.071048248,-0.713311048,-0.158573135,-1.127116266,2TM,455.4,10.8,-3.9,3.7,0.2,1.7,0.7,0.8,0.1,0.3,0,1.5,-0.6,0.389,0.086,0.826,-0.148,1.3,0,35,31,23,-2.6,,,12.17647059,6.882352941,4.235294118,1.588235294,0.529411765,2.294117647,0.897994495,1,,529,-0.295594646,-2.007763805
Paul Reed,1630194,2024-25,0,1610612765,26,45,0,9.733333333,1.6,3.155555556,0.507,0.177777778,0.622222222,0.286,0.711111111,0.933333333,0.762,0.888888889,1.844444444,2.733333333,0.977777778,0.866666667,0.555555556,0.577777778,1.666666667,4.088888889,Forward,0.461305759,0.748702018,-0.865847827,-0.473205702,-0.662152855,0.483864746,0.298435322,-1.018051107,0.216383677,-0.159335386,0.71095992,-1.468949212,,184,5.738246731,-3.228184282,4.874160481,-3.217886179,0.860286321,-0.351490515,0.741869919,0.049593496,0.88176034,-0.468834688,0.135295157,-0.078319783,0.5665,-0.033,0.7315,0.044,0.734623542,-0.239295393,75.5,-37,15.16003889,-9.644715447,,,15.12328767,10.10958904,3.616438357,3.205479453,2.054794522,2.136986302,0.759274768,1,,676,-0.306007251,-0.309306682
Kris Dunn,1627739,2024-25,0,1610612746,31,74,58,24.09459459,2.594594595,5.905405405,0.439,1.013513514,3.027027027,0.335,0.202702703,0.297297297,0.682,0.716216216,2.675675676,3.391891892,2.837837838,1.72972973,0.364864865,1,2.662162162,6.405405405,Guard,0.45870046,0.748060994,-0.516478824,-0.201790474,0.314532201,2.70213563,-0.166963991,-0.095621992,-0.318858508,-0.297786379,0.202617519,1.62178518,,474,9.295454545,0.996314496,3.704545455,0.528255528,4.742424242,-1.01064701,1.083333333,0.6994267,0.43939394,-0.059377559,0.696969697,0.392301393,0.5035,-0.031,0.731,-0.006,1.393939394,-0.196969697,44,8,22.37121212,5.17035217,,,9.570386989,5.067863153,4.240044869,2.584408302,0.545148626,1.494111049,0.944855781,1,,961,-0.331800683,0.266607945
Trayce Jackson-Davis,,2024-25,,,24,62,37,15.6,2.8,4.9,0.576,0,,,1,1.6,0.578,2,3,5,1.7,0.4,0.6,0.7,1.2,6.6,Center,0.465288705,0.7431684,-0.48713074,0.46096764,-0.282926578,-0.715576088,0.406906342,-1.214270308,1.034654719,-1.35450868,0.563808173,-1.588075522,GSW,409.2,7.9,-1.3,5,0,1.2,0.5,0.4,0,1.1,-0.5,0,0,0.702,-0.126,0.561,0.017,0.7,0,68,-6,16.6,-1,,,15.23076923,11.53846154,3.923076923,0.923076923,1.384615385,1.615384615,0.873497163,1,,576,-0.361518975,-0.972575689
Jaxson Hayes,1629637,2024-25,0,1610612747,25,56,35,19.51785714,2.875,3.982142857,0.722,0,0.053571429,0,1.089285714,1.75,0.622,1.392857143,3.410714286,4.803571429,1.035714286,0.553571429,0.910714286,0.767857143,2.428571429,6.839285714,Forward-Center,0.469902725,0.744177574,-0.451042497,0.380012492,-0.631731406,-0.320862139,1.165234996,-1.214270308,1.982575887,-1.136543233,0.482110286,0.255484078,,383,4.643009119,2.510714285,2.911398176,1.789285715,0.597416413,0.564285715,0.455623101,0.067857143,0.409270517,0.496428572,0.031914893,0,0.6355,0.002,0.6605,0,0.636930091,0.153571429,58.5,-14,12.75364742,6.98928571,,,12.61482159,8.8600183,1.910338519,1.021043002,1.679780422,1.416285453,0.835218084,1,,625,-0.371011764,-0.670355257
De'Anthony Melton,1629001,2024-25,0,1610612744,27,6,2,20.16666667,3.666666667,9,0.407,2.166666667,5.833333333,0.371,0.833333333,1.333333333,0.625,1,2.333333333,3.333333333,2.833333333,1.166666667,0.333333333,1.666666667,3,10.33333333,Guard,0.455498947,0.745247197,0.075917671,-0.225924524,0.312166964,1.254933853,-0.243919783,1.177151202,-0.976589077,-0.905521669,-0.60002838,-0.131813742,,61.99999998,10.60440875,-0.74561404,3.881237184,-0.377192983,2.779220779,-0.166666667,1.607655502,-0.412280701,0.476760082,-0.087719299,2.032638414,0.140350878,0.4055,0.021,0.814,-0.21,1.175495557,0.640350878,57.5,-32,27.42156528,-6.75438596,,,18.44628098,5.950413222,5.057851238,2.082644628,0.595041322,2.975206612,0.342017182,1,,729,-0.386946761,0.562789377
Russell Westbrook,201566,2024-25,0,1610612743,36,75,36,27.89333333,4.973333333,11.08,0.449,1.253333333,3.88,0.323,2.053333333,3.106666667,0.661,1.36,3.573333333,4.933333333,6.093333333,1.413333333,0.493333333,3.226666667,2.506666667,13.25333333,Guard,0.458780205,0.743337863,0.516301965,0.433491953,2.023936035,1.888924006,0.146575891,0.169075057,-0.302475344,-1.31790739,-2.47821978,1.079702393,,993.9999998,13.48247381,2.16509804,5.419319098,-0.110784314,6.023972603,1.593333333,1.064665592,0.325098039,0.395145045,0.155098039,0.918412571,0.635686274,0.445,-0.005,0.672,-0.027,2.805398872,1.109019608,70.5,7,25.8042909,5.40803921,,,17.10516252,6.367112811,7.864244742,1.824091778,0.636711281,4.164435947,0.950531489,1,,1296,-0.414929647,1.636197136
Max Strus,1629622,2024-25,0,1610612739,29,50,37,25.46,3.3,7.46,0.442,2.26,5.86,0.386,0.56,0.68,0.824,1.06,3.28,4.34,3.16,0.52,0.24,1.08,2.08,9.42,Guard-Forward,0.458623722,0.749467432,-0.061828101,0.188958343,0.483693926,-0.407148445,-0.471708926,1.280166282,-0.334623773,0.005981829,0.106300011,0.789791148,,471,11.86160715,-2.76571429,4.026785715,-0.488571429,3.090178572,-0.882857143,0.719642857,-0.394285714,0.282142857,-0.174285714,2.43125,-0.14,0.414,0.024,0.835,0.03,1.2375,-0.52,75,-20,30.19285714,-6.52571429,,,13.3197172,6.136684996,4.468185389,0.735271013,0.339355852,1.527101335,0.794827213,1,,841,-0.41518339,-0.273147218
T.J. McConnell,204456,2024-25,0,1610612754,33,79,1,17.91139241,4.101265823,7.898734177,0.519,0.189873418,0.620253165,0.306,0.721518987,0.974683544,0.74,0.556962025,1.886075949,2.443037975,4.443037975,1.050632911,0.265822785,1.379746835,1,9.113924051,Guard,0.464192918,0.748292145,-0.107989416,-0.592846666,1.157394762,0.956700371,-0.40868589,-1.00470075,0.809532091,-0.247861497,-0.25458584,0.306957164,,720,9.453051644,-1.125512569,2.905070423,-0.24710287,5.39314554,-1.049919771,1.047042254,0.036548404,0.123004695,0.153146729,0.300093897,-0.063647709,0.5495,-0.037,0.8215,-0.05,1.713896714,-0.141379926,73,8,19.26488263,-0.27170618,,,18.3180212,4.910247349,8.930035334,2.111660776,0.534275619,2.773144875,0.972864486,1,,1089,-0.424031633,-0.229326128
Kelly Olynyk,203482,2024-25,0,0,34,44,22,20.25,3.045454545,6.090909091,0.5,0.75,1.795454545,0.418,1.886363636,2.454545455,0.769,1.409090909,3.272727273,4.681818182,2.909090909,0.75,0.431818182,1.727272727,2.795454545,8.727272727,Forward-Center,0.462168155,0.749415223,-0.16630283,0.329833681,0.351945944,0.184004537,-0.003557861,-0.386470555,0.393557488,-0.005294362,-0.672996188,0.024719855,,384,11.11255656,-1.041958042,5.722850679,-0.587412587,4.077300151,-1.53962704,0.915535445,-0.198717949,0.464366516,0.047202797,1.068438914,-0.019230769,0.527,-0.055,0.843,-0.064,2.209653092,-0.221445222,73,-34,25.55505279,-2.30128205,,,15.51515151,8.323232324,5.171717172,1.333333333,0.767676768,3.07070707,0.751930938,1,,1156,-0.438027249,-1.14575416
Brandon Boston Jr.,,2024-25,,,23,42,10,23.6,4,9.1,0.436,1.2,,,1.6,2,0.788,0.7,2.5,3.2,2.2,1.3,0.2,1.2,1.7,10.7,Guard,0.457873375,0.749974797,0.131217069,-0.280875896,-0.02038531,1.597631233,-0.569332845,0.110209297,-0.48877789,0.115564629,-0.038176251,0.557074036,NOP,449.4,5.2,5.5,1.6,1.6,0.4,1.8,0.3,1,0.3,-0.1,0.4,0.8,0.404,0.032,0.697,0.091,0.8,0.4,32,10,10.8,12.8,,,16.3220339,4.881355932,3.355932203,1.983050847,0.305084746,1.830508475,0.73698852,1,,529,-0.46202082,-0.181250148
Lonnie Walker IV,1629022,2024-25,0,1610612755,26,20,7,23.85,4.45,10.6,0.42,2.25,6.35,0.354,1.2,1.5,0.8,0.3,2.85,3.15,2.5,0.5,0.25,1.25,1.35,12.35,Guard-Forward,0.456043266,0.749955135,0.380064358,-0.301482661,0.137139452,-0.458553052,-0.447302946,1.269128952,-0.864762185,0.111317914,-0.098374693,-0.272824861,,247,10.70997537,2.60862069,2.068041872,0.960344828,1.209359606,1.224137931,0.543719212,-0.051724138,0.324199508,-0.094827586,1.709051724,0.456896552,0.4355,-0.003,0.8105,0.037,0.850369458,0.370689655,57,-38,20.29587439,6.41896552,,,18.64150943,4.754716981,3.773584906,0.754716981,0.377358491,1.886792453,0.540190724,1,,676,-0.467860642,0.632883806
Max Christie,,2024-25,,,21,78,36,27.3,3.2,7.6,0.427,1.5,,,1.7,1.9,0.855,0.5,2.8,3.3,1.9,0.8,0.4,1.1,1.5,9.6,Guard,0.457542613,0.752354325,-0.034681124,-0.239662367,-0.177910071,0.312516055,-0.081213252,0.441329199,-0.556730743,0.629504673,0.082220634,0.375373004,2TM,748.8,4.2,5.4,2.1,1.2,0.9,1,0.3,0.5,0.3,0.1,0.6,0.9,0.427,0,0.783,0.072,0.5,0.6,67,11,14.1,13.2,,,12.65934066,4.351648352,2.505494505,1.054945055,0.527472527,1.450549451,0.967335276,1,,441,-0.492596333,-0.674158453
Jay Huff,1630643,2024-25,0,1610612763,27,64,2,11.6875,2.453125,4.765625,0.515,1.265625,3.125,0.405,0.6875,0.875,0.786,0.46875,1.546875,2.015625,0.59375,0.25,0.875,0.53125,1.21875,6.859375,Center,0.462371909,0.749099547,-0.448012701,-0.76899864,-0.863799135,-1.101110641,1.078070783,0.182641776,0.435417489,-0.073475469,0.766977915,-0.792288623,,439,7.285714286,-0.426339286,3,-0.984375,1.428571429,-0.834821429,0.428571429,-0.178571429,0.571428571,0.303571429,0.857142857,0.408482143,0.6,-0.085,0.938,-0.152,0.714285714,-0.183035714,7,57,13.57142857,-1.88392857,,,21.12834225,6.20855615,1.828877005,0.770053476,2.695187166,1.636363636,0.885841539,1,,729,-0.501853165,-2.465458076
Jonathan Isaac,1628371,2024-25,0,1610612753,27,71,1,15.35211268,1.887323944,4.563380282,0.414,0.549295775,2.126760563,0.258,1.028169014,1.507042254,0.682,1.690140845,2.732394366,4.422535211,0.563380282,0.85915493,1.126760563,0.464788732,1.267605634,5.352112676,Forward,0.45786225,0.74650942,-0.675332788,0.222974017,-0.879745744,0.464557852,1.692517101,-0.607994432,-0.491063285,-0.632901506,0.846995212,-0.059993574,,380,5.887931035,-1.423749393,4.241379311,-0.06022341,0.531347962,0.046138903,1.007053292,0.11777562,0.785266458,-0.080135989,0.634796238,-0.174842156,0.4625,-0.096,0.638,-0.038,0.414576803,-0.000728509,34.5,13,13.52429467,-0.42374939,,,12.55045871,10.3706422,1.321100918,2.0146789,2.642201833,1.089908256,0.92759457,1,,729,-0.517580384,-0.182018722
Jared Butler,,2024-25,,,24,60,17,17.4,3.4,7.6,0.448,1,,,1.3,1.5,0.824,0.4,1.4,1.8,3.7,0.7,0.2,1.3,1.6,9,Guard,0.459025885,0.750654164,-0.125171047,-0.857865313,0.767238496,0.055493019,-0.569332845,-0.110537304,-0.25200205,0.26229707,-0.158573135,-0.988453109,2TM,540,6.3,2.7,1.5,0.3,3.2,0.5,0.7,0,0.2,0,0.6,0.4,0.488,-0.04,0.861,-0.037,1.3,0,40,20,14.2,3.2,,,18.62068966,3.724137931,7.655172414,1.448275862,0.413793103,2.689655172,0.860952026,1,,576,-0.523108825,-1.489758251
Brandon Boston,1630527,2024-25,0,1610612740,23,42,10,23.64285714,3.952380952,9.071428571,0.436,1.166666667,3.333333333,0.35,1.595238095,2.023809524,0.788,0.666666667,2.523809524,3.19047619,2.19047619,1.261904762,0.214285714,1.238095238,1.738095238,10.66666667,Guard,0.457879104,0.7499922,0.126189852,-0.284800995,-0.025386096,1.499717696,-0.53446716,0.073418197,-0.487600747,0.119323365,-0.08404173,0.402352381,,448.0000001,5.859375,5.44791667,1.494318182,1.56547619,0.657670455,1.78422619,0.376420455,0.918154762,0.125,-0.035714286,0.491477273,0.729166667,0.411,0.032,0.73,0.091,0.647727273,0.488095238,27,10,11.02698864,12.86160714,,,16.24169185,4.858006042,3.335347432,1.921450151,0.326283988,1.885196375,0.73698852,1,,529,-0.542221754,-0.17057842
Ochai Agbaji,,2024-25,,,24,64,45,27.2,4.2,8.3,0.498,1.6,,,0.5,0.8,0.708,1,2.8,3.8,1.5,0.9,0.5,0.8,2,10.4,Guard,0.462786567,0.747816721,0.085972107,-0.033594718,-0.387943086,0.569539091,0.162846545,0.551702499,0.520606244,-0.350545336,0.443411288,1.561994634,TOR,665.6,5.8,4.6,2.8,1,1.1,0.4,0.6,0.3,0.6,-0.1,0.8,0.8,0.411,0.087,0.661,0.047,0.8,0,78,-14,21,6.2,,,13.76470588,5.029411765,1.985294118,1.191176471,0.661764706,1.058823529,0.885841539,1,,576,-0.563780527,-1.180189884
Isaiah Collier,,2024-25,,,20,71,46,25.9,3.3,7.8,0.422,0.6,,,1.5,2.2,0.682,0.5,2.9,3.3,6.3,0.9,0.2,2.9,2.1,8.7,Guard,0.457124167,0.745653054,-0.170416009,-0.239662367,2.132453093,0.569539091,-0.569332845,-0.552030506,-0.642697902,-0.817862909,-2.08492329,-2.374933644,UTA,617.7,-999,-999,-999,-999,-999,-999,-999,-999,-999,-999,-999,-999,-999,-999,-999,-999,-999,-999,-999,-999,-999,-999,,,12.09266409,4.586872587,8.756756757,1.250965251,0.277992278,4.030888031,0.92759457,1,,400,-0.577125875,-1.100886173
Moses Moody,1630541,2024-25,0,1610612744,23,74,34,22.28378378,3.324324324,7.675675676,0.433,1.702702703,4.554054054,0.374,1.432432432,1.797297297,0.797,0.702702703,1.851351351,2.554054054,1.297297297,0.797297297,0.418918919,0.72972973,1.567567568,9.783783784,Guard,0.457948858,0.750138278,-0.006963489,-0.547093021,-0.494378735,0.305569486,-0.035039776,0.665058862,-0.473270254,0.15087388,0.528014504,0.092771455,,724,6.434704185,1.708026208,2.318181819,-0.415642916,0.836580087,0.433660933,0.461038961,0.160933661,0.237373738,0.055282555,0.934343435,0.611793612,0.469,-0.029,0.7415,0.012,0.603174604,0.063063063,64.5,8,15.24170275,4.76863226,,,15.805943,4.126137053,2.095815646,1.288053365,0.676773803,1.178896301,0.944855781,1,,529,-0.580914387,-1.107654329
Ja'Kobe Walter,,2024-25,,,20,52,18,21.2,3.1,7.6,0.405,1.3,,,1.3,1.6,0.795,1.1,1.9,3.1,1.6,0.8,0.2,1,1.8,8.6,Guard,0.45598871,0.749897082,-0.185497663,-0.322089426,-0.335434832,0.312516055,-0.569332845,0.220582598,-0.875970326,0.09877948,0.202617519,-1.45382944,TOR,447.2,-999,-999,-999,-999,-999,-999,-999,-999,-999,-999,-999,-999,-999,-999,-999,-999,-999,-999,-999,-999,-999,-999,,,14.60377358,5.264150943,2.716981132,1.358490566,0.339622642,1.698113208,0.808547448,1,,400,-0.584846174,-1.345684458
Nickeil Alexander-Walker,,2024-25,,,26,82,10,25.3,3.3,7.5,0.438,1.7,,,1.1,1.4,0.78,0.7,2.6,3.2,2.7,0.6,0.4,1.2,1.7,9.4,Guard,0.458338467,0.749313024,-0.064844431,-0.280875896,0.242155959,-0.201530016,-0.081213252,0.6620758,-0.393227672,-0.027367754,-0.038176251,-0.183003513,MIN,770.8,8,1.4,2,1.2,2.5,0.2,0.8,-0.2,0.5,-0.1,1.6,0.1,0.439,-0.001,0.8,-0.02,0.9,0.3,82,0,23.4,1.9,,,13.37549407,4.553359684,3.841897233,0.853754941,0.56916996,1.707509881,0.989245392,1,,676,-0.614464485,-0.425686696
Jaylin Williams,1631119,2024-25,0,1610612760,23,47,9,16.68085106,2.063829787,4.70212766,0.439,1.29787234,3.255319149,0.399,0.489361702,0.638297872,0.767,1.021276596,4.553191489,5.574468085,2.553191489,0.468085106,0.617021277,0.744680851,1.680851064,5.914893617,Forward,0.458926865,0.748687565,-0.590456114,0.697726215,0.165069374,-0.540581681,0.448448436,0.218234229,-0.27234496,-0.162457053,0.51001382,0.473652265,,278,4.93877551,1.914893617,4.154835848,2.183163737,1.572611654,0.95898859,0.488612836,0.062288005,0.318101154,0.225716929,0.853445726,0.529756398,0.4265,0.022,0.7545,-0.038,0.623927832,0.251927228,59,-22,15.82653061,3.68085106,,,12.76530613,12.03061225,5.510204082,1.010204081,1.331632654,1.607142857,0.773721595,1,,529,-0.653173502,-0.602898951
Royce O'Neale,1626220,2024-25,0,1610612756,32,75,22,24.49333333,3.213333333,7.6,0.423,2.386666667,5.88,0.406,0.253333333,0.346666667,0.731,0.706666667,3.946666667,4.653333333,2.173333333,0.893333333,0.44,0.866666667,2.013333333,9.066666667,Forward,0.457260085,0.748333609,-0.115116611,0.31809407,-0.034387511,0.552404221,0.016410667,1.419972463,-0.614774304,-0.238905794,0.363146698,1.666843899,,680,8.26257495,1.370464135,4.912391739,-0.118818566,3.247918055,-0.598818566,0.801049301,0.14649789,0.600849434,-0.116962025,2.059710193,0.411983123,0.3915,0.026,0.7055,0.045,1.212025317,-0.057383966,77.5,-4,28.21577282,-0.24084389,,,13.32607512,6.839412085,3.194338595,1.313010343,0.646706587,1.273816005,0.950531489,1,,1024,-0.660844665,-0.05185217
Keon Johnson,1630553,2024-25,0,1610612751,23,79,56,24.36708861,3.835443038,9.860759494,0.389,1.594936709,5.075949367,0.314,1.35443038,1.759493671,0.77,0.797468354,2.962025316,3.759493671,2.215189873,1.037974684,0.379746835,1.46835443,2.64556962,10.62025316,Guard,0.453503333,0.749186223,0.119189927,-0.050288806,-0.012409373,0.924165812,-0.130643085,0.546113978,-1.38657518,-0.054754781,-0.361266624,-0.406468133,,838.9999996,5.4625,4.42025316,1.25,2.359493671,1.0375,1.615189873,0.5375,0.437974684,0.175,0.179746835,0.75,0.794936709,0.3785,0.008,0.788,-0.147,1.0375,0.46835443,22.5,74,11.3,12.16708861,,,15.6903896,5.554285714,3.272727272,1.533506494,0.56103896,2.169350649,0.972864486,1,,529,-0.713506802,-0.681006169
Duncan Robinson,1629130,2024-25,0,1610612748,31,74,37,24.13513514,3.918918919,8.959459459,0.437,2.567567568,6.527027027,0.393,0.635135135,0.716216216,0.887,0.243243243,2.013513514,2.256756757,2.378378378,0.540540541,0.081081081,1.162162162,1.824324324,11.04054054,Forward,0.457983815,0.750410343,0.182576215,-0.669619731,0.073278062,-0.354354523,-0.859566117,1.619638758,-0.466088556,0.209635717,0.007379327,-0.257120848,,817,9.624299721,-1.82710652,2.093487395,-0.28736089,1.959383754,-0.445151034,0.504901961,-0.135930047,0.117647059,-0.154213037,2.125,-0.182432432,0.4105,-0.013,0.8975,-0.002,1.031862746,-0.234896662,55,6,22.2289916,-3.89427662,,,16.4680851,3.366181411,3.547592384,0.806270997,0.120940649,1.733482642,0.944855781,1,,961,-0.742500343,-1.081647242
Oso Ighodaro,,2024-25,,,22,61,6,17.1,1.9,3.1,0.604,0,,,0.5,0.8,0.58,1.1,2.6,3.6,1.2,0.5,0.5,0.6,1.7,4.2,Forward-Center,0.464197722,0.745800973,-0.849090434,-0.116021777,-0.545467847,-0.458553052,0.162846545,-1.214270308,0.810519217,-0.7859148,0.684205057,-2.311747399,PHO,256.2,-999,-999,-999,-999,-999,-999,-999,-999,-999,-999,-999,-999,-999,-999,-999,-999,-999,-999,-999,-999,-999,-999,,,8.842105263,7.578947368,2.526315789,1.052631579,1.052631579,1.263157895,0.867250303,1,,484,-0.800168487,-1.48428399
Bol Bol,1629626,2024-25,0,1610612756,25,36,10,12.44444444,2.666666667,5.083333333,0.525,0.888888889,2.583333333,0.344,0.555555556,0.722222222,0.769,0.555555556,2.333333333,2.888888889,0.611111111,0.25,0.694444444,0.555555556,0.555555556,6.777777778,Forward-Center,0.463014768,0.748746342,-0.460318911,-0.409095767,-0.854683119,-1.101110641,0.63740726,-0.233174304,0.567488694,-0.149762142,0.737714783,-1.265534148,,244,7.121594685,1.591731266,4.485880399,-0.297157623,0.690531562,0.215762274,0.330564785,0.01744186,0.897840532,0.113049095,0.470099668,0.377260982,0.581,-0.091,0.774,-0.02,1.020930233,0.113695091,56.5,-7,16.20348837,1.5374677,,,19.60714286,8.35714286,1.767857143,0.723214286,2.008928571,1.607142859,0.689886814,1,,625,-0.80725904,-1.310582564
Vit Krejci,,2024-25,,,24,57,16,20.2,2.5,5.1,0.497,1.6,,,0.6,0.8,0.711,0.4,2.4,2.7,2.6,0.6,0.5,0.9,1.8,7.2,Guard,0.461665891,0.747863965,-0.396640817,-0.486943545,0.189647705,-0.201530016,0.162846545,0.551702499,0.29037059,-0.340341364,0.323014403,0.092126,ATL,410.4,6.1,1.1,2.4,0.3,2.3,0.3,0.6,0,0.3,0.2,1.3,0.3,0.49,0.007,0.833,-0.122,0.9,0,22,35,24.6,-4.4,,,12.83168317,4.811881188,4.633663366,1.069306931,0.891089109,1.603960396,0.841735505,1,,576,-0.814173301,-1.290789212
Jalen Wilson,,2024-25,,,24,79,22,25.7,3.1,7.8,0.397,1.5,,,1.7,2.1,0.818,0.9,2.5,3.4,1.8,0.5,0.1,1,2.1,9.5,Forward-Center,0.455315261,0.751256995,-0.049762778,-0.198448837,-0.230418325,-0.458553052,-0.813392641,0.441329199,-1.014326035,0.39249899,0.202617519,-1.728455961,BRK,750.5,5,4.5,3,0.4,1,0.8,0.3,0.2,0.1,0,0.6,0.9,0.425,-0.028,0.826,-0.008,0.4,0.6,43,36,15.4,10.3,,,13.307393,4.762645914,2.521400778,0.700389105,0.140077821,1.40077821,0.972864486,1,,576,-0.886784337,-1.110665898
Brice Sensabaugh,,2024-25,,,21,71,15,20.2,3.9,8.4,0.459,2.2,,,0.9,1,0.89,0.6,2.4,3,1.5,0.6,0.1,1.5,1.6,10.9,Forward,0.459796911,0.751229205,0.161380377,-0.363302956,-0.387943086,-0.201530016,-0.813392641,1.213942302,-0.093599511,0.386496727,-0.399366905,-0.497315709,UTA,773.9,7.5,3.4,3.2,-0.2,1.7,-0.2,0.4,0.2,0.2,-0.1,1.1,1.1,0.39,0.069,0.902,-0.012,1.5,0,32,39,18.3,1.9,,,19.42574257,5.346534653,2.673267327,1.069306931,0.178217822,2.673267327,0.92759457,1,,441,-0.928750283,-0.716214773
Anthony Black,,2024-25,,,21,78,10,24.2,3.4,7.9,0.423,0.8,,,1.9,2.5,0.761,0.7,2.3,2.9,3.1,1.1,0.6,1.8,2.1,9.4,Guard,0.45716483,0.749051227,-0.064844431,-0.404516486,0.452188974,1.083585162,0.406906342,-0.331283905,-0.63434386,-0.08391167,-0.760557559,-0.336777433,ORL,733.2,4.6,4.8,2,0.9,1.3,1.8,0.5,0.6,0.3,0.3,0.5,0.3,0.466,-0.043,0.613,0.148,0.8,1,69,9,16.9,7.3,,,13.98347107,4.314049587,4.611570248,1.636363636,0.892561983,2.67768595,0.967335276,1,,441,-0.936229456,-0.241408814
Vít Krejčí,1630249,2024-25,0,1610612737,25,57,16,20.22807018,2.543859649,5.122807018,0.497,1.578947368,3.614035088,0.437,0.561403509,0.789473684,0.711,0.385964912,2.350877193,2.736842105,2.578947368,0.631578947,0.456140351,0.877192982,1.842105263,7.228070175,Guard,0.461673557,0.747871606,-0.39240737,-0.471759613,0.178593336,-0.120364848,0.055802775,0.528466014,0.291945509,-0.338691203,0.350473342,0.082057942,,412,6.136363636,1.091706539,2.363636364,0.373205741,2.272727273,0.306220095,0.590909091,0.040669856,0.272727273,0.183413078,1.272727273,0.306220095,0.49,0.007,0.833,-0.122,0.909090909,-0.031897927,22,35,24.59090909,-4.36283891,,,12.86383347,4.870771898,4.589765826,1.124024284,0.811795317,1.561144838,0.841735505,1,,625,-0.941972801,-1.449765876
Charles Bassey,1629646,2024-25,0,1610612759,24,36,1,10.44444444,1.888888889,3.25,0.581,0,0,0,0.583333333,0.916666667,0.636,1.555555556,2.666666667,4.222222222,0.472222222,0.388888889,0.833333333,0.638888889,1.388888889,4.361111111,Forward-Center,0.463676854,0.746429253,-0.824792214,0.140417963,-0.927611249,-0.744134202,0.9763792,-1.214270308,0.703510117,-0.650216485,0.637384046,-1.903333132,,157,4.50075188,1.045321637,4.757142857,0.222222222,1.238345865,-0.633040936,0.439097745,-0.032163743,0.918796993,-0.061403509,0.042857143,0,0.6845,-0.144,0.714,-0.197,0.980451128,-0.150584795,27,17,12.6518797,-0.34502924,,,15.0319149,14.55319149,1.627659574,1.340425533,2.872340426,2.202127661,0.689886814,1,,576,-0.959377809,-0.664590474
Jamal Shead,,2024-25,,,22,75,11,19.6,2.7,6.7,0.405,1,,,0.7,0.9,0.768,0.4,1.1,1.5,4.2,0.8,0.1,1.6,2.1,7.1,Guard,0.456418793,0.7487994,-0.411722471,-0.981505903,1.029779765,0.312516055,-0.813392641,-0.110537304,-0.787612536,-0.138302467,-0.519763789,-2.420541291,TOR,532.5,-999,-999,-999,-999,-999,-999,-999,-999,-999,-999,-999,-999,-999,-999,-999,-999,-999,-999,-999,-999,-999,-999,,,13.04081633,2.755102041,7.714285714,1.469387755,0.183673469,2.93877551,0.950531489,1,,484,-0.973686444,-2.504886126
Cam Whitmore,,2024-25,,,20,51,3,16.2,3.5,7.9,0.444,1.3,,,1.1,1.4,0.75,0.7,2.3,3,1,0.6,0.3,0.9,0.9,9.4,Forward,0.458702365,0.748495904,-0.064844431,-0.363302956,-0.650484354,-0.201530016,-0.325273048,0.220582598,-0.3184671,-0.203852791,0.323014403,-1.584157697,HOU,479.4,12.3,-2.9,3.8,-0.8,0.7,0.3,0.6,0,0.4,-0.1,1.7,-0.4,0.454,-0.01,0.679,0.071,1,-0.1,47,4,18.7,-2.5,,,20.88888889,6.666666667,2.222222222,1.333333333,0.666666667,2,0.801720961,1,,400,-0.978849237,-1.114566771
Marcus Smart,203935,2024-25,0,0,31,34,7,20,2.970588235,7.558823529,0.393,1.441176471,4.147058824,0.348,1.588235294,2.088235294,0.761,0.529411765,1.588235294,2.117647059,3.205882353,1.147058824,0.264705882,1.588235294,1.558823529,8.970588235,Guard,0.455164916,0.748956771,-0.129606828,-0.726951748,0.507785949,1.20453718,-0.411411801,0.376403728,-1.045213641,-0.104312812,-0.50559945,-0.834369423,,305,12.98729508,-5.479411765,2.89057377,-0.532352941,5.281147541,-1.094117647,1.787295082,-0.902941176,0.31352459,0.014705882,1.992622951,-0.658823529,0.4225,-0.037,0.757,-0.007,2.722131148,-1.511764706,40.5,14,31.16598361,-10.25,,,16.14705882,3.811764706,5.770588235,2.064705883,0.476470588,2.858823529,0.673323926,1,,961,-0.99321402,-0.62221942
Derrick Jones Jr.,1627884,2024-25,0,1610612746,28,77,55,24.32467532,4.025974026,7.649350649,0.526,1.012987013,2.844155844,0.356,1.077922078,1.532467532,0.703,1.207792208,2.207792208,3.415584416,0.779220779,1.025974026,0.428571429,0.857142857,1.987012987,10.14285714,Forward,0.464563356,0.747102088,0.047190711,-0.192025949,-0.766411668,0.893321356,-0.01148188,-0.096203109,0.885636344,-0.504894644,0.374613068,0.62974423,,780.9999998,6.814555921,1.498120298,2.840049342,0.126110732,0.759046053,-0.207621326,0.575246711,0.328605605,0.624588816,-0.242481203,0.750411184,-0.065960355,0.4915,0.043,0.7255,-0.01,0.622944079,0.001879699,70,1,18.70682566,0.864149,,,15.01121196,5.054991993,1.153230112,1.518419648,0.634276562,1.268553123,0.961770506,1,,784,-0.999692434,-1.044098002
Jordan Hawkins,,2024-25,,,22,56,9,23.6,3.7,9.9,0.372,2,,,1.4,1.8,0.816,0.4,2.4,2.8,1.2,0.5,0.4,1,0.9,10.8,Guard,0.45194891,0.750800955,0.146298723,-0.445730016,-0.545467847,-0.458553052,-0.081213252,0.993195701,-1.705921627,0.294001492,0.202617519,-1.600772359,NOP,604.8,7.8,3,2.2,0.6,1,0.2,0.3,0.2,0.1,0.3,1.6,0.4,0.382,-0.01,0.838,-0.022,0.6,0.4,67,-11,17.3,6.3,,,16.47457627,4.271186441,1.830508475,0.762711864,0.610169492,1.525423729,0.835218084,1,,484,-1.008353652,-1.425828182
Sam Merrill,1630241,2024-25,0,1610612739,29,71,4,19.73239437,2.422535211,5.971830986,0.406,1.929577465,5.183098592,0.372,0.394366197,0.408450704,0.966,0.535211268,1.676056338,2.211267606,1.521126761,0.746478873,0.197183099,0.492957746,1.746478873,7.169014085,Guard,0.456828462,0.750216527,-0.401314006,-0.688367416,-0.376849792,0.17495443,-0.576207768,0.915468025,-0.703448584,0.167774481,0.813080596,-0.674910034,,509,6.475409836,-0.781805587,1.883606558,0.244054491,1.385245902,-0.249365042,0.555737705,0.435003463,0.032786885,0.131609329,1.672131148,-0.41468483,0.4055,0.004,0.9645,0.037,0.155737705,0.181482336,33,10,14.66229508,2.20780421,,,13.07922912,4.034261242,2.7751606,1.361884368,0.359743041,0.899357601,0.92759457,1,,841,-1.032379013,-1.759681565
Bruce Brown,1628971,2024-25,0,0,28,41,12,22.48780488,3.170731707,7.536585366,0.421,0.658536585,1.975609756,0.333,1.292682927,1.585365854,0.815,0.975609756,3.024390244,4,2.048780488,0.829268293,0.243902439,0.951219512,1.731707317,8.292682927,Guard-Forward,0.457140121,0.750498944,-0.23184616,0.048832342,-0.099788035,0.38774231,-0.462184641,-0.487421745,-0.639420263,0.228772097,0.261347706,-0.993966389,,340,11.18666045,-2.543137973,4.169402985,-0.23880597,3.107835821,-0.816891154,0.984048508,-0.051328722,0.445615672,-0.009828904,0.964272388,-0.132508191,0.4805,-0.057,0.791,-0.009,1.410541045,-0.332362578,73.5,-26,28.16166045,-5.34801602,,,13.27548807,6.403470715,3.279826464,1.327548807,0.390455531,1.522776572,0.729383864,1,,784,-1.080243089,-0.887301886
Precious Achiuwa,1630173,2024-25,0,1610612752,25,57,10,20.52631579,2.877192982,5.736842105,0.502,0.175438596,0.631578947,0.278,0.719298246,1.210526316,0.594,1.771929825,3.789473684,5.561403509,0.964912281,0.824561404,0.736842105,0.789473684,1.421052632,6.649122807,Forward,0.462149984,0.744802774,-0.479722209,0.692341842,-0.668908303,0.375644521,0.740882905,-1.02063294,0.389824412,-1.001509875,0.456084644,-0.515995001,,379,8.435749386,-0.986012328,6.272358723,-1.019677572,1.10995086,-0.34589853,0.592628993,0.202939782,0.732186732,-0.182076814,0.439312039,-0.175912755,0.493,0.001,0.659,-0.022,1.097174448,-0.332147938,64.5,-17,21.34570025,-1.41963016,,,11.66153846,9.753846154,1.692307693,1.446153847,1.292307692,1.384615384,0.841735505,1,,625,-1.145814005,-0.01502324
Brandon Clarke,1629634,2024-25,0,1610612763,28,64,18,18.859375,3.6875,5.9375,0.621,0.015625,0.265625,0.059,0.953125,1.359375,0.701,1.984375,3.109375,5.09375,1.03125,0.8125,0.5625,0.640625,2.265625,8.34375,Forward,0.468895081,0.747197787,-0.224144401,0.499605324,-0.634075525,0.344643934,0.315383918,-1.19702448,1.775561807,-0.484225389,0.635293823,1.031019011,,534,10.64880952,-2.98958333,5.43452381,-0.239583333,1.392857143,-0.46875,0.720238095,-0.020833333,0.830357143,-0.4375,0.092261905,-0.151041667,0.6075,0.062,0.433,0.558,0.741071429,0.140625,31,58,20.89880952,-3.47395833,,,15.92709196,9.723280862,1.968516984,1.550952775,1.073736537,1.222866611,0.885841539,1,,784,-1.189940078,-1.071826408
Ty Jerome,1629660,2024-25,0,1610612739,27,70,3,19.88571429,4.557142857,8.828571429,0.516,1.585714286,3.614285714,0.439,1.842857143,2.114285714,0.872,0.714285714,1.757142857,2.471428571,3.385714286,1.114285714,0.042857143,1.314285714,1.457142857,12.54285714,Guard-Forward,0.464417821,0.75346608,0.409150405,-0.581145899,0.602212556,1.120302738,-0.952855382,0.535934885,0.855737137,0.869626213,-0.17577269,2.683189963,,877.9999998,4.433333334,10.54285714,1.116666667,1.971428571,2.25,1.885714286,0.255555556,1.114285714,0.055555556,0.042857143,0.388888889,1.585714286,0.494,0.016,0.4635,0.872,0.583333333,0.814285714,23.5,68,12.81666667,12.38571429,,,22.70689654,4.474137929,6.129310344,2.017241378,0.077586207,2.379310344,0.921760067,1,,729,-1.209269653,1.905135323
Josh Okogie,1629006,2024-25,0,0,26,40,7,15.625,2.35,5.3,0.443,0.8,2.3,0.348,1.575,2.125,0.741,1.125,1.7,2.825,0.825,1.2,0.475,0.775,1.175,7.075,Guard,0.459015054,0.748149917,-0.415492884,-0.435426633,-0.742373798,1.340608197,0.101831596,-0.331283905,-0.254227135,-0.278580296,0.473510509,-0.54143435,,283,5.981944445,2.458333333,3.026388889,0.258333333,1.2625,-0.241666667,0.788888889,0.4,0.436111111,0.075,0.7,0.316666667,0.404,0.026,0.7345,-0.004,0.7375,0.175,66,-20,17.38194445,-0.375,,,16.3008,6.5088,1.9008,2.7648,1.0944,1.7856,0.721685888,1,,676,-1.23682114,-0.304030525
Taurean Prince,1627752,2024-25,0,1610612749,31,80,73,27.075,2.9375,6.425,0.457,1.8375,4.1875,0.439,0.4875,0.6,0.813,0.425,3.1625,3.5875,1.9375,0.95,0.1875,1.025,2.0625,8.2,Forward,0.459690958,0.749219159,-0.245824278,-0.121173469,-0.158219476,0.698050608,-0.599840319,0.813839088,-0.115366983,-0.047641148,0.172518297,0.396342321,,656,9.032763533,-0.735897436,2.696581197,0.638782051,1.540598291,0.411858974,0.631054132,0.206410256,0.363247864,-0.261217949,1.589031339,0.029807692,0.4545,0.015,0.7895,0.078,1.106837607,0.089102564,66,2,24.55911681,0.04935897,,,10.90304709,4.770083102,2.576177285,1.263157895,0.249307479,1.362880886,0.978358811,1,,961,-1.263192292,-0.484314687
Tristan Da Silva,,2024-25,,,23,74,38,22,2.7,6.5,0.412,1.1,,,0.7,0.9,0.873,1,2.3,3.3,1.5,0.4,0.2,0.8,1.3,7.2,Forward,0.456942584,0.750655981,-0.396640817,-0.239662367,-0.387943086,-0.715576088,-0.569332845,-0.000164003,-0.680002965,0.262689568,0.443411288,-2.283221314,ORL,532.8,-999,-999,-999,-999,-999,-999,-999,-999,-999,-999,-999,-999,-999,-999,-999,-999,-999,-999,-999,-999,-999,-999,,,11.78181818,5.4,2.454545455,0.654545455,0.327272727,1.309090909,0.944855781,1,,529,-1.306754652,-1.279212107
Tyrese Martin,,2024-25,,,25,60,11,21.9,3.2,7.8,0.406,1.7,,,0.8,1,0.793,1,2.7,3.7,2,0.6,0.2,1.2,1.3,8.7,Guard,0.455966467,0.749327244,-0.170416009,-0.074808248,-0.125401817,-0.201530016,-0.569332845,0.6620758,-0.880539907,-0.024296504,-0.038176251,-1.422425797,BRK,522,-999,-999,-999,-999,-999,-999,-999,-999,-999,-999,-999,-999,-999,-999,-999,-999,-999,-999,-999,-999,-999,-999,,,14.30136986,6.082191781,3.287671233,0.98630137,0.328767123,1.97260274,0.860952026,1,,625,-1.320026532,-1.186138392
GG Jackson II,,2024-25,,,20,29,3,15.8,2.6,6.9,0.372,1.1,,,1,1.4,0.725,0.9,2.2,3.2,1,0.4,0.2,1.1,1,7.2,Forward-Center,0.454192565,0.74781497,-0.396640817,-0.280875896,-0.650484354,-0.715576088,-0.569332845,-0.000164003,-1.244976925,-0.350923656,0.082220634,-4.12675395,MEM,208.8,14.6,-7.4,4.1,-0.9,1.2,-0.2,0.6,-0.2,0.5,-0.3,2.1,-1,0.428,-0.056,0.752,-0.027,1.4,-0.3,48,-19,25.7,-9.9,,,16.40506329,7.291139241,2.278481013,0.911392405,0.455696203,2.506329114,0.629646883,1,,400,-1.36594194,-2.289126069
Jamison Battle,,2024-25,,,23,59,10,17.7,2.5,5.9,0.429,1.8,,,0.3,0.3,0.889,0.6,2.1,2.7,0.9,0.3,0.2,0.5,1.6,7.1,Forward,0.458144336,0.749292037,-0.411722471,-0.486943545,-0.702992608,-0.972599123,-0.569332845,0.7724491,-0.433110616,-0.031900728,0.804601942,-2.031550895,TOR,418.9,-999,-999,-999,-999,-999,-999,-999,-999,-999,-999,-999,-999,-999,-999,-999,-999,-999,-999,-999,-999,-999,-999,,,14.44067797,5.491525424,1.830508475,0.610169492,0.406779661,1.016949153,0.854601041,1,,529,-1.388202844,-0.924815743
Chris Boucher,1628449,2024-25,0,1610612761,32,50,0,17.24,3.64,7.4,0.492,1.4,3.86,0.363,1.36,1.74,0.782,1.4,3.08,4.48,0.66,0.48,0.5,0.58,1.36,10.04,Forward,0.462078074,0.749581937,0.031678153,0.246657285,-0.829012417,-0.509957659,0.162846545,0.330955898,0.375050964,0.030713226,0.708284434,0.547216429,,502,7.904210527,3.6,4.839736842,0.34,0.420789474,0.2,0.449210527,0.2,0.661052632,0.02,0.717894737,0.78,0.5,-0.015,0.767,0.01,0.549736842,0.02,63,0,17.06973684,3.14,,,20.96519722,9.354988399,1.378190255,1.002320186,1.044083527,1.211136891,0.794827213,1,,1024,-1.389268606,-1.395954486
Caleb Martin,1628997,2024-25,0,0,29,45,24,27.06666667,2.866666667,6.755555556,0.424,0.822222222,2.288888889,0.359,1.355555556,2.177777778,0.622,1.177777778,2.755555556,3.933333333,2.111111111,1.022222222,0.511111111,1.244444444,1.933333333,7.911111111,Forward,0.457594366,0.743175905,-0.289393501,0.021356655,-0.067059313,0.883678356,0.1899643,-0.306756505,-0.546098508,-1.352887733,-0.091685977,-1.558882225,,356,9.809859155,-2.088888889,4.617847712,-0.457291667,1.941131162,-0.123263889,0.8671875,0.287847222,0.444872359,0.057986111,1.224361796,-0.443402778,0.4475,-0.007,0.7915,-0.156,1.150858275,0.041319444,67.5,-19,28.36036532,-0.38645833,,,10.52216749,5.231527093,2.807881773,1.359605911,0.679802955,1.655172413,0.759274768,1,,841,-1.394209941,-1.09011523
Jarace Walker,,2024-25,,,21,75,5,15.8,2.3,4.8,0.472,1,,,0.6,0.9,0.667,0.3,2.7,3.1,1.5,0.7,0.3,1,1.5,6.1,Forward-Center,0.460419706,0.747013545,-0.56253901,-0.322089426,-0.387943086,0.055493019,-0.325273048,-0.110537304,0.034349701,-0.524018616,0.202617519,-1.93994025,IND,457.5,3.6,2.5,1.9,1.2,1.2,0.3,0.5,0.2,0.3,0,0.7,0.3,0.409,0.063,0.889,-0.222,0.5,0.5,33,42,10.3,5.5,,,13.89873418,7.063291139,3.417721519,1.594936709,0.683544304,2.278481013,0.950531489,1,,441,-1.421562693,-2.341499605
Davion Mitchell,1630558,2024-25,0,0,26,74,37,27.39189189,3.013513514,6.432432432,0.468,1.135135135,2.851351351,0.398,0.783783784,1.135135135,0.69,0.472972973,1.783783784,2.256756757,4.905405405,0.972972973,0.216216216,1.72972973,2.5,7.945945946,Guard,0.460355574,0.747156189,-0.284139831,-0.669619731,1.400175825,0.757096441,-0.529755581,0.038615805,0.021174271,-0.493209817,-0.675954343,-0.435616962,,588,5.444444445,2.682057057,1.315972222,0.937312313,2.086805556,3.044294294,0.393055556,0.736861862,0.114583334,0.174549549,0.789583334,0.343468468,0.453,0.016,0.76,-0.024,0.686111111,1.132507508,76,2,16.68958334,12.10022522,,,10.44301924,2.965959547,6.446965959,1.27873705,0.284163789,2.273310311,0.944855781,1,,676,-1.421953172,-1.518144702
Dalton Knecht,,2024-25,,,23,78,16,19.2,3.3,7.1,0.461,1.6,,,0.8,1.1,0.762,0.5,2.3,2.8,0.8,0.3,0.1,0.5,1.2,9.1,Forward,0.459939171,0.74874539,-0.110089393,-0.445730016,-0.755500862,-0.972599123,-0.813392641,0.551702499,-0.064373214,-0.149967635,0.804601942,-1.955348444,LAL,709.8,-999,-999,-999,-999,-999,-999,-999,-999,-999,-999,-999,-999,-999,-999,-999,-999,-999,-999,-999,-999,-999,-999,,,17.0625,5.25,1.5,0.5625,0.1875,0.9375,0.967335276,1,,529,-1.466307518,-1.235379476
Tidjane Salaün,,2024-25,,,19,60,10,20.7,1.9,5.8,0.33,1,,,1.1,1.6,0.713,1.2,3.5,4.7,1.2,0.5,0.2,1,1.4,5.9,Forward-Center,0.452744661,0.747354447,-0.592702318,0.33732705,-0.545467847,-0.458553052,-0.569332845,-0.110537304,-1.542439489,-0.450389318,0.202617519,-3.729477603,CHO,354,-999,-999,-999,-999,-999,-999,-999,-999,-999,-999,-999,-999,-999,-999,-999,-999,-999,-999,-999,-999,-999,-999,,,10.26086957,8.173913043,2.086956522,0.869565217,0.347826087,1.739130435,0.860952026,1,,361,-1.478504607,-2.284908034
Neemias Queta,1629674,2024-25,0,1610612738,25,62,6,13.91935484,2.129032258,3.274193548,0.65,0,0.048387097,0,0.741935484,0.983870968,0.754,1.435483871,2.370967742,3.806451613,0.725806452,0.290322581,0.677419355,0.64516129,1.709677419,5,Center,0.465891907,0.748560818,-0.728437203,-0.03093578,-0.794458598,-0.997472319,0.595855862,-1.214270308,1.158578713,-0.189832322,0.629832271,-1.571139685,,310,5.5,-0.5,4.357142857,-0.550691244,0.714285714,0.011520738,0.464285714,-0.173963133,0.75,-0.072580645,0,0,0.644,0.006,0.714,0.04,0.464285714,0.180875576,28,34,11.89285714,2.0264977,,,12.93163383,9.844727693,1.877172654,0.750869062,1.75202781,1.668597913,0.873497163,1,,625,-1.498276595,-1.870922788
Javonte Green,1629750,2024-25,0,0,31,68,19,18.5,1.808823529,4.220588235,0.429,0.676470588,2.073529412,0.326,0.808823529,1.117647059,0.724,0.867647059,2.338235294,3.205882353,0.823529412,0.955882353,0.455882353,0.470588235,1.441176471,5.102941176,Guard,0.458613968,0.747919126,-0.712911971,-0.278451571,-0.743145978,0.713169611,0.055173106,-0.467627394,-0.336627667,-0.328427547,0.840012791,-1.258836621,,347,8.68923611,-7.119281044,5.097222222,-4.238562091,0.637152778,0.267973856,0.930555556,-0.155228758,0.772569445,-0.433006536,0.758680556,-0.434640523,0.5825,-0.171,0.718,-0.045,0.701388889,-0.307189543,20.5,59,20.27777778,-7.05555556,,,9.930047694,6.238473768,1.602543721,1.86009539,0.887122417,0.915739268,0.909964669,1,,961,-1.511117585,-1.552800295
Reed Sheppard,,2024-25,,,20,52,3,12.6,1.6,4.6,0.351,0.9,,,0.3,0.3,0.813,0.3,1.2,1.5,1.4,0.7,0.3,0.7,1,4.4,Guard,0.45507634,0.748838756,-0.818927126,-0.981505903,-0.440451339,0.055493019,-0.325273048,-0.220910604,-1.063410892,-0.129802056,0.563808173,-3.360979777,HOU,228.8,-999,-999,-999,-999,-999,-999,-999,-999,-999,-999,-999,-999,-999,-999,-999,-999,-999,-999,-999,-999,-999,-999,,,12.57142857,4.285714286,4,2,0.857142857,2,0.808547448,1,,400,-1.544201344,-2.643742052
Ryan Dunn,,2024-25,,,22,74,44,19.1,2.8,6.4,0.43,1.1,,,0.3,0.5,0.487,1.2,2.4,3.6,0.8,0.6,0.5,0.5,2.2,6.9,Forward,0.45806753,0.745865137,-0.441885779,-0.116021777,-0.755500862,-0.201530016,0.162846545,-0.000164003,-0.44888994,-0.772056355,0.804601942,-1.768600245,PHO,510.6,-999,-999,-999,-999,-999,-999,-999,-999,-999,-999,-999,-999,-999,-999,-999,-999,-999,-999,-999,-999,-999,-999,,,13.0052356,6.785340314,1.507853403,1.130890052,0.942408377,0.942408377,0.944855781,1,,484,-1.573175928,-1.500901872
Ryan Rollins,,2024-25,,,22,56,19,14.6,2.4,4.8,0.487,0.9,,,0.6,0.8,0.8,0.4,1.6,1.9,1.9,0.8,0.3,0.9,1.6,6.2,Guard,0.461106729,0.74926554,-0.547457356,-0.816651784,-0.177910071,0.312516055,-0.325273048,-0.220910604,0.175494197,-0.037623534,0.323014403,-1.314801742,MIL,347.2,3.4,2.8,1,0.9,1.1,0.8,0.8,0,0.2,0.1,0.2,0.7,0.519,-0.032,0.765,0.035,0.6,0.3,13,43,6,8.6,,,15.28767123,4.684931507,4.684931507,1.97260274,0.739726027,2.219178082,0.835218084,1,,484,-1.598442202,-2.969455019
Tim Hardaway Jr.,203501,2024-25,0,1610612765,33,77,77,27.96103896,3.584415584,8.831168831,0.406,2.181818182,5.935064935,0.368,1.61038961,1.883116883,0.855,0.233766234,2.142857143,2.376623377,1.597402597,0.493506494,0.090909091,0.623376623,1.246753247,10.96103896,Guard-Forward,0.455493038,0.752320923,0.170586062,-0.620218466,-0.336798683,-0.475242858,-0.835579895,1.193874429,-0.977802953,0.62229046,0.656060331,-0.602831573,,843.9999999,14.3849171,-3.45668256,3.37520057,-0.838566496,1.78819754,-0.162091074,0.610893208,-0.038139076,0.122481726,0.014959724,2.828400785,-0.489067894,0.4015,0.004,0.811,0.003,0.859244073,-0.250041099,75,-2,28.5726511,1.12559592,,,14.1124013,3.059916396,2.056665118,0.635392476,0.117045982,0.802601021,0.961770506,1,,1089,-1.601240801,-1.863772411
Ron Holland,,2024-25,,,19,81,2,15.6,2.4,5.1,0.474,0.4,,,1.1,1.5,0.754,0.5,2.2,2.7,1,0.6,0.2,0.9,1.7,6.4,Forward,0.460549811,0.748615329,-0.517294048,-0.486943545,-0.650484354,-0.201530016,-0.569332845,-0.772777107,0.061079051,-0.178058801,0.323014403,-2.992327263,DET,518.4,-999,-999,-999,-999,-999,-999,-999,-999,-999,-999,-999,-999,-999,-999,-999,-999,-999,-999,-999,-999,-999,-999,,,14.76923077,6.230769231,2.307692308,1.384615385,0.461538462,2.076923077,0.983818902,1,,361,-1.640474409,-1.639944438
Nick Smith Jr.,,2024-25,,,20,60,27,22.8,3.7,9.5,0.391,1.7,,,0.7,0.8,0.935,0.2,1.9,2.1,2.4,0.3,0.1,1.4,1.3,9.9,Guard,0.453889362,0.751391524,0.010563838,-0.734224724,0.084631198,-0.972599123,-0.813392641,0.6620758,-1.307267945,0.421555197,-0.27897002,-2.927628421,CHO,594,5.9,4,1.4,0.7,1.2,1.2,0.2,0.1,0.1,0,1.2,0.5,0.391,0,0.867,0.068,0.8,0.6,51,9,14.3,8.5,,,15.63157895,3.315789474,3.789473684,0.473684211,0.157894737,2.210526316,0.860952026,1,,400,-1.663178073,-1.084470829
Dorian Finney-Smith,1627827,2024-25,0,0,32,63,40,28.87301587,3.095238095,6.904761905,0.448,2.047619048,4.984126984,0.411,0.476190476,0.714285714,0.667,1.26984127,2.650793651,3.920634921,1.428571429,0.920634921,0.365079365,0.888888889,2.158730159,8.714285714,Forward,0.45909759,0.747306552,-0.168261487,0.016123191,-0.425448981,0.622575591,-0.166440482,1.045754416,-0.237270696,-0.460733696,0.336391835,0.562689691,,549,8.438948307,0.184873949,4.724821747,-0.741129785,1.544340464,-0.144957983,0.828431373,0.097105509,0.552139037,-0.193744164,1.723930481,0.327030813,0.406,0.027,0.74,-0.05,0.903520499,0.02124183,67,-5,29.44763815,0.41713352,,,10.86531061,4.888400221,1.781198461,1.147883453,0.455195162,1.108301265,0.879693845,1,,1024,-1.739208684,-0.695540074
DaQuan Jeffries,,2024-25,,,27,47,20,22.8,2.5,6.2,0.405,1.2,,,0.5,0.6,0.8,0.8,2.1,2.9,1.1,0.6,0.5,0.7,2.1,6.7,Guard,0.456660877,0.749065009,-0.472049087,-0.404516486,-0.597976101,-0.201530016,0.162846545,0.110209297,-0.737877768,-0.080935135,0.563808173,-1.658020577,CHO,314.9,-999,-999,-999,-999,-999,-999,-999,-999,-999,-999,-999,-999,-999,-999,-999,-999,-999,-999,-999,-999,-999,-999,,,10.57894737,4.578947368,1.736842105,0.947368421,0.789473684,1.105263158,0.773721595,1,,729,-1.749975794,-1.901757165
Dalano Banton,,2024-25,,,25,67,7,16.7,3,7.6,0.391,1.1,,,1.4,1.9,0.728,0.4,1.6,2,2.4,0.6,0.5,1.3,0.9,8.3,Guard,0.454999862,0.747704999,-0.230742624,-0.775438254,0.084631198,-0.201530016,0.162846545,-0.000164003,-1.079122788,-0.374675598,-0.158573135,-2.572768676,POR,556.1,10.3,-2,3.3,-1.3,2.4,0,0.6,0,0.4,0.1,1.1,0,0.404,-0.013,0.783,-0.055,1.4,-0.1,54,13,19.4,-2.7,,,17.89221557,4.311377246,5.173652695,1.293413174,1.077844311,2.80239521,0.904001915,1,,625,-1.752713965,-2.103225039
Cameron Payne,1626166,2024-25,0,1610612752,30,72,5,15.13888889,2.486111111,6.194444444,0.401,1.291666667,3.555555556,0.363,0.680555556,0.75,0.907,0.194444444,1.25,1.444444444,2.819444444,0.541666667,0.222222222,0.722222222,1.541666667,6.944444444,Guard,0.456430255,0.750796836,-0.435182822,-1.004402308,0.304874151,-0.35146012,-0.515097335,0.211384823,-0.78525759,0.29311203,0.53705331,-1.744975861,,500,8.84054487,-0.465811966,1.854166667,-0.055555556,3.543269231,0.191239316,0.612980769,0.003205129,0.153846154,0.081196581,1.375,-0.041666666,0.4235,-0.031,0.816,0.041,1.266826923,-0.123931624,63,-6,18.4423077,-1.57905983,,,16.51376147,3.434862384,6.704587154,1.288073395,0.528440366,1.717431192,0.933388129,1,,900,-1.760201597,-2.633566375
Orlando Robinson,,2024-25,,,24,44,8,17.5,2.6,5.9,0.444,0.4,,,1.2,1.6,0.771,2,3,5,1.8,0.4,0.4,1.1,2.3,6.9,Center,0.45898003,0.749152896,-0.441885779,0.46096764,-0.230418325,-0.715576088,-0.081213252,-0.772777107,-0.261422575,-0.061952851,0.082220634,-2.022057702,2TM,303.6,2.8,4.1,2.3,2.7,0.9,0.9,0.2,0.2,0.2,0.2,0.2,0.2,0.5,-0.056,0.76,0.011,0.5,0.6,36,8,8.4,9.1,,,14.19428571,10.28571429,3.702857143,0.822857143,0.822857143,2.262857143,0.751930938,1,,576,-1.832477163,-1.760963104
AJ Green,1631260,2024-25,0,1610612749,25,73,7,22.7260274,2.493150685,5.808219178,0.429,2.123287671,4.97260274,0.427,0.301369863,0.369863014,0.815,0.246575342,2.136986301,2.383561644,1.479452055,0.506849315,0.095890411,0.547945205,2.150684932,7.410958904,Guard,0.458169617,0.748942434,-0.364824725,-0.617358961,-0.398732453,-0.440948735,-0.823422496,1.129272373,-0.427916885,-0.107409358,0.746877409,-1.304463831,,541,4.45,2.910958904,1.214285715,1.240704501,0.582142858,0.943737769,0.166071429,0.346135029,0.035714286,0.02446184,1.244642857,0.891144814,0.4235,0.006,0.9475,-0.08,0.235714286,0.333659491,45.5,17,10.41071428,11.76174169,,,11.73960217,3.775768535,2.34358047,0.802893309,0.151898734,0.867992766,0.939141592,1,,625,-1.844317942,-1.457898637
Marcus Sasser,,2024-25,,,24,57,1,14.2,2.4,5.2,0.463,1,,,0.8,0.9,0.843,0.3,0.9,1.2,2.3,0.6,0.1,0.9,1.3,6.6,Guard,0.460018871,0.750125529,-0.48713074,-1.105146492,0.032122944,-0.201530016,-0.813392641,-0.110537304,-0.047999385,0.148120415,0.323014403,-2.262478817,DET,376.2,8.3,-1.7,1.8,-0.6,3.3,-1,0.6,0,0.2,-0.1,1.3,-0.3,0.428,0.035,0.879,-0.036,1.3,-0.4,71,-14,19,-4.8,,,16.73239437,3.042253521,5.830985915,1.521126761,0.253521127,2.281690141,0.841735505,1,,576,-1.856331101,-2.458957387
Ben Sheppard,,2024-25,,,23,63,9,19.5,1.9,4.6,0.418,1.1,,,0.4,0.4,0.889,0.7,2.1,2.8,1.3,0.6,0.2,0.3,2,5.3,Guard,0.458022803,0.749569235,-0.683192241,-0.445730016,-0.492959593,-0.201530016,-0.569332845,-0.000164003,-0.458078822,0.027969697,1.045395711,-1.777622128,IND,333.9,4.4,0.9,1.6,1.2,0.9,0.4,0.6,0,0,0.2,0.9,0.2,0.393,0.025,0.885,0.004,0.3,0,57,6,14.3,5.2,,,9.784615385,5.169230769,2.4,1.107692308,0.369230769,0.553846154,0.879693845,1,,529,-1.878747996,-0.660095703
A.J. Green,,2024-25,,,25,73,7,22.7,2.5,5.8,0.429,2.1,,,0.3,0.4,0.815,0.2,2.1,2.4,1.5,0.5,0.1,0.5,2.2,7.4,Guard,0.458171883,0.748981933,-0.366477509,-0.610584135,-0.387943086,-0.458553052,-0.813392641,1.103569001,-0.427451335,-0.09887809,0.804601942,-1.255108905,MIL,540.2,4.5,2.9,1.1,1.3,0.5,1,0.2,0.3,0.1,0,1.2,0.9,0.423,0.006,0.895,-0.08,0.2,0.3,56,17,11,11.7,,,11.73568282,3.806167401,2.378854626,0.792951542,0.158590308,0.792951542,0.939141592,1,,625,-1.904043333,-1.422861806
Jordan Goodwin,,2024-25,,,26,29,5,18.7,2.2,5,0.438,0.9,,,0.3,0.4,0.818,1.3,2.6,3.9,1.4,1,0.4,0.9,1.5,5.6,Guard,0.458822716,0.749005743,-0.637947279,0.007618812,-0.440451339,0.826562126,-0.081213252,-0.220910604,-0.293741744,-0.093735612,0.323014403,-0.61080449,LAL,162.4,6.5,-0.9,4.4,-0.5,2.7,-1.3,0.8,0.2,0.3,0.1,0.7,0.2,0.369,0.069,0.746,0.072,1,-0.1,57,-28,18.5,0.2,,,10.78074866,7.50802139,2.695187166,1.92513369,0.770053476,1.732620321,0.629646883,1,,676,-1.949366188,-1.739672274
Josh Green,1630182,2024-25,0,1610612766,24,68,67,27.76470588,2.647058824,6.191176471,0.428,1.426470588,3.647058824,0.391,0.720588235,1.058823529,0.681,0.823529412,1.705882353,2.529411765,1.588235294,1.088235294,0.220588235,1.029411765,2.426470588,7.441176471,Guard,0.45800612,0.747054978,-0.360267416,-0.557248978,-0.341612274,1.053347157,-0.51908524,0.36017236,-0.461506219,-0.515069851,0.16720667,-1.174063792,,506,8.664035088,-0.786893704,3.130701754,-0.69865841,1.998684211,-0.69246646,0.762280702,0.26367389,0.120614035,0.062693498,1.198245614,0.163312693,0.508,-0.051,0.7035,-0.003,1.12631579,-0.023219814,58.5,11,26.02675438,1.36119711,,,9.648305086,3.279661018,2.059322034,1.411016949,0.286016949,1.334745763,0.909964669,1,,576,-1.954963218,-0.42075118
Jeremiah Robinson-Earl,1630526,2024-25,0,1610612740,24,66,9,18.77272727,2.393939394,5.257575758,0.455,0.848484848,2.484848485,0.341,0.696969697,0.833333333,0.836,1.666666667,3.106060606,4.772727273,1.333333333,0.590909091,0.106060606,0.772727273,1.196969697,6.333333333,Forward,0.459620904,0.749888973,-0.527348484,0.367300527,-0.475456842,-0.224895747,-0.798601139,-0.277769578,-0.129759031,0.09702794,0.476246802,-1.493255552,,418,4.869707812,3.384615384,3.067382231,2.824009324,0.769230769,0.794871795,0.407274896,0.334498835,0.179189028,0.003496503,0.596899225,0.515151515,0.459,-0.019,0.7915,0.086,0.426058438,0.362470863,41,27,13.74716756,10.20862471,,,12.14527845,9.152542375,2.556900726,1.133171913,0.20338983,1.481840194,0.897994495,1,,576,-2.010359656,-2.420109962
Bones Hyland,1630538,2024-25,0,0,24,24,0,9.958333333,1.958333333,4.916666667,0.398,1.333333333,3.416666667,0.39,0.958333333,1.083333333,0.885,0.208333333,0.833333333,1.041666667,1.333333333,0.75,0.166666667,1.041666667,1.208333333,6.208333333,Guard,0.456964752,0.751349549,-0.546200552,-1.170401247,-0.475456842,0.184004537,-0.65068611,0.257373697,-0.675448759,0.412489087,0.15245215,-2.511874039,,149,9.34338803,-0.710585586,1.948600386,-0.444819819,2.792471043,-1.180180181,0.699565637,0.047297297,0.187982626,0.058558559,1.639237451,0.144144144,0.3925,0.012,0.813,0.102,1.326737452,-0.147522522,46.5,-13,16.99372587,-4.636261257,,,22.44351464,3.765690378,4.820083681,2.711297071,0.602510461,3.765690378,0.582011728,1,,576,-2.017589344,-2.424285787
Richaun Holmes,1626158,2024-25,0,1610612764,31,31,7,17.22580645,2.903225806,4.483870968,0.647,0,0.096774194,0,1.612903226,1.935483871,0.833,2,3.709677419,5.709677419,1.35483871,0.290322581,0.741935484,0.677419355,1.580645161,7.419354839,Forward,0.467894702,0.751604579,-0.36355848,0.753450754,-0.464164744,-0.997472319,0.753313795,-1.214270308,1.570040269,0.467571655,0.590994566,1.095905188,,230,4.035119048,2.444354839,3.227380953,1.159677419,0.419642857,0.72983871,0.173214286,0.015322581,0.368452381,0.266935484,0.07202381,-0.025,0.588,0.089,0.756,0.11,0.466666667,0.077419355,41,-9,11.06785714,3.37580645,,,15.50561798,11.93258427,2.831460675,0.606741574,1.550561798,1.415730338,0.647537506,1,,961,-2.024752415,-1.312619072
Mo Bamba,1628964,2024-25,0,0,27,32,2,12.90625,1.625,3.5,0.464,0.46875,1.6875,0.278,0.59375,0.84375,0.704,1,3.53125,4.53125,0.5625,0.28125,0.96875,0.625,1.75,4.3125,Center,0.460003722,0.74771608,-0.832123573,0.267779219,-0.880207964,-1.020790942,1.306876842,-0.696895462,-0.051111649,-0.372282255,0.654105836,-1.62464995,,138,5.515216613,-0.126096491,4.383637666,0.355811404,0.829036878,-0.156798246,0.325635517,-0.104714912,0.965091299,-0.083881579,0.709094164,0.030153509,0.4875,-0.026,0.6705,0.024,0.648227712,-0.059210526,53,-25,14.32796276,-0.07620614,,,12.02905569,12.63922518,1.569007264,0.784503632,2.702179177,1.743341404,0.656266298,1,,729,-2.031591771,-1.721744532
Cody Martin,1628998,2024-25,0,0,29,53,8,22.13207547,2.566037736,6.132075472,0.418,0.811320755,2.849056604,0.285,0.811320755,1.150943396,0.705,1,3.226415094,4.226415094,1.981132075,1.056603774,0.603773585,0.962264151,1.79245283,6.754716981,Forward,0.457445051,0.747476039,-0.463796861,0.142145994,-0.135309035,0.972046864,0.416116146,-0.318788814,-0.57677418,-0.424127389,0.248050305,-0.14043697,,358,6.267857143,-0.780997305,3.660714286,0.333557951,2.642857142,-1.733153639,0.857142857,-0.086253369,0.392857143,-0.039083558,0.696428572,-0.152964959,0.385,0.037,0.5885,0.099,0.928571429,-0.60916442,17.5,25,23.01785714,-4.76078167,,,10.98721228,6.874680307,3.222506393,1.718670078,0.982097187,1.565217392,0.815308605,1,,841,-2.045833522,-0.688417368
Kyle Anderson,203937,2024-25,0,0,31,61,4,16.42622951,2.327868852,4.967213115,0.469,0.409836066,1.147540984,0.357,0.786885246,1.06557377,0.738,0.868852459,2.508196721,3.37704918,2.37704918,0.655737705,0.540983607,0.606557377,1.327868852,5.852459016,Guard-Forward,0.460296189,0.748235652,-0.599872284,-0.20790768,0.072580123,-0.058271275,0.262871053,-0.761920716,0.008973864,-0.260062979,0.67631018,-0.867299715,,357,7.890937443,-0.552604275,4.394514768,-0.078647023,4.522472941,-1.812824238,1.01458448,-0.242996472,0.753990093,-0.053953102,0.381214456,0.27059556,0.4845,0.009,0.7215,0.03,1.322326179,-0.545341357,74,-18,25.45964044,-6.13073252,,,12.8263473,7.401197603,5.209580837,1.437125749,1.185628743,1.329341317,0.867250303,1,,961,-2.064395883,-0.619942057
Dante Exum,,2024-25,,,29,20,13,18.6,3.2,6.7,0.478,1.2,,,1.2,1.6,0.742,0.2,1.5,1.7,2.8,0.6,0.2,1.1,1.7,8.7,Guard,0.461002673,0.748253671,-0.170416009,-0.899078843,0.294664213,-0.201530016,-0.569332845,0.110209297,0.154116533,-0.256171084,0.082220634,-1.45531812,DAL,174,7.8,0.9,2.7,-1,2.9,-0.1,0.4,0.2,0.1,0.1,1,0.2,0.533,-0.055,0.779,-0.037,0.9,0.2,55,-35,19.8,-1.2,,,16.83870968,3.290322581,5.419354839,1.161290323,0.387096774,2.129032258,0.540190724,1,,841,-2.082716051,-2.1995321
Daniel Theis,1628464,2024-25,0,1610612740,32,38,9,16.34210526,1.605263158,3.394736842,0.473,0.236842105,0.973684211,0.243,0.815789474,0.973684211,0.838,1.157894737,3.157894737,4.315789474,1.578947368,0.473684211,0.526315789,0.657894737,1.842105263,4.263157895,Forward-Center,0.460295148,0.750164274,-0.839565179,0.178980331,-0.346489201,-0.526190692,0.227072806,-0.95285986,0.008760086,0.156488657,0.614501598,-1.479301455,,162,6.633333333,-2.003508772,3.604761905,0.249122807,1.151190477,0.562280701,0.317857143,0.123684211,0.853571429,-0.323684211,0.359523809,-0.196491228,0.5045,-0.059,0.5885,0.078,0.564285715,-0.042105263,33.5,-22,16.24404762,-0.57456141,,,9.39130435,9.507246379,3.478260869,1.043478262,1.159420289,1.449275363,0.705995664,1,,1024,-2.086513239,-1.143923117
Johnny Juzang,1630548,2024-25,0,1610612762,24,64,18,19.84375,3.1875,7.421875,0.429,1.84375,4.90625,0.376,0.703125,0.828125,0.849,0.65625,2.21875,2.875,1.0625,0.609375,0.125,0.5625,1.96875,8.921875,Guard,0.45773144,0.750091953,-0.136953589,-0.414819868,-0.617666696,-0.177434107,-0.752377692,0.820737419,-0.517937429,0.140868545,0.729353889,-0.926229528,,571,6.016666667,1.721875,1.983333334,1.075,0.797222222,-0.0875,0.211111111,0.409375,0.133333333,0.025,1.216666667,0.24375,0.4005,-0.035,0.607,0.135,0.408333334,-0.0875,19,44,15.74444445,1.24375,,,16.18582677,5.215748031,1.927559055,1.105511811,0.226771654,1.020472441,0.885841539,1,,576,-2.089183902,-1.274888132
Terance Mann,1629611,2024-25,0,0,28,67,13,21.10447761,3.059701493,6.164179104,0.496,0.895522388,2.432835821,0.368,0.701492537,1.014925373,0.691,1.014925373,1.955223881,2.970149254,1.805970149,0.701492537,0.223880597,0.701492537,1.910447761,7.71641791,Guard-Forward,0.461962014,0.747310764,-0.318756455,-0.375605502,-0.227283504,0.059329183,-0.511049908,-0.225852692,0.351207154,-0.459823973,0.562011205,-1.145824493,,517,8.787901235,-1.056915423,3.397037037,-0.416517413,1.929135802,0.219303482,0.545925926,0.128159204,0.235802469,0.023880597,0.948641976,-0.051144279,0.517,-0.019,0.806,-0.141,0.81382716,0.061492537,78,-8,24.04222222,-3.86885572,,,13.16265912,5.066478077,3.080622348,1.196605374,0.381895332,1.196605374,0.904001915,1,,784,-2.097635218,-1.358430596
Andre Drummond,203083,2024-25,0,1610612755,31,40,23,18.775,2.925,5.85,0.5,0.075,0.5,0.15,1.4,2.25,0.622,2.725,5.025,7.75,0.85,0.975,0.45,1.375,2.35,7.325,Center,0.462082052,0.74300841,-0.37778875,1.594339709,-0.729246735,0.762306367,0.040816647,-1.131490333,0.375868109,-1.389063899,-0.248870799,-1.103129684,,293,7.173814472,-1.067405063,7.794445494,-1.212025316,0.480445871,0.38164557,0.797846212,0.050949367,0.505290006,-0.157594937,0,0.075,0.581,-0.056,0.564,0.03,1.072359721,0.349683544,73,-39,14.8864538,1.67373418,,,14.04527297,14.86018642,1.629826897,1.869507324,0.862849534,2.636484687,0.721685888,1,,961,-2.125031668,-1.19149447
Collin Gillespie,,2024-25,,,25,33,9,14,2.1,4.8,0.43,1.2,,,0.6,0.7,0.864,0.7,1.7,2.4,2.4,0.6,0.2,0.5,0.9,5.9,Guard,0.458496042,0.750049101,-0.592702318,-0.610584135,0.084631198,-0.201530016,-0.569332845,0.110209297,-0.360854887,0.131613208,0.804601942,-1.203948556,PHO,194.7,3.6,2.3,0.9,1.5,1.1,1.3,0.5,0.1,0,0.2,0.6,0.6,0.464,-0.034,0.667,0.197,0.6,-0.1,24,9,9.4,4.6,,,15.17142857,6.171428571,6.171428571,1.542857143,0.514285714,1.285714286,0.664859736,1,,625,-2.133000306,-2.028048576
Dean Wade,1629731,2024-25,0,1610612739,28,59,30,21.23728814,1.898305085,4.593220339,0.413,1.355932203,3.762711864,0.36,0.271186441,0.508474576,0.533,0.86440678,3.355932203,4.220338983,1.288135593,0.711864407,0.338983051,0.372881356,1.711864407,5.423728814,Forward-Center,0.457805822,0.746284791,-0.66453189,0.139641814,-0.499189386,0.085987278,-0.230131093,0.282316816,-0.502656229,-0.681417884,0.957648829,-1.112331744,,320,5.035353536,0.034839925,3.723063973,0.183301946,0.818602693,0.491839297,0.688552189,-0.028876334,0.470117845,-0.123979912,1.242845118,-0.10703076,0.413,-0.001,0.7105,-0.236,0.378367003,0.002510986,49,5,20.3956229,0.71876962,,,9.193934556,7.154030326,2.183559456,1.206703911,0.57462091,0.632083001,0.854601041,1,,784,-2.149709918,-0.650830901
Kessler Edwards,1630556,2024-25,0,1610612742,24,40,18,15.2,1.675,3.375,0.496,0.55,1.35,0.407,0.3,0.325,0.923,0.55,2.325,2.875,1.05,0.475,0.5,0.4,1.55,4.2,Forward,0.461043629,0.749581012,-0.849090434,-0.414819868,-0.624230228,-0.522808811,0.162846545,-0.607217156,0.162530804,0.030513406,0.924998827,-1.737276915,,168,4.347222223,1.422222222,2.638888889,1.180555556,0.642361111,0.411111111,0.496527778,0.086111111,0.333333334,0.333333333,0.736111111,0.077777778,0.3995,0.109,0.7875,0.19,0.618055556,0.038888889,42,4,15.64236111,4.47777778,,,9.947368421,6.809210526,2.486842105,1.125,1.184210526,0.947368421,0.721685888,1,,576,-2.163585522,-1.562100645
KJ Martin,1630231,2024-25,0,0,24,43,16,21.20930233,2.581395349,4.674418605,0.552,0.348837209,1.348837209,0.259,0.860465116,1.093023256,0.787,0.697674419,2.209302326,2.906976744,1.11627907,0.395348837,0.511627907,0.558139535,2.348837209,6.372093023,Forward,0.463978352,0.749278401,-0.521502882,-0.401641123,-0.589428245,-0.727530648,0.191225591,-0.829247168,0.765450977,-0.034845903,0.734603753,-1.412915647,,274,8.202032522,2.63875969,3.847764228,0.723643411,1.175,0.26627907,0.433333334,0.02868217,0.28292683,0.311627907,0.481300813,0.215503876,0.5525,0.016,0.6085,0.25,0.821544716,0.024806202,71,-17,20.20060976,8.75930233,,,10.81578947,4.934210525,1.894736842,0.671052631,0.868421052,0.947368421,0.74450317,1,,576,-2.179704848,-1.599259028
Josh Minott,1631169,2024-25,0,1610612750,22,46,0,6,0.956521739,1.956521739,0.489,0.304347826,0.934782609,0.326,0.369565217,0.413043478,0.895,0.260869565,0.760869565,1.02173913,0.391304348,0.326086957,0.260869565,0.239130435,0.739130435,2.586956522,Forward,0.460422968,0.749654469,-1.092364068,-1.178614089,-0.970099812,-0.905549634,-0.420774708,-0.878351568,0.035019803,0.046378959,1.118680771,-4.245674346,,119,3.066666667,-0.479710145,1.666666667,-0.644927537,0.333333333,0.057971015,0.266666667,0.05942029,0.4,-0.139130435,0.133333333,0.171014493,0.5,-0.011,1,-0.105,0.2,0.039130435,15,31,6.4,-0.4,,,15.52173913,6.13043478,2.347826088,1.956521742,1.56521739,1.43478261,0.766537442,1,,484,-2.19376937,-1.881279936
Josh Richardson,1626196,2024-25,0,1610612748,31,8,0,18.625,1.375,4.75,0.289,0.75,2.75,0.273,0.5,0.5,1,0.75,0.75,1.5,1.5,1,0.125,1,2.125,4,Guard,0.452115849,0.750944345,-0.879253742,-0.981505903,-0.387943086,0.826562126,-0.752377692,-0.386470555,-1.67162502,0.324971644,0.202617519,-3.705024709,,32,9.972629695,-5.88372093,2.75313059,-1.313953488,2.559391771,-0.941860465,0.809838999,0.441860465,0.316636852,-0.200581395,1.590518783,-0.784883721,0.4375,-0.155,0.898,0.056,1.080143113,0.162790698,54,-35,24.59481217,-7.02616279,,,7.731543624,2.899328859,2.899328859,1.932885906,0.241610738,1.932885906,0.379144468,1,,961,-2.237512812,-1.842667813
Trey Lyles,1626168,2024-25,0,1610612758,29,69,5,19.56521739,2.275362319,5.420289855,0.42,1.173913043,3.449275362,0.34,0.811594203,1.15942029,0.7,1.15942029,3.420289855,4.579710145,1.188405797,0.594202899,0.333333333,0.565217391,1.246376812,6.536231884,Forward,0.457814212,0.747355686,-0.496748027,0.287751355,-0.55155576,-0.216429901,-0.243919783,0.081416262,-0.500932511,-0.450121621,0.726082235,-1.364457753,,451,7.409366263,-0.687906047,4.242544269,0.148675662,1.066635601,-0.052973513,0.328984157,0.301099451,0.373252563,0.005747126,1.311975769,-0.274362819,0.4515,-0.025,0.7575,0,0.76001864,-0.089955023,66,11,18.4084343,-0.40029985,,,12.02666667,8.426666667,2.186666667,1.093333334,0.613333333,1.04,0.915883737,1,,841,-2.243218624,-1.718087448
Gui Santos,,2024-25,,,22,56,2,13.6,1.5,3.2,0.458,0.6,,,0.5,0.8,0.69,1.3,1.8,3.1,1.4,0.4,0.2,0.8,1.6,4.1,Forward-Center,0.459806058,0.747533257,-0.864172088,-0.322089426,-0.440451339,-0.715576088,-0.569332845,-0.552030506,-0.091720381,-0.411769167,0.443411288,-3.523730551,GSW,229.6,3.6,0.5,2.1,1,0.6,0.8,0.2,0.2,0.1,0.1,0.4,0.2,0.509,-0.051,0.941,-0.251,0.3,0.5,23,33,8.3,5.3,,,10.85294118,8.205882353,3.705882353,1.058823529,0.529411765,2.117647059,0.835218084,1,,484,-2.249326632,-2.422520914
Vince Williams Jr.,1631246,2024-25,0,1610612763,24,27,5,18.48148148,2.481481481,6.185185185,0.401,0.962962963,3.518518519,0.274,0.703703704,0.888888889,0.792,0.814814815,2.814814815,3.62962963,2.037037037,0.444444444,0.259259259,1.222222222,1.666666667,6.62962963,Guard,0.456435089,0.749214421,-0.482662102,-0.103810361,-0.105954316,-0.601343628,-0.424704818,-0.151416304,-0.784264584,-0.048664391,-0.064931114,-2.767751617,,179,6.009615385,-3.38960114,3.288461539,-1.947293447,1.816025641,-1.328347578,0.651923077,-0.45940171,0.393589744,-0.394586895,0.892948718,-0.556267806,0.373,-0.045,0.9,-0.008,1.051282051,-0.547008547,33.5,-25,17.31730769,-9.1531339,,,12.91382766,7.070140282,3.967935872,0.865731462,0.50501002,2.380761523,0.611127948,1,,576,-2.271663502,-2.359362686
Trendon Watford,1630570,2024-25,0,1610612751,24,44,6,20.75,3.727272727,7.954545455,0.469,0.659090909,2,0.33,2.113636364,2.772727273,0.762,0.840909091,2.795454545,3.636363636,2.613636364,0.613636364,0.272727273,1.886363636,2.159090909,10.22727273,Guard-Forward,0.460537042,0.749165519,0.059921978,-0.101035039,0.196807922,-0.16648142,-0.39183481,-0.486809919,0.058455587,-0.059226489,-0.864536686,-1.754738876,,450.0000001,7.130184332,3.370129873,3.459037378,0.556998557,1.69124424,1.327922078,0.440604199,0.248556999,0.247567845,-0.028860029,0.415898618,0.23051948,0.5435,-0.058,0.757,-0.032,1.072580645,0.886363636,62.5,-19,16.33384537,7.1468254,,,17.74370209,6.30887185,4.534501644,1.064622125,0.473165389,3.272727272,0.751930938,1,,576,-2.280159768,-1.095330906
Kevon Looney,1626172,2024-25,0,1610612744,29,76,6,15.02631579,1.881578947,3.657894737,0.514,0.026315789,0.065789474,0.4,0.736842105,1.302631579,0.566,2.434210526,3.644736842,6.078947368,1.552631579,0.605263158,0.486842105,0.513157895,2.026315789,4.526315789,Forward,0.461774216,0.743821082,-0.799876616,0.905639934,-0.360307163,-0.188002488,0.130733413,-1.185224704,0.312625204,-1.213539836,0.788760246,-1.609192008,,344,5.781147001,0.012802275,7.465227423,0.416785206,2.160843771,-0.244665718,0.50626236,0.22688478,0.500823995,0.094950213,0,0.026315789,0.6135,-0.083,0.6405,-0.109,0.612228082,-0.162517781,78,2,20.00659196,-1.10881935,,,10.8441331,14.56392294,3.719789842,1.450087566,1.16637478,1.229422067,0.956169483,1,,841,-2.303112942,-0.323275915
Haywood Highsmith,1629312,2024-25,0,1610612748,28,74,42,24.56756757,2.418918919,5.283783784,0.458,1.202702703,3.148648649,0.382,0.418918919,0.581081081,0.721,0.972972973,2.432432432,3.405405405,1.513513514,0.918918919,0.5,0.72972973,2.216216216,6.459459459,Forward,0.459770312,0.748138397,-0.508326578,-0.196221079,-0.380847376,0.61816507,0.162846545,0.11319236,-0.099064092,-0.281068582,0.528014504,-0.043309227,,478,5.253367003,0.323095823,3.331649832,0.223587223,0.928451179,0.452907453,0.734848485,0.115888616,0.384680135,0.045454545,0.918350169,0.051187551,0.448,-0.007,0.5515,0.082,0.674242424,0.214578215,60,8,19.32070707,3.87059787,,,9.465346533,4.990099009,2.217821783,1.346534653,0.732673267,1.069306931,0.944855781,1,,784,-2.338122338,-1.514024538
Duop Reath,,2024-25,,,28,46,0,10.2,1.5,3.6,0.422,0.7,,,0.4,0.5,0.909,1,1,2,0.6,0.3,0.3,0.3,0.9,4.2,Center,0.458548119,0.750043355,-0.849090434,-0.775438254,-0.860517369,-0.972599123,-0.325273048,-0.441657205,-0.350155854,0.130372135,1.045395711,-3.398963441,POR,193.2,9.1,-4.9,3.7,-1.7,1,-0.4,0.5,-0.2,0.6,-0.3,1.3,-0.6,0.461,-0.039,0.742,0.167,0.8,-0.5,68,-22,17.9,-7.7,,,14.82352941,7.058823529,2.117647059,1.058823529,1.058823529,1.058823529,0.766537442,1,,784,-2.342017883,-2.828026161
Garrison Mathews,1629726,2024-25,0,1610612737,28,47,2,17.65957447,2.170212766,5.468085106,0.397,1.808510638,4.638297872,0.39,1.361702128,1.659574468,0.821,0.276595745,1.574468085,1.85106383,1.276595745,0.553191489,0.319148936,0.659574468,1.723404255,7.510638298,Guard,0.45660462,0.750784351,-0.349791424,-0.836820107,-0.505248759,-0.321838672,-0.278538194,0.781842572,-0.749435406,0.290415364,0.612479254,-1.356935372,,353,4.841750842,2.586395874,1.372895623,0.457124436,0.521043771,0.715989684,0.373737374,0.250161186,0.106902357,0.197936815,1.227272728,0.52063185,0.4095,-0.059,0.858,0.011,0.31986532,0.37169568,60,-19,13.86700337,2.62927144,,,15.31084337,3.773493976,2.602409639,1.127710843,0.650602409,1.344578313,0.773721595,1,,784,-2.369475569,-2.204304755
Sandro Mamukelashvili,,2024-25,,,25,61,0,11.2,2.3,4.6,0.502,1,,,0.7,1,0.741,1,2,3.1,0.8,0.4,0.3,0.4,1,6.3,Forward-Center,0.461716876,0.748307636,-0.532375702,-0.322089426,-0.755500862,-0.715576088,-0.325273048,-0.110537304,0.300844967,-0.244515555,0.924998827,-1.780024192,SAS,384.3,4.1,2.2,3.2,-0.1,1.1,-0.3,0.2,0.2,0.3,0,0.4,0.6,0.471,0.031,0.735,0.006,0.4,0,46,15,9.8,1.4,,,20.25,9.964285714,2.571428571,1.285714286,0.964285714,1.285714286,0.867250303,1,,625,-2.377092512,-1.059701144
Amir Coffey,1629599,2024-25,0,1610612746,28,72,13,24.27777778,3.333333333,7.083333333,0.471,1.402777778,3.430555556,0.409,1.597222222,1.791666667,0.891,0.444444444,1.791666667,2.236111111,1.069444444,0.555555556,0.097222222,0.625,1.666666667,9.666666667,Guard-Forward,0.460600484,0.753384993,-0.024626688,-0.678128531,-0.61402029,-0.315762475,-0.820172081,0.334021823,0.071489446,0.852112702,0.654105836,-0.540980256,,696,5.027142857,3.052380953,1.587142857,0.121825397,1.072857143,-0.016269842,0.362857143,-0.03015873,0.15,-0.102777778,0.61,0.402777778,0.429,-0.001,0.8185,0.032,0.445714286,0.153571429,60,2,16.68571429,3.40634921,,,14.33409611,3.315789473,1.585812356,0.823798628,0.144164759,0.926773455,0.933388129,1,,784,-2.384247439,-1.445871051
Isaac Okoro,1630171,2024-25,0,1610612739,24,55,22,19.14545455,2.254545455,4.854545455,0.464,1.018181818,2.745454545,0.371,0.6,0.836363636,0.717,0.890909091,1.472727273,2.363636364,1.236363636,0.581818182,0.290909091,0.418181818,1.890909091,6.127272727,Guard-Forward,0.460055347,0.747936309,-0.558425832,-0.625570873,-0.526373937,-0.248261477,-0.347460302,-0.090469431,-0.040505571,-0.324716348,0.903108484,-1.858675286,,337,7.912090008,-3.249538867,2.723016781,-0.621870882,1.52889016,-0.676679842,0.781464531,-0.244268775,0.443745233,-0.201844532,1.016590389,-0.199209486,0.492,-0.026,0.718,0.038,0.667620138,-0.364426878,72.5,-14,24.54891305,-8.20237154,,,11.52136752,4.444444444,2.324786324,1.094017094,0.547008547,0.786324786,0.828642207,1,,576,-2.397362468,-1.564446562
Chuma Okeke,1629643,2024-25,0,0,26,9,3,21.88888889,2.222222222,4.444444444,0.5,1.222222222,3.111111111,0.393,0.222222222,0.333333333,0.667,2.333333333,2.888888889,5.222222222,1.666666667,0.555555556,0.444444444,0.333333333,0.555555556,5.888888889,Forward,0.461571773,0.74791436,-0.594378057,0.552553261,-0.300429329,-0.315762475,0.027257768,0.134736697,0.271034574,-0.32945698,1.005263417,0.450818875,,53,3.508668243,3.612293144,2.628841608,3.520094562,0.897951143,1.241134752,0.447596533,0.364066194,0.278171789,0.295508274,0.726162333,0.73286052,0.3545,0.143,0.6665,0.096,0.485027581,-0.007092199,37,-38,14.18833728,12.69739953,,,9.685279188,8.588832487,2.741116752,0.913705584,0.730964466,0.54822335,0.395954726,1,,676,-2.398023886,-1.675754505
Georges Niang,1627777,2024-25,0,0,32,79,3,21.48101266,3.620253165,7.848101266,0.461,2.101265823,5.17721519,0.406,0.582278481,0.734177215,0.793,0.594936709,2.848101266,3.443037975,1.405063291,0.35443038,0.17721519,1.037974684,2.544303797,9.924050633,Forward,0.459946529,0.74909842,0.014191071,-0.180711368,-0.437792694,-0.832700508,-0.624941406,1.104966132,-0.062861442,-0.073718912,0.156897182,-0.936671945,,784,8.766260163,0.558196974,2.881019387,0.052794073,1.091150719,0.20994134,0.375234522,-0.011423279,0.199499687,-0.042297005,1.895716073,0.284192652,0.4455,0.012,0.8585,-0.057,0.785178236,0.159925904,80,-3,20.85694184,-0.84825563,,,16.631703,5.770182675,2.354743665,0.593989393,0.296994697,1.739540366,0.972864486,1,,1024,-2.40610776,-1.229518909
Pelle Larsson,,2024-25,,,23,55,8,14.2,1.6,3.7,0.438,0.6,,,0.7,1.1,0.672,0.5,1.2,1.7,1.2,0.6,0.1,0.4,1.7,4.6,Guard,0.459083753,0.746808013,-0.788763818,-0.899078843,-0.545467847,-0.201530016,-0.813392641,-0.552030506,-0.240113361,-0.568410354,0.924998827,-3.68378856,MIA,253,-999,-999,-999,-999,-999,-999,-999,-999,-999,-999,-999,-999,-999,-999,-999,-999,-999,-999,-999,-999,-999,-999,,,11.66197183,4.309859155,3.042253521,1.521126761,0.253521127,1.014084507,0.828642207,1,,529,-2.497848818,-2.319417965
Mason Plumlee,203486,2024-25,0,1610612756,35,74,21,17.56756757,1.689189189,2.72972973,0.619,0,0.054054054,0,1.121621622,1.72972973,0.648,1.567567568,4.581081081,6.148648649,1.810810811,0.445945946,0.635135135,0.797297297,2.081081081,4.5,Forward-Center,0.46409241,0.745094833,-0.803845472,0.934366293,-0.224741756,-0.597484422,0.492657081,-1.214270308,0.788883519,-0.938429963,0.446665258,-1.116199771,,333,8.076224548,-0.804347826,6.973858008,1.061692127,2.148458998,0.615158637,0.443313154,0.14159812,0.482250963,0.265569918,0,0,0.6245,0.05,0.6715,-0.059,1.131810677,0.014688601,62.5,28,20.31975784,2.91539366,,,9.22153846,12.6,3.710769231,0.913846154,1.301538461,1.633846153,0.944855781,1,,1225,-2.540740413,-1.332232758
John Konchar,1629723,2024-25,0,1610612763,29,46,4,12.13043478,0.891304348,1.97826087,0.451,0.5,1.347826087,0.371,0.152173913,0.173913043,0.875,0.804347826,2.47826087,3.282608696,0.913043478,0.652173913,0.304347826,0.347826087,0.695652174,2.434782609,Guard,0.459691903,0.748892424,-1.115314411,-0.246829937,-0.696143706,-0.067431041,-0.314661753,-0.662403806,-0.115172733,-0.118210713,0.987814592,-2.348353508,,112,4.664141414,-1.837944664,4.489141415,-1.390118577,1.694444445,-1.086956522,0.998358585,-0.275098814,0.637247475,-0.622924901,0.762121212,-0.190909091,0.427,0.028,0.809,0.035,0.675126263,-0.488537549,63.5,-9,21.04772728,-9.21501977,,,7.225806454,9.741935487,2.709677419,1.935483871,0.903225806,1.032258065,0.766537442,1,,841,-2.54636274,-0.561709658
Ben Simmons,1627732,2024-25,0,0,28,51,24,21.96078431,2.274509804,4.37254902,0.52,0,0,0,0.470588235,0.647058824,0.727,0.921568627,3.803921569,4.725490196,5.588235294,0.745098039,0.450980392,2,2.098039216,5.019607843,Guard-Forward,0.462383176,0.748179699,-0.725480016,0.34783246,1.758717876,0.171405368,0.04320939,-1.214270308,0.437732107,-0.272148016,-1.001351328,-0.454352468,,256,6.530952381,-1.11372549,7.097619048,-3.207843137,5.914285714,-0.145098039,1.042857143,-0.054901961,0.585714285,-0.149019608,0,0,0.5735,-0.061,0.4195,0.327,2.054761905,0.2,28.5,36,25.12142857,-1.97254902,,,8.22857143,7.746428573,9.160714287,1.221428571,0.739285714,3.278571429,0.801720961,1,,784,-2.549912019,-1.811169713
Drew Eubanks,1629234,2024-25,0,0,28,61,4,12.2295082,1.885245902,3.180327869,0.593,0.049180328,0.098360656,0.5,0.770491803,1.163934426,0.662,0.983606557,2.721311475,3.704918033,0.885245902,0.196721311,0.639344262,0.672131148,1.032786885,4.590163934,Forward-Center,0.463967508,0.746487041,-0.79024726,-0.072781353,-0.710739727,-1.238049145,0.502929868,-1.159988357,0.763223149,-0.637735029,0.597361402,-2.746026452,,280,5.847179487,-0.463169399,4.826153846,-0.5884153,1.08025641,0.045245902,0.436410257,-0.163278689,1.060512821,-0.173989071,0.064871795,0.009180328,0.621,-0.008,0.719,-0.112,0.836153846,-0.141202185,76.5,-14,17.94717949,-3.35715847,,,13.51206434,10.90616622,2.605898124,0.57908847,1.882037532,1.97855228,0.867250303,1,,784,-2.579867369,-1.832879399
Johnny Furphy,,2024-25,,,20,50,0,7.6,0.7,1.8,0.38,0.3,,,0.4,0.4,0.818,0.5,1,1.4,0.4,0.4,0.2,0.2,0.8,2.1,Guard,0.458451721,0.749005743,-1.165805166,-1.022719433,-0.965533877,-0.715576088,-0.569332845,-0.883150407,-0.369960349,-0.093735612,1.165792596,-4.62002118,IND,105,-999,-999,-999,-999,-999,-999,-999,-999,-999,-999,-999,-999,-999,-999,-999,-999,-999,-999,-999,-999,-999,-999,,,9.947368421,6.631578947,1.894736842,1.894736842,0.947368421,0.947368421,0.794827213,1,,400,-2.579948883,-1.606260876
Jeff Dowtin Jr.,1630288,2024-25,0,1610612755,28,41,3,15.14634146,2.731707317,5.609756098,0.487,0.682926829,1.707317073,0.4,0.804878049,1.097560976,0.733,0.292682927,1.170731707,1.463414634,1.902439024,0.585365854,0.292682927,0.365853659,0.707317073,6.951219512,Guard,0.461305264,0.748121846,-0.434161029,-0.996584024,-0.176629382,-0.239143143,-0.343131082,-0.460501427,0.216281955,-0.284643287,0.966109957,-1.75240146,,285,3.386666667,2.617886179,1.293333334,-0.203252033,1.745,-0.347560976,0.471666667,0.002032521,0.101666667,0.209349594,0.475,-0.067073171,0.4975,-0.069,0.7085,-0.017,0.308333334,-0.050813008,18.5,29,11.09666667,3.31300813,,,16.52173913,3.47826087,4.521739131,1.391304349,0.695652174,0.869565219,0.729383864,1,,784,-2.612203656,-3.173714123
Ricky Council IV,,2024-25,,,23,73,12,17.1,2.4,6.3,0.382,0.8,,,1.7,2.1,0.804,0.7,2.2,2.9,1.3,0.4,0.2,0.7,0.9,7.3,Forward,0.455249155,0.750692696,-0.381559163,-0.404516486,-0.492959593,-0.715576088,-0.569332845,-0.331283905,-1.027907171,0.270619303,0.563808173,-3.088707774,PHI,532.9,5.4,1.9,1.4,1.5,0.5,0.8,0.3,0.1,0,0.2,0.4,0.4,0.482,-0.1,0.746,0.058,0.2,0.5,32,41,9,8.1,,,15.36842105,6.105263158,2.736842105,0.842105263,0.421052632,1.473684211,0.939141592,1,,529,-2.647218003,-2.224234129
Jarred Vanderbilt,1629020,2024-25,0,1610612747,26,36,2,16.13888889,1.638888889,3.361111111,0.488,0.25,0.888888889,0.281,0.555555556,1,0.556,1.888888889,3.166666667,5.055555556,1.138888889,0.972222222,0.277777778,0.805555556,1.861111111,4.083333333,Forward,0.460778787,0.744680185,-0.866685697,0.483864045,-0.577556224,0.755166838,-0.379508558,-0.938337057,0.108120634,-1.027987182,0.436722572,-2.006200629,,147,6.554155615,-1.08908046,6.110079576,0.296934866,1.800176834,-0.102490421,1.152740937,-0.269157088,0.220822281,0.105363985,0.32382847,-0.025862069,0.533,-0.03,0.679,-0.111,1.104553493,-0.159961685,53.5,7,22.06852343,-3.89559387,,,9.108433734,11.27710843,2.540447504,2.168674698,0.619621343,1.796901894,0.689886814,1,,676,-2.653776802,-0.263613579
Jalen Pickett,,2024-25,,,25,49,4,13.6,1.6,3.7,0.428,0.8,,,0.1,0.2,0.75,0.3,1.1,1.4,2.2,0.4,0.1,0.5,0.8,4.1,Guard,0.458726954,0.748459949,-0.864172088,-1.022719433,-0.02038531,-0.715576088,-0.813392641,-0.331283905,-0.31341534,-0.21161839,0.804601942,-3.487961252,DEN,200.9,-999,-999,-999,-999,-999,-999,-999,-999,-999,-999,-999,-999,-999,-999,-999,-999,-999,-999,-999,-999,-999,-999,,,10.85294118,3.705882353,5.823529412,1.058823529,0.264705882,1.323529412,0.787864177,1,,625,-2.663016553,-2.64005242
Brandon Williams,1630314,2024-25,0,1610612742,25,33,3,14.75757576,2.96969697,5.696969697,0.521,0.727272727,1.818181818,0.4,1.666666667,2,0.833,0.363636364,1.393939394,1.757575758,2.303030303,0.727272727,0.151515152,1.181818182,1,8.333333333,Guard,0.463159034,0.751705566,-0.225715406,-0.875349841,0.033714103,0.12559021,-0.687664866,-0.411555396,0.597127295,0.489383211,-0.016285908,-0.970756598,,275,8.025735294,5.156862745,1.924019608,0.992869876,2.458333333,1.303030303,0.529411765,0.668449198,0.237745098,0.092691623,0.734068628,0.550802139,0.371,0.151,0.674,0.186,1.414215687,0.770053476,20.5,16,16.65686275,8.110516936,,,20.32854209,4.287474333,5.618069814,1.774127309,0.369609857,2.882956879,0.664859736,1,,625,-2.669414524,-2.046531315
Julian Strawther,,2024-25,,,22,65,4,21.3,3.2,7.5,0.432,1.4,,,1.1,1.4,0.822,0.3,1.9,2.2,1.3,0.6,0.2,0.9,2.3,9,Guard,0.457919862,0.750456993,-0.125171047,-0.693011194,-0.492959593,-0.201530016,-0.569332845,0.330955898,-0.479227341,0.219711299,0.323014403,-1.687550437,DEN,585,4.5,4.5,1.2,1,0.9,0.4,0.3,0.3,0.1,0.1,0.8,0.6,0.369,0.063,0.71,0.112,0.5,0.4,50,15,10.9,10.4,,,15.21126761,3.718309859,2.197183099,1.014084507,0.338028169,1.521126761,0.891941389,1,,484,-2.698416518,-1.813667056
Lindy Waters III,1630322,2024-25,0,0,27,52,9,14.96153846,1.769230769,4.788461538,0.369,1.230769231,3.576923077,0.344,0.153846154,0.211538462,0.727,0.384615385,1.730769231,2.115384615,1,0.519230769,0.211538462,0.384615385,1.192307692,4.923076923,Forward,0.455711696,0.748363405,-0.740038475,-0.727884181,-0.650484354,-0.409125546,-0.541172098,0.144170313,-0.932881145,-0.232470321,0.943521424,-3.146364384,,256,4.412387677,1.317813765,1.440949936,1.062753036,0.657252888,0.368421053,0.236521181,0.387651822,0.226251604,0.027327936,1.194159179,0.25708502,0.432,-0.102,0.9,-0.273,0.214056483,0.200404859,39.5,14,10.15982028,7.593117407,,,11.84575836,5.089974293,2.406169666,1.249357326,0.50899743,0.925449872,0.808547448,1,,729,-2.734181839,-2.293594914
Gary Payton II,1627780,2024-25,0,1610612744,32,62,11,14.9516129,2.758064516,4.806451613,0.574,0.5,1.532258065,0.326,0.435483871,0.612903226,0.711,0.85483871,2.129032258,2.983870968,1.338709677,0.838709677,0.274193548,0.629032258,1.741935484,6.451612903,Guard,0.465098166,0.748000238,-0.509509969,-0.369950299,-0.472633818,0.412008842,-0.388256222,-0.662403806,0.995509593,-0.310908751,0.649251123,-0.656893308,,400,5.022727273,0.997067448,2.852272727,0.41568915,1.227272728,0.247800586,0.943181818,-0.047653959,0.318181818,-0.134897361,0.522727273,0.045454545,0.5785,0.011,0.733,0.102,0.670454545,0.015395894,33,18,16.09090909,-0.50293255,,,15.53398059,7.184466022,3.223300971,2.019417475,0.660194174,1.514563107,0.873497163,1,,1024,-2.749474414,-1.512155614
Kyle Lowry,200768,2024-25,0,1610612755,39,35,12,18.82857143,1.171428571,3.342857143,0.35,0.828571429,2.514285714,0.33,0.771428571,0.942857143,0.818,0.314285714,1.6,1.914285714,2.742857143,0.942857143,0.314285714,0.6,1.771428571,3.942857143,Guard,0.456310058,0.749740959,-0.88787183,-0.810764137,0.264659496,0.67969182,-0.290407364,-0.299748675,-0.809951302,0.065059424,0.684205057,-1.40512751,,138,9.649242424,-4.173809524,3.662121212,-1.319047619,4.662878788,-1.473809524,1.009848485,-0.04047619,0.365909091,-0.035714286,1.789393939,-0.804761904,0.418,-0.082,0.8495,-0.022,1.64469697,-0.816666667,57.5,-25,29.70151516,-9.33809524,,,7.538694992,3.660091046,5.24430956,1.802731411,0.60091047,1.147192716,0.681664532,1,,1521,-2.791741925,-2.397521353
Zeke Nnaji,1630192,2024-25,0,1610612743,24,57,4,10.66666667,1.228070175,2.473684211,0.496,0.298245614,0.912280702,0.327,0.473684211,0.771929825,0.614,0.578947368,1,1.578947368,0.403508772,0.438596491,0.666666667,0.245614035,1.087719298,3.228070175,Forward-Center,0.460736168,0.746409571,-0.995673526,-0.948968906,-0.963691482,-0.616374215,0.569612874,-0.885086781,0.099364757,-0.654467406,1.110874719,-3.284409966,,184,4.216655823,0.021173623,2.388093689,-0.593466425,0.44567339,-0.148215366,0.289687704,0.179975801,0.544567339,0.011494253,0.212101497,0.194797338,0.512,0.033,0.661,-0.063,0.525211451,-0.219903206,55.5,-1,11.83344177,0.735632187,,,10.89473684,5.328947365,1.361842105,1.480263157,2.25,0.828947368,0.841735505,1,,576,-2.851393973,-1.612901624
Markelle Fultz,1628365,2024-25,0,1610612758,27,21,0,8.761904762,1.333333333,3.19047619,0.418,0.19047619,0.380952381,0.5,0.047619048,0.047619048,1,0.285714286,0.666666667,0.952380952,1.285714286,0.476190476,0.095238095,0.714285714,0.571428571,2.904761905,Guard,0.458569492,0.748693129,-1.044433761,-1.207199042,-0.500460772,-0.519749013,-0.825014537,-1.004035451,-0.345765045,-0.161255294,0.546608618,-5.061304298,,61.00000001,10.87034884,-4.885935769,3.554651163,-2.256921374,4.237015504,-1.504983388,1.213372093,-0.50055371,0.391085271,-0.253599114,0.271511628,0.097452934,0.493,-0.054,0.74,0.303,1.739728683,-0.448504984,51.5,-22,25.39806202,-12.40088594,,,11.93478261,3.913043477,5.282608697,1.956521738,0.391304347,2.934782607,0.551011319,1,,729,-2.874115791,-2.233103729
Jaylen Nowell,1629669,2024-25,0,1610612740,25,8,0,21,3.25,9.125,0.356,1,3.375,0.296,0.875,1.375,0.636,0.75,1.75,2.5,2.25,0.125,0.5,1,1.125,8.375,Guard,0.451178787,0.745444077,-0.219431384,-0.569370605,0.005868817,-1.422389435,0.162846545,-0.110537304,-1.864138365,-0.862998766,0.202617519,-4.677532979,,67,8.53076923,2.144230769,2.230769231,0.653846154,1.746153847,0.788461538,0.476923077,-0.182692308,0.115384616,0.346153846,0.746153847,0.538461538,0.442,-0.08,0.778,-0.142,0.769230769,0.461538462,39,-5,17.86153846,4.53846154,,,14.35714286,4.285714286,3.857142857,0.214285714,0.857142857,1.714285714,0.379144468,1,,625,-2.8840213,-1.783972448
Simone Fontecchio,,2024-25,,,29,75,0,16.5,2,5,0.402,1,,,0.9,1.1,0.833,0.7,2.2,2.9,0.9,0.4,0.2,0.7,1.3,5.9,Forward,0.45710843,0.750273766,-0.592702318,-0.404516486,-0.702992608,-0.715576088,-0.569332845,-0.110537304,-0.645930867,0.180137176,0.563808173,-2.997643167,DET,442.5,10.5,-4.6,3.7,-0.8,1.5,-0.6,0.7,-0.3,0.3,-0.1,2,-1,0.46,-0.058,0.818,0.015,1,-0.3,66,9,24.9,-8.4,,,12.87272727,6.327272727,1.963636364,0.872727273,0.436363636,1.527272727,0.950531489,1,,841,-2.888272273,-2.330291668
Kevin Love,201567,2024-25,0,1610612748,36,23,9,10.91304348,1.782608696,5,0.357,1.043478261,2.913043478,0.358,0.695652174,1,0.696,0.956521739,3.130434783,4.086956522,0.956521739,0.652173913,0.173913043,0.608695652,0.913043478,5.304347826,Forward-Center,0.454965573,0.747425283,-0.682536517,0.084670194,-0.67331403,-0.067431041,-0.633000619,-0.062548912,-1.086167271,-0.435089735,0.673735763,-2.881682168,,122,8.513929619,-3.513833992,6.290469208,-2.058498023,1.980938417,-1.134387352,0.292668622,0.324901186,0.187683285,-0.007905139,1.56202346,-0.483794466,0.4145,-0.083,0.833,-0.091,1.000879766,-0.264031621,58.5,-32,18.39193549,-5.88695652,,,17.49800797,13.48207171,3.155378485,2.151394422,0.573705178,2.007968127,0.571905562,1,,1296,-2.944572997,-1.35129405
Moussa Diabaté,1631217,2024-25,0,1610612766,23,71,8,17.47887324,2.352112676,3.943661972,0.596,0,0.084507042,0,0.971830986,1.633802817,0.595,2.633802817,3.535211268,6.169014085,0.788732394,0.647887324,0.563380282,0.85915493,1.535211268,5.676056338,Forward,0.465028909,0.743598186,-0.626476726,0.942759608,-0.761417285,-0.078448562,0.317532333,-1.214270308,0.981281212,-1.261681729,0.372190595,-1.328530864,,403,2.681818182,2.994238156,2.272727273,3.896286812,0.181818182,0.606914212,0.318181818,0.329705506,0.363636364,0.199743918,0.045454545,-0.045454545,0.511,0.085,0.625,-0.03,0.409090909,0.450064021,22,49,8.863636364,8.615236876,,,11.69057212,12.70588235,1.624496373,1.334407736,1.160354553,1.769540694,0.92759457,1,,529,-2.961948399,-0.692237664
David Roddy,,2024-25,,,23,33,3,12.4,1.7,3.8,0.456,0.6,,,0.6,0.8,0.769,0.4,2.2,2.5,1.1,0.4,0.3,0.7,0.6,4.6,Forward-Center,0.459722401,0.748777351,-0.788763818,-0.569370605,-0.597976101,-0.715576088,-0.325273048,-0.552030506,-0.108907256,-0.143064576,0.563808173,-3.237153825,3TM,151.8,6.5,-1.9,3.2,-0.7,1.2,-0.1,0.4,0,0.2,0.1,0.7,-0.1,0.403,0.053,0.691,0.078,0.9,-0.2,65,-32,18.1,-5.7,,,13.35483871,7.258064516,3.193548387,1.161290323,0.870967742,2.032258065,0.664859736,1,,529,-2.994180611,-2.594954654
Jabari Walker,1631133,2024-25,0,1610612757,22,60,1,12.48333333,1.966666667,3.816666667,0.515,0.466666667,1.2,0.389,0.816666667,1.183333333,0.69,0.983333333,2.533333333,3.516666667,0.616666667,0.55,0.1,0.566666667,1.45,5.216666667,Forward,0.461890851,0.747102366,-0.695760286,-0.150366385,-0.851765994,-0.330041534,-0.813392641,-0.699194906,0.336587122,-0.504834663,0.724337352,-2.984431936,,313,6.359126984,-3.644444444,4.697420635,-3.538888889,0.796626984,-0.369444444,0.380952381,-0.033333333,0.268849207,-0.205555556,0.427579365,-0.102777777,0.4395,0.055,0.755,-0.064,0.717261905,-0.35,64,-12,17.33928572,-11.14166667,,,15.04405875,10.14152203,1.778371163,1.58611482,0.288384513,1.634178907,0.860952026,1,,484,-3.066068715,-1.324453292
A.J. Lawson,,2024-25,,,24,26,2,18.7,3.1,7.3,0.421,1.3,,,1.7,2.4,0.683,0.8,2.5,3.3,1.2,0.5,0.2,0.6,1.7,9.1,Guard,0.457219806,0.745455905,-0.110089393,-0.239662367,-0.545467847,-0.458553052,-0.569332845,0.220582598,-0.623049441,-0.860443966,0.684205057,-2.501811256,TOR,236.6,3.2,5.9,1.2,2.1,0.5,0.7,0.2,0.3,0.1,0.1,0.3,1,0.446,-0.025,0.652,0.031,0.3,0.3,42,-16,7.4,11.3,,,17.51871658,6.352941176,2.310160428,0.962566845,0.385026738,1.155080214,0.601611122,1,,576,-3.108015451,-1.901774505
Alec Burks,202692,2024-25,0,1610612748,33,49,14,17.63265306,2.346938776,5.530612245,0.424,1.795918367,4.224489796,0.425,0.775510204,1,0.776,0.306122449,2.224489796,2.530612245,1.12244898,0.571428571,0.142857143,0.591836735,0.755102041,7.265306122,Guard,0.457984311,0.748993911,-0.386791574,-0.556754218,-0.586188533,-0.27496517,-0.708795585,0.767944067,-0.465986667,-0.096291194,0.694033374,-1.613795501,,356,11.61185384,-3.174087818,2.685383245,0.257884972,1.784313726,-0.210884353,0.584670232,0.147186147,0.169340463,-0.038961039,1.909982175,-0.082869512,0.4025,0.055,0.841,-0.092,0.932263815,-0.135435992,58.5,-17,20.18181818,-0.7309833,,,14.83333333,5.166666667,2.291666668,1.166666666,0.291666667,1.208333334,0.787864177,1,,1089,-3.155253542,-1.614203871
Cody Williams,,2024-25,,,20,50,21,21.2,1.7,5.1,0.323,0.7,,,0.6,0.8,0.725,0.5,1.7,2.3,1.2,0.5,0.3,0.9,1.9,4.6,Guard,0.453222504,0.748084438,-0.788763818,-0.651797665,-0.545467847,-0.458553052,-0.325273048,-0.441657205,-1.444269748,-0.292722829,0.323014403,-4.625490809,UTA,230,-999,-999,-999,-999,-999,-999,-999,-999,-999,-999,-999,-999,-999,-999,-999,-999,-999,-999,-999,-999,-999,-999,,,7.811320755,3.905660377,2.037735849,0.849056604,0.509433962,1.528301887,0.794827213,1,,400,-3.173947188,-2.49536446
Eric Gordon,201569,2024-25,0,1610612755,36,39,13,19.71794872,2.230769231,5.230769231,0.426,1.435897436,3.512820513,0.409,0.923076923,1.230769231,0.75,0.205128205,0.974358974,1.179487179,1.666666667,0.666666667,0.307692308,0.717948718,0.820512821,6.820512821,Guard,0.458180561,0.748490935,-0.45387376,-1.11360055,-0.300429329,-0.030181325,-0.306499217,0.370577083,-0.425668431,-0.204925905,0.542198475,-1.922402959,,266,11.71025149,-4.194193059,1.868073316,-0.614630468,2.34814578,-0.37745098,0.796888321,-0.303921568,0.401747656,-0.133484163,2.059462916,-0.769984917,0.4445,-0.017,0.809,-0.047,1.290387895,-0.355580694,68.5,-29,28.16549446,-8.12028657,,,12.45253576,2.153446033,3.042912874,1.21716515,0.561768531,1.310793238,0.713891072,1,,1296,-3.174863822,-2.666631772
Maxwell Lewis,,2024-25,,,22,28,1,11.7,1.6,3.9,0.417,0.7,,,0.3,0.4,0.7,0.6,1.3,2,0.7,0.3,0.3,0.5,1,4.1,Forward,0.45825491,0.748069235,-0.864172088,-0.775438254,-0.808009116,-0.972599123,-0.325273048,-0.441657205,-0.410393823,-0.296006408,0.804601942,-4.088947123,2TM,114.8,-999,-999,-999,-999,-999,-999,-999,-999,-999,-999,-999,-999,-999,-999,-999,-999,-999,-999,-999,-999,-999,-999,,,12.61538462,6.153846154,2.153846154,0.923076923,0.923076923,1.538461538,0.620470109,1,,484,-3.203208544,-2.367195877
Marvin Bagley III,1628963,2024-25,0,0,26,31,2,8.548387097,1.774193548,3.419354839,0.519,0.096774194,0.612903226,0.158,0.741935484,1.129032258,0.657,1.225806452,1.483870968,2.709677419,0.35483871,0.290322581,0.258064516,0.387096774,0.580645161,4.387096774,Forward,0.461819071,0.746434305,-0.820873146,-0.482955139,-0.989247282,-0.997472319,-0.427620705,-1.107457437,0.321840312,-0.649125333,0.940533909,-4.212377141,,136,11.83,-7.272903226,6.322380953,-3.530322581,0.978571429,-0.74516129,0.426190476,-0.109677419,0.687142857,-0.401935484,0.316190476,-0.083225806,0.5575,-0.067,0.756,-0.105,1.137619047,-0.792903226,46,-19,22.31571429,-12.5116129,,,18.4754717,11.41132075,1.494339624,1.222641511,1.086792452,1.630188678,0.647537506,1,,676,-3.222170528,-1.954126947
Jaden Springer,,2024-25,,,22,43,2,8.5,0.8,2.1,0.389,0.3,,,0.6,0.9,0.711,0.4,1,1.3,0.8,0.6,0.1,0.4,1,2.5,Guard,0.458406319,0.747791541,-1.10547855,-1.063932962,-0.755500862,-0.201530016,-0.813392641,-0.883150407,-0.379287846,-0.355983858,0.924998827,-4.633258316,2TM,107.5,3.3,-0.8,1.6,-0.3,0.9,-0.1,0.7,-0.1,0.3,-0.2,0.2,0.1,0.399,-0.01,0.833,-0.122,0.7,-0.3,49,-6,10.3,-1.8,,,10.58823529,5.505882353,3.388235294,2.541176471,0.423529412,1.694117647,0.74450317,1,,484,-3.245288989,-1.536288965
Talen Horton-Tucker,1629659,2024-25,0,1610612741,24,58,0,12.48275862,2.293103448,5.017241379,0.457,0.706896552,2.103448276,0.336,1.24137931,1.689655172,0.735,0.327586207,1.396551724,1.724137931,1.431034483,0.362068966,0.189655172,0.689655172,1.017241379,6.534482759,Guard,0.45972703,0.748014005,-0.497011824,-0.88913075,-0.424155674,-0.813067583,-0.594580411,-0.434045253,-0.107956147,-0.307935153,0.576263023,-3.491619772,,379,10.4280543,-3.583164301,2.801659126,-0.648411089,3.62760181,-2.039553752,0.756561086,-0.520283975,0.409351433,-0.182893848,1.03438914,-0.469574036,0.4075,0.061,0.7785,-0.072,1.606485671,-0.584854632,58,7,19.99215687,-7.30155511,,,18.84530387,4.972375691,4.127071824,1.044198896,0.546961325,1.988950275,0.848196002,1,,576,-3.29208881,-2.634736229
Bruno Fernando,,2024-25,,,26,17,2,8.6,1.5,2.9,0.531,0,,,0.4,0.5,0.75,1.2,1.8,3,1.1,0.2,0.5,0.8,1.6,3.4,Center,0.461868661,0.748469098,-0.969743665,-0.363302956,-0.597976101,-1.229622159,0.162846545,-1.214270308,0.332028256,-0.209642391,0.443411288,-3.646271491,TOR,57.8,6.3,-2.9,4.3,-1.3,1,0.1,0.6,-0.4,0.6,-0.1,0,0,0.583,-0.052,0.667,0.083,1,-0.2,45,-28,15.2,-6.6,,,14.23255814,12.55813953,4.604651163,0.837209302,2.093023256,3.348837209,0.505993653,1,,676,-3.309574716,-1.703331821
Cam Reddish,1629629,2024-25,0,1610612747,25,33,8,17.84848485,1.151515152,2.848484848,0.404,0.393939394,1.424242424,0.277,0.484848485,0.787878788,0.615,0.515151515,1.484848485,2,0.666666667,1,0.303030303,0.363636364,1.303030303,3.181818182,Guard-Forward,0.45831665,0.746383503,-1.002649092,-0.775438254,-0.825511867,0.826562126,-0.317877297,-0.779466397,-0.397709742,-0.660097585,0.968779511,-2.963408597,,105,7.545833334,-2.234848485,2.13125,-0.0625,1.2125,-0.333333333,0.977083334,0.020833333,0.320833334,0.011363636,0.947916667,-0.376893939,0.4175,0.015,0.806,-0.144,0.910416667,-0.282196969,44,-15,22.625,-2.65151515,,,6.417657046,4.033955857,1.344651953,2.016977929,0.611205433,0.73344652,0.664859736,1,,625,-3.355252258,-1.405603195
Jock Landale,1629111,2024-25,0,1610612745,29,42,3,11.9047619,1.928571429,3.619047619,0.533,0.261904762,0.619047619,0.423,0.642857143,0.952380952,0.675,1.333333333,1.928571429,3.261904762,0.880952381,0.30952381,0.238095238,0.5,1.166666667,4.761904762,Center,0.462418239,0.747080821,-0.764345903,-0.255362759,-0.71299418,-0.948120738,-0.476357684,-0.925197379,0.44493571,-0.509488115,0.804601942,-3.342329106,,200,5.750776397,-0.130952381,3.564699793,0.190476191,1.073110766,-0.279761905,0.294513458,-0.047619047,0.512034161,-0.351190476,0.241459628,0.083333333,0.5215,0.018,0.776,-0.125,0.704321947,-0.053571429,62.5,-14,13.91563147,-1.73809524,,,14.40000001,9.864000004,2.664000001,0.936000002,0.72,1.512000001,0.73698852,1,,841,-3.382419356,-1.95453249
Julian Phillips,,2024-25,,,21,79,5,14.2,1.6,3.6,0.446,0.6,,,0.8,1,0.789,0.8,1.3,2.1,0.5,0.5,0.3,0.3,1.4,4.6,Forward,0.459382096,0.749248813,-0.788763818,-0.734224724,-0.913025623,-0.458553052,-0.325273048,-0.552030506,-0.178820605,-0.041236431,1.045395711,-2.946532095,CHI,363.4,2.2,2.4,0.9,1.2,0.3,0.2,0.2,0.3,0.2,0.1,0.3,0.3,0.416,0.03,0.684,0.105,0.3,0,40,39,8.1,6.1,,,11.66197183,5.323943662,1.267605634,1.267605634,0.76056338,0.76056338,0.972864486,1,,441,-3.458852773,-3.134089034
Malachi Flynn,1630201,2024-25,0,1610612766,26,4,0,11,1.25,3.25,0.385,0.25,1,0.25,1.25,1.5,0.833,0.75,1,1.75,1.75,0.75,0,1,1,4,Guard,0.457507363,0.7509163,-0.879253742,-0.878472078,-0.256672451,0.184004537,-1.057452438,-0.938337057,-0.563972771,0.318914253,0.202617519,-3.868624229,,16,5.074377906,-1.507246377,1.543068089,0.097826087,1.602406344,-0.134057971,0.473475527,0.199275362,0.095706864,-0.115942029,0.849193328,-0.561594203,0.389,-0.033,0.745,0.101,0.692370796,0.086956522,61,-65,12.87394039,-1.71014493,,,13.09090909,5.727272727,5.727272727,2.454545455,0,3.272727273,0.297977363,1,,676,-3.592109664,-2.3645146
Dominick Barlow,1631230,2024-25,0,1610612737,22,35,4,10.71428571,1.714285714,3.228571429,0.531,0.2,0.771428571,0.259,0.6,0.942857143,0.636,1,1.428571429,2.428571429,0.542857143,0.257142857,0.457142857,0.142857143,1.342857143,4.228571429,Forward,0.462088702,0.746372479,-0.84478139,-0.59880884,-0.890522086,-1.082751853,0.058249489,-0.993523708,0.377234412,-0.662478616,1.234590816,-3.402791775,,148,4.146103897,-0.135064935,3.533549784,-0.995670995,0.974025974,-0.548051948,0.36038961,-0.106493507,0.551406927,0.032900433,0.045454546,0.109090909,0.5155,0.035,0.705,-0.054,0.40422078,-0.12987013,30.5,2,13.64935065,-2.01298702,,,14.20800001,8.160000005,1.824000001,0.864,1.536,0.480000001,0.681664532,1,,484,-3.602340143,-0.742073709
Caleb Houstan,1631216,2024-25,0,1610612753,22,58,6,13.5862069,1.379310345,3.275862069,0.421,1.103448276,2.75862069,0.4,0.25862069,0.293103448,0.882,0.327586207,0.965517241,1.293103448,0.603448276,0.379310345,0.103448276,0.224137931,1.068965517,4.120689655,Guard,0.458631109,0.749232084,-0.861051746,-1.066775275,-0.85870674,-0.768753267,-0.804976786,0.003641973,-0.333106272,-0.044849643,1.136731279,-3.597846476,,239,4.036224659,-0.167445938,1.682452643,-0.130625366,0.539880359,0.111922852,0.244765703,0.125073057,0.102525756,0.035651666,1.061149884,-0.116890707,0.3755,0.033,0.8205,0.074,0.312063809,-0.04704851,55,-1,14.86756398,-0.22735242,,,10.91878172,3.426395937,1.598984772,1.005076142,0.274111675,0.593908629,0.848196002,1,,484,-3.621543163,-1.15357706
Olivier-Maxence Prosper,,2024-25,,,22,52,4,11.2,1.3,3.3,0.402,0.2,,,0.9,1.5,0.645,0.8,1.6,2.4,0.8,0.5,0.1,0.3,0.5,3.9,Forward-Center,0.458015345,0.745440572,-0.894335396,-0.610584135,-0.755500862,-0.458553052,-0.813392641,-0.993523708,-0.459610911,-0.863755799,1.045395711,-4.803860792,DAL,202.8,3,0.9,2,0.4,0.6,0.2,0.2,0.3,0.1,0,0.3,-0.1,0.385,0.017,0.683,-0.038,0.2,0.1,40,12,8.4,2.8,,,12.53571429,7.714285714,2.571428571,1.607142857,0.321428571,0.964285714,0.808547448,1,,484,-3.690522813,-1.613363327
Ousmane Dieng,1631172,2024-25,0,1610612760,22,37,1,10.94594595,1.459459459,3.378378378,0.432,0.621621622,1.918918919,0.324,0.297297297,0.432432432,0.688,0.486486486,1.702702703,2.189189189,0.837837838,0.459459459,0.189189189,0.486486486,0.891891892,3.837837838,Forward,0.458953268,0.747935428,-0.903710478,-0.697466711,-0.735632874,-0.562751581,-0.595717688,-0.528166008,-0.266920581,-0.324906498,0.820871792,-3.794400626,,142,4.48951049,-0.192465192,2.118881119,0.643734644,1.15034965,-0.283374283,0.300699301,0.217035217,0.165501166,0.037674037,0.651515152,-0.014742014,0.421,0.01,0.7635,-0.187,0.621212121,-0.08927109,36,4,12.82517483,-0.11466011,,,12.62222222,7.199999997,2.755555555,1.511111109,0.622222221,1.599999998,0.697995668,1,,484,-3.732101043,-2.159004558
Jamal Cain,1631288,2024-25,0,1610612740,26,37,0,13.56756757,1.837837838,4.27027027,0.43,0.702702703,2.162162162,0.325,0.918918919,1.351351351,0.68,0.72972973,1.567567568,2.297297297,0.594594595,0.621621622,0.243243243,0.594594595,1.243243243,5.297297297,Forward,0.458640812,0.746652373,-0.683599853,-0.652911544,-0.863355653,-0.145957467,-0.463793474,-0.438674143,-0.331112822,-0.602025946,0.690712996,-3.490717906,,196,4.587606838,1.566528066,2.155982906,0.874220374,0.525641026,0.20997921,0.497863248,0.237006237,0.123931624,0.050935551,0.405982906,0.27962578,0.4955,0,0.778,-0.103,0.320512821,0.286902287,22,11,11.6474359,3.606029108,,,14.05577689,6.095617528,1.577689244,1.649402391,0.645418326,1.577689244,0.697995668,1,,676,-3.732889395,-2.272852841
Hunter Tyson,,2024-25,,,24,51,2,7.8,0.9,2.4,0.375,0.5,,,0.4,0.5,0.75,0.5,1,1.5,0.4,0.2,0.1,0.3,0.9,2.6,Forward-Center,0.457874855,0.748469098,-1.090396896,-0.981505903,-0.965533877,-1.229622159,-0.813392641,-0.662403806,-0.488473717,-0.209642391,1.045395711,-5.395575678,DEN,132.6,-999,-999,-999,-999,-999,-999,-999,-999,-999,-999,-999,-999,-999,-999,-999,-999,-999,-999,-999,-999,-999,-999,,,12,6.923076923,1.846153846,0.923076923,0.461538462,1.384615385,0.801720961,1,,576,-3.748561041,-2.351301262
Dwight Powell,203939,2024-25,0,1610612742,33,55,3,10.01818182,0.763636364,1.109090909,0.689,0.036363636,0.090909091,0.4,0.509090909,0.781818182,0.651,0.854545455,1.290909091,2.145454545,1,0.327272727,0.381818182,0.327272727,1.363636364,2.072727273,Forward-Center,0.462377304,0.746953426,-1.169918344,-0.715491302,-0.650484354,-0.902501932,-0.12558776,-1.174134563,0.436525709,-0.53700333,1.012560198,-3.826035679,,114,4.97974102,-1.228860029,3.764202172,-1.251370852,1.120614035,-0.333333333,0.52213868,-0.085425686,0.32978279,0.064357865,0.007936508,0.02049062,0.7055,0.01,0.6875,-0.057,0.681599833,-0.180663781,69.5,-8,16.2270259,-3.25165945,,,7.448275862,7.709618872,3.593466424,1.176043556,1.372050817,1.176043556,0.828642207,1,,1089,-3.768121039,-1.795714112
Bismack Biyombo,202687,2024-25,0,1610612759,32,28,26,18.85714286,2.392857143,4.071428571,0.588,0,0,0,0.357142857,0.892857143,0.4,1.535714286,4.107142857,5.642857143,1.107142857,0.571428571,0.821428571,0.964285714,1.857142857,5.142857143,Center,0.464876728,0.742340565,-0.706891983,0.72591176,-0.594225511,-0.27496517,0.947324462,-1.214270308,0.950016584,-1.533307975,0.245616406,-1.454791736,,144,4.330737705,0.792857143,4.743647541,0.417857143,1.121516393,-0.217857143,0.285040984,0.296428571,1.183811476,-0.103571429,0,0,0.5715,0.023,0.419,-0.081,0.943032787,-0.085714286,50.5,-12,17.05143443,-0.91785714,,,9.818181817,10.77272727,2.113636363,1.09090909,1.568181817,1.84090909,0.620470109,1,,1024,-3.794630744,-1.113722095
Jaden Hardy,1630702,2024-25,0,1610612742,22,57,3,15.9122807,3.157894737,7.263157895,0.435,1.333333333,3.456140351,0.386,1.052631579,1.50877193,0.698,0.157894737,1.403508772,1.561403509,1.421052632,0.49122807,0.087719298,1.438596491,1.578947368,8.701754386,Guard,0.458180235,0.746975919,-0.170151418,-0.956199349,-0.42939697,-0.481098933,-0.843364898,0.257373697,-0.425735441,-0.532145238,-0.325438993,-3.906157542,,496,8.005136987,1.441480413,1.824343608,-0.233117039,1.423658676,-0.072098053,0.327768265,0.189858207,0.100313927,0.032924777,1.211044521,0.223744292,0.4225,0.028,0.7995,-0.078,0.903824201,0.589281423,60.5,-16,14.14897261,2.36433549,,,19.68687983,3.532524808,3.214994489,1.111356119,0.198456449,3.254685777,0.841735505,1,,484,-3.822261191,-2.555469216
Shake Milton,1629003,2024-25,0,0,28,57,2,14.66666667,2.01754386,4.456140351,0.453,0.666666667,1.859649123,0.358,0.824561404,1.035087719,0.797,0.543859649,1.280701754,1.824561404,1.789473684,0.438596491,0.070175439,0.701754386,1.175438596,5.526315789,Guard,0.459571037,0.749438397,-0.649060077,-0.847742692,-0.235945509,-0.616374215,-0.886182404,-0.478448305,-0.14000391,-0.00028912,0.561695946,-3.292350286,,315,6.440789474,1.026315789,2.037828948,0.262061404,2.203947368,0.539473684,0.362390351,0.042763158,0.148026316,-0.054824561,0.555921053,0.291666667,0.442,0.048,0.8345,-0.019,0.941337719,0.055921053,62,9,16.36129386,2.5625,,,13.5645933,4.4784689,4.392344496,1.076555023,0.172248805,1.722488038,0.841735505,1,,784,-3.853463551,-2.741524631
Trey Jemison,,2024-25,,,25,38,0,10.3,1.1,1.9,0.554,0,,,0.3,0.9,0.394,1.2,1.6,2.8,0.4,0.2,0.4,0.6,1.8,2.5,Center,0.461619089,0.742186433,-1.10547855,-0.445730016,-0.965533877,-1.229622159,-0.081213252,-1.214270308,0.280755367,-1.566597908,0.684205057,-5.643485644,2TM,95,6.8,-4.3,5.4,-2.6,1.1,-0.7,0.5,-0.3,1.1,-0.7,0,0,0.551,0.003,0.84,-0.446,1.4,-0.8,25,13,22.9,-12.6,,,8.737864078,9.786407767,1.398058252,0.699029126,1.398058252,2.097087379,0.705995664,1,,625,-3.895965017,-2.864322605
Aaron Holiday,1628988,2024-25,0,1610612745,28,62,3,12.77419355,1.887096774,4.322580645,0.437,1.161290323,2.919354839,0.398,0.548387097,0.661290323,0.829,0.209677419,1.048387097,1.258064516,1.338709677,0.306451613,0.177419355,0.596774194,1.032258065,5.483870968,Guard,0.458916494,0.749505172,-0.655461458,-1.081216056,-0.472633818,-0.956016992,-0.624443121,0.067484149,-0.274475714,0.014133129,0.688088827,-3.294541053,,340,5.255189255,-1.105872622,1.375763126,-0.318858561,1.603785104,-0.456162118,0.562881563,-0.232009925,0.133699634,0.100496278,0.824175824,0.084367246,0.432,-0.009,0.8825,-0.092,0.625457875,-0.082712985,70.5,-16,14.84096459,-3.49503722,,,15.45454545,3.545454545,3.772727271,0.863636364,0.5,1.681818183,0.873497163,1,,784,-3.907474655,-2.662195048
JT Thor,,2024-25,,,22,20,0,12.5,1.3,3,0.424,0.3,,,0.8,1.1,0.682,1,1.4,2.4,0.3,0.4,0.5,0.5,0.9,3.6,Forward-Center,0.458819274,0.747023277,-0.939580357,-0.610584135,-1.018042131,-0.715576088,0.162846545,-0.883150407,-0.294448965,-0.521916719,0.804601942,-4.015850314,2TM,72,3.2,0.4,2.3,0.1,0.5,-0.2,0.2,0.2,0.4,0.1,0.4,-0.1,0.437,-0.013,0.55,0.132,0.2,0.3,63,-43,12.4,0.1,,,10.368,6.912,0.864,1.152,1.44,1.44,0.540190724,1,,484,-3.908042054,-1.992019724
Elfrid Payton,203901,2024-25,0,0,31,24,9,21.29166667,1.666666667,5.083333333,0.328,0.041666667,0.25,0.167,0.166666667,0.291666667,0.571,0.625,2.666666667,3.291666667,6.916666667,1,0.458333333,2.458333333,1.5,3.541666667,Guard,0.453485029,0.747424645,-0.948377989,-0.243096827,2.456253992,0.826562126,0.061154962,-1.168281433,-1.390335575,-0.435227554,-1.553170382,-2.39451868,,85.00000001,6.57142857,0.541666667,2.594285715,1.531666667,2.601111111,4.936666667,0.623015873,0.5,0.131428571,0.338333333,0.262222222,-0.038333333,0.4075,-0.055,0.5285,0.196,1.287460318,1.518333333,56.5,-26,17.26777778,10.31166667,,,5.988258317,5.56555773,11.69471624,1.690802348,0.774951076,4.156555772,0.582011728,1,,961,-3.962703717,-1.51465774
Dalen Terry,1631207,2024-25,0,1610612741,22,73,5,13.52054795,1.643835616,3.671232877,0.448,0.506849315,1.424657534,0.356,0.671232877,0.945205479,0.71,0.520547945,1.178082192,1.698630137,1.328767123,0.602739726,0.205479452,0.726027397,1.561643836,4.465753425,Forward,0.459443726,0.747740341,-0.809010422,-0.899643412,-0.477854479,-0.194488289,-0.555959705,-0.654843991,-0.166159186,-0.367042201,0.532471997,-3.592529689,,326,3.050847458,1.414905967,1.915254237,-0.2166241,1.372881356,-0.044114233,0.457627119,0.145112607,0.305084746,-0.099605294,0.288135593,0.218713722,0.439,0.009,0.581,0.129,0.542372881,0.183654516,59,14,11.54237288,1.97817507,,,11.8905775,4.522796351,3.537993919,1.604863221,0.547112462,1.933130698,0.939141592,1,,484,-3.974206498,-2.827783199
Dario Šarić,203967,2024-25,0,1610612743,31,16,4,13.125,1.3125,3.625,0.362,0.4375,1.625,0.269,0.4375,0.625,0.7,0.875,2.25,3.125,1.4375,0.4375,0.0625,0.9375,1.1875,3.5,Forward-Center,0.456440388,0.747855594,-0.954662011,-0.311786044,-0.420760744,-0.619192449,-0.904915065,-0.731387119,-0.783175969,-0.34214947,0.277865572,-4.7901633,,56,7.198876097,-4.546875,4.026726974,-1.296875,1.774122807,-0.8125,0.417626097,-0.046875,0.139528509,-0.09375,0.972861842,-0.71875,0.462,-0.104,0.839,-0.149,1.091831141,-0.28125,60.5,-48,15.64830044,-4.03125,,,9.6,8.571428571,3.942857143,1.2,0.171428571,2.571428571,0.493932088,1,,961,-4.022356123,-1.97460916
Delon Wright,1626153,2024-25,0,1610612749,33,26,2,15.57692308,0.846153846,3.153846154,0.268,0.461538462,1.884615385,0.245,0.346153846,0.615384615,0.563,0.576923077,1.192307692,1.769230769,1.846153846,0.884615385,0.346153846,0.538461538,0.653846154,2.5,Guard,0.453997768,0.746199032,-1.10547855,-0.8705464,-0.206183746,0.529997086,-0.212630065,-0.704855075,-1.284996628,-0.699940556,0.758295448,-3.796338486,,65,5.924042553,-1.968085106,2.714893617,-0.060556465,3.205957447,-0.685761048,1.494468085,-0.264320785,0.287021277,0.112111293,0.675957447,-0.070376432,0.434,-0.126,0.8445,-0.259,0.58893617,0.240589198,48.5,-21,20.10361702,-0.21031096,,,5.777777777,4.088888888,4.266666665,2.044444445,0.799999999,1.244444443,0.601611122,1,,1089,-4.029254862,-1.719204267
Jett Howard,,2024-25,,,21,60,0,11.7,1.6,4.4,0.374,0.9,,,0.3,0.4,0.696,0.3,0.8,1.2,0.7,0.2,0.2,0.6,1.1,4.5,Forward,0.456245069,0.748037489,-0.803845472,-1.105146492,-0.808009116,-1.229622159,-0.569332845,-0.220910604,-0.823303012,-0.302863045,0.684205057,-5.178827687,ORL,270,-999,-999,-999,-999,-999,-999,-999,-999,-999,-999,-999,-999,-999,-999,-999,-999,-999,-999,-999,-999,-999,-999,,,13.84615385,3.692307692,2.153846154,0.615384615,0.615384615,1.846153846,0.860952026,1,,441,-4.073418838,-2.908104633
Jericho Sims,,2024-25,,,26,53,5,11.9,0.8,1.3,0.634,0,,,0.2,0.2,0.615,1.3,2.4,3.7,0.6,0.2,0.4,0.6,1.2,1.8,Center,0.46209857,0.7479221,-1.211050127,-0.074808248,-0.860517369,-1.229622159,-0.081213252,-1.214270308,0.379261754,-0.32778512,0.684205057,-3.935799773,2TM,95.4,2,-0.2,3.3,0.4,0.6,0,0.2,0,0.4,0,0,0,0.691,-0.057,0.667,-0.052,0.4,0.2,45,8,13,-1.1,,,5.445378151,11.19327731,1.81512605,0.605042017,1.210084034,1.81512605,0.815308605,1,,676,-4.087463578,-2.434618945
Dillon Jones,,2024-25,,,23,54,3,10.2,0.9,2.5,0.383,0.3,,,0.3,0.5,0.607,0.6,1.7,2.2,1.1,0.3,0.1,0.5,1,2.5,Forward,0.457989124,0.747053256,-1.10547855,-0.693011194,-0.597976101,-0.972599123,-0.813392641,-0.883150407,-0.464997992,-0.515441619,0.804601942,-5.241445685,OKC,135,-999,-999,-999,-999,-999,-999,-999,-999,-999,-999,-999,-999,-999,-999,-999,-999,-999,-999,-999,-999,-999,-999,,,8.823529412,7.764705882,3.882352941,1.058823529,0.352941176,1.764705882,0.822006273,1,,529,-4.112488496,-2.109715073
Svi Mykhailiuk,1629004,2024-25,0,1610612762,28,38,13,20,3.105263158,7.947368421,0.391,1.842105263,5.342105263,0.345,0.736842105,0.921052632,0.8,0.578947368,1.789473684,2.368421053,2,0.5,0.184210526,1.368421053,1.131578947,8.789473684,Guard-Forward,0.454793914,0.749386149,-0.156921897,-0.623598933,-0.125401817,-0.458553052,-0.607868603,0.818922069,-1.121433472,-0.0115739,-0.240949952,-2.527379558,,334,5.444359756,4.838254172,1.45007622,1.124518614,1.254954269,1.146341463,0.368521342,0.231707317,0.074695122,0.159820282,1.168445122,0.817715019,0.4305,-0.025,0.667,0.133,0.521341464,1.075738126,36.5,-3,12.34908537,9.92682927,,,15.82105263,4.263157895,3.6,0.9,0.331578947,2.463157895,0.705995664,1,,784,-4.125844876,-1.729118723
Malaki Branham,1631103,2024-25,0,1610612759,22,47,0,9.085106383,1.85106383,4.042553191,0.458,0.723404255,1.787234043,0.405,0.574468085,0.70212766,0.818,0.14893617,0.936170213,1.085106383,0.808510638,0.234042553,0.042553191,0.723404255,0.617021277,5,Forward,0.459791432,0.749416871,-0.728437203,-1.152498207,-0.751032074,-1.142124956,-0.953597207,-0.415825156,-0.094725148,-0.004938475,0.535630179,-4.707548247,,235,9.69848485,-4.2,2.357878788,-0.88822695,2.002121212,-1.271489362,0.43,-0.125957447,0.106363637,-0.064113476,1.203333334,-0.516595745,0.436,0.026,0.851,-0.055,1.182424243,-0.489929078,70.5,-28,22.36909091,-12.16822695,,,19.81264637,4.299765808,3.203747071,0.927400468,0.168618265,2.866510537,0.773721595,1,,484,-4.174870052,-2.380975228
Steven Adams,203500,2024-25,0,1610612745,31,58,3,13.68965517,1.568965517,2.879310345,0.545,0,0.034482759,0,0.74137931,1.603448276,0.462,2.862068966,2.775862069,5.637931034,1.137931034,0.379310345,0.482758621,0.931034483,1.034482759,3.879310345,Center,0.46224658,0.739552953,-0.897455738,0.723881536,-0.578059177,-0.768753267,0.120767271,-1.214270308,0.409669307,-2.135387696,0.285649853,-4.05395822,,225,7.771303258,-4.71592775,10.77380953,-5.909688016,2.838972432,-1.171592776,0.856203008,-0.477832512,0.942355889,-0.612479474,0,0,0.572,-0.052,0.4535,0.098,1.697055138,-0.949917898,59,16,26.63941103,-13.28653531,,,10.20151134,14.82619647,2.992443324,0.997481109,1.269521412,2.448362721,0.848196002,1,,961,-4.178216138,-2.140423125
Nicolas Batum,201587,2024-25,0,1610612746,36,78,8,17.52564103,1.333333333,3.051282051,0.437,1.128205128,2.602564103,0.433,0.217948718,0.269230769,0.81,0.602564103,2.192307692,2.794871795,1.076923077,0.666666667,0.461538462,0.435897436,1.423076923,4.012820513,Guard-Forward,0.459186868,0.748783417,-0.877320196,-0.44784353,-0.61009339,-0.030181325,0.068977394,0.030966927,-0.218929051,-0.141754551,0.881779432,-1.34439829,,313,5.730769231,-1.32051282,3.983333333,-1.338461538,1.842307692,-1.056410256,0.746153846,-0.133333333,0.598717949,-0.171794871,1.403205129,-0.088461539,0.4365,-0.016,0.711,0.096,0.653846154,-0.230769231,69,18,23.71153846,-7.97435897,,,8.242867592,5.74103877,2.212143379,1.369422093,0.948061449,0.895391368,0.967335276,1,,1296,-4.187890136,-1.762363719
Blake Wesley,1631104,2024-25,0,1610612759,22,58,0,11.77586207,1.396551724,3.206896552,0.435,0.293103448,1,0.293,0.655172414,1.051724138,0.623,0.293103448,0.75862069,1.051724138,1.965517241,0.637931034,0.103448276,0.931034483,0.793103448,3.74137931,Guard,0.45909127,0.745869297,-0.918258019,-1.166256209,-0.143508112,-0.104038521,-0.804976786,-0.890762359,-0.23856909,-0.771158019,0.285649853,-4.751877262,,217,4.683207798,-0.652063313,1.878599911,-0.489259469,2.684980062,-0.755794234,0.575542756,0.162521198,0.14133806,-0.044092708,0.368630926,0.096382137,0.3975,-0.039,0.629,-0.044,1.329198051,0.029395139,49,-3,16.22086841,-2.58479367,,,11.43777452,3.21522694,6.008784771,1.950219618,0.316251831,2.846266472,0.848196002,1,,484,-4.267896959,-2.244871064
Craig Porter Jr.,,2024-25,,,24,51,1,10.1,1.4,2.7,0.514,0.4,,,0.5,0.6,0.719,0.4,0.9,1.3,1.4,0.3,0.3,0.7,0.5,3.7,Guard,0.4612871,0.748104534,-0.924498703,-1.063932962,-0.440451339,-0.972599123,-0.325273048,-0.772777107,0.212550332,-0.288382285,0.563808173,-4.011556064,CLE,188.7,5.6,-1.9,2.1,-0.8,2.3,-0.9,0.4,-0.1,0.3,0,0.2,0.2,0.509,0.005,0.732,-0.013,0.9,-0.2,51,0,12.7,-2.6,,,13.18811881,4.633663366,4.99009901,1.069306931,1.069306931,2.495049505,0.801720961,1,,576,-4.27590696,-2.626408545
Landry Shamet,1629013,2024-25,0,1610612752,28,50,0,15.24,2.12,4.6,0.461,1.24,3.12,0.397,0.24,0.36,0.667,0.22,1,1.22,0.54,0.46,0.04,0.44,1.04,5.72,Guard,0.459913816,0.747871514,-0.619849295,-1.096903786,-0.892022322,-0.561362266,-0.959828519,0.154358617,-0.069582121,-0.338710998,0.876840073,-3.507060617,,286,7.879347826,-1.388695652,1.511413044,-0.127826087,1.749456522,-0.633913043,0.596739131,-0.083478261,0.171195652,-0.177391304,1.513586957,0.087826087,0.404,0.03,0.854,-0.159,0.776086957,-0.212173913,43,4,17.98967392,-0.56434783,,,13.51181102,2.881889764,1.275590551,1.086614173,0.094488189,1.039370079,0.794827213,1,,784,-4.300969858,-2.731280851
Gabe Vincent,1629216,2024-25,0,1610612747,29,72,11,21.20833333,2.333333333,5.833333333,0.4,1.513888889,4.291666667,0.353,0.208333333,0.291666667,0.714,0.277777778,1,1.277777778,1.361111111,0.708333333,0.180555556,0.569444444,2.111111111,6.388888889,Guard,0.456564269,0.748253974,-0.518969788,-1.073091524,-0.460871216,0.076911605,-0.616788915,0.456658824,-0.757725265,-0.25610572,0.720992995,-2.428989005,,460,6.25868984,3.297979798,1.47526738,0.45959596,2.182486631,-0.547979798,0.864973262,-0.109848485,0.036764706,0.180555556,0.996657754,1.241161616,0.354,0.094,0.686,0.214,0.903743316,0.114898989,39.5,61,22.84291444,1.39015151,,,10.84479372,2.168958743,2.310412574,1.202357563,0.306483301,0.966601178,0.933388129,1,,841,-4.315325761,-3.220917509
Seth Curry,203552,2024-25,0,1610612766,34,68,14,15.61764706,2.411764706,5.044117647,0.478,1.220588235,2.676470588,0.456,0.485294118,0.573529412,0.846,0.352941176,1.308823529,1.661764706,0.882352941,0.397058824,0.102941176,0.470588235,0.867647059,6.529411765,Guard,0.460734732,0.749560012,-0.497776614,-0.914836958,-0.712258771,-0.723135587,-0.806214413,0.132933212,0.099069856,0.025977734,0.840012791,-2.55622875,,444,7.166542474,1.393048129,1.592399404,0.116310161,1.31147541,-0.117647059,0.545081967,-0.102941176,0.125558867,-0.03342246,1.202309986,0.356951871,0.4275,0.086,0.915,-0.057,0.656669151,-0.006684492,52.5,24,16.91486588,1.64037433,,,15.05084746,3.830508475,2.033898305,0.915254238,0.237288134,1.084745762,0.909964669,1,,1156,-4.333166643,-3.233435009
Reggie Jackson,202704,2024-25,0,1610612755,35,31,1,12.38709677,1.677419355,4.290322581,0.391,0.806451613,2.387096774,0.338,0.225806452,0.290322581,0.778,0.258064516,1.096774194,1.35483871,1.451612903,0.516129032,0.096774194,0.548387097,1.096774194,4.387096774,Guard,0.457030913,0.748624357,-0.820873146,-1.041331994,-0.413350305,-0.417097724,-0.821265537,-0.324163046,-0.661856375,-0.176108871,0.746345385,-3.929701615,,136,10.17485653,-5.771439816,2.00394548,-0.535405192,3.591284075,-2.304484658,0.613880919,-0.020456334,0.12338594,-0.061762391,1.327833573,-0.437450826,0.421,-0.04,0.858,-0.028,1.491929699,-0.74429583,75,-51,23.26309183,-9.77143982,,,12.75,3.937500002,4.218750001,1.5,0.281250001,1.593750001,0.647537506,1,,1225,-4.344020529,-2.623305701
Jae'Sean Tate,1630256,2024-25,0,1610612745,29,52,2,11.30769231,1.346153846,2.846153846,0.473,0.307692308,0.884615385,0.348,0.615384615,0.903846154,0.681,0.961538462,1.288461538,2.25,0.903846154,0.5,0.134615385,0.423076923,1.576923077,3.615384615,Forward,0.46022738,0.747256083,-0.937260103,-0.672404429,-0.70097306,-0.458553052,-0.728910403,-0.874660153,-0.005162395,-0.471634336,0.89721493,-3.952343001,,188,6.602977668,-0.461538462,3.418610422,-0.780769231,1.847146402,-0.080769231,0.6617866,-0.146153846,0.228287841,-0.096153846,0.386600497,-0.046153846,0.476,0.001,0.696,0.014,1.042679901,-0.146153846,48,-13,18.85012407,-4.55384615,,,11.51020408,7.163265305,2.87755102,1.591836734,0.42857143,1.346938775,0.808547448,1,,841,-4.345504328,-1.937196889
Micah Potter,1630695,2024-25,0,1610612762,27,38,10,18.55263158,1.5,3.552631579,0.422,0.815789474,2.578947368,0.316,0.447368421,0.526315789,0.85,1.131578947,3.184210526,4.315789474,0.815789474,0.368421053,0.368421053,0.815789474,1.315789474,4.263157895,Center,0.458564838,0.749511562,-0.839565179,0.178980331,-0.747210085,-0.796741256,-0.158284765,-0.313856541,-0.346721179,0.015513229,0.424401253,-2.583484192,,162,3.370535715,0.950657895,2.486607143,1.628289474,0.473214286,0.440789474,0.196428571,0.118421053,0.1875,-0.006578947,0.566964286,0.253289474,0.571,-0.053,0.375,0.1,0.299107143,0.503289474,11.5,22,9.526785715,6.92763158,,,8.272340426,8.374468085,1.582978724,0.714893618,0.714893618,1.582978724,0.705995664,1,,729,-4.379436698,-2.862287707
Monte Morris,,2024-25,,,29,45,0,12.7,1.8,4.3,0.426,0.7,,,0.8,0.9,0.857,0.3,1.2,1.5,1.6,0.4,0.1,0.5,0.5,5.2,Guard,0.458467739,0.750373074,-0.698273895,-0.981505903,-0.335434832,-0.715576088,-0.813392641,-0.441657205,-0.366669512,0.20158602,0.804601942,-3.346322114,PHO,234,5,0.2,1.7,-0.2,2.1,-0.5,0.6,-0.2,0.3,-0.2,0.8,-0.1,0.405,0.021,0.684,0.173,0.2,0.3,33,12,14.4,-1.7,,,14.74015748,4.251968504,4.535433071,1.133858268,0.283464567,1.417322835,0.759274768,1,,841,-4.395425613,-3.151945772
Colby Jones,,2024-25,,,22,39,0,13.2,1.5,3.3,0.457,0.4,,,0.6,0.9,0.657,0.5,1.7,2.2,1.1,0.7,0.3,0.6,0.9,4,Guard,0.459772364,0.746836728,-0.879253742,-0.693011194,-0.597976101,0.055493019,-0.325273048,-0.772777107,-0.098642631,-0.562208333,0.684205057,-3.189444079,2TM,156,2.1,1.9,1.3,0.9,0.7,0.4,0.2,0.5,0.2,0.1,0.1,0.3,0.394,0.063,0.545,0.112,0.3,0.3,30,9,6.4,6.8,,,10.90909091,6,3,1.909090909,0.818181818,1.636363636,0.713891072,1,,484,-4.410763737,-2.504218061
Kenrich Williams,1629026,2024-25,0,1610612760,30,69,7,16.4057971,2.47826087,5.130434783,0.483,0.956521739,2.47826087,0.386,0.405797101,0.565217391,0.718,0.942028986,2.550724638,3.492753623,1.405797101,0.623188406,0.144927536,0.565217391,1.594202899,6.31884058,Guard-Forward,0.460992911,0.748113377,-0.529534231,-0.160221795,-0.437407383,-0.141930471,-0.703742588,-0.158525695,0.152111078,-0.286472483,0.726082235,-1.539641335,,436,6.364506427,1.608695652,3.976756904,0.463768116,1.664479081,0.057971014,0.699890621,0.072463768,0.197292863,0.014492753,0.877495214,0.144927536,0.4925,0.015,0.468,0.218,0.533770851,0.101449275,61,0,18.83388023,1.49275362,,,13.86572438,7.664310954,3.084805653,1.367491167,0.318021201,1.240282685,0.915883737,1,,900,-4.605993746,-1.902198174
Oshae Brissett,1629052,2024-25,0,1610612755,27,6,2,23.66666667,3.166666667,6.5,0.487,1,3,0.333,1.333333333,2.333333333,0.571,1.166666667,2.5,3.666666667,0.666666667,0.666666667,0.5,1.333333333,2.333333333,8.666666667,Guard-Forward,0.461520049,0.740541837,-0.175443227,-0.088546091,-0.825511867,-0.030181325,0.162846545,-0.110537304,0.260408132,-1.921804569,-0.19870543,-2.927475135,,52,4.888811189,5.012121212,3.131468532,0.757575758,0.738461539,-0.133333333,0.426573426,0.321212122,0.172727273,0.354545455,0.505594406,0.727272727,0.415,0.043,0.6595,-0.031,0.443356644,0.969696969,60,-49,14.05804196,12.21212122,,,13.18309859,5.577464788,1.014084507,1.014084507,0.76056338,2.028169013,0.342017182,1,,729,-4.64870328,-1.915835303
Gary Harris,203914,2024-25,0,1610612753,30,48,3,14.8125,1.0625,2.770833333,0.383,0.75,2.104166667,0.356,0.145833333,0.25,0.583,0.416666667,0.916666667,1.333333333,0.625,0.541666667,0.25,0.354166667,0.9375,3.020833333,Guard,0.457791504,0.747630636,-1.026928269,-1.050195119,-0.847390306,-0.35146012,-0.447302946,-0.386470555,-0.505597732,-0.390736869,0.980180732,-4.025901185,,145,7.579861111,-3.868055556,1.863425926,-0.351851852,1.420138889,-0.986111111,0.922453704,-0.36574074,0.25462963,-0.009259259,1.68287037,-0.657407407,0.4455,-0.058,0.828,-0.173,0.578703704,-0.219907407,51,-6,24.3425926,-9.20601852,,,7.341772151,3.240506328,1.518987342,1.316455697,0.607594937,0.860759494,0.780829719,1,,900,-4.726389032,-2.896080568
Vasilije Micić,,2024-25,,,31,41,16,19.1,2.3,6.7,0.348,1.1,,,0.8,1,0.829,0.5,1.7,2.2,3.1,0.4,0,1.9,1.1,6.6,Guard,0.452839599,0.750033126,-0.48713074,-0.693011194,0.452188974,-0.715576088,-1.057452438,-0.000164003,-1.522935234,0.12816284,-0.880954443,-4.776872327,2TM,270.6,7,-0.4,1.5,0.7,4.4,-1.3,0.5,-0.1,0.1,-0.1,0.7,0.4,0.43,-0.082,0.813,0.016,1.7,0.2,60,-19,19.6,-0.5,,,12.43979058,4.146596859,5.842931937,0.753926702,0,3.581151832,0.729383864,1,,961,-4.78605468,-3.034524537
Moses Brown,1629650,2024-25,0,0,25,13,2,9.153846154,2.615384615,3.769230769,0.694,0,0,0,0.615384615,0.846153846,0.727,0.923076923,2.461538462,3.384615385,0.153846154,0.461538462,0.307692308,0.846153846,1.307692308,5.846153846,Center,0.468368426,0.748096767,-0.600823208,-0.20478938,-1.094784963,-0.557408064,-0.306499217,-1.214270308,1.667363909,-0.290060004,0.387843495,-2.213427741,,76,3.857323232,2.437062937,3.88510101,-0.524475524,0.214646465,-0.164335664,0.169191919,0.234265735,0.353535354,-0.01048951,0,0,0.5715,0.186,0.374,0.437,0.458333334,0.346153846,29,-9,8.628787879,0.062937063,,,22.99159664,13.31092437,0.605042017,1.815126052,1.210084035,3.327731092,0.455285043,1,,625,-4.808995284,-2.285286728
Xavier Tillman Sr.,,2024-25,,,26,33,2,7,0.4,1.6,0.245,0.2,,,0.1,0.1,0.75,0.3,1,1.3,0.2,0.3,0.2,0.4,0.5,1,Center,0.456480169,0.748456875,-1.331703359,-1.063932962,-1.070550384,-0.972599123,-0.569332845,-0.993523708,-0.775003143,-0.212282315,0.924998827,-6.063929012,BOS,33,5.3,-4.3,3.9,-2.6,1.4,-1.2,0.9,-0.6,0.8,-0.6,0.4,-0.2,0.434,-0.189,0.44,0.31,0.6,-0.2,54,-21,18,-11,,,5.142857143,6.685714286,1.028571429,1.542857143,1.028571429,2.057142857,0.664859736,1,,676,-4.838357783,-2.132753227
Jevon Carter,1628975,2024-25,0,1610612741,29,36,1,8.916666667,1.527777778,4.055555556,0.377,0.972222222,2.916666667,0.333,0.222222222,0.277777778,0.8,0.111111111,0.972222222,1.083333333,1.111111111,0.361111111,0.083333333,0.305555556,0.416666667,4.25,Guard,0.456634241,0.748738575,-0.841549607,-1.153228944,-0.59214185,-0.815529491,-0.854069275,-0.141196554,-0.743350064,-0.151439722,1.038706995,-4.253798512,,153,6.497685185,-0.708333333,1.663580247,0.25,1.868827161,-0.194444445,0.664351852,-0.152777778,0.290123457,-0.138888889,1.411265432,-0.097222222,0.4005,-0.001,0.6935,0.229,0.731481481,-0.194444444,76.5,-36,18.15740741,-5.027777773,,,17.1588785,4.373831774,4.485981308,1.457943925,0.336448597,1.233644862,0.689886814,1,,841,-4.850617006,-2.896888392
Torrey Craig,,2024-25,,,34,26,4,12.1,1.5,3.5,0.422,0.9,,,0.3,0.5,0.667,1,1.8,2.8,0.7,0.3,0.5,0.3,1.3,4.2,Forward,0.458583432,0.747647316,-0.849090434,-0.445730016,-0.808009116,-0.972599123,0.162846545,-0.220910604,-0.342901188,-0.38713425,1.045395711,-2.818132474,2TM,109.2,5.7,-1.5,4.1,-1.3,1.1,-0.4,0.6,-0.3,0.4,0.1,1.1,-0.2,0.43,-0.008,0.75,-0.083,0.6,-0.3,53,-27,19.8,-7.7,,,12.49586777,8.330578512,2.082644628,0.892561983,1.487603306,0.892561983,0.601611122,1,,1156,-4.854730329,-1.981588194
Pat Connaughton,1626192,2024-25,0,1610612749,32,41,1,14.70731707,2.024390244,4.317073171,0.469,0.634146341,1.975609756,0.321,0.585365854,0.756097561,0.774,0.463414634,2.195121951,2.658536585,1.707317073,0.219512195,0.268292683,0.585365854,1.097560976,5.268292683,Guard,0.460241943,0.748834343,-0.687974229,-0.504032082,-0.279084511,-1.179471323,-0.402657862,-0.514342062,-0.002170458,-0.130755328,0.701824113,-2.998663742,,216,6.635461605,-0.363286264,3.892040552,-0.486200257,1.690358068,-0.41110398,0.566436583,-0.306803594,0.215163935,0.018292683,1.432916307,-0.444801027,0.4135,0.034,0.709,0.015,0.592860225,-0.059370988,68.5,-35,22.85418464,-7.34531451,,,12.89552239,6.507462687,4.179104478,0.537313433,0.656716418,1.432835822,0.729383864,1,,1024,-4.86468925,-1.808613137
Lester Quiñones,,2024-25,,,24,13,0,14.1,2.4,6,0.397,1,,,0.8,1,0.846,0.3,1.2,1.5,1.8,0.2,0.2,1.1,1.4,6.6,Guard,0.456305521,0.75036646,-0.48713074,-0.981505903,-0.230418325,-1.229622159,-0.569332845,-0.110537304,-0.810883575,0.20015753,0.082220634,-4.137052686,2TM,85.8,4.4,2.2,1.9,-0.4,1,0.8,0.2,0,0.1,0.1,0.9,0.1,0.397,0,0.69,0.156,0.5,0.6,37,-24,10.6,3.5,,,16.85106383,3.829787234,4.595744681,0.510638298,0.510638298,2.808510638,0.455285043,1,,576,-4.875129241,-3.240299468
Tony Bradley,1628396,2024-25,0,1610612754,27,14,0,8.071428571,2.071428571,3.214285714,0.644,0.071428571,0.214285714,0.333,0.142857143,0.428571429,0.333,1.285714286,1.714285714,3,0.428571429,0.142857143,0.642857143,0.357142857,0.785714286,4.357142857,Forward-Center,0.465598196,0.74492302,-0.825390692,-0.363302956,-0.950531518,-1.376492464,0.511503398,-1.135432237,1.098237532,-0.975538699,0.976597492,-3.040350146,,61,5.053246754,1.393506493,4.536147186,-0.381818182,0.685930736,-0.062337662,0.269480519,-0.038961039,0.657142857,0.042857143,0,0.071428571,0.625,0.059,0.673,-0.322,0.701948052,-0.261038961,48.5,-41,13.13376624,-1.910389611,,,19.43362832,13.38053097,1.911504427,0.637168142,2.867256638,1.592920353,0.46862036,1,,729,-4.880700898,-1.760935113
Maxi Kleber,1628467,2024-25,0,1610612742,33,34,4,18.73529412,1.088235294,2.823529412,0.385,0.382352941,1.441176471,0.265,0.470588235,0.617647059,0.762,0.735294118,2.058823529,2.794117647,1.264705882,0.264705882,0.5,0.676470588,1.941176471,3.029411765,Forward,0.457808094,0.748619083,-1.0256345,-0.448154341,-0.511491918,-1.063313137,0.162846545,-0.792254748,-0.502189426,-0.177248092,0.592136852,-3.765302766,,103,5.193903206,-1.4124487,3.487115022,-0.531463748,1.493400377,-0.316689467,0.359836581,-0.130642955,0.754242615,-0.197674419,0.899120051,-0.361833106,0.444,-0.047,0.7065,0.06,0.69044626,0.025307797,40,-9,22.69547455,-1.52051983,,,5.821036107,5.368916797,2.430141286,0.508634222,0.960753532,1.299843014,0.673323926,1,,1089,-4.913193869,-2.387930871
Lamar Stevens,1630205,2024-25,0,1610612763,27,17,1,9.176470588,1.705882353,3.705882353,0.46,0.470588235,1.588235294,0.296,0.470588235,0.647058824,0.727,0.235294118,2,2.235294118,0.470588235,0.294117647,0.176470588,0.588235294,0.882352941,4.352941176,Forward,0.459868717,0.748179699,-0.826024375,-0.678465242,-0.928469227,-0.987718125,-0.62675868,-0.694866542,-0.078847477,-0.272148016,0.698369397,-4.394928289,,73.99999999,6.224108659,-2.804953561,3.34040747,-1.106811145,0.634550085,-0.26625387,0.520373515,-0.311145511,0.442699491,-0.40247678,0.426146011,0.102167182,0.449,0.01,0.74,-0.051,0.533531409,-0.043343653,50,-21,16.39558574,-5.534055732,,,17.07692308,8.769230771,1.846153845,1.153846154,0.692307691,2.307692307,0.505993653,1,,729,-4.929871348,-2.482116568
Jordan McLaughlin,1629162,2024-25,0,0,29,46,0,6.826086957,0.673913043,1.565217391,0.431,0.413043478,1,0.413,0.369565217,0.47826087,0.773,0.130434783,0.52173913,0.652173913,1.108695652,0.347826087,0.02173913,0.347826087,0.391304348,2.130434783,Guard,0.459419032,0.748686354,-1.161215097,-1.33092496,-0.593410166,-0.849675063,-1.004395962,-0.758380589,-0.171232372,-0.162718494,0.987814592,-5.044138109,,98.00000002,3.613164452,-1.351708074,1.363787375,-0.633540373,2.70307309,-0.855590062,0.684593024,-0.277173913,0.109011628,-0.10326087,0.654069768,-0.336956522,0.452,-0.052,0.7775,0.051,0.553363787,0.008540373,49.5,-10,13.48463455,-4.352484473,,,11.23566879,3.439490445,5.847133757,1.834394905,0.114649679,1.834394905,0.766537442,1,,841,-4.931432209,-2.226672339
Kris Murray,,2024-25,,,24,69,6,15.1,1.7,4,0.419,0.4,,,0.4,0.8,0.456,1.1,1.5,2.6,1,0.5,0.2,0.6,1,4.2,Forward,0.458292165,0.743848217,-0.849090434,-0.528157075,-0.650484354,-0.458553052,-0.569332845,-0.772777107,-0.402740042,-1.207678968,0.684205057,-4.754608819,POR,289.8,6.1,-1.9,3.6,-1,1.3,-0.3,0.9,-0.4,0.3,-0.1,0.8,-0.4,0.396,0.023,0.661,-0.205,0.9,-0.3,62,7,21.7,-6.6,,,10.01324503,6.198675497,2.38410596,1.19205298,0.476821192,1.430463576,0.915883737,1,,576,-5.000268212,-1.81130705
Johnny Davis,1631098,2024-25,0,1610612764,22,34,0,7.117647059,0.941176471,2.294117647,0.41,0.205882353,0.852941176,0.241,0.264705882,0.441176471,0.6,0.294117647,0.823529412,1.117647059,0.323529412,0.441176471,0.176470588,0.205882353,0.529411765,2.352941176,Guard,0.458745571,0.747155359,-1.127657453,-1.139087046,-1.005687247,-0.609743072,-0.62675868,-0.98703116,-0.309590685,-0.493389014,1.158710426,-5.140233931,,79.99999998,4.430714286,-0.687058824,1.880714286,-0.322352941,0.82,-0.316470588,0.358571429,0.081176471,0.242857143,-0.023529412,0.443571429,-0.074117647,0.3945,0.007,0.551,0.017,0.433571429,-0.054117647,39,-16,13.69357143,-5.162352941,,,11.90082644,5.652892563,1.636363638,2.231404961,0.892561982,1.041322314,0.673323926,1,,484,-5.120555915,-1.563906985
Andre Jackson Jr.,,2024-25,,,23,67,43,14.6,1.4,2.9,0.477,0.4,,,0.2,0.4,0.5,1,1.7,2.7,1.2,0.5,0.2,0.9,1.7,3.4,Guard,0.460346795,0.746481933,-0.969743665,-0.486943545,-0.545467847,-0.458553052,-0.569332845,-0.772777107,0.019370565,-0.638838265,0.323014403,-4.099271357,MIL,227.8,2.2,1.2,2,0.7,0.9,0.3,0.3,0.2,0.1,0.1,0.3,0.1,0.5,-0.023,0.727,-0.227,0.5,0.4,57,10,10,4.6,,,8.383561644,6.657534247,2.95890411,1.232876712,0.493150685,2.219178082,0.904001915,1,,529,-5.304659177,-2.320215297
Cory Joseph,202709,2024-25,0,1610612753,33,50,16,12.24,1.24,3.08,0.403,0.78,2.14,0.364,0.28,0.36,0.778,0.34,1.14,1.48,1.44,0.52,0.08,0.36,1,3.54,Guard,0.458164777,0.748665001,-0.94862935,-0.989748609,-0.419448038,-0.407148445,-0.862204601,-0.353358565,-0.428911204,-0.167330469,0.97315758,-3.603621699,,177,4.655086849,1.116923077,1.431761787,0.326153846,2.557692308,-0.175384615,0.351116626,0.366153846,0.130272952,-0.035384615,0.814516129,0.28,0.393,0.044,0.6815,0.207,0.682382134,-0.101538462,44,24,15.58746898,0.85538462,,,10.41176471,4.352941176,4.235294118,1.529411765,0.235294118,1.058823529,0.794827213,1,,1089,-5.404407821,-3.82784377
Rayan Rupert,,2024-25,,,20,52,0,8.8,1.1,2.7,0.408,0.3,,,0.4,0.6,0.767,0.5,0.8,1.3,0.5,0.3,0.1,0.6,0.7,3,Guard,0.458500343,0.748673704,-1.030070281,-1.063932962,-0.913025623,-0.972599123,-0.813392641,-0.883150407,-0.359971324,-0.165450641,0.684205057,-5.517387945,POR,156,4,-1,2.4,-1.1,1.6,-1.1,0.3,0,0.1,0,0.7,-0.4,0.335,0.073,0.76,0.007,0.8,-0.2,39,13,16.2,-7.4,,,12.27272727,5.318181818,2.045454545,1.227272727,0.409090909,2.454545455,0.808547448,1,,400,-5.567814941,-2.519638115
Alex Len,203458,2024-25,0,0,32,46,7,8.260869565,0.695652174,1.369565217,0.508,0.043478261,0.195652174,0.222,0.173913043,0.369565217,0.471,0.826086957,1.239130435,2.065217391,0.826086957,0.195652174,0.456521739,0.434782609,1.217391304,1.608695652,Center,0.460514201,0.74641809,-1.239901987,-0.748559865,-0.741803056,-1.240797073,0.05673359,-1.166281917,0.053763073,-0.652627434,0.883121649,-4.796353021,,73.99999999,2.076923077,-0.891304348,2.487179487,-0.601449276,0.751602565,-0.21557971,0.191506411,-0.033514493,0.555288462,-0.230978261,0,0.043478261,0.575,-0.109,0.638,-0.117,0.588942308,-0.127717391,37,-2,7.721153846,-0.989130435,,,7.010526315,8.999999999,3.600000002,0.852631579,1.989473684,1.894736843,0.766537442,1,,1024,-5.571181118,-2.316321042
Patty Mills,201988,2024-25,0,0,36,29,0,11.06896552,1.24137931,3.310344828,0.375,0.896551724,2.586206897,0.347,0.448275862,0.482758621,0.929,0.137931034,0.620689655,0.75862069,0.896551724,0.448275862,0.103448276,0.586206897,0.827586207,3.827586207,Guard,0.457144583,0.750180324,-0.905256593,-1.287054486,-0.704803238,-0.591496002,-0.804976786,-0.22471658,-0.638503552,0.159955119,0.700811524,-4.296040594,,111,5.059375,-0.141163793,1.096875,-0.33512931,1.23125,-0.165948276,0.5,-0.176724138,0.053125,0.072198276,0.9875,0.146551724,0.381,0.024,0.9165,-0.071,0.625,0.086206897,36,-3,13.571875,-1.89978448,,,12.44859813,2.46728972,2.915887849,1.457943925,0.336448598,1.906542057,0.629646883,1,,1296,-5.57430909,-2.733588276
Jae Crowder,203109,2024-25,0,1610612758,34,9,2,11.44444444,0.777777778,2.444444444,0.318,0.444444444,1.666666667,0.267,0.555555556,0.666666667,0.833,0.666666667,1.555555556,2.222222222,0.666666667,0.333333333,0,0.444444444,1.111111111,2.555555556,Forward,0.456478814,0.749566239,-1.097099853,-0.683852632,-0.825511867,-0.886924779,-1.057452438,-0.723722307,-0.775281513,0.027322615,0.871489101,-5.151033674,,23,6.564444445,-3.684444444,3.526666667,-0.997777778,1.41,-0.653333333,0.713333334,-0.426666667,0.256666667,-0.18,1.246666667,-0.715555556,0.4505,-0.104,0.7775,0.111,0.424444445,-0.015555556,34,-41,21.00444445,-11.67555556,,,8.038834956,6.990291264,2.097087381,1.048543689,0,1.398058252,0.395954726,1,,1156,-5.699753961,-2.43161893
Garrett Temple,202066,2024-25,0,1610612761,39,28,0,8.107142857,0.642857143,2.142857143,0.3,0.214285714,1,0.214,0.392857143,0.428571429,0.917,0.321428571,0.714285714,1.035714286,1.107142857,0.607142857,0.071428571,0.357142857,0.821428571,1.892857143,Guard-Forward,0.456510065,0.749886193,-1.197045734,-1.172854434,-0.594225511,-0.183171228,-0.883124013,-0.977756093,-0.768861281,0.096427564,0.976597492,-4.70401324,,53,2.62962963,-1.366402116,1.173333334,-0.630952381,0.778518519,0.07010582,0.402222222,0.162698413,0.095555556,-0.03968254,0.442222222,-0.23015873,0.386,-0.072,0.784,0.099,0.33925926,-0.161375662,26,1,8.59185185,-2.596560843,,,8.405286344,4.599118944,4.916299559,2.696035242,0.317180615,1.585903083,0.620470109,1,,1521,-5.799251998,-1.619596287
Jeff Green,201145,2024-25,0,1610612745,38,32,3,12.375,1.90625,3.78125,0.504,0.90625,2.46875,0.367,0.65625,0.8125,0.808,0.34375,1.46875,1.8125,0.625,0.1875,0.125,0.28125,1,5.375,Forward,0.461471944,0.749405942,-0.671881001,-0.852713622,-0.847390306,-1.261750038,-0.752377692,-0.214012273,0.250525323,-0.007298921,1.067970127,-3.288928403,,172,7.164606228,-1.150641026,2.426739927,-0.469551282,1.064789377,-0.272435897,0.263278388,-0.017628205,0.350503663,-0.272435897,0.607600733,0.226762821,0.472,0.048,0.7815,-0.011,0.705586081,-0.30849359,67,-46,18.11927656,-4.38141026,,,15.63636364,5.272727273,1.818181818,0.545454545,0.363636364,0.818181818,0.656266298,1,,1444,-5.902624928,-2.907194959
DeAndre Jordan,201599,2024-25,0,1610612743,36,56,5,12.33928571,1.625,2.5,0.65,0,0,0,0.482142857,1.142857143,0.422,1.5,3.571428571,5.071428571,0.946428571,0.285714286,0.482142857,0.714285714,1.321428571,3.732142857,Center,0.464501319,0.741158732,-0.919651029,0.490405875,-0.678613776,-1.009316699,0.119264438,-1.214270308,0.872891176,-1.788564939,0.546608618,-3.581246645,,209,4.523504274,-0.212301587,4.770299145,0.71031746,0.797008547,0.224206349,0.237179488,0.119047619,0.517094017,0.037698413,0.012820513,0,0.6945,0.026,0.4745,-0.069,0.93482906,0.075396825,37.5,20,13.01282052,1.33928571,,,10.8885673,14.79594791,2.761215629,0.833574531,1.406657019,2.083936324,0.835218084,1,,1296,-5.965374055,-2.732988945
Markieff Morris,202693,2024-25,0,0,35,15,2,10.93333333,1.4,4.666666667,0.3,0.6,2.4,0.25,0.333333333,0.4,0.833,0.2,1.333333333,1.533333333,1.4,0.133333333,0.2,0.333333333,1.066666667,3.733333333,Forward,0.452736164,0.749124791,-0.919471485,-0.96776806,-0.440451339,-1.40097085,-0.569332845,-0.552030506,-1.544185205,-0.068023223,1.005263417,-5.456970096,,56,3.154945054,1.194871795,1.764285715,0.033333333,0.750549451,0.784615385,0.224725275,-0.058974359,0.129120879,0.084615385,0.688461539,0.023076923,0.3735,-0.038,0.9165,0,0.487912088,-0.128205129,30.5,-11,9.225274724,2.625641022,,,12.29268293,5.048780488,4.609756099,0.439024389,0.658536586,1.097560975,0.481487332,1,,1225,-5.975825111,-2.512714492
Jordan Walsh,,2024-25,,,20,52,1,7.8,0.6,1.6,0.361,0.3,,,0.1,0.2,0.583,0.4,0.9,1.3,0.4,0.2,0.2,0.3,0.6,1.6,Forward-Center,0.458306941,0.74779461,-1.241213435,-1.063932962,-0.965533877,-1.229622159,-0.569332845,-0.883150407,-0.399704497,-0.355320938,1.045395711,-5.662415409,BOS,83.2,1.7,-0.1,2.2,-0.9,0.6,-0.2,0.6,-0.4,0.1,0.1,0.2,0.1,0.4,-0.039,0.5,0.083,0.3,0,9,43,9.2,-1.4,,,7.384615385,6,1.846153846,0.923076923,0.923076923,1.384615385,0.808547448,1,,400,-6.037389368,-2.984936154
Kobe Brown,,2024-25,,,25,40,0,6.8,0.8,1.8,0.458,0.2,,,0.1,0.2,0.714,0.5,1.2,1.6,0.6,0.2,0.1,0.3,0.6,1.9,Forward-Center,0.459830896,0.748316523,-1.195968473,-0.940292373,-0.860517369,-1.229622159,-0.813392641,-0.993523708,-0.086617627,-0.242596185,1.045395711,-5.317134823,LAC,76,2,-0.1,1.4,0.2,0.6,0,0.3,-0.1,0.1,0,0.3,-0.1,0.411,0.047,0.5,0.214,0.2,0.1,44,-4,9,-2.2,,,10.05882353,8.470588235,3.176470588,1.058823529,0.529411765,1.588235294,0.721685888,1,,625,-6.066330819,-2.814973292
Anthony Gill,1630264,2024-25,0,1610612764,32,51,0,7.803921569,0.843137255,1.725490196,0.489,0.196078431,0.607843137,0.323,0.647058824,0.980392157,0.66,0.352941176,0.941176471,1.294117647,0.31372549,0.176470588,0.039215686,0.196078431,0.588235294,2.529411765,Forward,0.460358066,0.746752754,-1.10104277,-1.066357288,-1.010835115,-1.290098168,-0.961742715,-0.997852073,0.021686083,-0.580345229,1.170514043,-5.81607323,,129,3.542542373,-1.250588235,1.778983051,-0.585882353,0.628135593,-0.36627451,0.189322034,-0.083529412,0.211694916,-0.180784314,0.133898305,-0.003921569,0.5035,0.02,0.7685,-0.146,0.357118644,-0.263921569,54.5,1,9.95661017,-1.516078431,,,11.66834171,5.969849246,1.44723618,0.814070351,0.180904521,0.904522611,0.801720961,1,,1024,-6.928282602,-2.550594455
Taj Gibson,201959,2024-25,0,1610612766,40,37,11,11.05405405,1.27027027,2.567567568,0.495,0.027027027,0.054054054,0.5,0.324324324,0.540540541,0.6,1.378378378,1.864864865,3.243243243,0.567567568,0.243243243,0.486486486,0.675675676,1.459459459,2.891891892,Forward,0.460743413,0.746866048,-1.046374771,-0.26305383,-0.877547073,-1.118477063,0.12986549,-1.184439687,0.100853231,-0.555875671,0.593093901,-4.221955473,,107,2.564285715,1.191891892,1.873979592,1.393243243,0.621938776,0.017567568,0.228061225,0.093243243,0.29744898,0.136486486,0.131632653,-0.072972973,0.4625,0.09,0.857,-0.4,0.390306123,0.425675676,34.5,17,9.997959184,0.85405405,,,9.418092913,10.56234719,1.84841076,0.792176039,1.584352077,2.200488999,0.697995668,1,,1600,-7.687880246,-3.109853302
Doug McDermott,203926,2024-25,0,1610612758,33,42,3,8.142857143,1.19047619,2.785714286,0.427,1.047619048,2.404761905,0.436,0.071428571,0.119047619,0.6,0.071428571,0.452380952,0.523809524,0.166666667,0.095238095,0.047619048,0.142857143,0.714285714,3.5,Forward,0.458973171,0.748101167,-0.954662011,-1.383828455,-1.088053135,-1.498884387,-0.941233486,-0.057978589,-0.262831798,-0.289109593,1.234590816,-5.241990639,,147,7.8515625,-1.984375,1.5390625,-0.398065476,1.2578125,-0.927083333,0.2265625,-0.154761905,0.0625,0.016369048,1.6953125,-0.421130952,0.445,-0.006,0.668,0.021,0.671875,-0.294642857,64,-22,17.328125,-5.982142857,,,15.47368421,2.315789474,0.736842107,0.421052631,0.210526317,0.631578948,0.73698852,1,,1089,-7.808481846,-1.9789162
Tristan Thompson,202684,2024-25,0,1610612739,34,40,0,8.2,0.775,1.775,0.437,0,0.075,0,0.175,0.75,0.233,0.8,2.55,3.35,0.6,0.05,0.275,0.35,0.9,1.725,Forward-Center,0.459465096,0.740836245,-1.222361368,-0.219055602,-0.860517369,-1.615156712,-0.386287997,-1.214270308,-0.16176878,-1.858216982,0.985197269,-6.552437849,,69,4.726190477,-1.560714286,4.458843538,-0.201020408,0.820408163,-0.440816327,0.305782313,-0.194897959,0.342857143,-0.010714286,0.016666667,0,0.5555,-0.171,0.4105,-0.055,0.779251701,-0.241836735,39.5,-9,13.18537415,-3.00408163,,,7.573170732,14.70731707,2.634146341,0.219512195,1.207317073,1.536585366,0.721685888,1,,1156,-8.392751532,-2.202909578
Terence Davis,1629056,2024-25,0,1610612758,28,1,0,8,0,2,0,0,1,0,0,0,0,0,1,1,1,0,0,0,0,0,Guard,0.450846914,0.748453789,-1.482519897,-1.187573552,-0.650484354,-1.74366823,-1.057452438,-1.214270308,-1.932319756,-0.212948896,1.406586365,-8.074651066,,0,8.550520835,-6.734375,2.652604166,-1.171875,1.190104166,-0.046875,0.752604167,-0.671875,0.277083334,-0.1875,1.511979167,-1.390625,0.423,-0.423,0.8045,-0.791,0.9640625,-0.828125,47,-63,15.50364584,-5.140625,,,0,4.5,4.5,0,0,0,0.2,1,,784,-8.668754041,-1.627030555
P.J. Tucker,200782,2024-25,0,1610612752,40,3,1,19.33333333,1,2.333333333,0.429,1,2,0.5,0,0,0,1.333333333,1.333333333,2.666666667,0,0.333333333,0.333333333,0.333333333,2.666666667,3,Forward,0.459160116,0.748453789,-1.030070281,-0.500681389,-1.175566892,-0.886924779,-0.243919783,-0.110537304,-0.224425103,-0.212948896,1.005263417,-3.379811009,,9,2.612043011,1.322580645,3.337634409,-0.075268817,0.658064516,-0.516129032,0.518064516,-0.182795699,0.212903226,0.107526881,0.576344086,0.580645161,0.3935,0.069,0.913,-1,0.422365592,0.075268817,53,-28,20.63870968,3.65591398,,,5.586206898,4.965517243,0,0.620689655,0.620689655,0.620689655,0.271724408,1,,1600,-9.592333847,-2.36222033
Joe Ingles,204060,2024-25,0,1610612750,37,19,1,6,0.315789474,1.210526316,0.261,0.157894737,0.789473684,0.2,0,0,0,0.105263158,0.473684211,0.578947368,1.210526316,0.105263158,0,0.473684211,0.631578947,0.789473684,Guard-Forward,0.457485345,0.748453789,-1.363454209,-1.361104204,-0.539940662,-1.473117666,-1.057452438,-1.039996676,-0.568496133,-0.212948896,0.836285332,-6.780225551,,15,5.622122762,-3.563467492,2.435421995,-1.509287926,3.123081842,-1.774767802,0.674872123,-0.527089783,0.101982098,-0.073529412,1.416879796,-0.871517028,0.4355,-0.175,0.8405,-0.824,1.090473146,-0.511609907,57,-49,19.94341432,-11.19117647,,,4.736842104,3.473684208,7.263157896,0.631578948,0,2.842105266,0.52909606,1,,1369,-10.82169905,-2.104127303
