PLAYER_NAME,PLAYER_ID,SEASON_ID,LEAGUE_ID,TEAM_ID,TEAM_ABBREVIATION,PLAYER_AGE,GP,GS,MIN,FGM,FGA,FG_PCT,FG3M,FG3A,FG3_PCT,FTM,FTA,FT_PCT,OREB,DREB,REB,AST,STL,BLK,TOV,PF,PTS
AJ Green,1631260,2022-23,00,1610612749,MIL,23.0,35,1,345,53,125,0.424,44,105,0.419,4,4,1.0,6,39,45,22,6,0,9,31,154
AJ Green,1631260,2023-24,00,1610612749,MIL,24.0,56,0,614,83,196,0.423,69,169,0.408,17,19,0.895,9,55,64,30,9,4,12,49,252
AJ Green,1631260,2024-25,00,1610612749,MIL,25.0,73,7,1659,182,424,0.429,155,363,0.427,22,27,0.815,18,156,174,108,37,7,40,157,541
Aaron Gordon,203932,2020-21,00,1610612753,ORL,25.0,25,25,736,128,293,0.437,42,112,0.375,66,105,0.629,39,127,166,105,16,20,67,49,364
Aaron Gordon,203932,2020-21,00,1610612743,DEN,25.0,25,25,648,103,206,0.5,17,64,0.266,31,44,0.705,38,80,118,56,17,14,30,40,254
Aaron Gordon,203932,2020-21,00,0,TOT,25.0,50,50,1384,231,499,0.463,59,176,0.335,97,149,0.651,77,207,284,161,33,34,97,89,618
Aaron Gordon,203932,2021-22,00,1610612743,DEN,26.0,75,75,2375,434,834,0.52,87,260,0.335,171,230,0.743,125,314,439,188,44,44,133,148,1126
Aaron Gordon,203932,2022-23,00,1610612743,DEN,27.0,68,68,2055,429,761,0.564,60,173,0.347,191,314,0.608,164,282,446,203,54,51,98,129,1109
Aaron Gordon,203932,2023-24,00,1610612743,DEN,28.0,73,73,2297,398,716,0.556,40,138,0.29,177,269,0.658,174,297,471,259,56,45,105,142,1013
Aaron Gordon,203932,2024-25,00,1610612743,DEN,29.0,51,42,1447,264,497,0.531,75,172,0.436,145,179,0.81,80,167,247,164,23,14,73,82,748
Aaron Holiday,1628988,2020-21,00,1610612754,IND,24.0,66,8,1176,170,436,0.39,67,182,0.368,68,83,0.819,15,74,89,123,46,13,66,94,475
Aaron Holiday,1628988,2021-22,00,1610612764,WAS,25.0,41,14,663,100,214,0.467,23,67,0.343,28,35,0.8,9,58,67,78,24,9,39,60,251
Aaron Holiday,1628988,2021-22,00,1610612756,PHX,25.0,22,1,358,51,124,0.411,16,36,0.444,31,33,0.939,15,40,55,75,18,0,28,32,149
Aaron Holiday,1628988,2021-22,00,0,TOT,25.0,63,15,1021,151,338,0.447,39,103,0.379,59,68,0.868,24,98,122,153,42,9,67,92,400
Aaron Holiday,1628988,2022-23,00,1610612737,ATL,26.0,63,6,845,92,220,0.418,36,88,0.409,27,32,0.844,25,49,74,89,37,12,36,79,247
Aaron Holiday,1628988,2023-24,00,1610612745,HOU,27.0,78,1,1269,186,417,0.446,84,217,0.387,58,63,0.921,23,100,123,140,42,6,53,125,514
Aaron Holiday,1628988,2024-25,00,1610612745,HOU,28.0,62,3,792,117,268,0.437,72,181,0.398,34,41,0.829,13,65,78,83,19,11,37,64,340
Aaron Nesmith,1630174,2022-23,00,1610612754,IND,23.0,73,60,1816,252,590,0.427,115,314,0.366,119,142,0.838,62,215,277,98,55,34,75,235,738
Aaron Nesmith,1630174,2023-24,00,1610612754,IND,24.0,72,47,1995,315,635,0.496,140,334,0.419,107,137,0.781,63,212,275,108,65,49,64,241,877
Aaron Nesmith,1630174,2024-25,00,1610612754,IND,25.0,45,37,1122,192,379,0.507,84,195,0.431,73,80,0.912,37,141,178,54,35,17,37,114,541
Aaron Wiggins,1630598,2021-22,00,1610612760,OKC,23.0,50,35,1209,156,337,0.463,42,138,0.304,62,85,0.729,51,127,178,68,30,10,54,93,416
Aaron Wiggins,1630598,2022-23,00,1610612760,OKC,24.0,70,14,1297,186,363,0.512,48,122,0.393,59,71,0.831,68,142,210,80,39,15,55,110,479
Aaron Wiggins,1630598,2023-24,00,1610612760,OKC,25.0,78,4,1228,212,377,0.562,62,126,0.492,56,71,0.789,60,126,186,86,56,19,56,91,542
Aaron Wiggins,1630598,2024-25,00,1610612760,OKC,26.0,76,26,1744,355,728,0.488,130,339,0.383,74,89,0.831,81,214,295,134,60,18,69,101,914
Abdel Nader,1627846,2020-21,00,1610612756,PHX,27.0,24,0,355,57,116,0.491,18,43,0.419,28,37,0.757,7,55,62,19,10,9,19,34,160
Abdel Nader,1627846,2021-22,00,1610612756,PHX,28.0,14,0,145,12,35,0.343,4,14,0.286,6,10,0.6,4,23,27,7,8,4,11,20,34
Al Horford,201143,2020-21,00,1610612760,OKC,35.0,28,28,782,162,360,0.45,56,152,0.368,18,22,0.818,29,159,188,94,25,26,29,48,398
Al Horford,201143,2021-22,00,1610612738,BOS,36.0,69,69,2005,266,569,0.467,89,265,0.336,80,95,0.842,108,422,530,232,49,92,65,130,701
Al Horford,201143,2022-23,00,1610612738,BOS,37.0,63,63,1921,228,479,0.476,145,325,0.446,15,21,0.714,73,317,390,189,30,61,37,121,616
Al Horford,201143,2023-24,00,1610612738,BOS,38.0,65,33,1740,214,419,0.511,108,258,0.419,26,30,0.867,82,331,413,168,38,62,48,93,562
Al Horford,201143,2024-25,00,1610612738,BOS,39.0,60,42,1659,195,461,0.423,114,314,0.363,34,38,0.895,79,290,369,128,36,51,46,81,538
Alec Burks,202692,2020-21,00,1610612752,NYK,29.0,49,5,1255,210,500,0.42,102,246,0.415,101,118,0.856,21,206,227,107,31,14,49,102,623
Alec Burks,202692,2021-22,00,1610612752,NYK,30.0,81,44,2318,285,728,0.391,157,389,0.404,217,264,0.822,47,350,397,239,85,26,91,215,944
Alec Burks,202692,2022-23,00,1610612765,DET,31.0,51,8,1122,200,459,0.436,99,239,0.414,153,188,0.814,19,139,158,114,38,8,58,98,652
Alec Burks,202692,2023-24,00,1610612765,DET,32.0,43,0,901,160,406,0.394,99,247,0.401,121,134,0.903,16,94,110,68,21,11,32,64,540
Alec Burks,202692,2023-24,00,1610612752,NYK,32.0,23,1,311,50,163,0.307,25,83,0.301,24,33,0.727,8,32,40,20,7,1,16,11,149
Alec Burks,202692,2023-24,00,0,TOT,32.0,66,1,1212,210,569,0.369,124,330,0.376,145,167,0.868,24,126,150,88,28,12,48,75,689
Alec Burks,202692,2024-25,00,1610612748,MIA,33.0,49,14,864,115,271,0.424,88,207,0.425,38,49,0.776,15,109,124,55,28,7,29,37,356
Aleksej Pokusevski,1630197,2020-21,00,1610612760,OKC,19.0,45,28,1090,139,408,0.341,58,207,0.28,31,42,0.738,30,182,212,97,20,42,99,58,367
Aleksej Pokusevski,1630197,2021-22,00,1610612760,OKC,20.0,61,12,1233,186,456,0.408,57,197,0.289,35,50,0.7,73,245,318,131,39,38,94,88,464
Aleksej Pokusevski,1630197,2022-23,00,1610612760,OKC,21.0,34,25,701,108,249,0.434,38,104,0.365,22,35,0.629,45,114,159,64,20,43,43,58,276
Aleksej Pokusevski,1630197,2023-24,00,1610612760,OKC,22.0,10,0,60,4,16,0.25,2,11,0.182,2,4,0.5,2,8,10,5,1,1,3,5,12
Aleksej Pokusevski,1630197,2023-24,00,1610612766,CHA,22.0,18,0,345,45,105,0.429,16,44,0.364,28,37,0.757,15,64,79,30,14,12,16,17,134
Aleksej Pokusevski,1630197,2023-24,00,0,TOT,22.0,28,0,405,49,121,0.405,18,55,0.327,30,41,0.732,17,72,89,35,15,13,19,22,146
Alex Caruso,1627936,2020-21,00,1610612747,LAL,27.0,58,6,1216,133,305,0.436,55,137,0.401,49,76,0.645,31,139,170,160,64,15,76,108,370
Alex Caruso,1627936,2021-22,00,1610612741,CHI,28.0,41,18,1147,102,256,0.398,42,126,0.333,58,73,0.795,33,115,148,165,71,15,57,106,304
Alex Caruso,1627936,2022-23,00,1610612741,CHI,29.0,67,36,1575,130,286,0.455,55,151,0.364,59,73,0.808,42,154,196,193,98,46,77,159,374
Alex Caruso,1627936,2023-24,00,1610612741,CHI,30.0,71,57,2040,253,541,0.468,136,333,0.408,73,96,0.76,62,211,273,247,120,70,102,181,715
Alex Caruso,1627936,2024-25,00,1610612760,OKC,31.0,54,3,1041,140,314,0.446,60,170,0.353,42,51,0.824,38,121,159,137,87,30,37,102,382
Alex Len,203458,2020-21,00,1610612761,TOR,28.0,7,2,76,5,10,0.5,3,6,0.5,3,6,0.5,0,11,11,3,1,6,8,10,16
Alex Len,203458,2020-21,00,1610612764,WAS,28.0,57,40,903,166,268,0.619,5,19,0.263,70,110,0.636,78,171,249,46,19,58,47,117,407
Alex Len,203458,2020-21,00,0,TOT,28.0,64,42,979,171,278,0.615,8,25,0.32,73,116,0.629,78,182,260,49,20,64,55,127,423
Alex Len,203458,2021-22,00,1610612758,SAC,29.0,39,10,620,94,176,0.534,6,21,0.286,41,63,0.651,52,109,161,45,13,25,43,100,235
Alex Len,203458,2022-23,00,1610612758,SAC,30.0,26,2,161,16,30,0.533,0,2,0.0,11,16,0.688,24,36,60,12,4,11,16,28,43
Alex Len,203458,2023-24,00,1610612758,SAC,31.0,48,0,444,50,81,0.617,0,3,0.0,20,34,0.588,46,82,128,50,11,33,27,66,120
Alex Len,203458,2024-25,00,1610612758,SAC,32.0,36,3,258,22,41,0.537,1,6,0.167,7,13,0.538,25,39,64,30,8,18,11,35,52
Alex Len,203458,2024-25,00,1610612747,LAL,32.0,10,4,122,10,22,0.455,1,3,0.333,1,4,0.25,13,18,31,8,1,3,9,21,22
Alex Len,203458,2024-25,00,0,TOT,32.0,46,7,380,32,63,0.508,2,9,0.222,8,17,0.471,38,57,95,38,9,21,20,56,74
Alize Johnson,1628993,2020-21,00,1610612751,BKN,25.0,18,0,189,40,68,0.588,1,6,0.167,13,13,1.0,27,63,90,14,5,5,9,16,94
Alize Johnson,1628993,2021-22,00,1610612741,CHI,26.0,16,0,121,12,23,0.522,0,2,0.0,4,7,0.571,16,20,36,8,3,0,8,15,28
Alize Johnson,1628993,2021-22,00,1610612764,WAS,26.0,3,0,18,2,6,0.333,0,2,0.0,0,1,0.0,5,7,12,0,0,0,3,0,4
Alize Johnson,1628993,2021-22,00,1610612740,NOP,26.0,4,0,28,3,10,0.3,0,0,0.0,3,4,0.75,7,6,13,1,2,0,1,3,9
Alize Johnson,1628993,2021-22,00,0,TOT,26.0,23,0,167,17,39,0.436,0,4,0.0,7,12,0.583,28,33,61,9,5,0,12,18,41
Alize Johnson,1628993,2022-23,00,1610612759,SAS,27.0,4,0,30,3,6,0.5,0,2,0.0,1,2,0.5,2,8,10,1,1,0,4,3,7
Alperen Sengun,1630578,2022-23,00,1610612745,HOU,20.0,75,72,2171,442,799,0.553,19,57,0.333,206,288,0.715,242,436,678,291,70,70,193,258,1109
Alperen Sengun,1630578,2023-24,00,1610612745,HOU,21.0,63,63,2046,527,982,0.537,33,111,0.297,244,352,0.693,183,406,589,312,76,46,162,211,1331
Alperen Sengun,1630578,2024-25,00,1610612745,HOU,22.0,76,76,2395,567,1143,0.496,21,90,0.233,296,428,0.692,262,524,786,372,84,61,194,209,1451
Amir Coffey,1629599,2021-22,00,1610612746,LAC,25.0,69,30,1567,211,466,0.453,96,254,0.378,101,117,0.863,26,171,197,124,38,15,45,87,619
Amir Coffey,1629599,2022-23,00,1610612746,LAC,26.0,50,9,625,56,145,0.386,11,40,0.275,49,63,0.778,17,36,53,53,7,5,21,50,172
Amir Coffey,1629599,2023-24,00,1610612746,LAC,27.0,70,13,1461,166,352,0.472,70,184,0.38,61,71,0.859,29,119,148,76,41,14,33,102,463
Amir Coffey,1629599,2024-25,00,1610612746,LAC,28.0,72,13,1748,240,510,0.471,101,247,0.409,115,129,0.891,32,129,161,77,40,7,45,120,696
Andre Drummond,203083,2020-21,00,1610612739,CLE,27.0,25,25,722,180,380,0.474,0,8,0.0,77,129,0.597,101,236,337,64,40,29,81,69,437
Andre Drummond,203083,2020-21,00,1610612747,LAL,27.0,21,21,520,102,192,0.531,0,0,0.0,46,76,0.605,65,149,214,30,23,20,43,80,250
Andre Drummond,203083,2020-21,00,0,TOT,27.0,46,46,1242,282,572,0.493,0,8,0.0,123,205,0.6,166,385,551,94,63,49,124,149,687
Andre Drummond,203083,2021-22,00,1610612755,PHI,28.0,49,12,902,128,238,0.538,0,2,0.0,42,82,0.512,136,297,433,97,56,45,79,121,298
Andre Drummond,203083,2021-22,00,1610612751,BKN,28.0,24,24,535,119,195,0.61,0,1,0.0,44,82,0.537,93,154,247,34,22,23,36,71,282
Andre Drummond,203083,2021-22,00,0,TOT,28.0,73,36,1437,247,433,0.57,0,3,0.0,86,164,0.524,229,451,680,131,78,68,115,192,580
Andre Drummond,203083,2022-23,00,1610612741,CHI,29.0,67,0,849,166,274,0.606,0,3,0.0,67,125,0.536,138,306,444,33,45,27,75,117,399
Andre Drummond,203083,2023-24,00,1610612741,CHI,30.0,79,10,1351,267,480,0.556,0,3,0.0,129,218,0.592,265,443,708,37,73,48,81,140,663
Andre Drummond,203083,2024-25,00,1610612755,PHI,31.0,40,23,751,117,234,0.5,3,20,0.15,56,90,0.622,109,201,310,34,39,18,55,94,293
Andrew Nembhard,1629614,2022-23,00,1610612754,IND,23.0,75,63,2074,284,644,0.441,92,263,0.35,49,62,0.79,35,164,199,341,70,13,126,179,709
Andrew Nembhard,1629614,2023-24,00,1610612754,IND,24.0,68,47,1697,260,522,0.498,61,171,0.357,45,56,0.804,36,105,141,280,63,6,101,143,626
Andrew Nembhard,1629614,2024-25,00,1610612754,IND,25.0,65,65,1881,247,539,0.458,51,175,0.291,108,136,0.794,34,182,216,326,79,11,112,149,653
Andrew Wiggins,203952,2020-21,00,1610612744,GSW,26.0,71,71,2364,505,1058,0.477,140,368,0.38,170,238,0.714,82,265,347,167,67,70,126,159,1320
Andrew Wiggins,203952,2021-22,00,1610612744,GSW,27.0,73,73,2330,475,1019,0.466,157,399,0.393,149,235,0.634,85,240,325,161,76,51,111,158,1256
Andrew Wiggins,203952,2022-23,00,1610612744,GSW,28.0,37,37,1190,250,529,0.473,89,225,0.396,44,72,0.611,61,125,186,85,45,28,48,107,633
Andrew Wiggins,203952,2023-24,00,1610612744,GSW,29.0,71,59,1920,353,780,0.453,91,254,0.358,142,189,0.751,108,213,321,119,42,41,87,147,939
Andrew Wiggins,203952,2024-25,00,1610612744,GSW,30.0,43,43,1296,261,588,0.444,94,248,0.379,139,179,0.777,66,131,197,102,40,33,56,70,755
Andrew Wiggins,203952,2024-25,00,1610612748,MIA,30.0,17,17,546,115,251,0.458,36,100,0.36,57,78,0.731,23,49,72,56,20,17,43,31,323
Andrew Wiggins,203952,2024-25,00,0,TOT,30.0,60,60,1842,376,839,0.448,130,348,0.374,196,257,0.763,89,180,269,158,60,50,99,101,1078
Anfernee Simons,1629014,2020-21,00,1610612757,POR,22.0,64,0,1104,168,401,0.419,120,282,0.426,46,57,0.807,14,126,140,89,18,8,43,96,502
Anfernee Simons,1629014,2021-22,00,1610612757,POR,23.0,57,30,1681,353,797,0.443,179,442,0.405,103,116,0.888,26,125,151,221,30,6,115,110,988
Anfernee Simons,1629014,2022-23,00,1610612757,POR,24.0,62,62,2171,467,1045,0.447,212,562,0.377,160,179,0.894,18,143,161,253,42,14,128,142,1306
Anfernee Simons,1629014,2023-24,00,1610612757,POR,25.0,46,46,1582,360,837,0.43,156,405,0.385,163,178,0.916,22,145,167,255,23,5,126,98,1039
Anfernee Simons,1629014,2024-25,00,1610612757,POR,26.0,70,70,2292,479,1125,0.426,215,593,0.363,175,194,0.902,25,164,189,337,60,5,143,117,1348
Anthony Davis,203076,2020-21,00,1610612747,LAL,28.0,36,36,1162,301,613,0.491,26,100,0.26,158,214,0.738,62,224,286,110,45,59,74,60,786
Anthony Davis,203076,2021-22,00,1610612747,LAL,29.0,40,40,1404,370,695,0.532,13,70,0.186,174,244,0.713,106,288,394,122,49,90,82,97,927
Anthony Davis,203076,2022-23,00,1610612747,LAL,30.0,56,54,1905,542,962,0.563,19,74,0.257,348,444,0.784,195,507,702,148,59,114,122,146,1451
Anthony Davis,203076,2023-24,00,1610612747,LAL,31.0,76,76,2700,713,1283,0.556,29,107,0.271,421,516,0.816,239,722,961,266,91,178,159,177,1876
Anthony Davis,203076,2024-25,00,1610612747,LAL,32.0,42,42,1439,400,758,0.528,28,94,0.298,253,321,0.788,119,380,499,141,54,90,93,82,1081
Anthony Davis,203076,2024-25,00,1610612742,DAL,32.0,9,9,266,70,152,0.461,7,30,0.233,33,48,0.688,15,76,91,40,5,20,20,16,180
Anthony Davis,203076,2024-25,00,0,TOT,32.0,51,51,1705,470,910,0.516,35,124,0.282,286,369,0.775,134,456,590,181,59,110,113,98,1261
Anthony Edwards,1630162,2020-21,00,1610612750,MIN,19.0,72,55,2314,505,1211,0.417,171,520,0.329,211,272,0.776,59,277,336,211,82,36,160,129,1392
Anthony Edwards,1630162,2021-22,00,1610612750,MIN,20.0,72,72,2466,549,1245,0.441,215,602,0.357,220,280,0.786,62,281,343,275,105,46,190,164,1533
Anthony Edwards,1630162,2022-23,00,1610612750,MIN,21.0,79,79,2841,707,1541,0.459,213,578,0.369,319,422,0.756,47,411,458,350,125,58,259,186,1946
Anthony Edwards,1630162,2023-24,00,1610612750,MIN,22.0,79,78,2770,718,1558,0.461,190,532,0.357,423,506,0.836,52,378,430,405,101,42,241,141,2049
Anthony Edwards,1630162,2024-25,00,1610612750,MIN,23.0,79,79,2871,721,1612,0.447,320,811,0.395,415,496,0.837,61,389,450,359,91,51,249,150,2177
Anthony Gill,1630264,2022-23,00,1610612764,WAS,30.0,59,8,625,71,132,0.538,4,29,0.138,49,67,0.731,37,62,99,34,7,12,15,70,195
Anthony Gill,1630264,2023-24,00,1610612764,WAS,31.0,50,3,466,75,160,0.469,10,41,0.244,29,36,0.806,37,57,94,34,13,11,23,48,189
Anthony Gill,1630264,2024-25,00,1610612764,WAS,32.0,51,0,398,43,88,0.489,10,31,0.323,33,50,0.66,18,48,66,16,9,2,10,30,129
Anthony Lamb,1630237,2020-21,00,1610612745,HOU,23.0,24,3,415,46,118,0.39,23,71,0.324,18,21,0.857,27,43,70,23,6,5,19,34,133
Anthony Lamb,1630237,2021-22,00,1610612759,SAS,24.0,2,0,8,0,2,0.0,0,2,0.0,0,0,0.0,0,1,1,2,0,0,0,0,0
Anthony Lamb,1630237,2022-23,00,1610612744,GSW,25.0,62,4,1195,148,314,0.471,73,199,0.367,46,60,0.767,56,159,215,96,28,20,54,134,415
Armoni Brooks,1629717,2020-21,00,1610612745,HOU,23.0,20,5,520,78,192,0.406,60,157,0.382,7,12,0.583,10,58,68,30,12,5,22,34,223
Armoni Brooks,1629717,2021-22,00,1610612745,HOU,24.0,41,8,690,87,251,0.347,64,213,0.3,16,19,0.842,12,69,81,49,21,8,23,60,254
Armoni Brooks,1629717,2021-22,00,1610612761,TOR,24.0,13,3,154,11,38,0.289,10,36,0.278,2,2,1.0,8,14,22,13,7,3,4,14,34
Armoni Brooks,1629717,2021-22,00,0,TOT,24.0,54,11,844,98,289,0.339,74,249,0.297,18,21,0.857,20,83,103,62,28,11,27,74,288
Armoni Brooks,1629717,2023-24,00,1610612751,BKN,26.0,10,0,104,15,46,0.326,11,32,0.344,1,2,0.5,7,11,18,5,1,1,3,3,42
Aron Baynes,203382,2020-21,00,1610612761,TOR,34.0,53,31,980,134,304,0.441,27,103,0.262,29,41,0.707,87,186,273,47,17,22,46,119,324
Austin Reaves,1630559,2021-22,00,1610612747,LAL,24.0,61,19,1418,146,318,0.459,53,167,0.317,99,118,0.839,45,148,193,110,29,20,40,87,444
Austin Reaves,1630559,2022-23,00,1610612747,LAL,25.0,64,22,1843,259,490,0.529,86,216,0.398,229,265,0.864,33,160,193,215,33,19,99,108,833
Austin Reaves,1630559,2023-24,00,1610612747,LAL,26.0,82,57,2629,457,940,0.486,154,420,0.367,232,272,0.853,57,295,352,450,66,25,174,153,1300
Austin Reaves,1630559,2024-25,00,1610612747,LAL,27.0,73,73,2550,477,1037,0.46,200,531,0.377,321,366,0.877,61,268,329,421,81,22,177,151,1475
Austin Rivers,203085,2020-21,00,1610612752,NYK,28.0,21,2,442,58,135,0.43,28,77,0.364,10,14,0.714,5,42,47,42,12,0,22,32,154
Austin Rivers,203085,2020-21,00,1610612743,DEN,28.0,15,5,403,46,110,0.418,27,72,0.375,12,17,0.706,3,32,35,39,18,2,14,32,131
Austin Rivers,203085,2020-21,00,0,TOT,28.0,36,7,845,104,245,0.424,55,149,0.369,22,31,0.71,8,74,82,81,30,2,36,64,285
Austin Rivers,203085,2021-22,00,1610612743,DEN,29.0,67,18,1480,146,350,0.417,79,231,0.342,32,44,0.727,19,95,114,90,51,6,54,121,403
Austin Rivers,203085,2022-23,00,1610612750,MIN,30.0,52,10,1016,91,209,0.435,43,123,0.35,30,39,0.769,5,78,83,75,28,4,23,80,255
Avery Bradley,202340,2020-21,00,1610612748,MIA,30.0,10,1,211,31,66,0.47,16,38,0.421,7,9,0.778,2,16,18,14,7,1,9,26,85
Avery Bradley,202340,2020-21,00,1610612745,HOU,30.0,17,5,391,33,105,0.314,17,63,0.27,5,6,0.833,6,33,39,32,14,2,19,29,88
Avery Bradley,202340,2020-21,00,0,TOT,30.0,27,6,602,64,171,0.374,33,101,0.327,12,15,0.8,8,49,57,46,21,3,28,55,173
Avery Bradley,202340,2021-22,00,1610612747,LAL,31.0,62,45,1406,148,350,0.423,82,210,0.39,16,18,0.889,31,105,136,47,53,9,38,118,394
Ayo Dosunmu,1630245,2021-22,00,1610612741,CHI,22.0,77,40,2110,278,535,0.52,70,186,0.376,53,78,0.679,27,187,214,256,60,29,108,182,679
Ayo Dosunmu,1630245,2022-23,00,1610612741,CHI,23.0,80,51,2098,281,570,0.493,59,189,0.312,66,82,0.805,45,175,220,206,62,26,99,182,687
Ayo Dosunmu,1630245,2023-24,00,1610612741,CHI,24.0,76,37,2212,360,719,0.501,119,295,0.403,85,105,0.81,54,162,216,242,68,36,103,166,924
Ayo Dosunmu,1630245,2024-25,00,1610612741,CHI,25.0,46,26,1394,221,449,0.492,62,189,0.328,62,79,0.785,26,135,161,208,43,18,69,105,566
Bam Adebayo,1628389,2020-21,00,1610612748,MIA,23.0,64,64,2143,456,800,0.57,2,8,0.25,283,354,0.799,142,431,573,346,75,66,169,145,1197
Bam Adebayo,1628389,2021-22,00,1610612748,MIA,24.0,56,56,1825,406,729,0.557,0,6,0.0,256,340,0.753,137,427,564,190,80,44,148,171,1068
Bam Adebayo,1628389,2022-23,00,1610612748,MIA,25.0,75,75,2598,602,1114,0.54,1,12,0.083,324,402,0.806,184,504,688,240,88,61,187,208,1529
Bam Adebayo,1628389,2023-24,00,1610612748,MIA,26.0,71,71,2416,530,1017,0.521,15,42,0.357,292,387,0.755,159,578,737,278,81,66,162,159,1367
Bam Adebayo,1628389,2024-25,00,1610612748,MIA,27.0,78,78,2674,540,1113,0.485,79,221,0.357,251,328,0.765,185,564,749,337,98,53,161,162,1410
Ben McLemore,203463,2020-21,00,1610612745,HOU,28.0,32,4,537,80,224,0.357,55,166,0.331,23,32,0.719,11,55,66,28,20,3,28,51,238
Ben McLemore,203463,2020-21,00,1610612747,LAL,28.0,21,1,368,55,141,0.39,42,114,0.368,16,21,0.762,4,30,34,11,3,6,14,37,168
Ben McLemore,203463,2020-21,00,0,TOT,28.0,53,5,905,135,365,0.37,97,280,0.346,39,53,0.736,15,85,100,39,23,9,42,88,406
Ben McLemore,203463,2021-22,00,1610612757,POR,29.0,64,6,1285,216,539,0.401,151,417,0.362,72,88,0.818,12,91,103,59,38,10,55,103,655
Ben Simmons,1627732,2020-21,00,1610612755,PHI,24.0,58,58,1877,325,583,0.557,3,10,0.3,176,287,0.613,93,324,417,401,93,35,173,171,829
Ben Simmons,1627732,2022-23,00,1610612751,BKN,26.0,42,33,1105,133,235,0.566,0,2,0.0,25,57,0.439,40,223,263,256,54,24,97,139,291
Ben Simmons,1627732,2023-24,00,1610612751,BKN,27.0,15,12,359,43,74,0.581,0,0,0.0,6,15,0.4,31,88,119,86,12,9,27,36,92
Ben Simmons,1627732,2024-25,00,1610612751,BKN,28.0,33,24,825,93,170,0.547,0,0,0.0,18,26,0.692,30,142,172,229,26,16,88,81,204
Ben Simmons,1627732,2024-25,00,1610612746,LAC,28.0,18,0,295,23,53,0.434,0,0,0.0,6,7,0.857,17,52,69,56,12,7,14,26,52
Ben Simmons,1627732,2024-25,00,0,TOT,28.0,51,24,1120,116,223,0.52,0,0,0.0,24,33,0.727,47,194,241,285,38,23,102,107,256
Bennedict Mathurin,1631097,2022-23,00,1610612754,IND,21.0,78,17,2222,413,951,0.434,100,310,0.323,376,454,0.828,87,231,318,116,48,13,152,162,1302
Bennedict Mathurin,1631097,2023-24,00,1610612754,IND,22.0,59,19,1538,296,663,0.446,80,214,0.374,184,224,0.821,60,174,234,119,35,14,97,117,856
Bennedict Mathurin,1631097,2024-25,00,1610612754,IND,23.0,72,49,2149,391,853,0.458,98,288,0.34,276,332,0.831,87,296,383,136,47,24,135,162,1156
Bismack Biyombo,202687,2020-21,00,1610612766,CHA,28.0,66,36,1349,142,242,0.587,0,1,0.0,47,105,0.448,137,210,347,81,17,74,71,141,331
Bismack Biyombo,202687,2021-22,00,1610612756,PHX,29.0,36,3,506,86,145,0.593,0,0,0.0,38,71,0.535,63,104,167,23,12,26,25,70,210
Bismack Biyombo,202687,2022-23,00,1610612756,PHX,30.0,61,14,874,119,206,0.578,0,0,0.0,25,70,0.357,89,171,260,56,18,88,51,114,263
Bismack Biyombo,202687,2023-24,00,1610612763,MEM,31.0,30,27,718,67,119,0.563,0,0,0.0,22,46,0.478,57,134,191,51,10,34,38,82,156
Bismack Biyombo,202687,2023-24,00,1610612760,OKC,31.0,10,0,73,7,12,0.583,0,0,0.0,4,8,0.5,5,13,18,2,1,3,4,7,18
Bismack Biyombo,202687,2023-24,00,0,TOT,31.0,40,27,791,74,131,0.565,0,0,0.0,26,54,0.481,62,147,209,53,11,37,42,89,174
Bismack Biyombo,202687,2024-25,00,1610612759,SAS,32.0,28,26,528,67,114,0.588,0,0,0.0,10,25,0.4,43,115,158,31,16,23,27,52,144
Blake Griffin,201933,2020-21,00,1610612765,DET,32.0,20,20,626,81,222,0.365,39,124,0.315,44,62,0.71,7,97,104,77,14,2,32,42,245
Blake Griffin,201933,2020-21,00,1610612751,BKN,32.0,26,10,560,93,189,0.492,31,81,0.383,43,55,0.782,28,93,121,63,18,13,30,69,260
Blake Griffin,201933,2020-21,00,0,TOT,32.0,46,30,1187,174,411,0.423,70,205,0.341,87,117,0.744,35,190,225,140,32,15,62,111,505
Blake Griffin,201933,2021-22,00,1610612751,BKN,33.0,56,24,958,133,313,0.425,38,145,0.262,55,76,0.724,60,168,228,105,27,14,31,95,359
Blake Griffin,201933,2022-23,00,1610612738,BOS,34.0,41,16,569,63,130,0.485,23,66,0.348,21,32,0.656,47,108,155,61,14,9,22,75,170
Blake Wesley,1631104,2022-23,00,1610612759,SAS,20.0,37,1,669,69,215,0.321,20,52,0.385,26,44,0.591,12,70,82,98,25,5,65,67,184
Blake Wesley,1631104,2023-24,00,1610612759,SAS,21.0,61,3,876,102,215,0.474,12,55,0.218,52,78,0.667,18,76,94,166,29,9,55,89,268
Blake Wesley,1631104,2024-25,00,1610612759,SAS,22.0,58,0,683,81,186,0.435,17,58,0.293,38,61,0.623,17,44,61,114,37,6,54,46,217
Bobby Portis,1626171,2020-21,00,1610612749,MIL,26.0,66,7,1372,313,598,0.523,74,157,0.471,54,73,0.74,124,342,466,71,52,26,56,115,754
Bobby Portis,1626171,2021-22,00,1610612749,MIL,27.0,72,59,2028,417,871,0.479,133,338,0.393,85,113,0.752,180,477,657,86,53,51,90,174,1052
Bobby Portis,1626171,2022-23,00,1610612749,MIL,28.0,70,22,1818,398,803,0.496,95,257,0.37,96,125,0.768,154,518,672,105,29,16,81,115,987
Bobby Portis,1626171,2023-24,00,1610612749,MIL,29.0,82,4,2008,466,918,0.508,100,246,0.407,98,124,0.79,142,465,607,104,68,34,91,189,1130
Bobby Portis,1626171,2024-25,00,1610612749,MIL,30.0,49,7,1244,277,595,0.466,65,178,0.365,61,73,0.836,90,321,411,104,35,26,57,94,680
Bogdan Bogdanović,203992,2020-21,00,1610612737,ATL,28.0,44,27,1305,267,565,0.473,146,333,0.438,40,44,0.909,20,140,160,147,49,13,54,99,720
Bogdan Bogdanović,203992,2021-22,00,1610612737,ATL,29.0,63,27,1849,342,794,0.431,169,459,0.368,97,115,0.843,29,221,250,194,68,14,70,132,950
Bogdan Bogdanović,203992,2022-23,00,1610612737,ATL,30.0,54,9,1509,273,611,0.447,146,360,0.406,64,77,0.831,23,142,165,150,43,18,65,86,756
Bogdan Bogdanović,203992,2023-24,00,1610612737,ATL,31.0,79,33,2401,471,1100,0.428,240,641,0.374,151,164,0.921,53,219,272,247,96,26,112,179,1333
Bogdan Bogdanović,203992,2024-25,00,1610612737,ATL,32.0,24,0,598,83,224,0.371,44,146,0.301,30,34,0.882,12,54,66,49,20,6,37,57,240
Bogdan Bogdanović,203992,2024-25,00,1610612746,LAC,32.0,30,4,750,127,268,0.474,61,143,0.427,28,32,0.875,12,81,93,97,21,5,37,70,343
Bogdan Bogdanović,203992,2024-25,00,0,TOT,32.0,54,4,1348,210,492,0.427,105,289,0.363,58,66,0.879,24,135,159,146,41,11,74,127,583
Bojan Bogdanović,202711,2020-21,00,1610612762,UTA,32.0,72,72,2216,406,925,0.439,180,461,0.39,233,265,0.879,40,241,281,136,45,4,128,115,1225
Bojan Bogdanović,202711,2021-22,00,1610612762,UTA,33.0,69,69,2131,422,928,0.455,181,468,0.387,223,260,0.858,58,238,296,120,34,1,118,116,1248
Bojan Bogdanović,202711,2022-23,00,1610612765,DET,34.0,59,59,1893,430,882,0.488,145,353,0.411,268,303,0.884,36,187,223,152,34,8,135,113,1273
Bojan Bogdanović,202711,2023-24,00,1610612765,DET,35.0,28,27,921,199,425,0.468,86,207,0.415,81,104,0.779,13,81,94,71,23,4,63,57,565
Bojan Bogdanović,202711,2023-24,00,1610612752,NYK,35.0,29,0,557,110,256,0.43,47,127,0.37,36,45,0.8,9,49,58,26,7,1,38,38,303
Bojan Bogdanović,202711,2023-24,00,0,TOT,35.0,57,27,1478,309,681,0.454,133,334,0.398,117,149,0.785,22,130,152,97,30,5,101,95,868
Bol Bol,1629626,2022-23,00,1610612753,ORL,23.0,70,33,1505,261,478,0.546,30,113,0.265,82,108,0.759,69,336,405,69,30,85,112,92,634
Bol Bol,1629626,2023-24,00,1610612756,PHX,24.0,43,0,469,93,151,0.616,22,52,0.423,15,19,0.789,32,105,137,17,10,25,19,42,223
Bol Bol,1629626,2024-25,00,1610612756,PHX,25.0,36,10,448,96,183,0.525,32,93,0.344,20,26,0.769,20,84,104,22,9,25,20,20,244
Bones Hyland,1630538,2021-22,00,1610612743,DEN,21.0,69,4,1310,230,571,0.403,131,358,0.366,107,125,0.856,14,174,188,191,41,20,86,153,698
Bones Hyland,1630538,2022-23,00,1610612743,DEN,22.0,42,1,820,173,434,0.399,91,241,0.378,71,82,0.866,10,76,86,125,28,13,67,66,508
Bones Hyland,1630538,2022-23,00,1610612746,LAC,22.0,14,0,265,55,137,0.401,26,74,0.351,15,20,0.75,10,39,49,47,11,2,15,30,151
Bones Hyland,1630538,2022-23,00,0,TOT,22.0,56,1,1086,228,571,0.399,117,315,0.371,86,102,0.843,20,115,135,172,39,15,82,96,659
Bones Hyland,1630538,2023-24,00,1610612746,LAC,23.0,37,5,540,97,251,0.386,44,135,0.326,18,23,0.783,5,50,55,93,26,4,44,51,256
Bones Hyland,1630538,2024-25,00,1610612746,LAC,24.0,20,0,222,45,115,0.391,31,80,0.388,23,26,0.885,5,19,24,28,18,4,24,26,144
Bones Hyland,1630538,2024-25,00,1610612750,MIN,24.0,4,0,17,2,3,0.667,1,2,0.5,0,0,0.0,0,1,1,4,0,0,1,3,5
Bones Hyland,1630538,2024-25,00,0,TOT,24.0,24,0,239,47,118,0.398,32,82,0.39,23,26,0.885,5,20,25,32,18,4,25,29,149
Brad Wanamaker,202954,2020-21,00,1610612744,GSW,31.0,39,0,625,61,173,0.353,13,61,0.213,50,56,0.893,8,58,66,99,26,6,37,55,185
Brad Wanamaker,202954,2020-21,00,1610612766,CHA,31.0,22,0,428,54,126,0.429,3,24,0.125,40,45,0.889,10,29,39,75,17,5,34,39,151
Brad Wanamaker,202954,2020-21,00,0,TOT,31.0,61,0,1053,115,299,0.385,16,85,0.188,90,101,0.891,18,87,105,174,43,11,71,94,336
Brad Wanamaker,202954,2021-22,00,1610612754,IND,32.0,22,1,293,26,72,0.361,4,17,0.235,20,22,0.909,6,29,35,48,5,6,23,42,76
Brad Wanamaker,202954,2021-22,00,1610612764,WAS,32.0,1,1,27,2,5,0.4,0,0,0.0,3,3,1.0,0,4,4,7,2,0,0,3,7
Brad Wanamaker,202954,2021-22,00,0,TOT,32.0,23,2,320,28,77,0.364,4,17,0.235,23,25,0.92,6,33,39,55,7,6,23,45,83
Bradley Beal,203078,2020-21,00,1610612764,WAS,28.0,60,60,2147,670,1382,0.485,130,373,0.349,408,459,0.889,72,211,283,265,69,22,187,140,1878
Bradley Beal,203078,2021-22,00,1610612764,WAS,29.0,40,40,1439,348,771,0.451,63,210,0.3,169,203,0.833,38,151,189,265,36,15,135,95,928
Bradley Beal,203078,2022-23,00,1610612764,WAS,30.0,50,50,1673,444,878,0.506,80,219,0.365,192,228,0.842,41,155,196,271,45,33,145,107,1160
Bradley Beal,203078,2023-24,00,1610612756,PHX,31.0,53,53,1767,377,735,0.513,101,235,0.43,109,134,0.813,54,178,232,265,52,27,131,127,964
Bradley Beal,203078,2024-25,00,1610612756,PHX,32.0,53,38,1702,345,694,0.497,102,264,0.386,110,137,0.803,34,143,177,195,58,28,99,136,902
Brandon Boston,1630527,2022-23,00,1610612746,LAC,21.0,22,1,248,51,122,0.418,12,29,0.414,29,38,0.763,7,23,30,20,9,0,12,21,143
Brandon Boston,1630527,2023-24,00,1610612746,LAC,22.0,32,0,345,65,161,0.404,14,52,0.269,23,33,0.697,19,33,52,13,11,8,24,40,167
Brandon Boston,1630527,2024-25,00,1610612740,NOP,23.0,42,10,993,166,381,0.436,49,140,0.35,67,85,0.788,28,106,134,92,53,9,52,73,448
Brandon Clarke,1629634,2020-21,00,1610612763,MEM,24.0,59,16,1415,256,495,0.517,20,77,0.26,78,113,0.69,97,231,328,95,60,51,33,84,610
Brandon Clarke,1629634,2021-22,00,1610612763,MEM,25.0,64,1,1246,288,447,0.644,5,22,0.227,85,130,0.654,135,207,342,86,39,68,34,122,666
Brandon Clarke,1629634,2022-23,00,1610612763,MEM,26.0,56,8,1090,229,349,0.656,1,6,0.167,99,137,0.723,92,218,310,72,34,37,55,131,558
Brandon Clarke,1629634,2023-24,00,1610612763,MEM,27.0,6,1,134,33,59,0.559,1,6,0.167,1,7,0.143,13,19,32,9,5,6,3,8,68
Brandon Clarke,1629634,2024-25,00,1610612763,MEM,28.0,64,18,1207,236,380,0.621,1,17,0.059,61,87,0.701,127,199,326,66,52,36,41,145,534
Brandon Goodwin,1629164,2020-21,00,1610612737,ATL,25.0,47,5,620,84,223,0.377,32,103,0.311,28,43,0.651,8,61,69,95,17,0,36,41,228
Brandon Goodwin,1629164,2021-22,00,1610612739,CLE,26.0,36,5,502,64,154,0.416,19,55,0.345,24,38,0.632,14,53,67,91,25,1,36,39,171
Brandon Ingram,1627742,2020-21,00,1610612740,NOP,23.0,61,61,2092,513,1101,0.466,143,375,0.381,281,320,0.878,34,265,299,296,42,36,154,124,1450
Brandon Ingram,1627742,2021-22,00,1610612740,NOP,24.0,55,55,1869,453,983,0.461,74,226,0.327,266,322,0.826,35,285,320,307,34,26,151,119,1246
Brandon Ingram,1627742,2022-23,00,1610612740,NOP,25.0,45,45,1538,404,835,0.484,64,164,0.39,240,272,0.882,23,223,246,262,32,19,148,116,1112
Brandon Ingram,1627742,2023-24,00,1610612740,NOP,26.0,64,64,2103,500,1017,0.492,86,242,0.355,246,307,0.801,43,281,324,363,50,40,163,145,1332
Brandon Ingram,1627742,2024-25,00,1610612740,NOP,27.0,18,18,595,155,333,0.465,43,115,0.374,47,55,0.855,17,83,100,93,16,11,69,45,400
Brandon Knight,202688,2021-22,00,1610612742,DAL,30.0,5,0,65,10,25,0.4,4,17,0.235,8,8,1.0,0,8,8,8,1,0,4,5,32
Brandon Williams,1630314,2021-22,00,1610612757,POR,22.0,24,16,640,105,282,0.372,31,106,0.292,68,97,0.701,19,55,74,94,24,10,58,52,309
Brandon Williams,1630314,2023-24,00,1610612742,DAL,24.0,17,0,113,20,54,0.37,3,15,0.2,11,17,0.647,4,9,13,17,1,1,7,4,54
Brandon Williams,1630314,2024-25,00,1610612742,DAL,25.0,33,3,487,98,188,0.521,24,60,0.4,55,66,0.833,12,46,58,76,24,5,39,33,275
Braxton Key,1630296,2021-22,00,1610612755,PHI,25.0,2,0,6,1,2,0.5,0,1,0.0,0,0,0.0,1,1,2,1,1,0,2,1,2
Braxton Key,1630296,2021-22,00,1610612765,DET,25.0,9,0,191,32,70,0.457,6,20,0.3,7,13,0.538,12,36,48,10,9,11,9,25,77
Braxton Key,1630296,2021-22,00,0,TOT,25.0,11,0,197,33,72,0.458,6,21,0.286,7,13,0.538,13,37,50,11,10,11,11,26,79
Braxton Key,1630296,2022-23,00,1610612765,DET,26.0,3,0,9,1,1,1.0,0,0,0.0,2,2,1.0,0,1,1,0,0,0,0,0,4
Braxton Key,1630296,2023-24,00,1610612743,DEN,27.0,20,0,60,7,17,0.412,2,5,0.4,6,8,0.75,3,15,18,9,2,1,1,5,22
Braxton Key,1630296,2024-25,00,1610612744,GSW,28.0,3,0,11,0,4,0.0,0,1,0.0,3,6,0.5,1,1,2,0,2,0,1,0,3
Brook Lopez,201572,2020-21,00,1610612749,MIL,33.0,70,70,1902,322,640,0.503,95,281,0.338,120,142,0.845,104,243,347,50,40,103,64,149,859
Brook Lopez,201572,2021-22,00,1610612749,MIL,34.0,13,11,298,61,131,0.466,19,53,0.358,20,23,0.87,19,34,53,6,8,15,12,34,161
Brook Lopez,201572,2022-23,00,1610612749,MIL,35.0,78,78,2372,477,899,0.531,136,364,0.374,149,190,0.784,157,363,520,99,37,193,107,203,1239
Brook Lopez,201572,2023-24,00,1610612749,MIL,36.0,79,79,2411,366,755,0.485,148,404,0.366,110,134,0.821,117,292,409,127,43,189,79,191,990
Brook Lopez,201572,2024-25,00,1610612749,MIL,37.0,80,80,2546,394,774,0.509,139,373,0.373,114,138,0.826,113,288,401,143,50,148,84,171,1041
Bruce Brown,1628971,2020-21,00,1610612751,BKN,24.0,65,37,1451,235,423,0.556,17,59,0.288,86,117,0.735,111,238,349,104,58,28,54,145,573
Bruce Brown,1628971,2021-22,00,1610612751,BKN,25.0,72,45,1774,256,506,0.506,38,94,0.404,97,128,0.758,100,245,345,148,77,52,56,176,647
Bruce Brown,1628971,2022-23,00,1610612743,DEN,26.0,80,31,2279,358,741,0.483,91,254,0.358,116,153,0.758,63,265,328,268,87,51,123,190,923
Bruce Brown,1628971,2023-24,00,1610612754,IND,27.0,33,33,981,149,314,0.475,33,101,0.327,67,82,0.817,25,129,154,100,35,8,41,81,398
Bruce Brown,1628971,2023-24,00,1610612761,TOR,27.0,34,11,885,129,268,0.481,20,63,0.317,50,60,0.833,28,102,130,92,24,9,45,67,328
Bruce Brown,1628971,2023-24,00,0,TOT,27.0,67,44,1865,278,582,0.478,53,164,0.323,117,142,0.824,53,231,284,192,59,17,86,148,726
Bruce Brown,1628971,2024-25,00,1610612761,TOR,28.0,18,0,353,57,131,0.435,11,36,0.306,26,29,0.897,17,51,68,28,17,3,19,26,151
Bruce Brown,1628971,2024-25,00,1610612740,NOP,28.0,23,12,569,73,178,0.41,16,45,0.356,27,36,0.75,23,73,96,56,17,7,20,45,189
Bruce Brown,1628971,2024-25,00,0,TOT,28.0,41,12,922,130,309,0.421,27,81,0.333,53,65,0.815,40,124,164,84,34,10,39,71,340
Bryce McGowens,1631121,2022-23,00,1610612766,CHA,20.0,46,7,787,80,202,0.396,26,80,0.325,60,80,0.75,20,73,93,54,15,6,43,48,246
Bryce McGowens,1631121,2023-24,00,1610612766,CHA,21.0,59,14,882,101,230,0.439,34,102,0.333,66,85,0.776,17,85,102,51,21,10,30,74,302
Bryce McGowens,1631121,2024-25,00,1610612757,POR,22.0,13,0,32,4,14,0.286,0,4,0.0,5,6,0.833,2,1,3,2,1,0,4,3,13
Bryn Forbes,1627854,2020-21,00,1610612749,MIL,27.0,70,10,1354,250,529,0.473,154,341,0.452,47,61,0.77,11,101,112,45,24,1,44,77,701
Bryn Forbes,1627854,2021-22,00,1610612759,SAS,28.0,40,1,676,128,296,0.432,63,151,0.417,44,49,0.898,4,59,63,41,17,3,33,42,363
Bryn Forbes,1627854,2021-22,00,1610612743,DEN,28.0,35,1,610,103,243,0.424,59,144,0.41,35,38,0.921,6,24,30,34,8,2,23,53,300
Bryn Forbes,1627854,2021-22,00,0,TOT,28.0,75,2,1286,231,539,0.429,122,295,0.414,79,87,0.908,10,83,93,75,25,5,56,95,663
Bryn Forbes,1627854,2022-23,00,1610612750,MIN,29.0,25,0,268,30,83,0.361,14,46,0.304,15,15,1.0,4,11,15,17,7,2,12,22,89
Buddy Hield,1627741,2020-21,00,1610612758,SAC,28.0,71,71,2433,403,992,0.406,282,721,0.391,88,104,0.846,29,305,334,257,63,30,130,175,1176
Buddy Hield,1627741,2021-22,00,1610612758,SAC,29.0,55,6,1574,265,693,0.382,182,495,0.368,80,92,0.87,43,178,221,105,48,15,90,113,792
Buddy Hield,1627741,2021-22,00,1610612754,IND,29.0,26,26,925,181,405,0.447,80,221,0.362,31,35,0.886,23,109,132,124,25,10,63,71,473
Buddy Hield,1627741,2021-22,00,0,TOT,29.0,81,32,2499,446,1098,0.406,262,716,0.366,111,127,0.874,66,287,353,229,73,25,153,184,1265
Buddy Hield,1627741,2022-23,00,1610612754,IND,30.0,80,73,2482,475,1038,0.458,288,677,0.425,106,129,0.822,67,333,400,225,92,26,139,156,1344
Buddy Hield,1627741,2023-24,00,1610612754,IND,31.0,52,28,1336,229,517,0.443,137,357,0.384,28,33,0.848,34,133,167,139,43,31,62,103,623
Buddy Hield,1627741,2023-24,00,1610612755,PHI,31.0,32,14,824,142,333,0.426,82,211,0.389,24,26,0.923,27,75,102,97,27,11,41,66,390
Buddy Hield,1627741,2023-24,00,0,TOT,31.0,84,42,2160,371,850,0.436,219,568,0.386,52,59,0.881,61,208,269,236,70,42,103,169,1013
Buddy Hield,1627741,2024-25,00,1610612744,GSW,32.0,82,22,1863,328,786,0.417,203,549,0.37,53,64,0.828,51,213,264,134,69,23,91,132,912
CJ Elleby,1629604,2021-22,00,1610612757,POR,22.0,58,28,1174,121,308,0.393,37,126,0.294,60,84,0.714,66,161,227,87,35,19,56,116,339
CJ McCollum,203468,2020-21,00,1610612757,POR,29.0,47,47,1600,405,884,0.458,169,420,0.402,108,133,0.812,30,155,185,223,44,21,65,87,1087
CJ McCollum,203468,2021-22,00,1610612757,POR,30.0,36,36,1267,290,665,0.436,111,289,0.384,48,68,0.706,34,119,153,163,36,21,70,77,739
CJ McCollum,203468,2021-22,00,1610612740,NOP,30.0,26,26,878,246,499,0.493,71,180,0.394,68,102,0.667,19,97,116,152,34,1,57,44,631
CJ McCollum,203468,2021-22,00,0,TOT,30.0,62,62,2145,536,1164,0.46,182,469,0.388,116,170,0.682,53,216,269,315,70,22,127,121,1370
CJ McCollum,203468,2022-23,00,1610612740,NOP,31.0,75,75,2649,587,1344,0.437,211,543,0.389,183,238,0.769,55,273,328,429,70,38,183,153,1568
CJ McCollum,203468,2023-24,00,1610612740,NOP,32.0,66,66,2159,484,1055,0.459,239,557,0.429,115,139,0.827,39,247,286,305,62,41,110,126,1322
CJ McCollum,203468,2024-25,00,1610612740,NOP,33.0,56,56,1832,444,1000,0.444,171,459,0.373,124,173,0.717,42,170,212,227,46,24,106,124,1183
Cade Cunningham,1630595,2021-22,00,1610612765,DET,20.0,64,64,2088,429,1031,0.416,114,363,0.314,142,168,0.845,58,296,354,356,78,43,234,200,1114
Cade Cunningham,1630595,2022-23,00,1610612765,DET,21.0,12,12,400,93,224,0.415,17,61,0.279,36,43,0.837,12,62,74,72,10,7,39,34,239
Cade Cunningham,1630595,2023-24,00,1610612765,DET,22.0,62,62,2074,524,1167,0.449,119,335,0.355,238,274,0.869,33,235,268,464,56,22,212,153,1405
Cade Cunningham,1630595,2024-25,00,1610612765,DET,23.0,70,70,2452,684,1457,0.469,149,418,0.356,313,370,0.846,56,369,425,638,71,53,309,195,1830
Caleb Houstan,1631216,2022-23,00,1610612753,ORL,20.0,51,4,812,66,182,0.363,46,136,0.338,15,18,0.833,34,65,99,30,12,7,18,63,193
Caleb Houstan,1631216,2023-24,00,1610612753,ORL,21.0,59,13,815,80,206,0.388,72,193,0.373,21,26,0.808,28,56,84,29,15,4,16,61,253
Caleb Houstan,1631216,2024-25,00,1610612753,ORL,22.0,58,6,788,80,190,0.421,64,160,0.4,15,17,0.882,19,56,75,35,22,6,13,62,239
Caleb Martin,1628997,2020-21,00,1610612766,CHA,25.0,53,3,818,96,256,0.375,31,125,0.248,41,64,0.641,31,110,141,67,37,12,33,62,264
Caleb Martin,1628997,2021-22,00,1610612748,MIA,26.0,60,12,1372,208,410,0.507,64,155,0.413,71,93,0.763,70,160,230,64,58,30,52,104,551
Caleb Martin,1628997,2022-23,00,1610612748,MIA,27.0,71,49,2078,254,548,0.464,84,236,0.356,91,113,0.805,88,256,344,117,71,31,78,145,683
Caleb Martin,1628997,2023-24,00,1610612748,MIA,28.0,64,23,1757,241,559,0.431,81,232,0.349,77,99,0.778,74,207,281,143,47,29,77,126,640
Caleb Martin,1628997,2024-25,00,1610612755,PHI,29.0,31,24,943,101,232,0.435,33,87,0.379,46,74,0.622,43,93,136,69,34,20,43,63,281
Caleb Martin,1628997,2024-25,00,1610612742,DAL,29.0,14,0,275,28,72,0.389,4,16,0.25,15,24,0.625,10,31,41,26,12,3,13,24,75
Caleb Martin,1628997,2024-25,00,0,TOT,29.0,45,24,1218,129,304,0.424,37,103,0.359,61,98,0.622,53,124,177,95,46,23,56,87,356
Cam Reddish,1629629,2020-21,00,1610612737,ATL,21.0,26,21,750,96,263,0.365,33,126,0.262,67,82,0.817,22,82,104,35,33,9,34,68,292
Cam Reddish,1629629,2021-22,00,1610612737,ATL,22.0,34,7,797,138,343,0.402,58,153,0.379,72,80,0.9,20,64,84,38,35,11,44,45,406
Cam Reddish,1629629,2021-22,00,1610612752,NYK,22.0,15,0,216,27,65,0.415,8,31,0.258,29,32,0.906,5,16,21,10,12,4,13,15,91
Cam Reddish,1629629,2021-22,00,0,TOT,22.0,49,7,1012,165,408,0.404,66,184,0.359,101,112,0.902,25,80,105,48,47,15,57,60,497
Cam Reddish,1629629,2022-23,00,1610612752,NYK,23.0,20,8,438,61,136,0.449,17,56,0.304,29,33,0.879,7,24,31,20,15,8,15,32,168
Cam Reddish,1629629,2022-23,00,1610612757,POR,23.0,20,12,552,78,176,0.443,28,88,0.318,35,42,0.833,11,46,57,37,24,6,32,40,219
Cam Reddish,1629629,2022-23,00,0,TOT,23.0,40,20,990,139,312,0.446,45,144,0.313,64,75,0.853,18,70,88,57,39,14,47,72,387
Cam Reddish,1629629,2023-24,00,1610612747,LAL,24.0,48,26,984,91,234,0.389,37,110,0.336,41,54,0.759,27,72,99,48,47,14,31,64,260
Cam Reddish,1629629,2024-25,00,1610612747,LAL,25.0,33,8,589,38,94,0.404,13,47,0.277,16,26,0.615,17,49,66,22,33,10,12,43,105
Cam Thomas,1630560,2021-22,00,1610612751,BKN,20.0,67,2,1176,218,503,0.433,47,174,0.27,87,105,0.829,16,145,161,78,33,8,55,66,570
Cam Thomas,1630560,2022-23,00,1610612751,BKN,21.0,57,4,948,201,456,0.441,51,133,0.383,151,174,0.868,8,87,95,78,20,7,63,55,604
Cam Thomas,1630560,2023-24,00,1610612751,BKN,22.0,66,51,2075,526,1190,0.442,144,396,0.364,286,334,0.856,28,186,214,192,45,16,124,138,1482
Cam Thomas,1630560,2024-25,00,1610612751,BKN,23.0,25,23,781,199,454,0.438,68,195,0.349,133,151,0.881,15,68,83,94,15,2,62,44,599
Cameron Johnson,1629661,2020-21,00,1610612756,PHX,25.0,60,11,1437,203,483,0.42,117,335,0.349,50,59,0.847,33,166,199,86,37,16,40,85,573
Cameron Johnson,1629661,2021-22,00,1610612756,PHX,26.0,66,16,1730,279,607,0.46,166,391,0.425,98,114,0.86,42,231,273,99,57,16,47,113,822
Cameron Johnson,1629661,2022-23,00,1610612756,PHX,27.0,17,16,429,82,173,0.474,45,99,0.455,27,33,0.818,14,51,65,26,15,6,10,29,236
Cameron Johnson,1629661,2022-23,00,1610612751,BKN,27.0,25,25,770,141,301,0.468,58,156,0.372,74,87,0.851,20,100,120,52,35,8,27,54,414
Cameron Johnson,1629661,2022-23,00,0,TOT,27.0,42,41,1200,223,474,0.47,103,255,0.404,101,120,0.842,34,151,185,78,50,14,37,83,650
Cameron Johnson,1629661,2023-24,00,1610612751,BKN,28.0,58,47,1599,276,619,0.446,138,353,0.391,86,109,0.789,55,196,251,138,49,15,57,105,776
Cameron Johnson,1629661,2024-25,00,1610612751,BKN,29.0,57,57,1800,355,747,0.475,159,408,0.39,201,225,0.893,54,193,247,194,53,25,99,104,1070
Cameron Payne,1626166,2020-21,00,1610612756,PHX,26.0,60,1,1079,191,395,0.484,73,166,0.44,50,56,0.893,16,128,144,217,36,16,60,97,505
Cameron Payne,1626166,2021-22,00,1610612756,PHX,27.0,58,12,1278,240,587,0.409,71,211,0.336,75,89,0.843,24,151,175,282,40,17,103,119,626
Cameron Payne,1626166,2022-23,00,1610612756,PHX,28.0,48,15,968,188,453,0.415,68,185,0.368,49,64,0.766,12,94,106,214,33,8,81,88,493
Cameron Payne,1626166,2023-24,00,1610612749,MIL,29.0,47,2,702,101,222,0.455,52,131,0.397,37,44,0.841,5,57,62,109,22,3,31,73,291
Cameron Payne,1626166,2023-24,00,1610612755,PHI,29.0,31,8,602,107,259,0.413,52,136,0.382,21,23,0.913,16,39,55,96,20,8,35,53,287
Cameron Payne,1626166,2023-24,00,0,TOT,29.0,78,10,1304,208,481,0.432,104,267,0.39,58,67,0.866,21,96,117,205,42,11,66,126,578
Cameron Payne,1626166,2024-25,00,1610612752,NYK,30.0,72,5,1090,179,446,0.401,93,256,0.363,49,54,0.907,14,90,104,203,39,16,52,111,500
Caris LeVert,1627747,2020-21,00,1610612751,BKN,26.0,12,4,334,87,200,0.435,22,63,0.349,26,34,0.765,10,42,52,72,13,6,26,20,222
Caris LeVert,1627747,2020-21,00,1610612754,IND,26.0,35,35,1152,272,614,0.443,62,195,0.318,120,146,0.822,23,139,162,173,53,24,76,85,726
Caris LeVert,1627747,2020-21,00,0,TOT,26.0,47,39,1485,359,814,0.441,84,258,0.326,146,180,0.811,33,181,214,245,66,30,102,105,948
Caris LeVert,1627747,2021-22,00,1610612754,IND,27.0,39,39,1214,278,622,0.447,61,189,0.323,111,146,0.76,30,120,150,173,35,18,75,91,728
Caris LeVert,1627747,2021-22,00,1610612739,CLE,27.0,19,10,567,101,232,0.435,21,67,0.313,35,47,0.745,13,51,64,75,16,5,33,40,258
Caris LeVert,1627747,2021-22,00,0,TOT,27.0,58,49,1780,379,854,0.444,82,256,0.32,146,193,0.756,43,171,214,248,51,23,108,131,986
Caris LeVert,1627747,2022-23,00,1610612739,CLE,28.0,74,30,2237,320,742,0.431,127,324,0.392,130,180,0.722,53,229,282,287,72,24,116,170,897
Caris LeVert,1627747,2023-24,00,1610612739,CLE,29.0,68,10,1958,345,820,0.421,108,332,0.325,154,201,0.766,39,241,280,346,76,34,117,121,952
Caris LeVert,1627747,2024-25,00,1610612739,CLE,30.0,38,3,904,135,298,0.453,60,148,0.405,58,83,0.699,22,85,107,140,33,19,51,48,388
Caris LeVert,1627747,2024-25,00,1610612737,ATL,30.0,26,0,692,145,301,0.482,46,136,0.338,52,72,0.722,19,77,96,75,24,14,25,51,388
Caris LeVert,1627747,2024-25,00,0,TOT,30.0,64,3,1596,280,599,0.467,106,284,0.373,110,155,0.71,41,162,203,215,57,33,76,99,776
Carmelo Anthony,2546,2020-21,00,1610612757,POR,37.0,69,3,1690,327,777,0.421,133,325,0.409,137,154,0.89,32,182,214,104,46,38,61,144,924
Carmelo Anthony,2546,2021-22,00,1610612747,LAL,38.0,69,3,1793,319,723,0.441,149,397,0.375,132,159,0.83,62,226,288,68,47,52,59,166,919
Carsen Edwards,1629035,2021-22,00,1610612765,DET,24.0,4,0,79,9,30,0.3,4,16,0.25,1,1,1.0,2,4,6,14,2,0,5,4,23
Cassius Stanley,1630199,2021-22,00,1610612765,DET,22.0,9,1,155,19,46,0.413,4,17,0.235,10,10,1.0,5,14,19,4,5,2,6,17,52
Cedi Osman,1626224,2020-21,00,1610612739,CLE,26.0,59,26,1511,219,586,0.374,99,324,0.306,76,95,0.8,38,163,201,174,53,9,80,119,613
Cedi Osman,1626224,2021-22,00,1610612739,CLE,27.0,66,3,1462,247,572,0.432,128,359,0.357,87,131,0.664,25,121,146,135,52,10,67,127,709
Cedi Osman,1626224,2022-23,00,1610612739,CLE,28.0,77,2,1548,239,530,0.451,116,312,0.372,75,108,0.694,25,151,176,115,35,11,52,122,669
Cedi Osman,1626224,2023-24,00,1610612759,SAS,29.0,72,3,1269,184,384,0.479,86,221,0.389,35,52,0.673,25,155,180,119,36,11,47,107,489
Charles Bassey,1629646,2022-23,00,1610612759,SAS,22.0,35,2,508,87,135,0.644,3,8,0.375,22,37,0.595,75,118,193,48,16,33,41,74,199
Charles Bassey,1629646,2023-24,00,1610612759,SAS,23.0,19,0,205,29,40,0.725,0,1,0.0,5,6,0.833,23,53,76,21,8,17,15,31,63
Charles Bassey,1629646,2024-25,00,1610612759,SAS,24.0,36,1,376,68,117,0.581,0,0,0.0,21,33,0.636,56,96,152,17,14,30,23,50,157
Chasson Randle,1626184,2020-21,00,1610612753,ORL,28.0,41,5,837,92,237,0.388,44,130,0.338,38,48,0.792,7,75,82,74,22,5,46,64,266
Chaundee Brown Jr.,1630602,2021-22,00,1610612747,LAL,23.0,2,0,21,1,7,0.143,0,3,0.0,0,0,0.0,0,2,2,0,0,0,1,0,2
Chaundee Brown Jr.,1630602,2021-22,00,1610612737,ATL,23.0,3,2,83,9,25,0.36,6,15,0.4,5,6,0.833,1,13,14,4,2,0,0,7,29
Chaundee Brown Jr.,1630602,2021-22,00,0,TOT,23.0,5,2,104,10,32,0.313,6,18,0.333,5,6,0.833,1,15,16,4,2,0,1,7,31
Chimezie Metu,1629002,2020-21,00,1610612758,SAC,24.0,36,6,488,91,179,0.508,13,37,0.351,31,43,0.721,31,81,112,28,14,18,29,59,226
Chimezie Metu,1629002,2021-22,00,1610612758,SAC,25.0,60,20,1279,203,449,0.452,57,186,0.306,71,91,0.78,34,301,335,60,51,32,61,93,534
Chimezie Metu,1629002,2022-23,00,1610612758,SAC,26.0,66,0,689,129,219,0.589,9,38,0.237,54,73,0.74,47,151,198,40,22,21,32,81,321
Chimezie Metu,1629002,2023-24,00,1610612756,PHX,27.0,37,5,448,66,130,0.508,15,51,0.294,38,43,0.884,24,86,110,19,19,9,27,39,185
Chimezie Metu,1629002,2023-24,00,1610612765,DET,27.0,14,7,411,57,114,0.5,13,43,0.302,20,21,0.952,17,67,84,27,24,7,25,32,147
Chimezie Metu,1629002,2023-24,00,0,TOT,27.0,51,12,859,123,244,0.504,28,94,0.298,58,64,0.906,41,153,194,46,43,16,52,71,332
Chris Boucher,1628449,2020-21,00,1610612761,TOR,28.0,60,14,1453,288,560,0.514,90,235,0.383,152,193,0.788,117,287,404,63,35,111,46,166,818
Chris Boucher,1628449,2021-22,00,1610612761,TOR,29.0,80,9,1690,268,577,0.464,68,229,0.297,150,193,0.777,179,315,494,25,49,75,42,174,754
Chris Boucher,1628449,2022-23,00,1610612761,TOR,30.0,76,0,1523,261,529,0.493,62,189,0.328,128,168,0.762,157,264,421,29,47,64,41,143,712
Chris Boucher,1628449,2023-24,00,1610612761,TOR,31.0,50,0,705,110,217,0.507,31,94,0.33,71,92,0.772,62,145,207,23,14,24,28,68,322
Chris Boucher,1628449,2024-25,00,1610612761,TOR,32.0,50,0,862,182,370,0.492,70,193,0.363,68,87,0.782,70,154,224,33,24,25,29,68,502
Chris Duarte,1630537,2021-22,00,1610612754,IND,25.0,55,39,1541,268,621,0.432,94,255,0.369,90,112,0.804,41,185,226,114,56,10,90,95,720
Chris Duarte,1630537,2022-23,00,1610612754,IND,26.0,46,12,897,123,333,0.369,55,174,0.316,61,72,0.847,19,96,115,64,25,9,41,65,362
Chris Duarte,1630537,2023-24,00,1610612758,SAC,27.0,59,11,720,80,210,0.381,44,127,0.346,26,33,0.788,26,80,106,44,28,8,26,80,230
Chris Duarte,1630537,2024-25,00,1610612741,CHI,28.0,17,0,74,12,26,0.462,6,15,0.4,6,8,0.75,5,15,20,9,0,0,1,7,36
Chris Paul,101108,2020-21,00,1610612756,PHX,36.0,70,70,2200,439,879,0.499,102,258,0.395,169,181,0.934,25,287,312,622,99,19,156,166,1149
Chris Paul,101108,2021-22,00,1610612756,PHX,37.0,65,65,2139,363,736,0.493,63,199,0.317,169,202,0.837,22,261,283,702,121,20,153,134,958
Chris Paul,101108,2022-23,00,1610612756,PHX,38.0,59,59,1889,294,668,0.44,98,261,0.375,133,160,0.831,27,224,251,524,91,22,114,126,819
Chris Paul,101108,2023-24,00,1610612744,GSW,39.0,58,18,1531,206,467,0.441,78,210,0.371,43,52,0.827,18,207,225,393,70,6,76,108,533
Chris Paul,101108,2024-25,00,1610612759,SAS,40.0,82,82,2292,249,583,0.427,140,371,0.377,85,92,0.924,33,263,296,605,103,22,129,151,723
Christian Braun,1631128,2022-23,00,1610612743,DEN,22.0,76,6,1181,143,289,0.495,34,96,0.354,40,64,0.625,48,133,181,59,41,17,35,101,360
Christian Braun,1631128,2023-24,00,1610612743,DEN,23.0,82,4,1656,222,483,0.46,63,164,0.384,93,134,0.694,79,227,306,132,42,35,55,137,600
Christian Braun,1631128,2024-25,00,1610612743,DEN,24.0,79,77,2675,476,821,0.58,89,224,0.397,177,214,0.827,98,312,410,205,85,37,81,170,1218
Christian Wood,1626174,2020-21,00,1610612745,HOU,25.0,41,41,1326,329,640,0.514,77,206,0.374,125,198,0.631,76,319,395,71,34,48,80,88,860
Christian Wood,1626174,2021-22,00,1610612745,HOU,26.0,68,67,2094,440,878,0.501,131,336,0.39,207,332,0.623,110,576,686,155,54,65,126,171,1218
Christian Wood,1626174,2022-23,00,1610612742,DAL,27.0,67,17,1738,396,769,0.515,105,279,0.376,217,281,0.772,87,404,491,121,30,72,121,169,1114
Christian Wood,1626174,2023-24,00,1610612747,LAL,28.0,50,1,872,123,264,0.466,35,114,0.307,66,94,0.702,39,215,254,49,16,33,50,72,347
Chuma Okeke,1629643,2020-21,00,1610612753,ORL,22.0,45,19,1133,135,324,0.417,49,141,0.348,30,40,0.75,42,139,181,101,48,22,38,48,349
Chuma Okeke,1629643,2021-22,00,1610612753,ORL,23.0,70,20,1749,216,575,0.376,118,371,0.318,55,65,0.846,47,300,347,118,97,42,57,95,605
Chuma Okeke,1629643,2022-23,00,1610612753,ORL,24.0,27,8,518,43,122,0.352,26,86,0.302,16,21,0.762,26,70,96,37,19,11,17,40,128
Chuma Okeke,1629643,2023-24,00,1610612753,ORL,25.0,47,8,432,40,112,0.357,23,82,0.28,4,7,0.571,18,62,80,20,9,7,16,19,107
Chuma Okeke,1629643,2024-25,00,1610612755,PHI,26.0,7,3,171,18,33,0.545,10,22,0.455,2,3,0.667,20,23,43,13,5,3,3,5,48
Chuma Okeke,1629643,2024-25,00,1610612739,CLE,26.0,2,0,25,2,7,0.286,1,6,0.167,0,0,0.0,1,3,4,2,0,1,0,0,5
Chuma Okeke,1629643,2024-25,00,0,TOT,26.0,9,3,197,20,40,0.5,11,28,0.393,2,3,0.667,21,26,47,15,5,4,3,5,53
Clint Capela,203991,2020-21,00,1610612737,ATL,27.0,63,63,1898,413,695,0.594,0,0,0.0,130,227,0.573,297,606,903,49,44,129,73,145,956
Clint Capela,203991,2021-22,00,1610612737,ATL,28.0,74,73,2042,370,604,0.613,0,1,0.0,80,169,0.473,279,598,877,92,55,93,44,166,820
Clint Capela,203991,2022-23,00,1610612737,ATL,29.0,65,63,1730,350,536,0.653,0,1,0.0,79,131,0.603,258,459,717,58,45,79,54,139,779
Clint Capela,203991,2023-24,00,1610612737,ATL,30.0,73,73,1883,353,618,0.571,0,1,0.0,130,206,0.631,335,441,776,91,43,106,74,164,836
Clint Capela,203991,2024-25,00,1610612737,ATL,31.0,55,41,1176,218,390,0.559,0,1,0.0,52,97,0.536,174,295,469,62,34,53,47,106,488
Coby White,1629632,2020-21,00,1610612741,CHI,21.0,69,54,2156,375,902,0.416,163,454,0.359,128,142,0.901,28,256,284,328,38,15,156,179,1041
Coby White,1629632,2021-22,00,1610612741,CHI,22.0,61,17,1675,279,644,0.433,136,353,0.385,78,91,0.857,17,165,182,176,29,11,70,137,772
Coby White,1629632,2022-23,00,1610612741,CHI,23.0,74,2,1730,263,594,0.443,128,344,0.372,61,70,0.871,16,196,212,204,54,6,74,122,715
Coby White,1629632,2023-24,00,1610612741,CHI,24.0,79,78,2881,541,1209,0.447,209,556,0.376,218,260,0.838,44,314,358,405,53,18,166,186,1509
Coby White,1629632,2024-25,00,1610612741,CHI,25.0,74,73,2450,508,1121,0.453,216,584,0.37,277,307,0.902,25,248,273,330,69,16,177,154,1509
Cody Martin,1628998,2021-22,00,1610612766,CHA,26.0,71,11,1866,204,423,0.482,61,159,0.384,75,107,0.701,82,203,285,179,88,32,61,116,544
Cody Martin,1628998,2022-23,00,1610612766,CHA,27.0,7,0,134,14,36,0.389,3,14,0.214,4,7,0.571,8,16,24,11,4,1,2,13,35
Cody Martin,1628998,2023-24,00,1610612766,CHA,28.0,28,22,753,82,215,0.381,27,86,0.314,20,33,0.606,19,90,109,104,32,18,44,48,211
Cody Martin,1628998,2024-25,00,1610612766,CHA,29.0,39,8,967,116,268,0.433,40,124,0.323,34,49,0.694,40,136,176,89,43,26,42,72,306
Cody Martin,1628998,2024-25,00,1610612756,PHX,29.0,14,0,206,20,57,0.351,3,27,0.111,9,12,0.75,13,35,48,16,13,6,9,23,52
Cody Martin,1628998,2024-25,00,0,TOT,29.0,53,8,1173,136,325,0.418,43,151,0.285,43,61,0.705,53,171,224,105,56,32,51,95,358
Cody Zeller,203469,2020-21,00,1610612766,CHA,28.0,48,21,1005,181,324,0.559,4,28,0.143,85,119,0.714,119,209,328,86,27,17,51,121,451
Cody Zeller,203469,2021-22,00,1610612757,POR,29.0,27,0,355,51,90,0.567,0,4,0.0,38,49,0.776,50,75,125,22,8,6,19,56,140
Cody Zeller,203469,2022-23,00,1610612748,MIA,30.0,15,2,217,37,59,0.627,0,2,0.0,24,35,0.686,25,39,64,10,3,4,14,33,98
Cody Zeller,203469,2023-24,00,1610612740,NOP,31.0,43,0,320,26,62,0.419,1,3,0.333,23,38,0.605,48,64,112,39,9,5,16,45,76
Cole Anthony,1630175,2020-21,00,1610612753,ORL,21.0,47,34,1273,219,552,0.397,58,172,0.337,109,131,0.832,38,183,221,192,30,18,106,98,605
Cole Anthony,1630175,2021-22,00,1610612753,ORL,22.0,65,65,2059,357,912,0.391,132,391,0.338,216,253,0.854,32,316,348,369,46,17,170,171,1062
Cole Anthony,1630175,2022-23,00,1610612753,ORL,23.0,60,4,1552,277,610,0.454,75,206,0.364,152,170,0.894,47,241,288,235,37,31,91,158,781
Cole Anthony,1630175,2023-24,00,1610612753,ORL,24.0,81,0,1817,332,763,0.435,93,275,0.338,180,218,0.826,64,247,311,236,64,37,126,175,937
Cole Anthony,1630175,2024-25,00,1610612753,ORL,25.0,67,22,1234,230,543,0.424,77,218,0.353,93,113,0.823,46,158,204,191,45,32,103,151,630
Collin Sexton,1629012,2020-21,00,1610612739,CLE,22.0,60,60,2115,525,1105,0.475,98,264,0.371,312,383,0.815,58,129,187,262,62,10,167,157,1460
Collin Sexton,1629012,2021-22,00,1610612739,CLE,23.0,11,11,316,68,151,0.45,11,45,0.244,29,39,0.744,13,23,36,23,10,0,31,25,176
Collin Sexton,1629012,2022-23,00,1610612762,UTA,24.0,48,15,1145,237,468,0.506,48,122,0.393,163,199,0.819,37,68,105,138,27,6,85,112,685
Collin Sexton,1629012,2023-24,00,1610612762,UTA,25.0,78,51,2075,506,1038,0.487,128,325,0.394,318,370,0.859,71,134,205,383,62,18,165,154,1458
Collin Sexton,1629012,2024-25,00,1610612762,UTA,26.0,63,61,1758,416,867,0.48,110,271,0.406,217,251,0.865,60,111,171,264,47,6,160,144,1159
Corey Kispert,1630557,2021-22,00,1610612764,WAS,23.0,77,36,1801,234,514,0.455,112,320,0.35,54,62,0.871,53,156,209,85,35,22,50,93,634
Corey Kispert,1630557,2022-23,00,1610612764,WAS,24.0,74,45,2093,291,585,0.497,163,384,0.424,75,88,0.852,33,174,207,87,32,9,55,97,820
Corey Kispert,1630557,2023-24,00,1610612764,WAS,25.0,80,22,2067,386,794,0.486,184,480,0.383,114,157,0.726,30,195,225,156,41,16,98,141,1070
Corey Kispert,1630557,2024-25,00,1610612764,WAS,26.0,61,0,1602,255,565,0.451,120,330,0.364,75,88,0.852,36,145,181,103,26,14,64,98,705
Cory Joseph,202709,2020-21,00,1610612758,SAC,29.0,44,2,944,111,250,0.444,31,94,0.33,36,47,0.766,25,74,99,108,39,9,44,98,289
Cory Joseph,202709,2020-21,00,1610612765,DET,29.0,19,11,502,89,176,0.506,14,38,0.368,36,41,0.878,10,50,60,105,22,9,35,41,228
Cory Joseph,202709,2020-21,00,0,TOT,29.0,63,13,1446,200,426,0.469,45,132,0.341,72,88,0.818,35,124,159,213,61,18,79,139,517
Cory Joseph,202709,2021-22,00,1610612765,DET,30.0,65,39,1600,178,400,0.445,65,157,0.414,100,113,0.885,29,145,174,237,42,17,85,147,521
Cory Joseph,202709,2022-23,00,1610612765,DET,31.0,62,2,1227,150,351,0.427,70,180,0.389,57,72,0.792,21,85,106,217,34,9,56,88,427
Cory Joseph,202709,2023-24,00,1610612744,GSW,32.0,26,0,296,23,64,0.359,13,42,0.31,4,7,0.571,6,24,30,42,4,3,12,25,63
Cory Joseph,202709,2024-25,00,1610612753,ORL,33.0,50,16,612,62,154,0.403,39,107,0.364,14,18,0.778,17,57,74,72,26,4,18,50,177
D'Angelo Russell,1626156,2020-21,00,1610612750,MIN,25.0,42,26,1196,281,652,0.431,120,310,0.387,114,149,0.765,16,95,111,244,45,18,112,68,796
D'Angelo Russell,1626156,2021-22,00,1610612750,MIN,26.0,65,65,2077,401,975,0.411,176,518,0.34,198,240,0.825,25,191,216,460,62,22,165,130,1176
D'Angelo Russell,1626156,2022-23,00,1610612750,MIN,27.0,54,54,1778,338,727,0.465,148,379,0.391,143,167,0.856,28,137,165,334,60,21,147,117,967
D'Angelo Russell,1626156,2022-23,00,1610612747,LAL,27.0,17,17,526,107,221,0.484,46,111,0.414,36,49,0.735,7,43,50,103,10,8,39,23,296
D'Angelo Russell,1626156,2022-23,00,0,TOT,27.0,71,71,2304,445,948,0.469,194,490,0.396,179,216,0.829,35,180,215,437,70,29,186,140,1263
D'Angelo Russell,1626156,2023-24,00,1610612747,LAL,28.0,76,69,2484,492,1080,0.456,226,545,0.415,159,192,0.828,28,208,236,482,69,36,156,156,1369
D'Angelo Russell,1626156,2024-25,00,1610612747,LAL,29.0,29,10,763,129,311,0.415,56,168,0.333,45,53,0.849,8,72,80,136,23,4,50,53,359
D'Angelo Russell,1626156,2024-25,00,1610612751,BKN,29.0,29,26,717,120,327,0.367,57,192,0.297,76,92,0.826,12,70,82,161,33,19,58,62,373
D'Angelo Russell,1626156,2024-25,00,0,TOT,29.0,58,36,1480,249,638,0.39,113,360,0.314,121,145,0.834,20,142,162,297,56,23,108,115,732
D.J. Augustin,201571,2020-21,00,1610612749,MIL,33.0,37,6,713,71,192,0.37,49,129,0.38,36,40,0.9,11,39,50,110,20,1,34,33,227
D.J. Augustin,201571,2020-21,00,1610612745,HOU,33.0,20,6,416,64,151,0.424,34,88,0.386,49,54,0.907,9,35,44,78,8,0,31,23,211
D.J. Augustin,201571,2020-21,00,0,TOT,33.0,57,12,1129,135,343,0.394,83,217,0.382,85,94,0.904,20,74,94,188,28,1,65,56,438
D.J. Augustin,201571,2021-22,00,1610612745,HOU,34.0,34,2,510,55,136,0.404,39,96,0.406,33,38,0.868,7,34,41,74,10,0,45,17,182
D.J. Augustin,201571,2021-22,00,1610612747,LAL,34.0,21,0,373,39,86,0.453,29,68,0.426,5,5,1.0,4,23,27,33,7,1,11,22,112
D.J. Augustin,201571,2021-22,00,0,TOT,34.0,55,2,883,94,222,0.423,68,164,0.415,38,43,0.884,11,57,68,107,17,1,56,39,294
D.J. Wilson,1628391,2020-21,00,1610612749,MIL,25.0,12,0,105,16,43,0.372,10,28,0.357,1,2,0.5,3,22,25,3,1,4,4,13,43
D.J. Wilson,1628391,2020-21,00,1610612745,HOU,25.0,23,1,328,52,125,0.416,20,59,0.339,16,23,0.696,17,70,87,20,10,12,18,31,140
D.J. Wilson,1628391,2020-21,00,0,TOT,25.0,35,1,433,68,168,0.405,30,87,0.345,17,25,0.68,20,92,112,23,11,16,22,44,183
D.J. Wilson,1628391,2021-22,00,1610612761,TOR,26.0,4,1,54,11,15,0.733,0,2,0.0,8,10,0.8,1,15,16,5,5,1,2,6,30
D.J. Wilson,1628391,2023-24,00,1610612755,PHI,28.0,2,0,15,4,6,0.667,2,2,1.0,0,0,0.0,1,1,2,2,0,2,0,1,10
Daishen Nix,1630227,2022-23,00,1610612745,HOU,21.0,57,7,914,81,237,0.342,40,140,0.286,24,36,0.667,18,80,98,132,31,7,86,59,226
Daishen Nix,1630227,2023-24,00,1610612750,MIN,22.0,15,0,50,9,24,0.375,6,17,0.353,3,6,0.5,1,2,3,6,5,0,5,2,27
Daishen Nix,1630227,2024-25,00,1610612750,MIN,23.0,3,0,13,0,1,0.0,0,1,0.0,1,2,0.5,0,4,4,3,0,0,4,1,1
Dalen Terry,1631207,2022-23,00,1610612741,CHI,20.0,38,0,214,32,72,0.444,7,27,0.259,14,21,0.667,12,25,37,22,11,5,8,24,85
Dalen Terry,1631207,2023-24,00,1610612741,CHI,21.0,59,2,681,69,157,0.439,17,74,0.23,25,43,0.581,29,84,113,81,27,18,32,81,180
Dalen Terry,1631207,2024-25,00,1610612741,CHI,22.0,73,5,987,120,268,0.448,37,104,0.356,49,69,0.71,38,86,124,97,44,15,53,114,326
Damian Jones,1627745,2020-21,00,1610612756,PHX,26.0,14,0,94,8,16,0.5,0,1,0.0,6,11,0.545,7,11,18,4,1,5,6,19,22
Damian Jones,1627745,2020-21,00,1610612747,LAL,26.0,8,6,112,16,17,0.941,0,0,0.0,11,12,0.917,8,18,26,1,1,7,5,22,43
Damian Jones,1627745,2020-21,00,1610612758,SAC,26.0,17,4,341,46,70,0.657,1,4,0.25,25,35,0.714,21,56,77,24,9,17,15,36,118
Damian Jones,1627745,2020-21,00,0,TOT,26.0,39,10,546,70,103,0.68,1,5,0.2,42,58,0.724,36,85,121,29,11,29,26,77,183
Damian Jones,1627745,2021-22,00,1610612758,SAC,27.0,56,15,1017,175,266,0.658,10,29,0.345,94,131,0.718,75,171,246,69,26,47,59,130,454
Damian Jones,1627745,2022-23,00,1610612747,LAL,28.0,22,1,176,20,37,0.541,0,3,0.0,15,20,0.75,18,37,55,4,3,12,9,17,55
Damian Jones,1627745,2022-23,00,1610612762,UTA,28.0,19,0,301,35,49,0.714,10,14,0.714,7,9,0.778,24,43,67,11,5,9,14,38,87
Damian Jones,1627745,2022-23,00,0,TOT,28.0,41,1,477,55,86,0.64,10,17,0.588,22,29,0.759,42,80,122,15,8,21,23,55,142
Damian Jones,1627745,2023-24,00,1610612739,CLE,29.0,39,0,270,43,72,0.597,3,14,0.214,18,21,0.857,20,42,62,15,7,13,13,27,107
Damian Lillard,203081,2020-21,00,1610612757,POR,30.0,67,67,2398,602,1334,0.451,275,704,0.391,449,484,0.928,32,251,283,505,62,17,203,102,1928
Damian Lillard,203081,2021-22,00,1610612757,POR,31.0,29,29,1056,222,552,0.402,92,284,0.324,159,181,0.878,13,107,120,212,17,11,83,37,695
Damian Lillard,203081,2022-23,00,1610612757,POR,32.0,58,58,2107,556,1202,0.463,244,658,0.371,510,558,0.914,44,233,277,425,50,18,191,109,1866
Damian Lillard,203081,2023-24,00,1610612749,MIL,33.0,73,73,2578,541,1277,0.424,220,622,0.354,473,514,0.92,36,284,320,508,72,18,193,134,1775
Damian Lillard,203081,2024-25,00,1610612749,MIL,34.0,58,58,2093,444,992,0.448,197,524,0.376,362,393,0.921,29,243,272,410,70,10,162,97,1447
Damion Lee,1627814,2020-21,00,1610612744,GSW,28.0,57,1,1079,128,274,0.467,77,194,0.397,40,44,0.909,22,158,180,73,38,8,30,89,373
Damion Lee,1627814,2021-22,00,1610612744,GSW,29.0,63,5,1257,169,383,0.441,63,187,0.337,66,75,0.88,27,176,203,63,39,6,38,95,467
Damion Lee,1627814,2022-23,00,1610612756,PHX,30.0,74,5,1506,200,452,0.442,110,247,0.445,94,104,0.904,39,186,225,99,30,7,78,118,604
Damion Lee,1627814,2024-25,00,1610612756,PHX,32.0,25,0,144,27,74,0.365,9,37,0.243,20,21,0.952,3,17,20,11,6,0,10,6,83
Damyean Dotson,1628422,2020-21,00,1610612739,CLE,27.0,46,7,907,119,293,0.406,46,159,0.289,24,36,0.667,5,88,93,91,16,4,42,42,308
Damyean Dotson,1628422,2021-22,00,1610612752,NYK,28.0,2,0,21,2,4,0.5,0,1,0.0,0,0,0.0,0,2,2,1,0,0,0,0,4
Daniel Gafford,1629655,2020-21,00,1610612741,CHI,22.0,31,11,383,60,87,0.69,0,0,0.0,27,41,0.659,44,59,103,17,11,34,22,54,147
Daniel Gafford,1629655,2020-21,00,1610612764,WAS,22.0,23,0,408,94,138,0.681,0,0,0.0,45,67,0.672,50,78,128,12,15,41,19,44,233
Daniel Gafford,1629655,2020-21,00,0,TOT,22.0,54,11,791,154,225,0.684,0,0,0.0,72,108,0.667,94,137,231,29,26,75,41,98,380
Daniel Gafford,1629655,2021-22,00,1610612764,WAS,23.0,72,53,1444,285,411,0.693,0,1,0.0,107,153,0.699,155,252,407,68,30,99,65,170,677
Daniel Gafford,1629655,2022-23,00,1610612764,WAS,24.0,78,47,1604,289,395,0.732,0,0,0.0,127,187,0.679,163,270,433,84,33,99,85,187,705
Daniel Gafford,1629655,2023-24,00,1610612764,WAS,25.0,45,45,1192,203,294,0.69,0,0,0.0,84,119,0.706,131,230,361,69,44,97,46,147,490
Daniel Gafford,1629655,2023-24,00,1610612742,DAL,25.0,29,21,623,145,186,0.78,0,0,0.0,34,56,0.607,64,137,201,46,21,56,28,80,324
Daniel Gafford,1629655,2023-24,00,0,TOT,25.0,74,66,1814,348,480,0.725,0,0,0.0,118,175,0.674,195,367,562,115,65,153,74,227,814
Daniel Gafford,1629655,2024-25,00,1610612742,DAL,26.0,57,31,1226,283,403,0.702,0,0,0.0,135,196,0.689,155,233,388,80,23,102,66,152,701
Daniel Theis,1628464,2020-21,00,1610612738,BOS,29.0,42,37,1027,159,288,0.552,33,95,0.347,46,67,0.687,54,166,220,67,25,43,41,120,397
Daniel Theis,1628464,2020-21,00,1610612741,CHI,29.0,23,14,574,93,178,0.522,16,57,0.281,28,43,0.651,39,97,136,41,16,14,25,47,230
Daniel Theis,1628464,2020-21,00,0,TOT,29.0,65,51,1601,252,466,0.541,49,152,0.322,74,110,0.673,93,263,356,108,41,57,66,167,627
Daniel Theis,1628464,2021-22,00,1610612745,HOU,30.0,26,21,584,84,179,0.469,23,79,0.291,27,40,0.675,32,98,130,20,11,17,31,62,218
Daniel Theis,1628464,2021-22,00,1610612738,BOS,30.0,21,6,393,67,112,0.598,10,28,0.357,22,32,0.688,27,71,98,21,9,14,15,49,166
Daniel Theis,1628464,2021-22,00,0,TOT,30.0,47,27,977,151,291,0.519,33,107,0.308,49,72,0.681,59,169,228,41,20,31,46,111,384
Daniel Theis,1628464,2022-23,00,1610612754,IND,31.0,7,1,109,21,44,0.477,2,11,0.182,5,12,0.417,7,15,22,9,2,6,3,7,49
Daniel Theis,1628464,2023-24,00,1610612754,IND,32.0,1,0,8,1,4,0.25,0,1,0.0,0,0,0.0,0,0,0,0,0,0,0,1,2
Daniel Theis,1628464,2023-24,00,1610612746,LAC,32.0,59,3,1006,155,289,0.536,26,70,0.371,38,50,0.76,85,159,244,61,21,51,42,126,374
Daniel Theis,1628464,2023-24,00,0,TOT,32.0,60,3,1015,156,293,0.532,26,71,0.366,38,50,0.76,85,159,244,61,21,51,42,127,376
Daniel Theis,1628464,2024-25,00,1610612740,NOP,32.0,38,9,621,61,129,0.473,9,37,0.243,31,37,0.838,44,120,164,60,18,20,25,70,162
Danilo Gallinari,201568,2020-21,00,1610612737,ATL,32.0,51,4,1222,206,475,0.434,103,254,0.406,161,174,0.925,17,194,211,76,30,10,43,105,676
Danilo Gallinari,201568,2021-22,00,1610612737,ATL,33.0,66,18,1672,259,597,0.434,112,294,0.381,141,156,0.904,35,273,308,101,28,12,38,93,771
Danilo Gallinari,201568,2023-24,00,1610612764,WAS,35.0,26,0,385,57,131,0.435,20,64,0.313,47,56,0.839,12,64,76,31,6,3,12,26,181
Danilo Gallinari,201568,2023-24,00,1610612765,DET,35.0,6,0,90,12,22,0.545,7,12,0.583,21,24,0.875,2,12,14,12,2,2,1,9,52
Danilo Gallinari,201568,2023-24,00,1610612749,MIL,35.0,17,0,155,14,37,0.378,3,17,0.176,16,18,0.889,6,12,18,12,6,1,10,15,47
Danilo Gallinari,201568,2023-24,00,0,TOT,35.0,49,0,629,83,190,0.437,30,93,0.323,84,98,0.857,20,88,108,55,14,6,23,50,280
Danny Green,201980,2020-21,00,1610612755,PHI,34.0,69,69,1934,224,544,0.412,175,432,0.405,31,40,0.775,55,205,260,118,92,56,67,125,654
Danny Green,201980,2021-22,00,1610612755,PHI,35.0,62,28,1353,126,320,0.394,103,271,0.38,11,14,0.786,32,125,157,64,60,37,45,105,366
Danny Green,201980,2022-23,00,1610612763,MEM,36.0,3,0,44,3,11,0.273,3,8,0.375,0,0,0.0,1,3,4,2,1,0,3,6,9
Danny Green,201980,2022-23,00,1610612739,CLE,36.0,8,0,95,19,38,0.5,13,29,0.448,1,1,1.0,2,8,10,4,5,3,7,10,52
Danny Green,201980,2022-23,00,0,TOT,36.0,11,0,139,22,49,0.449,16,37,0.432,1,1,1.0,3,11,14,6,6,3,10,16,61
Danny Green,201980,2023-24,00,1610612755,PHI,37.0,2,0,18,0,2,0.0,0,1,0.0,0,0,0.0,0,2,2,1,1,0,0,1,0
Danuel House Jr.,1627863,2020-21,00,1610612745,HOU,28.0,36,23,932,110,272,0.404,54,156,0.346,41,63,0.651,18,114,132,69,20,16,36,67,315
Danuel House Jr.,1627863,2021-22,00,1610612745,HOU,29.0,16,1,233,25,74,0.338,10,34,0.294,17,19,0.895,4,39,43,19,5,5,18,16,77
Danuel House Jr.,1627863,2021-22,00,1610612752,NYK,29.0,1,0,3,0,1,0.0,0,1,0.0,0,0,0.0,0,0,0,0,0,0,0,0,0
Danuel House Jr.,1627863,2021-22,00,1610612762,UTA,29.0,25,6,491,55,123,0.447,34,82,0.415,27,39,0.692,14,54,68,25,16,12,15,35,171
Danuel House Jr.,1627863,2021-22,00,0,TOT,29.0,42,7,727,80,198,0.404,44,117,0.376,44,58,0.759,18,93,111,44,21,17,33,51,248
Danuel House Jr.,1627863,2022-23,00,1610612755,PHI,30.0,56,5,807,93,197,0.472,37,110,0.336,45,60,0.75,9,85,94,44,14,9,26,69,268
Danuel House Jr.,1627863,2023-24,00,1610612755,PHI,31.0,34,4,509,47,105,0.448,15,50,0.3,35,46,0.761,16,42,58,28,15,5,19,45,144
Dario Šarić,203967,2020-21,00,1610612756,PHX,27.0,50,4,871,153,342,0.447,47,135,0.348,84,99,0.848,46,144,190,65,30,4,57,95,437
Dario Šarić,203967,2022-23,00,1610612756,PHX,29.0,37,12,533,76,178,0.427,27,69,0.391,36,44,0.818,39,103,142,57,13,5,36,69,215
Dario Šarić,203967,2022-23,00,1610612760,OKC,29.0,20,0,273,51,99,0.515,18,46,0.391,27,32,0.844,14,51,65,17,7,2,19,30,147
Dario Šarić,203967,2022-23,00,0,TOT,29.0,57,12,806,127,277,0.458,45,115,0.391,63,76,0.829,53,154,207,74,20,7,55,99,362
Dario Šarić,203967,2023-24,00,1610612744,GSW,30.0,64,9,1098,181,388,0.466,74,197,0.376,79,93,0.849,73,210,283,144,31,10,78,112,515
Dario Šarić,203967,2024-25,00,1610612743,DEN,31.0,16,4,210,21,58,0.362,7,26,0.269,7,10,0.7,14,36,50,23,7,1,15,19,56
Darius Bazley,1629647,2020-21,00,1610612760,OKC,21.0,55,55,1714,273,690,0.396,83,286,0.29,125,178,0.702,51,345,396,99,29,25,122,60,754
Darius Bazley,1629647,2021-22,00,1610612760,OKC,22.0,69,53,1924,274,649,0.422,80,269,0.297,117,170,0.688,71,365,436,97,58,70,90,68,745
Darius Bazley,1629647,2022-23,00,1610612760,OKC,23.0,36,1,555,71,158,0.449,18,45,0.4,36,65,0.554,29,93,122,32,19,29,22,35,196
Darius Bazley,1629647,2022-23,00,1610612756,PHX,23.0,7,0,61,12,25,0.48,2,8,0.25,2,5,0.4,5,11,16,6,3,5,5,9,28
Darius Bazley,1629647,2022-23,00,0,TOT,23.0,43,1,616,83,183,0.454,20,53,0.377,38,70,0.543,34,104,138,38,22,34,27,44,224
Darius Bazley,1629647,2023-24,00,1610612755,PHI,24.0,3,0,10,0,1,0.0,0,0,0.0,0,0,0.0,0,1,1,2,0,0,1,0,0
Darius Bazley,1629647,2023-24,00,1610612762,UTA,24.0,6,0,142,18,29,0.621,2,8,0.25,10,12,0.833,8,19,27,5,6,7,7,3,48
Darius Bazley,1629647,2023-24,00,0,TOT,24.0,9,0,152,18,30,0.6,2,8,0.25,10,12,0.833,8,20,28,7,6,7,8,3,48
Darius Garland,1629636,2020-21,00,1610612739,CLE,21.0,54,50,1790,362,802,0.451,105,266,0.395,112,132,0.848,23,106,129,329,66,6,164,110,941
Darius Garland,1629636,2021-22,00,1610612739,CLE,22.0,68,68,2430,542,1173,0.462,174,454,0.383,215,241,0.892,39,185,224,583,89,7,248,115,1473
Darius Garland,1629636,2022-23,00,1610612739,CLE,23.0,69,69,2447,522,1129,0.462,169,412,0.41,277,321,0.863,28,157,185,538,85,9,199,148,1490
Darius Garland,1629636,2023-24,00,1610612739,CLE,24.0,57,57,1900,375,841,0.446,132,356,0.371,146,175,0.834,30,122,152,373,74,7,176,95,1028
Darius Garland,1629636,2024-25,00,1610612739,CLE,25.0,75,75,2301,554,1174,0.472,212,529,0.401,224,255,0.878,47,167,214,506,91,11,189,143,1544
David Nwaba,1628021,2020-21,00,1610612745,HOU,28.0,30,9,679,106,218,0.486,17,63,0.27,47,68,0.691,40,78,118,31,30,21,17,60,276
David Nwaba,1628021,2021-22,00,1610612745,HOU,29.0,46,4,609,85,176,0.483,15,49,0.306,48,67,0.716,41,110,151,35,28,20,21,55,233
Davion Mitchell,1630558,2021-22,00,1610612758,SAC,23.0,75,19,2076,352,843,0.418,101,320,0.316,56,85,0.659,33,133,166,313,55,24,114,141,861
Davion Mitchell,1630558,2022-23,00,1610612758,SAC,24.0,80,9,1447,181,399,0.454,63,197,0.32,25,31,0.806,16,89,105,185,44,15,62,112,450
Davion Mitchell,1630558,2023-24,00,1610612758,SAC,25.0,72,4,1101,146,323,0.452,57,158,0.361,30,42,0.714,19,76,95,134,17,3,43,85,379
Davion Mitchell,1630558,2024-25,00,1610612761,TOR,26.0,44,22,1080,106,244,0.434,42,117,0.359,25,37,0.676,16,69,85,203,31,8,78,116,279
Davion Mitchell,1630558,2024-25,00,1610612748,MIA,26.0,30,15,947,117,232,0.504,42,94,0.447,33,47,0.702,19,63,82,160,41,8,50,69,309
Davion Mitchell,1630558,2024-25,00,0,TOT,26.0,74,37,2027,223,476,0.468,84,211,0.398,58,84,0.69,35,132,167,363,72,16,128,185,588
Day'Ron Sharpe,1630549,2021-22,00,1610612751,BKN,20.0,32,8,391,86,149,0.577,2,7,0.286,24,41,0.585,81,79,160,17,10,15,30,60,198
Day'Ron Sharpe,1630549,2022-23,00,1610612751,BKN,21.0,48,3,553,93,171,0.544,6,11,0.545,35,55,0.636,99,101,200,37,15,32,42,89,227
Day'Ron Sharpe,1630549,2023-24,00,1610612751,BKN,22.0,61,1,921,168,294,0.571,4,15,0.267,75,123,0.61,161,228,389,85,24,44,70,131,415
Day'Ron Sharpe,1630549,2024-25,00,1610612751,BKN,23.0,50,2,907,165,317,0.521,11,45,0.244,56,74,0.757,149,181,330,91,41,42,63,113,397
De'Aaron Fox,1628368,2020-21,00,1610612758,SAC,23.0,58,58,2036,529,1110,0.477,103,320,0.322,300,417,0.719,33,170,203,417,87,27,174,170,1461
De'Aaron Fox,1628368,2021-22,00,1610612758,SAC,24.0,59,59,2083,516,1092,0.473,74,249,0.297,261,348,0.75,25,206,231,330,68,25,168,172,1367
De'Aaron Fox,1628368,2022-23,00,1610612758,SAC,25.0,73,73,2435,682,1331,0.512,119,367,0.324,343,440,0.78,40,266,306,447,83,23,181,172,1826
De'Aaron Fox,1628368,2023-24,00,1610612758,SAC,26.0,74,74,2659,720,1549,0.465,214,580,0.369,312,423,0.738,67,273,340,418,150,31,194,193,1966
De'Aaron Fox,1628368,2024-25,00,1610612758,SAC,27.0,45,45,1663,414,883,0.469,92,286,0.322,204,246,0.829,45,180,225,276,66,20,133,118,1124
De'Aaron Fox,1628368,2024-25,00,1610612759,SAS,27.0,17,17,578,125,280,0.446,26,95,0.274,59,72,0.819,9,64,73,116,25,5,41,46,335
De'Aaron Fox,1628368,2024-25,00,0,TOT,27.0,62,62,2241,539,1163,0.463,118,381,0.31,263,318,0.827,54,244,298,392,91,25,174,164,1459
De'Andre Hunter,1629631,2020-21,00,1610612737,ATL,23.0,23,19,678,120,248,0.484,31,95,0.326,73,85,0.859,17,93,110,44,19,12,29,59,344
De'Andre Hunter,1629631,2021-22,00,1610612737,ATL,24.0,53,52,1577,254,575,0.442,74,195,0.379,127,166,0.765,26,150,176,68,36,21,69,155,709
De'Andre Hunter,1629631,2022-23,00,1610612737,ATL,25.0,67,67,2126,379,822,0.461,100,286,0.35,171,207,0.826,46,238,284,94,35,17,82,199,1029
De'Andre Hunter,1629631,2023-24,00,1610612737,ATL,26.0,57,37,1681,304,663,0.459,117,304,0.385,166,196,0.847,31,191,222,87,40,16,83,146,891
De'Andre Hunter,1629631,2024-25,00,1610612737,ATL,27.0,37,4,1064,227,492,0.461,97,247,0.393,151,176,0.858,27,118,145,57,31,5,59,88,702
De'Andre Hunter,1629631,2024-25,00,1610612739,CLE,27.0,27,5,676,131,270,0.485,60,141,0.426,64,78,0.821,17,96,113,35,19,8,23,67,386
De'Andre Hunter,1629631,2024-25,00,0,TOT,27.0,64,9,1740,358,762,0.47,157,388,0.405,215,254,0.846,44,214,258,92,50,13,82,155,1088
De'Anthony Melton,1629001,2020-21,00,1610612763,MEM,23.0,52,1,1045,172,393,0.438,87,211,0.412,41,51,0.804,30,131,161,132,60,31,66,85,472
De'Anthony Melton,1629001,2021-22,00,1610612763,MEM,24.0,73,15,1657,281,695,0.404,139,372,0.374,90,120,0.75,64,264,328,194,104,39,112,128,791
De'Anthony Melton,1629001,2022-23,00,1610612755,PHI,25.0,77,58,2150,277,651,0.425,157,403,0.39,69,87,0.793,69,243,312,197,126,41,102,191,780
De'Anthony Melton,1629001,2023-24,00,1610612755,PHI,26.0,38,33,1023,139,360,0.386,77,214,0.36,66,79,0.835,28,113,141,114,60,16,39,84,421
De'Anthony Melton,1629001,2024-25,00,1610612744,GSW,27.0,6,2,121,22,54,0.407,13,35,0.371,5,8,0.625,6,14,20,17,7,2,10,18,62
DeAndre Jordan,201599,2020-21,00,1610612751,BKN,32.0,57,43,1246,190,249,0.763,0,1,0.0,46,92,0.5,117,310,427,93,17,65,85,116,426
DeAndre Jordan,201599,2021-22,00,1610612747,LAL,33.0,32,19,408,60,89,0.674,0,0,0.0,12,26,0.462,51,121,172,13,10,26,21,50,132
DeAndre Jordan,201599,2021-22,00,1610612755,PHI,33.0,16,1,214,32,54,0.593,0,0,0.0,10,14,0.714,32,60,92,8,2,9,16,21,74
DeAndre Jordan,201599,2021-22,00,0,TOT,33.0,48,20,622,92,143,0.643,0,0,0.0,22,40,0.55,83,181,264,21,12,35,37,71,206
DeAndre Jordan,201599,2022-23,00,1610612743,DEN,34.0,39,8,586,88,115,0.765,1,1,1.0,22,48,0.458,52,150,202,34,12,23,48,71,199
DeAndre Jordan,201599,2023-24,00,1610612743,DEN,35.0,36,2,396,58,93,0.624,0,0,0.0,26,53,0.491,54,103,157,26,6,16,23,56,142
DeAndre Jordan,201599,2024-25,00,1610612743,DEN,36.0,56,5,691,91,140,0.65,0,0,0.0,27,64,0.422,84,200,284,53,16,27,40,74,209
DeAndre' Bembry,1627761,2020-21,00,1610612761,TOR,26.0,51,12,972,117,228,0.513,14,53,0.264,45,66,0.682,33,113,146,107,53,18,71,87,293
DeAndre' Bembry,1627761,2021-22,00,1610612751,BKN,27.0,48,20,949,121,213,0.568,15,36,0.417,21,35,0.6,38,114,152,60,47,25,30,104,278
DeAndre' Bembry,1627761,2021-22,00,1610612749,MIL,27.0,8,0,77,3,8,0.375,0,0,0.0,0,0,0.0,4,7,11,6,2,0,1,9,6
DeAndre' Bembry,1627761,2021-22,00,0,TOT,27.0,56,20,1026,124,221,0.561,15,36,0.417,21,35,0.6,42,121,163,66,49,25,31,113,284
DeMar DeRozan,201942,2020-21,00,1610612759,SAS,31.0,61,61,2056,455,920,0.495,19,74,0.257,387,440,0.88,40,219,259,422,56,15,119,128,1316
DeMar DeRozan,201942,2021-22,00,1610612741,CHI,32.0,76,76,2743,774,1535,0.504,50,142,0.352,520,593,0.877,56,336,392,374,68,24,181,178,2118
DeMar DeRozan,201942,2022-23,00,1610612741,CHI,33.0,74,74,2682,657,1303,0.504,46,142,0.324,456,523,0.872,34,309,343,377,83,36,153,186,1816
DeMar DeRozan,201942,2023-24,00,1610612741,CHI,34.0,79,79,2989,650,1355,0.48,75,225,0.333,522,612,0.853,43,297,340,421,90,45,135,161,1897
DeMar DeRozan,201942,2024-25,00,1610612758,SAC,35.0,77,77,2768,624,1308,0.477,84,256,0.328,378,441,0.857,50,248,298,342,62,32,105,150,1710
DeMarcus Cousins,202326,2020-21,00,1610612745,HOU,30.0,25,11,506,79,210,0.376,39,116,0.336,44,59,0.746,30,161,191,60,21,18,39,74,241
DeMarcus Cousins,202326,2020-21,00,1610612746,LAC,30.0,16,0,207,51,95,0.537,8,19,0.421,15,22,0.682,23,49,72,16,13,6,25,33,125
DeMarcus Cousins,202326,2020-21,00,0,TOT,30.0,41,11,713,130,305,0.426,47,135,0.348,59,81,0.728,53,210,263,76,34,24,64,107,366
DeMarcus Cousins,202326,2021-22,00,1610612749,MIL,31.0,17,5,287,55,118,0.466,13,48,0.271,31,38,0.816,24,74,98,18,16,8,16,46,154
DeMarcus Cousins,202326,2021-22,00,1610612743,DEN,31.0,31,2,431,94,206,0.456,24,74,0.324,64,87,0.736,50,122,172,53,19,13,69,93,276
DeMarcus Cousins,202326,2021-22,00,0,TOT,31.0,48,7,717,149,324,0.46,37,122,0.303,95,125,0.76,74,196,270,71,35,21,85,139,430
Dean Wade,1629731,2020-21,00,1610612739,CLE,24.0,63,19,1212,134,311,0.431,78,213,0.366,30,39,0.769,38,177,215,74,35,21,30,78,376
Dean Wade,1629731,2021-22,00,1610612739,CLE,25.0,51,28,980,99,217,0.456,51,142,0.359,20,30,0.667,31,119,150,52,29,7,16,88,269
Dean Wade,1629731,2022-23,00,1610612739,CLE,26.0,44,13,892,73,177,0.412,45,127,0.354,15,23,0.652,20,130,150,37,28,21,17,89,206
Dean Wade,1629731,2023-24,00,1610612739,CLE,27.0,54,32,1108,96,232,0.414,79,202,0.391,20,26,0.769,37,181,218,43,40,25,20,93,291
Dean Wade,1629731,2024-25,00,1610612739,CLE,28.0,59,30,1253,112,271,0.413,80,222,0.36,16,30,0.533,51,198,249,76,42,20,22,101,320
Deandre Ayton,1629028,2020-21,00,1610612756,PHX,22.0,69,69,2115,430,687,0.626,4,20,0.2,133,173,0.769,228,499,727,99,41,81,103,196,997
Deandre Ayton,1629028,2021-22,00,1610612756,PHX,23.0,58,58,1713,442,697,0.634,7,19,0.368,106,142,0.746,149,444,593,84,40,40,91,142,997
Deandre Ayton,1629028,2022-23,00,1610612756,PHX,24.0,67,67,2035,522,887,0.589,7,24,0.292,152,200,0.76,172,495,667,115,37,53,120,190,1203
Deandre Ayton,1629028,2023-24,00,1610612757,POR,25.0,55,55,1783,427,749,0.57,1,10,0.1,65,79,0.823,176,433,609,90,56,42,99,109,920
Deandre Ayton,1629028,2024-25,00,1610612757,POR,26.0,40,40,1206,265,468,0.566,6,32,0.188,40,60,0.667,124,282,406,64,31,39,69,88,576
Dejounte Murray,1627749,2020-21,00,1610612759,SAS,24.0,67,67,2139,441,974,0.453,63,199,0.317,106,134,0.791,58,415,473,363,101,7,117,135,1051
Dejounte Murray,1627749,2021-22,00,1610612759,SAS,25.0,68,68,2366,573,1241,0.462,96,294,0.327,196,247,0.794,80,483,563,627,138,23,180,138,1438
Dejounte Murray,1627749,2022-23,00,1610612737,ATL,26.0,74,74,2693,612,1319,0.464,133,387,0.344,158,190,0.832,53,336,389,448,112,19,160,106,1515
Dejounte Murray,1627749,2023-24,00,1610612737,ATL,27.0,78,78,2783,672,1463,0.459,201,554,0.363,208,262,0.794,62,354,416,502,111,24,201,138,1753
Dejounte Murray,1627749,2024-25,00,1610612740,NOP,28.0,31,31,1012,194,494,0.393,52,174,0.299,102,124,0.823,17,183,200,228,63,12,106,61,542
Delon Wright,1626153,2020-21,00,1610612765,DET,29.0,36,31,1052,136,293,0.464,31,89,0.348,71,90,0.789,37,127,164,181,58,19,48,45,374
Delon Wright,1626153,2020-21,00,1610612758,SAC,29.0,27,8,696,104,225,0.462,33,83,0.398,30,36,0.833,28,77,105,97,43,11,35,30,271
Delon Wright,1626153,2020-21,00,0,TOT,29.0,63,39,1748,240,518,0.463,64,172,0.372,101,126,0.802,65,204,269,278,101,30,83,75,645
Delon Wright,1626153,2021-22,00,1610612737,ATL,30.0,77,8,1453,122,269,0.454,44,116,0.379,54,63,0.857,50,170,220,188,93,19,45,56,342
Delon Wright,1626153,2022-23,00,1610612764,WAS,31.0,50,14,1221,138,291,0.474,41,119,0.345,52,60,0.867,58,122,180,194,92,17,44,59,369
Delon Wright,1626153,2023-24,00,1610612764,WAS,32.0,33,0,456,48,122,0.393,14,38,0.368,24,29,0.828,13,46,59,82,35,8,11,22,134
Delon Wright,1626153,2023-24,00,1610612748,MIA,32.0,14,1,286,26,66,0.394,11,30,0.367,13,16,0.813,6,21,27,37,19,3,3,10,76
Delon Wright,1626153,2023-24,00,0,TOT,32.0,47,1,742,74,188,0.394,25,68,0.368,37,45,0.822,19,67,86,119,54,11,14,32,210
Delon Wright,1626153,2024-25,00,1610612749,MIL,33.0,26,2,405,22,82,0.268,12,49,0.245,9,16,0.563,15,31,46,48,23,9,14,17,65
Delon Wright,1626153,2024-25,00,1610612752,NYK,33.0,14,5,230,23,49,0.469,8,24,0.333,6,9,0.667,12,8,20,29,12,3,8,8,60
Delon Wright,1626153,2024-25,00,0,TOT,33.0,40,7,635,45,131,0.344,20,73,0.274,15,25,0.6,27,39,66,77,35,12,22,25,125
Deni Avdija,1630166,2020-21,00,1610612764,WAS,20.0,54,32,1257,130,312,0.417,53,168,0.315,29,45,0.644,22,240,262,63,32,15,33,140,342
Deni Avdija,1630166,2021-22,00,1610612764,WAS,21.0,82,8,1984,250,579,0.432,82,259,0.317,103,136,0.757,52,373,425,167,59,44,87,190,685
Deni Avdija,1630166,2022-23,00,1610612764,WAS,22.0,76,40,2020,253,579,0.437,69,232,0.297,122,165,0.739,74,413,487,211,65,29,123,209,697
Deni Avdija,1630166,2023-24,00,1610612764,WAS,23.0,75,75,2257,406,803,0.506,88,235,0.374,202,273,0.74,84,456,540,286,60,36,160,185,1102
Deni Avdija,1630166,2024-25,00,1610612757,POR,24.0,72,54,2161,402,844,0.476,125,342,0.365,290,372,0.78,110,412,522,281,71,35,196,171,1219
Dennis Schröder,203471,2020-21,00,1610612747,LAL,27.0,61,61,1956,332,760,0.437,71,212,0.335,206,243,0.848,30,181,211,351,70,13,163,159,941
Dennis Schröder,203471,2021-22,00,1610612738,BOS,28.0,49,25,1433,257,584,0.44,67,192,0.349,123,145,0.848,28,136,164,208,41,5,104,116,704
Dennis Schröder,203471,2021-22,00,1610612745,HOU,28.0,15,4,404,55,140,0.393,19,58,0.328,34,39,0.872,6,44,50,88,12,3,39,38,163
Dennis Schröder,203471,2021-22,00,0,TOT,28.0,64,29,1838,312,724,0.431,86,250,0.344,157,184,0.853,34,180,214,296,53,8,143,154,867
Dennis Schröder,203471,2022-23,00,1610612747,LAL,29.0,67,50,1986,270,650,0.415,74,225,0.329,216,252,0.857,21,144,165,298,50,10,112,145,830
Dennis Schröder,203471,2023-24,00,1610612761,TOR,30.0,51,33,1559,247,559,0.442,77,220,0.35,127,149,0.852,22,118,140,313,46,8,83,105,698
Dennis Schröder,203471,2023-24,00,1610612751,BKN,30.0,29,25,927,156,368,0.424,61,148,0.412,51,64,0.797,17,85,102,175,17,9,70,59,424
Dennis Schröder,203471,2023-24,00,0,TOT,30.0,80,58,2486,403,927,0.435,138,368,0.375,178,213,0.836,39,203,242,488,63,17,153,164,1122
Dennis Schröder,203471,2024-25,00,1610612751,BKN,31.0,23,23,772,147,325,0.452,58,150,0.387,72,81,0.889,4,64,68,152,26,4,59,56,424
Dennis Schröder,203471,2024-25,00,1610612744,GSW,31.0,24,18,628,94,251,0.375,37,115,0.322,29,39,0.744,10,46,56,105,25,3,48,67,254
Dennis Schröder,203471,2024-25,00,1610612765,DET,31.0,28,8,705,95,251,0.378,32,106,0.302,80,96,0.833,13,61,74,147,15,5,35,57,302
Dennis Schröder,203471,2024-25,00,0,TOT,31.0,75,49,2105,336,827,0.406,127,371,0.342,181,216,0.838,27,171,198,404,66,12,142,180,980
Dennis Smith Jr.,1628372,2020-21,00,1610612752,NYK,23.0,3,0,28,2,10,0.2,0,4,0.0,5,6,0.833,0,2,2,3,3,0,1,4,9
Dennis Smith Jr.,1628372,2020-21,00,1610612765,DET,23.0,20,9,392,56,135,0.415,19,54,0.352,14,20,0.7,12,41,53,74,20,14,25,33,145
Dennis Smith Jr.,1628372,2020-21,00,0,TOT,23.0,23,9,420,58,145,0.4,19,58,0.328,19,26,0.731,12,43,55,77,23,14,26,37,154
Dennis Smith Jr.,1628372,2021-22,00,1610612757,POR,24.0,37,4,639,79,189,0.418,6,27,0.222,42,64,0.656,20,68,88,132,45,12,51,52,206
Dennis Smith Jr.,1628372,2022-23,00,1610612766,CHA,25.0,54,15,1390,186,452,0.412,24,111,0.216,78,106,0.736,27,140,167,261,75,25,82,122,474
Dennis Smith Jr.,1628372,2023-24,00,1610612751,BKN,26.0,56,2,1059,147,338,0.435,32,109,0.294,43,58,0.741,50,114,164,203,68,12,68,121,369
Denzel Valentine,1627756,2020-21,00,1610612741,CHI,27.0,62,3,1036,155,416,0.373,80,242,0.331,16,17,0.941,24,173,197,105,30,7,42,70,406
Denzel Valentine,1627756,2021-22,00,1610612739,CLE,28.0,22,0,204,23,62,0.371,18,44,0.409,0,0,0.0,9,29,38,11,7,0,10,17,64
Denzel Valentine,1627756,2021-22,00,1610612762,UTA,28.0,2,0,18,2,4,0.5,1,3,0.333,0,0,0.0,0,4,4,0,1,0,2,3,5
Denzel Valentine,1627756,2021-22,00,0,TOT,28.0,24,0,222,25,66,0.379,19,47,0.404,0,0,0.0,9,33,42,11,8,0,12,20,69
Derrick Favors,202324,2020-21,00,1610612762,UTA,29.0,68,0,1039,155,243,0.638,0,2,0.0,59,80,0.738,138,238,376,44,32,68,36,143,369
Derrick Favors,202324,2021-22,00,1610612760,OKC,30.0,39,18,652,94,182,0.516,2,16,0.125,16,25,0.64,58,126,184,25,17,12,9,62,206
Derrick Jones Jr.,1627884,2020-21,00,1610612757,POR,24.0,58,43,1318,147,304,0.484,43,136,0.316,59,91,0.648,77,128,205,47,37,54,32,127,396
Derrick Jones Jr.,1627884,2021-22,00,1610612741,CHI,25.0,51,8,899,105,195,0.538,20,61,0.328,56,70,0.8,60,109,169,30,25,33,30,105,286
Derrick Jones Jr.,1627884,2022-23,00,1610612741,CHI,26.0,64,0,893,115,230,0.5,27,80,0.338,62,84,0.738,60,93,153,34,29,37,25,86,319
Derrick Jones Jr.,1627884,2023-24,00,1610612742,DAL,27.0,76,66,1783,239,495,0.483,82,239,0.343,97,136,0.713,82,168,250,75,53,51,65,121,657
Derrick Jones Jr.,1627884,2024-25,00,1610612746,LAC,28.0,77,55,1873,310,589,0.526,78,219,0.356,83,118,0.703,93,170,263,60,79,33,66,153,781
Derrick Rose,201565,2020-21,00,1610612765,DET,32.0,15,0,342,79,184,0.429,13,39,0.333,42,50,0.84,6,23,29,63,18,4,29,17,213
Derrick Rose,201565,2020-21,00,1610612752,NYK,32.0,35,3,937,208,427,0.487,37,90,0.411,68,77,0.883,14,87,101,146,31,15,49,39,521
Derrick Rose,201565,2020-21,00,0,TOT,32.0,50,3,1279,287,611,0.47,50,129,0.388,110,127,0.866,20,110,130,209,49,19,78,56,734
Derrick Rose,201565,2021-22,00,1610612752,NYK,33.0,26,4,636,122,274,0.445,37,92,0.402,30,31,0.968,21,57,78,103,22,12,39,15,311
Derrick Rose,201565,2022-23,00,1610612752,NYK,34.0,27,0,338,61,159,0.384,19,63,0.302,11,12,0.917,8,32,40,46,7,5,22,18,152
Derrick Rose,201565,2023-24,00,1610612763,MEM,35.0,24,7,399,76,165,0.461,15,41,0.366,24,27,0.889,7,38,45,78,8,2,31,21,191
Derrick White,1628401,2020-21,00,1610612759,SAS,26.0,36,32,1064,186,453,0.411,84,243,0.346,97,114,0.851,13,94,107,127,26,36,45,91,553
Derrick White,1628401,2021-22,00,1610612759,SAS,27.0,49,48,1486,243,570,0.426,81,258,0.314,139,160,0.869,25,148,173,274,49,42,87,116,706
Derrick White,1628401,2021-22,00,1610612738,BOS,27.0,26,4,713,94,230,0.409,34,111,0.306,64,75,0.853,13,75,88,92,15,16,32,56,286
Derrick White,1628401,2021-22,00,0,TOT,27.0,75,52,2199,337,800,0.421,115,369,0.312,203,235,0.864,38,223,261,366,64,58,119,172,992
Derrick White,1628401,2022-23,00,1610612738,BOS,28.0,82,70,2319,350,758,0.462,149,391,0.381,168,192,0.875,52,241,293,321,54,76,95,177,1017
Derrick White,1628401,2023-24,00,1610612738,BOS,29.0,73,73,2381,387,839,0.461,196,495,0.396,137,152,0.901,51,259,310,377,74,87,112,152,1107
Derrick White,1628401,2024-25,00,1610612738,BOS,30.0,76,76,2574,424,959,0.442,265,691,0.384,135,161,0.839,67,274,341,361,72,80,131,138,1248
Desmond Bane,1630217,2020-21,00,1610612763,MEM,23.0,68,17,1519,234,499,0.469,117,271,0.432,40,49,0.816,31,179,210,118,41,16,59,125,625
Desmond Bane,1630217,2021-22,00,1610612763,MEM,24.0,76,76,2266,508,1101,0.461,228,523,0.436,140,155,0.903,46,288,334,208,92,29,111,196,1384
Desmond Bane,1630217,2022-23,00,1610612763,MEM,25.0,58,58,1841,450,939,0.479,166,407,0.408,181,205,0.883,43,248,291,254,56,22,126,150,1247
Desmond Bane,1630217,2023-24,00,1610612763,MEM,26.0,42,42,1443,360,776,0.464,137,360,0.381,140,161,0.87,36,149,185,230,43,22,112,120,997
Desmond Bane,1630217,2024-25,00,1610612763,MEM,27.0,69,68,2205,493,1018,0.484,164,418,0.392,177,198,0.894,62,356,418,369,80,28,169,164,1327
Devin Booker,1626164,2020-21,00,1610612756,PHX,24.0,67,67,2270,623,1287,0.484,126,371,0.34,340,392,0.867,34,247,281,289,53,16,207,181,1712
Devin Booker,1626164,2021-22,00,1610612756,PHX,25.0,68,68,2345,662,1421,0.466,183,478,0.383,315,363,0.868,45,297,342,329,77,26,162,180,1822
Devin Booker,1626164,2022-23,00,1610612756,PHX,26.0,53,53,1835,527,1067,0.494,111,316,0.351,306,358,0.855,46,194,240,293,51,18,145,159,1471
Devin Booker,1626164,2023-24,00,1610612756,PHX,27.0,68,68,2447,642,1305,0.492,152,418,0.364,405,457,0.886,56,252,308,472,61,28,178,206,1841
Devin Booker,1626164,2024-25,00,1610612756,PHX,28.0,75,75,2795,654,1420,0.461,183,551,0.332,432,483,0.894,76,229,305,529,67,16,220,198,1923
Devin Cannady,1629962,2021-22,00,1610612753,ORL,26.0,5,0,145,15,44,0.341,15,37,0.405,5,7,0.714,1,5,6,10,5,3,5,9,50
Devin Vassell,1630170,2020-21,00,1610612759,SAS,20.0,62,7,1056,123,303,0.406,52,150,0.347,43,51,0.843,24,150,174,56,43,18,22,88,341
Devin Vassell,1630170,2021-22,00,1610612759,SAS,21.0,71,32,1937,326,764,0.427,137,380,0.361,83,99,0.838,44,262,306,136,76,41,58,143,872
Devin Vassell,1630170,2022-23,00,1610612759,SAS,22.0,38,32,1178,261,595,0.439,103,266,0.387,78,100,0.78,8,140,148,136,43,17,57,57,703
Devin Vassell,1630170,2023-24,00,1610612759,SAS,23.0,68,62,2248,498,1056,0.472,166,446,0.372,161,201,0.801,27,234,261,277,73,23,108,74,1323
Devin Vassell,1630170,2024-25,00,1610612759,SAS,24.0,64,53,1983,394,889,0.443,158,429,0.368,95,120,0.792,34,221,255,183,84,33,88,108,1041
Devonte' Graham,1628984,2020-21,00,1610612766,CHA,26.0,55,44,1659,252,669,0.377,179,477,0.375,133,158,0.842,22,126,148,295,48,6,84,77,816
Devonte' Graham,1628984,2021-22,00,1610612740,NOP,27.0,76,63,2162,296,815,0.363,192,563,0.341,118,140,0.843,37,140,177,316,71,12,105,95,902
Devonte' Graham,1628984,2022-23,00,1610612740,NOP,28.0,53,0,811,85,231,0.368,66,190,0.347,44,59,0.746,12,60,72,116,30,10,27,48,280
Devonte' Graham,1628984,2022-23,00,1610612759,SAS,28.0,20,8,527,76,200,0.38,53,148,0.358,54,72,0.75,7,43,50,80,15,6,26,31,259
Devonte' Graham,1628984,2022-23,00,0,TOT,28.0,73,8,1338,161,431,0.374,119,338,0.352,98,131,0.748,19,103,122,196,45,16,53,79,539
Devonte' Graham,1628984,2023-24,00,1610612759,SAS,29.0,23,0,313,38,108,0.352,25,83,0.301,13,16,0.813,5,31,36,49,9,2,17,14,114
Dewayne Dedmon,203473,2020-21,00,1610612748,MIA,31.0,16,0,210,46,65,0.708,1,5,0.2,20,27,0.741,28,58,86,12,9,6,13,36,113
Dewayne Dedmon,203473,2021-22,00,1610612748,MIA,32.0,67,15,1065,164,290,0.566,19,47,0.404,75,100,0.75,105,281,386,47,24,42,70,174,422
Dewayne Dedmon,203473,2022-23,00,1610612748,MIA,33.0,30,0,350,64,129,0.496,11,37,0.297,32,44,0.727,28,81,109,16,7,14,19,61,171
Dewayne Dedmon,203473,2022-23,00,1610612755,PHI,33.0,8,1,76,13,22,0.591,1,2,0.5,1,5,0.2,6,19,25,10,2,5,6,14,28
Dewayne Dedmon,203473,2022-23,00,0,TOT,33.0,38,1,426,77,151,0.51,12,39,0.308,33,49,0.673,34,100,134,26,9,19,25,75,199
Dillon Brooks,1628415,2020-21,00,1610612763,MEM,25.0,67,67,1997,432,1031,0.419,128,372,0.344,159,195,0.815,53,143,196,157,78,26,119,237,1151
Dillon Brooks,1628415,2021-22,00,1610612763,MEM,26.0,32,31,885,227,526,0.432,46,149,0.309,90,106,0.849,29,73,102,88,36,8,50,105,590
Dillon Brooks,1628415,2022-23,00,1610612763,MEM,27.0,73,73,2214,392,991,0.396,143,439,0.326,120,154,0.779,45,199,244,189,65,16,104,240,1047
Dillon Brooks,1628415,2023-24,00,1610612745,HOU,28.0,72,72,2227,329,768,0.428,133,370,0.359,124,147,0.844,53,193,246,119,64,10,88,241,915
Dillon Brooks,1628415,2024-25,00,1610612745,HOU,29.0,75,75,2388,384,895,0.429,186,469,0.397,99,121,0.818,75,200,275,128,60,16,76,242,1053
Domantas Sabonis,1627734,2020-21,00,1610612754,IND,25.0,62,62,2231,484,904,0.535,52,162,0.321,240,328,0.732,150,592,742,415,76,33,213,203,1260
Domantas Sabonis,1627734,2021-22,00,1610612754,IND,26.0,47,46,1632,331,571,0.58,35,108,0.324,191,258,0.74,155,412,567,236,46,22,143,146,888
Domantas Sabonis,1627734,2021-22,00,1610612758,SAC,26.0,15,15,504,112,202,0.554,4,17,0.235,55,74,0.743,46,139,185,87,13,5,52,57,283
Domantas Sabonis,1627734,2021-22,00,0,TOT,26.0,62,61,2136,443,773,0.573,39,125,0.312,246,332,0.741,201,551,752,323,59,27,195,203,1171
Domantas Sabonis,1627734,2022-23,00,1610612758,SAC,27.0,79,79,2736,577,938,0.615,31,83,0.373,325,438,0.742,251,722,973,573,65,39,230,279,1510
Domantas Sabonis,1627734,2023-24,00,1610612758,SAC,28.0,82,82,2928,634,1068,0.594,33,87,0.379,292,415,0.704,294,826,1120,673,74,48,272,250,1593
Domantas Sabonis,1627734,2024-25,00,1610612758,SAC,29.0,70,70,2429,527,893,0.59,65,156,0.417,218,289,0.754,267,705,972,423,48,26,202,229,1337
Dominick Barlow,1631230,2022-23,00,1610612759,SAS,20.0,28,0,408,46,86,0.535,0,4,0.0,18,25,0.72,46,56,102,24,10,19,15,56,110
Dominick Barlow,1631230,2023-24,00,1610612759,SAS,21.0,33,1,420,56,113,0.496,3,9,0.333,29,42,0.69,45,68,113,36,12,14,9,47,144
Dominick Barlow,1631230,2024-25,00,1610612737,ATL,22.0,35,4,375,60,113,0.531,7,27,0.259,21,33,0.636,35,50,85,19,9,16,5,47,148
Donovan Mitchell,1628378,2020-21,00,1610612762,UTA,24.0,53,53,1771,478,1091,0.438,178,461,0.386,267,316,0.845,50,185,235,277,52,15,147,117,1401
Donovan Mitchell,1628378,2021-22,00,1610612762,UTA,25.0,67,67,2266,617,1376,0.448,232,654,0.355,267,313,0.853,55,227,282,358,99,12,200,164,1733
Donovan Mitchell,1628378,2022-23,00,1610612739,CLE,26.0,68,68,2432,679,1402,0.484,245,635,0.386,319,368,0.867,63,226,289,301,99,27,180,168,1922
Donovan Mitchell,1628378,2023-24,00,1610612739,CLE,27.0,55,55,1943,503,1089,0.462,182,494,0.368,275,318,0.865,46,234,280,333,101,30,154,118,1463
Donovan Mitchell,1628378,2024-25,00,1610612739,CLE,28.0,71,71,2232,585,1320,0.443,233,633,0.368,298,362,0.823,57,265,322,354,95,17,149,140,1701
Donta Hall,1629743,2020-21,00,1610612753,ORL,23.0,13,0,179,25,35,0.714,0,0,0.0,23,34,0.676,24,38,62,11,5,10,8,18,73
Donte DiVincenzo,1628978,2020-21,00,1610612749,MIL,24.0,66,66,1815,253,603,0.42,131,346,0.379,51,71,0.718,81,299,380,203,72,15,91,112,688
Donte DiVincenzo,1628978,2021-22,00,1610612749,MIL,25.0,17,0,341,39,118,0.331,21,74,0.284,23,27,0.852,18,42,60,29,11,3,28,26,122
Donte DiVincenzo,1628978,2021-22,00,1610612758,SAC,25.0,25,1,665,79,218,0.362,53,144,0.368,47,56,0.839,22,88,110,89,37,5,44,43,258
Donte DiVincenzo,1628978,2021-22,00,0,TOT,25.0,42,1,1005,118,336,0.351,74,218,0.339,70,83,0.843,40,130,170,118,48,8,72,69,380
Donte DiVincenzo,1628978,2022-23,00,1610612744,GSW,26.0,72,36,1894,235,540,0.435,150,378,0.397,58,71,0.817,80,245,325,252,97,10,112,133,678
Donte DiVincenzo,1628978,2023-24,00,1610612752,NYK,27.0,81,63,2360,445,1004,0.443,283,705,0.401,86,114,0.754,63,234,297,216,107,36,113,166,1259
Donte DiVincenzo,1628978,2024-25,00,1610612750,MIN,28.0,62,10,1606,250,593,0.422,174,438,0.397,49,63,0.778,32,196,228,225,73,17,99,114,723
Dorian Finney-Smith,1627827,2020-21,00,1610612742,DAL,28.0,60,60,1921,220,466,0.472,119,302,0.394,31,41,0.756,98,228,326,102,52,25,48,138,590
Dorian Finney-Smith,1627827,2021-22,00,1610612742,DAL,29.0,80,80,2644,326,692,0.471,172,435,0.395,56,83,0.675,122,253,375,150,88,39,80,183,880
Dorian Finney-Smith,1627827,2022-23,00,1610612742,DAL,30.0,40,40,1288,129,310,0.416,77,217,0.355,30,40,0.75,67,121,188,59,38,20,36,80,365
Dorian Finney-Smith,1627827,2022-23,00,1610612751,BKN,30.0,26,26,721,67,191,0.351,37,121,0.306,15,19,0.789,47,81,128,41,17,16,26,64,186
Dorian Finney-Smith,1627827,2022-23,00,0,TOT,30.0,66,66,2009,196,501,0.391,114,338,0.337,45,59,0.763,114,202,316,100,55,36,62,144,551
Dorian Finney-Smith,1627827,2023-24,00,1610612751,BKN,31.0,68,56,1935,215,511,0.421,117,336,0.348,33,46,0.717,109,208,317,107,56,38,59,150,580
Dorian Finney-Smith,1627827,2024-25,00,1610612751,BKN,32.0,20,20,579,73,159,0.459,47,108,0.435,15,24,0.625,31,60,91,31,18,12,18,54,208
Dorian Finney-Smith,1627827,2024-25,00,1610612747,LAL,32.0,43,20,1239,122,276,0.442,82,206,0.398,15,21,0.714,49,107,156,59,40,11,38,82,341
Dorian Finney-Smith,1627827,2024-25,00,0,TOT,32.0,63,40,1819,195,435,0.448,129,314,0.411,30,45,0.667,80,167,247,90,58,23,56,136,549
Doug McDermott,203926,2020-21,00,1610612754,IND,29.0,66,29,1619,354,665,0.532,111,286,0.388,80,98,0.816,60,161,221,85,20,6,53,117,899
Doug McDermott,203926,2021-22,00,1610612759,SAS,30.0,51,51,1223,215,465,0.462,108,256,0.422,40,51,0.784,18,97,115,64,13,6,43,79,578
Doug McDermott,203926,2022-23,00,1610612759,SAS,31.0,64,0,1314,239,523,0.457,123,298,0.413,53,70,0.757,23,115,138,91,13,6,58,118,654
Doug McDermott,203926,2023-24,00,1610612759,SAS,32.0,46,0,700,95,215,0.442,76,173,0.439,10,17,0.588,8,40,48,57,11,2,24,48,276
Doug McDermott,203926,2023-24,00,1610612754,IND,32.0,18,0,204,28,69,0.406,18,56,0.321,1,2,0.5,2,9,11,13,5,0,4,16,75
Doug McDermott,203926,2023-24,00,0,TOT,32.0,64,0,904,123,284,0.433,94,229,0.41,11,19,0.579,10,49,59,70,16,2,28,64,351
Doug McDermott,203926,2024-25,00,1610612758,SAC,33.0,42,3,342,50,117,0.427,44,101,0.436,3,5,0.6,3,19,22,7,4,2,6,30,147
Draymond Green,203110,2020-21,00,1610612744,GSW,31.0,63,63,1982,170,380,0.447,34,126,0.27,70,88,0.795,55,393,448,558,105,52,188,194,444
Draymond Green,203110,2021-22,00,1610612744,GSW,32.0,46,44,1329,135,257,0.525,16,54,0.296,60,91,0.659,45,291,336,320,61,50,139,136,346
Draymond Green,203110,2022-23,00,1610612744,GSW,33.0,73,73,2298,250,474,0.527,40,131,0.305,77,108,0.713,66,459,525,500,74,60,204,229,617
Draymond Green,203110,2023-24,00,1610612744,GSW,34.0,55,52,1490,185,372,0.497,51,129,0.395,54,74,0.73,76,322,398,332,55,47,135,166,475
Draymond Green,203110,2024-25,00,1610612744,GSW,35.0,68,66,1983,216,509,0.424,80,246,0.325,101,147,0.687,74,340,414,383,99,70,174,219,613
Drew Eubanks,1629234,2020-21,00,1610612759,SAS,24.0,54,3,755,116,205,0.566,2,2,1.0,77,106,0.726,74,167,241,42,18,49,45,88,311
Drew Eubanks,1629234,2021-22,00,1610612759,SAS,25.0,49,9,595,84,159,0.528,1,8,0.125,59,79,0.747,64,132,196,50,13,30,46,61,228
Drew Eubanks,1629234,2021-22,00,1610612757,POR,25.0,22,22,650,137,212,0.646,4,15,0.267,40,51,0.784,66,120,186,35,18,10,35,61,318
Drew Eubanks,1629234,2021-22,00,0,TOT,25.0,71,31,1245,221,371,0.596,5,23,0.217,99,130,0.762,130,252,382,85,31,40,81,122,546
Drew Eubanks,1629234,2022-23,00,1610612757,POR,26.0,78,28,1584,214,334,0.641,7,18,0.389,83,125,0.664,132,286,418,103,40,102,67,169,518
Drew Eubanks,1629234,2023-24,00,1610612756,PHX,27.0,75,6,1169,152,253,0.601,3,3,1.0,72,93,0.774,103,219,322,63,27,61,61,115,379
Drew Eubanks,1629234,2024-25,00,1610612762,UTA,28.0,37,4,568,88,145,0.607,3,5,0.6,36,57,0.632,40,128,168,45,10,32,31,46,215
Drew Eubanks,1629234,2024-25,00,1610612746,LAC,28.0,24,0,178,27,49,0.551,0,1,0.0,11,14,0.786,20,38,58,9,2,7,10,17,65
Drew Eubanks,1629234,2024-25,00,0,TOT,28.0,61,4,746,115,194,0.593,3,6,0.5,47,71,0.662,60,166,226,54,12,39,41,63,280
Duane Washington Jr.,1630613,2021-22,00,1610612754,IND,22.0,48,7,968,173,427,0.405,81,215,0.377,46,61,0.754,4,79,83,85,26,3,57,66,473
Duane Washington Jr.,1630613,2022-23,00,1610612756,PHX,23.0,31,3,394,94,256,0.367,40,111,0.36,16,24,0.667,2,34,36,63,6,4,34,23,244
Duncan Robinson,1629130,2020-21,00,1610612748,MIA,27.0,72,72,2262,315,717,0.439,250,613,0.408,62,75,0.827,7,243,250,127,43,20,81,181,942
Duncan Robinson,1629130,2021-22,00,1610612748,MIA,28.0,79,68,2043,290,726,0.399,232,624,0.372,51,61,0.836,24,179,203,129,42,14,60,201,863
Duncan Robinson,1629130,2022-23,00,1610612748,MIA,29.0,42,1,690,88,237,0.371,63,192,0.328,29,32,0.906,8,61,69,46,14,0,28,77,268
Duncan Robinson,1629130,2023-24,00,1610612748,MIA,30.0,68,36,1906,304,675,0.45,187,473,0.395,80,90,0.889,15,158,173,192,46,16,95,163,875
Duncan Robinson,1629130,2024-25,00,1610612748,MIA,31.0,74,37,1786,290,663,0.437,190,483,0.393,47,53,0.887,18,149,167,176,40,6,86,135,817
Dwayne Bacon,1628407,2020-21,00,1610612753,ORL,25.0,72,50,1853,292,726,0.402,59,207,0.285,145,176,0.824,31,193,224,93,45,5,46,103,788
Dwight Howard,2730,2020-21,00,1610612755,PHI,35.0,69,6,1196,178,303,0.587,5,20,0.25,121,210,0.576,190,390,580,61,30,62,112,200,482
Dwight Howard,2730,2021-22,00,1610612747,LAL,36.0,60,27,971,134,219,0.612,8,15,0.533,96,146,0.658,118,238,356,35,34,36,47,115,372
Dwight Powell,203939,2020-21,00,1610612742,DAL,29.0,58,19,966,120,194,0.619,5,21,0.238,97,124,0.782,80,154,234,63,36,30,40,135,342
Dwight Powell,203939,2021-22,00,1610612742,DAL,30.0,82,71,1798,269,401,0.671,13,37,0.351,166,212,0.783,173,231,404,97,37,39,64,220,717
Dwight Powell,203939,2022-23,00,1610612742,DAL,31.0,76,64,1458,197,269,0.732,0,5,0.0,112,168,0.667,149,165,314,69,48,26,65,209,506
Dwight Powell,203939,2023-24,00,1610612742,DAL,32.0,63,9,836,72,106,0.679,1,3,0.333,63,89,0.708,97,117,214,84,26,20,32,113,208
Dwight Powell,203939,2024-25,00,1610612742,DAL,33.0,55,3,551,42,61,0.689,2,5,0.4,28,43,0.651,47,71,118,55,18,21,18,75,114
Dylan Windler,1629685,2020-21,00,1610612739,CLE,24.0,31,0,513,57,130,0.438,26,77,0.338,21,27,0.778,20,87,107,33,19,12,32,37,161
Dylan Windler,1629685,2021-22,00,1610612739,CLE,25.0,50,0,459,37,98,0.378,21,70,0.3,15,18,0.833,21,68,89,34,14,3,16,47,110
Dylan Windler,1629685,2022-23,00,1610612739,CLE,26.0,3,0,10,2,3,0.667,1,2,0.5,0,0,0.0,0,0,0,1,1,0,1,0,5
Dylan Windler,1629685,2023-24,00,1610612752,NYK,27.0,3,0,7,1,2,0.5,1,2,0.5,0,0,0.0,0,1,1,1,0,0,0,1,3
Dylan Windler,1629685,2023-24,00,1610612747,LAL,27.0,8,0,28,4,9,0.444,4,8,0.5,0,0,0.0,0,3,3,6,0,0,0,2,12
Dylan Windler,1629685,2023-24,00,1610612737,ATL,27.0,6,0,73,10,19,0.526,8,17,0.471,0,0,0.0,3,9,12,3,2,0,2,3,28
Dylan Windler,1629685,2023-24,00,0,TOT,27.0,17,0,108,15,30,0.5,13,27,0.481,0,0,0.0,3,13,16,10,2,0,2,6,43
Dyson Daniels,1630700,2022-23,00,1610612740,NOP,20.0,59,11,1042,87,208,0.418,27,86,0.314,26,40,0.65,36,152,188,134,43,11,57,99,227
Dyson Daniels,1630700,2023-24,00,1610612740,NOP,21.0,61,16,1359,139,311,0.447,42,135,0.311,34,53,0.642,62,174,236,164,85,25,59,101,354
Dyson Daniels,1630700,2024-25,00,1610612737,ATL,22.0,76,76,2571,455,923,0.493,80,235,0.34,83,140,0.593,124,325,449,333,229,55,155,175,1073
Dāvis Bertāns,202722,2020-21,00,1610612764,WAS,28.0,57,7,1464,193,478,0.404,169,428,0.395,100,115,0.87,18,150,168,49,33,13,33,136,655
Dāvis Bertāns,202722,2021-22,00,1610612764,WAS,29.0,34,0,501,60,171,0.351,46,144,0.319,28,30,0.933,6,55,61,16,11,6,14,55,194
Dāvis Bertāns,202722,2021-22,00,1610612742,DAL,29.0,22,0,306,39,104,0.375,31,86,0.36,8,10,0.8,6,50,56,15,6,6,5,30,117
Dāvis Bertāns,202722,2021-22,00,0,TOT,29.0,56,0,806,99,275,0.36,77,230,0.335,36,40,0.9,12,105,117,31,17,12,19,85,311
Dāvis Bertāns,202722,2022-23,00,1610612742,DAL,30.0,45,1,492,69,160,0.431,55,141,0.39,13,15,0.867,10,43,53,21,11,8,10,53,206
Dāvis Bertāns,202722,2023-24,00,1610612760,OKC,31.0,15,0,91,10,26,0.385,10,24,0.417,14,15,0.933,2,8,10,9,3,3,1,10,44
Dāvis Bertāns,202722,2023-24,00,1610612766,CHA,31.0,28,1,583,82,208,0.394,66,176,0.375,16,18,0.889,7,44,51,26,23,9,17,46,246
Dāvis Bertāns,202722,2023-24,00,0,TOT,31.0,43,1,674,92,234,0.393,76,200,0.38,30,33,0.909,9,52,61,35,26,12,18,56,290
E'Twaun Moore,202734,2020-21,00,1610612756,PHX,32.0,27,1,389,55,121,0.455,11,35,0.314,12,14,0.857,14,31,45,40,15,5,23,32,133
Edmond Sumner,1628410,2020-21,00,1610612754,IND,25.0,53,24,861,148,282,0.525,35,88,0.398,68,83,0.819,18,76,94,49,33,10,51,88,399
Edmond Sumner,1628410,2022-23,00,1610612751,BKN,27.0,53,12,736,124,269,0.461,31,87,0.356,99,108,0.917,13,66,79,68,31,10,50,83,378
Elfrid Payton,203901,2020-21,00,1610612752,NYK,27.0,63,63,1484,269,622,0.432,28,98,0.286,73,107,0.682,64,152,216,203,47,9,103,116,639
Elfrid Payton,203901,2021-22,00,1610612756,PHX,28.0,50,1,549,67,175,0.383,4,18,0.222,12,32,0.375,21,67,88,99,25,6,47,38,150
Elfrid Payton,203901,2024-25,00,1610612766,CHA,31.0,6,2,123,3,21,0.143,0,0,0.0,0,0,0.0,1,12,13,20,6,3,7,12,6
Elfrid Payton,203901,2024-25,00,1610612740,NOP,31.0,18,7,388,37,101,0.366,1,6,0.167,4,7,0.571,14,52,66,146,18,8,52,24,79
Elfrid Payton,203901,2024-25,00,0,TOT,31.0,24,9,511,40,122,0.328,1,6,0.167,4,7,0.571,15,64,79,166,24,11,59,36,85
Enes Freedom,202683,2020-21,00,1610612757,POR,29.0,72,35,1757,339,561,0.604,1,4,0.25,127,164,0.774,284,511,795,84,33,48,78,168,806
Enes Freedom,202683,2021-22,00,1610612738,BOS,30.0,35,1,411,51,97,0.526,2,5,0.4,24,28,0.857,61,99,160,8,5,14,20,42,128
Eric Bledsoe,202339,2020-21,00,1610612740,NOP,31.0,71,70,2112,307,730,0.421,121,355,0.341,134,195,0.687,29,215,244,268,55,24,114,112,869
Eric Bledsoe,202339,2021-22,00,1610612746,LAC,32.0,54,29,1361,197,468,0.421,51,163,0.313,89,117,0.761,28,154,182,225,69,19,116,85,534
Eric Gordon,201569,2020-21,00,1610612745,HOU,32.0,27,13,789,159,367,0.433,69,210,0.329,94,114,0.825,8,50,58,71,14,13,51,44,481
Eric Gordon,201569,2021-22,00,1610612745,HOU,33.0,57,46,1670,268,564,0.475,124,301,0.412,105,135,0.778,15,98,113,154,28,18,107,63,765
Eric Gordon,201569,2022-23,00,1610612745,HOU,34.0,47,47,1418,210,478,0.439,85,245,0.347,110,135,0.815,12,85,97,136,30,17,83,45,615
Eric Gordon,201569,2022-23,00,1610612746,LAC,34.0,22,11,547,81,175,0.463,47,111,0.423,32,38,0.842,4,33,37,47,13,8,21,33,241
Eric Gordon,201569,2022-23,00,0,TOT,34.0,69,58,1966,291,653,0.446,132,356,0.371,142,173,0.821,16,118,134,183,43,25,104,78,856
Eric Gordon,201569,2023-24,00,1610612756,PHX,35.0,68,24,1893,274,618,0.443,150,397,0.378,51,64,0.797,16,106,122,139,66,30,73,79,749
Eric Gordon,201569,2024-25,00,1610612755,PHI,36.0,39,13,769,87,204,0.426,56,137,0.409,36,48,0.75,8,38,46,65,26,12,28,32,266
Eric Paschall,1629672,2020-21,00,1610612744,GSW,24.0,40,2,695,148,298,0.497,18,54,0.333,67,94,0.713,28,100,128,51,12,7,43,68,381
Eric Paschall,1629672,2021-22,00,1610612762,UTA,25.0,58,3,737,114,235,0.485,40,108,0.37,66,86,0.767,30,76,106,36,9,5,27,51,334
Evan Fournier,203095,2020-21,00,1610612753,ORL,28.0,26,26,787,170,369,0.461,73,188,0.388,98,123,0.797,5,70,75,95,27,9,54,55,511
Evan Fournier,203095,2020-21,00,1610612738,BOS,28.0,16,10,472,77,172,0.448,44,95,0.463,10,14,0.714,5,48,53,49,20,10,19,41,208
Evan Fournier,203095,2020-21,00,0,TOT,28.0,42,36,1259,247,541,0.457,117,283,0.413,108,137,0.788,10,118,128,144,47,19,73,96,719
Evan Fournier,203095,2021-22,00,1610612752,NYK,29.0,80,80,2358,402,965,0.417,241,619,0.389,80,113,0.708,34,176,210,171,79,20,105,180,1125
Evan Fournier,203095,2022-23,00,1610612752,NYK,30.0,27,7,459,56,166,0.337,35,114,0.307,18,21,0.857,4,45,49,36,16,3,22,46,165
Evan Fournier,203095,2023-24,00,1610612752,NYK,31.0,3,0,39,4,20,0.2,2,15,0.133,2,2,1.0,0,4,4,3,4,0,1,4,12
Evan Fournier,203095,2023-24,00,1610612765,DET,31.0,29,0,541,75,201,0.373,31,115,0.27,27,34,0.794,5,49,54,45,25,7,20,44,208
Evan Fournier,203095,2023-24,00,0,TOT,31.0,32,0,580,79,221,0.357,33,130,0.254,29,36,0.806,5,53,58,48,29,7,21,48,220
Evan Mobley,1630596,2021-22,00,1610612739,CLE,21.0,69,69,2331,422,830,0.508,23,92,0.25,167,252,0.663,143,427,570,174,56,115,133,147,1034
Evan Mobley,1630596,2022-23,00,1610612739,CLE,22.0,79,79,2715,525,947,0.554,22,102,0.216,205,304,0.674,187,524,711,224,60,119,146,218,1277
Evan Mobley,1630596,2023-24,00,1610612739,CLE,23.0,50,50,1532,320,552,0.58,22,59,0.373,123,171,0.719,111,357,468,160,45,72,90,134,785
Evan Mobley,1630596,2024-25,00,1610612739,CLE,24.0,71,71,2167,505,906,0.557,85,230,0.37,221,305,0.725,164,495,659,226,61,113,145,141,1316
Facundo Campazzo,1630267,2020-21,00,1610612743,DEN,30.0,65,19,1425,120,315,0.381,76,216,0.352,80,91,0.879,22,112,134,232,79,14,73,132,396
Facundo Campazzo,1630267,2021-22,00,1610612743,DEN,31.0,65,4,1184,107,296,0.361,58,193,0.301,60,78,0.769,23,94,117,220,63,23,67,124,332
Facundo Campazzo,1630267,2022-23,00,1610612742,DAL,32.0,8,0,52,3,13,0.231,3,11,0.273,1,2,0.5,0,2,2,9,6,0,3,3,10
Frank Jackson,1628402,2020-21,00,1610612765,DET,23.0,40,6,738,134,293,0.457,61,150,0.407,61,75,0.813,15,71,86,36,15,1,34,53,390
Frank Jackson,1628402,2021-22,00,1610612765,DET,24.0,53,7,1164,194,483,0.402,86,279,0.308,86,104,0.827,19,68,87,55,27,9,38,89,560
Frank Jackson,1628402,2022-23,00,1610612762,UTA,25.0,1,0,5,0,3,0.0,0,1,0.0,0,0,0.0,1,1,2,1,0,0,0,0,0
Frank Kaminsky,1626163,2020-21,00,1610612756,PHX,28.0,47,13,715,121,257,0.471,31,85,0.365,37,60,0.617,36,152,188,79,14,17,22,70,310
Frank Kaminsky,1626163,2021-22,00,1610612756,PHX,29.0,9,0,181,36,66,0.545,5,15,0.333,18,20,0.9,11,30,41,13,8,7,5,14,95
Frank Kaminsky,1626163,2022-23,00,1610612737,ATL,30.0,26,0,176,25,44,0.568,11,23,0.478,10,12,0.833,3,33,36,21,5,1,9,21,71
Frank Kaminsky,1626163,2022-23,00,1610612745,HOU,30.0,10,0,59,6,19,0.316,2,10,0.2,4,4,1.0,4,12,16,11,1,3,0,1,18
Frank Kaminsky,1626163,2022-23,00,0,TOT,30.0,36,0,235,31,63,0.492,13,33,0.394,14,16,0.875,7,45,52,32,6,4,9,22,89
Frank Mason III,1628412,2020-21,00,1610612753,ORL,27.0,4,1,79,9,24,0.375,2,5,0.4,5,7,0.714,3,9,12,12,0,0,5,7,25
Franz Wagner,1630532,2021-22,00,1610612753,ORL,20.0,79,79,2429,456,975,0.468,96,271,0.354,189,219,0.863,84,272,356,231,68,34,119,164,1197
Franz Wagner,1630532,2022-23,00,1610612753,ORL,21.0,80,80,2609,542,1118,0.485,130,360,0.361,271,322,0.842,70,259,329,283,77,17,167,183,1485
Franz Wagner,1630532,2023-24,00,1610612753,ORL,22.0,72,72,2337,528,1096,0.482,94,334,0.281,271,319,0.85,72,309,381,269,76,28,137,168,1421
Franz Wagner,1630532,2024-25,00,1610612753,ORL,23.0,60,60,2023,537,1161,0.463,104,352,0.295,271,311,0.871,56,286,342,284,75,21,138,147,1449
Fred VanVleet,1627832,2020-21,00,1610612761,TOR,27.0,52,52,1899,338,870,0.389,174,476,0.366,169,191,0.885,32,188,220,328,87,37,95,119,1019
Fred VanVleet,1627832,2021-22,00,1610612761,TOR,28.0,65,65,2462,442,1097,0.403,242,642,0.377,194,222,0.874,44,245,289,434,111,35,170,162,1320
Fred VanVleet,1627832,2022-23,00,1610612761,TOR,29.0,69,69,2535,437,1112,0.393,207,606,0.342,254,283,0.898,30,250,280,495,123,38,140,193,1335
Fred VanVleet,1627832,2023-24,00,1610612745,HOU,30.0,73,73,2684,423,1018,0.416,227,586,0.387,197,229,0.86,33,245,278,589,101,59,126,183,1270
Fred VanVleet,1627832,2024-25,00,1610612745,HOU,31.0,60,60,2111,287,759,0.378,159,461,0.345,111,137,0.81,32,189,221,333,94,25,87,140,844
Freddie Gillespie,1630273,2020-21,00,1610612761,TOR,24.0,20,2,392,44,84,0.524,0,0,0.0,23,33,0.697,42,55,97,9,13,20,12,43,111
Freddie Gillespie,1630273,2021-22,00,1610612753,ORL,25.0,9,2,119,9,22,0.409,0,1,0.0,3,7,0.429,13,23,36,5,3,9,5,18,21
Furkan Korkmaz,1627788,2020-21,00,1610612755,PHI,23.0,55,11,1062,170,424,0.401,101,269,0.375,60,82,0.732,17,96,113,82,49,9,46,64,501
Furkan Korkmaz,1627788,2021-22,00,1610612755,PHI,24.0,67,19,1414,182,470,0.387,77,266,0.289,68,84,0.81,22,153,175,127,33,9,48,58,509
Furkan Korkmaz,1627788,2022-23,00,1610612755,PHI,25.0,37,0,353,48,111,0.432,18,46,0.391,26,36,0.722,6,36,42,22,10,3,24,18,140
Furkan Korkmaz,1627788,2023-24,00,1610612755,PHI,26.0,35,0,300,30,76,0.395,14,40,0.35,14,20,0.7,4,26,30,25,14,3,10,17,88
Gabe Vincent,1629216,2020-21,00,1610612748,MIA,25.0,50,7,655,88,233,0.378,46,149,0.309,20,23,0.87,10,46,56,67,21,2,34,79,242
Gabe Vincent,1629216,2021-22,00,1610612748,MIA,26.0,68,27,1589,214,513,0.417,119,323,0.368,44,54,0.815,22,104,126,210,62,12,98,158,591
Gabe Vincent,1629216,2022-23,00,1610612748,MIA,27.0,68,34,1759,228,567,0.402,117,350,0.334,68,78,0.872,27,118,145,167,62,5,92,154,641
Gabe Vincent,1629216,2023-24,00,1610612747,LAL,28.0,11,0,218,15,49,0.306,3,28,0.107,1,2,0.5,4,5,9,21,9,0,5,19,34
Gabe Vincent,1629216,2024-25,00,1610612747,LAL,29.0,72,11,1527,168,420,0.4,109,309,0.353,15,21,0.714,20,72,92,98,51,13,41,152,460
Gabriel Deck,1630466,2020-21,00,1610612760,OKC,26.0,10,0,212,32,67,0.478,2,15,0.133,18,22,0.818,16,24,40,24,8,0,6,9,84
Gabriel Deck,1630466,2021-22,00,1610612760,OKC,27.0,7,0,56,8,14,0.571,2,4,0.5,0,0,0.0,1,5,6,5,1,0,2,2,18
Garrett Temple,202066,2020-21,00,1610612741,CHI,35.0,56,25,1528,158,381,0.415,67,200,0.335,40,50,0.8,29,131,160,124,43,30,58,126,423
Garrett Temple,202066,2021-22,00,1610612740,NOP,36.0,59,16,1098,111,295,0.376,59,185,0.319,28,41,0.683,29,114,143,74,43,23,42,81,309
Garrett Temple,202066,2022-23,00,1610612740,NOP,37.0,25,0,162,18,45,0.4,11,26,0.423,3,4,0.75,5,12,17,13,9,2,4,15,50
Garrett Temple,202066,2023-24,00,1610612761,TOR,38.0,27,2,289,29,78,0.372,12,40,0.3,18,22,0.818,18,27,45,28,12,3,14,28,88
Garrett Temple,202066,2024-25,00,1610612761,TOR,39.0,28,0,227,18,60,0.3,6,28,0.214,11,12,0.917,9,20,29,31,17,2,10,23,53
Garrison Mathews,1629726,2020-21,00,1610612764,WAS,24.0,64,24,1038,97,237,0.409,76,198,0.384,84,95,0.884,16,71,87,26,29,7,10,106,354
Garrison Mathews,1629726,2021-22,00,1610612745,HOU,25.0,65,33,1712,184,461,0.399,139,386,0.36,143,180,0.794,32,158,190,64,57,24,41,168,650
Garrison Mathews,1629726,2022-23,00,1610612745,HOU,26.0,45,0,602,60,170,0.353,53,155,0.342,41,45,0.911,10,52,62,23,23,4,18,56,214
Garrison Mathews,1629726,2022-23,00,1610612737,ATL,26.0,9,0,84,13,31,0.419,10,25,0.4,7,8,0.875,1,10,11,3,1,1,1,6,43
Garrison Mathews,1629726,2022-23,00,0,TOT,26.0,54,0,686,73,201,0.363,63,180,0.35,48,53,0.906,11,62,73,26,24,5,19,62,257
Garrison Mathews,1629726,2023-24,00,1610612737,ATL,27.0,66,5,992,103,226,0.456,85,193,0.44,34,42,0.81,17,75,92,37,20,8,19,115,325
Garrison Mathews,1629726,2024-25,00,1610612737,ATL,28.0,47,2,830,102,257,0.397,85,218,0.39,64,78,0.821,13,74,87,60,26,15,31,81,353
Gary Harris,203914,2020-21,00,1610612743,DEN,26.0,19,19,581,69,156,0.442,24,75,0.32,22,30,0.733,13,34,47,32,17,4,14,37,184
Gary Harris,203914,2020-21,00,1610612753,ORL,26.0,20,19,499,69,189,0.365,24,66,0.364,42,48,0.875,8,24,32,46,11,7,23,34,204
Gary Harris,203914,2020-21,00,0,TOT,26.0,39,38,1080,138,345,0.4,48,141,0.34,64,78,0.821,21,58,79,78,28,11,37,71,388
Gary Harris,203914,2021-22,00,1610612753,ORL,27.0,61,30,1730,240,553,0.434,116,302,0.384,83,95,0.874,36,86,122,108,59,9,61,112,679
Gary Harris,203914,2022-23,00,1610612753,ORL,28.0,48,42,1184,138,307,0.45,94,218,0.431,27,30,0.9,21,77,98,59,45,12,28,93,397
Gary Harris,203914,2023-24,00,1610612753,ORL,29.0,54,27,1297,131,297,0.441,76,205,0.371,34,45,0.756,24,67,91,87,49,14,31,91,372
Gary Harris,203914,2024-25,00,1610612753,ORL,30.0,48,3,711,51,133,0.383,36,101,0.356,7,12,0.583,20,44,64,30,26,12,17,45,145
Gary Payton II,1627780,2021-22,00,1610612744,GSW,29.0,71,16,1248,212,344,0.616,43,120,0.358,35,58,0.603,72,175,247,64,96,22,40,131,502
Gary Payton II,1627780,2022-23,00,1610612757,POR,30.0,15,1,255,24,41,0.585,9,17,0.529,4,4,1.0,10,29,39,22,16,1,12,29,61
Gary Payton II,1627780,2022-23,00,1610612744,GSW,30.0,7,0,112,17,28,0.607,4,9,0.444,2,3,0.667,14,16,30,8,6,4,4,14,40
Gary Payton II,1627780,2022-23,00,0,TOT,30.0,22,1,368,41,69,0.594,13,26,0.5,6,7,0.857,24,45,69,30,22,5,16,43,101
Gary Payton II,1627780,2023-24,00,1610612744,GSW,31.0,44,0,680,103,183,0.563,20,55,0.364,14,23,0.609,46,67,113,48,39,18,27,77,240
Gary Payton II,1627780,2024-25,00,1610612744,GSW,32.0,62,11,927,171,298,0.574,31,95,0.326,27,38,0.711,53,132,185,83,52,17,39,108,400
Gary Trent Jr.,1629018,2020-21,00,1610612757,POR,22.0,41,23,1262,217,524,0.414,121,305,0.397,58,75,0.773,21,70,91,58,37,6,31,63,613
Gary Trent Jr.,1629018,2020-21,00,1610612761,TOR,22.0,17,15,540,103,261,0.395,44,124,0.355,25,31,0.806,6,55,61,22,19,4,12,29,275
Gary Trent Jr.,1629018,2020-21,00,0,TOT,22.0,58,38,1802,320,785,0.408,165,429,0.385,83,106,0.783,27,125,152,80,56,10,43,92,888
Gary Trent Jr.,1629018,2021-22,00,1610612761,TOR,23.0,70,69,2448,450,1086,0.414,209,545,0.383,174,204,0.853,26,165,191,141,122,19,73,144,1283
Gary Trent Jr.,1629018,2022-23,00,1610612761,TOR,24.0,66,44,2118,405,935,0.433,166,450,0.369,172,205,0.839,30,143,173,106,104,14,55,102,1148
Gary Trent Jr.,1629018,2023-24,00,1610612761,TOR,25.0,71,41,1994,361,847,0.426,178,453,0.393,74,96,0.771,25,163,188,119,77,10,47,96,974
Gary Trent Jr.,1629018,2024-25,00,1610612749,MIL,26.0,74,9,1893,283,657,0.431,180,433,0.416,78,92,0.848,20,148,168,87,72,4,42,124,824
George Hill,201588,2020-21,00,1610612760,OKC,35.0,14,14,369,61,120,0.508,22,57,0.386,21,25,0.84,8,21,29,43,12,2,12,12,165
George Hill,201588,2020-21,00,1610612755,PHI,35.0,16,3,303,34,77,0.442,9,23,0.391,19,25,0.76,8,24,32,30,11,3,19,19,96
George Hill,201588,2020-21,00,0,TOT,35.0,30,17,672,95,197,0.482,31,80,0.388,40,50,0.8,16,45,61,73,23,5,31,31,261
George Hill,201588,2021-22,00,1610612749,MIL,36.0,54,17,1253,118,275,0.429,41,134,0.306,57,62,0.919,38,117,155,120,42,6,41,70,334
George Hill,201588,2022-23,00,1610612749,MIL,37.0,35,0,667,59,132,0.447,23,74,0.311,34,46,0.739,13,54,67,89,19,3,27,41,175
George Hill,201588,2022-23,00,1610612754,IND,37.0,11,1,166,19,34,0.559,11,21,0.524,8,9,0.889,2,16,18,21,7,3,7,14,57
George Hill,201588,2022-23,00,0,TOT,37.0,46,1,833,78,166,0.47,34,95,0.358,42,55,0.764,15,70,85,110,26,6,34,55,232
Georges Niang,1627777,2020-21,00,1610612762,UTA,28.0,72,10,1154,177,405,0.437,124,292,0.425,22,23,0.957,28,148,176,59,25,8,51,116,500
Georges Niang,1627777,2021-22,00,1610612755,PHI,29.0,76,7,1736,246,563,0.437,156,387,0.403,52,59,0.881,25,178,203,102,30,13,59,190,700
Georges Niang,1627777,2022-23,00,1610612755,PHI,30.0,78,1,1512,222,502,0.442,154,384,0.401,39,45,0.867,19,166,185,77,30,14,54,145,637
Georges Niang,1627777,2023-24,00,1610612739,CLE,31.0,82,10,1831,284,632,0.449,149,396,0.376,51,60,0.85,22,256,278,98,30,18,72,192,768
Georges Niang,1627777,2024-25,00,1610612739,CLE,32.0,51,1,1053,166,348,0.477,90,225,0.4,23,29,0.793,34,155,189,67,17,7,48,129,445
Georges Niang,1627777,2024-25,00,1610612737,ATL,32.0,28,2,644,120,272,0.441,76,184,0.413,23,29,0.793,13,70,83,44,11,7,34,72,339
Georges Niang,1627777,2024-25,00,0,TOT,32.0,79,3,1697,286,620,0.461,166,409,0.406,46,58,0.793,47,225,272,111,28,14,82,201,784
Giannis Antetokounmpo,203507,2020-21,00,1610612749,MIL,26.0,61,61,2013,626,1100,0.569,67,221,0.303,398,581,0.685,97,574,671,357,72,73,207,168,1717
Giannis Antetokounmpo,203507,2021-22,00,1610612749,MIL,27.0,67,67,2204,689,1245,0.553,71,242,0.293,553,766,0.722,134,644,778,388,72,91,219,212,2002
Giannis Antetokounmpo,203507,2022-23,00,1610612749,MIL,28.0,63,63,2024,707,1278,0.553,47,171,0.275,498,772,0.645,137,605,742,359,52,51,246,197,1959
Giannis Antetokounmpo,203507,2023-24,00,1610612749,MIL,29.0,73,73,2567,837,1369,0.611,34,124,0.274,514,782,0.657,196,645,841,476,87,79,250,210,2222
Giannis Antetokounmpo,203507,2024-25,00,1610612749,MIL,30.0,67,67,2289,793,1319,0.601,14,63,0.222,436,707,0.617,147,651,798,433,58,78,206,155,2036
Glenn Robinson III,203922,2020-21,00,1610612758,SAC,27.0,23,2,369,42,99,0.424,16,44,0.364,21,23,0.913,11,34,45,20,4,3,11,23,121
Goga Bitadze,1629048,2020-21,00,1610612754,IND,21.0,45,3,561,83,194,0.428,20,79,0.253,45,61,0.738,60,90,150,37,9,60,17,94,231
Goga Bitadze,1629048,2021-22,00,1610612754,IND,22.0,50,16,729,131,252,0.52,23,80,0.288,64,94,0.681,79,98,177,55,21,42,46,107,349
Goga Bitadze,1629048,2022-23,00,1610612754,IND,23.0,21,0,202,27,52,0.519,4,14,0.286,11,24,0.458,25,24,49,18,9,10,12,34,69
Goga Bitadze,1629048,2022-23,00,1610612753,ORL,23.0,17,1,255,42,73,0.575,2,12,0.167,12,18,0.667,36,52,88,21,7,16,10,30,98
Goga Bitadze,1629048,2022-23,00,0,TOT,23.0,38,1,457,69,125,0.552,6,26,0.231,23,42,0.548,61,76,137,39,16,26,22,64,167
Goga Bitadze,1629048,2023-24,00,1610612753,ORL,24.0,62,33,957,126,209,0.603,2,14,0.143,57,87,0.655,109,177,286,79,32,72,44,107,311
Goga Bitadze,1629048,2024-25,00,1610612753,ORL,25.0,70,42,1429,207,339,0.611,3,28,0.107,85,133,0.639,167,296,463,137,49,98,72,150,502
Gordon Hayward,202330,2020-21,00,1610612766,CHA,31.0,44,44,1496,311,658,0.473,85,205,0.415,156,185,0.843,37,221,258,181,52,14,91,74,863
Gordon Hayward,202330,2021-22,00,1610612766,CHA,32.0,49,48,1564,283,617,0.459,86,220,0.391,126,149,0.846,38,186,224,177,47,22,81,85,778
Gordon Hayward,202330,2022-23,00,1610612766,CHA,33.0,50,50,1577,276,581,0.475,52,160,0.325,129,159,0.811,33,182,215,206,42,12,99,70,733
Gordon Hayward,202330,2023-24,00,1610612766,CHA,34.0,25,25,798,139,297,0.468,22,61,0.361,62,81,0.765,25,92,117,116,28,12,51,46,362
Gordon Hayward,202330,2023-24,00,1610612760,OKC,34.0,26,3,447,48,106,0.453,15,29,0.517,27,39,0.692,13,51,64,42,12,1,15,21,138
Gordon Hayward,202330,2023-24,00,0,TOT,34.0,51,28,1245,187,403,0.464,37,90,0.411,89,120,0.742,38,143,181,158,40,13,66,67,500
Gorgui Dieng,203476,2020-21,00,1610612763,MEM,31.0,22,1,371,56,108,0.519,23,48,0.479,38,43,0.884,28,70,98,29,17,14,22,38,173
Gorgui Dieng,203476,2020-21,00,1610612759,SAS,31.0,16,0,181,29,55,0.527,7,22,0.318,20,24,0.833,12,30,42,19,9,2,10,18,85
Gorgui Dieng,203476,2020-21,00,0,TOT,31.0,38,1,553,85,163,0.521,30,70,0.429,58,67,0.866,40,100,140,48,26,16,32,56,258
Gorgui Dieng,203476,2021-22,00,1610612737,ATL,32.0,44,3,371,53,112,0.473,29,68,0.426,19,26,0.731,32,89,121,34,11,13,20,52,154
Gorgui Dieng,203476,2022-23,00,1610612759,SAS,33.0,31,1,358,45,117,0.385,21,75,0.28,10,13,0.769,27,80,107,53,4,14,32,57,121
Grant Williams,1629684,2021-22,00,1610612738,BOS,23.0,77,21,1875,205,432,0.475,106,258,0.411,86,95,0.905,64,210,274,78,38,57,62,186,602
Grant Williams,1629684,2022-23,00,1610612738,BOS,24.0,79,23,2045,216,476,0.454,115,291,0.395,94,122,0.77,87,276,363,131,41,31,82,192,641
Grant Williams,1629684,2023-24,00,1610612742,DAL,25.0,47,33,1242,131,317,0.413,79,210,0.376,41,55,0.745,46,123,169,81,24,27,53,137,382
Grant Williams,1629684,2023-24,00,1610612766,CHA,25.0,29,10,888,145,288,0.503,47,126,0.373,65,85,0.765,40,109,149,93,20,12,56,89,402
Grant Williams,1629684,2023-24,00,0,TOT,25.0,76,43,2130,276,605,0.456,126,336,0.375,106,140,0.757,86,232,318,174,44,39,109,226,784
Grant Williams,1629684,2024-25,00,1610612766,CHA,26.0,16,7,479,54,123,0.439,27,74,0.365,31,37,0.838,18,64,82,37,18,13,28,46,166
Grayson Allen,1628960,2020-21,00,1610612763,MEM,25.0,50,38,1260,173,414,0.418,107,274,0.391,79,91,0.868,19,141,160,108,46,8,48,71,532
Grayson Allen,1628960,2021-22,00,1610612749,MIL,26.0,66,61,1805,255,569,0.448,159,389,0.409,64,74,0.865,32,190,222,100,46,18,43,96,733
Grayson Allen,1628960,2022-23,00,1610612749,MIL,27.0,72,70,1972,245,557,0.44,146,366,0.399,114,126,0.905,61,176,237,163,62,14,72,117,750
Grayson Allen,1628960,2023-24,00,1610612756,PHX,28.0,75,74,2513,340,682,0.499,205,445,0.461,129,147,0.878,48,247,295,227,69,45,95,157,1014
Grayson Allen,1628960,2024-25,00,1610612756,PHX,29.0,64,7,1544,219,489,0.448,149,350,0.426,93,114,0.816,34,160,194,137,54,19,75,95,680
Greg Monroe,202328,2021-22,00,1610612764,WAS,32.0,2,0,18,4,8,0.5,0,0,0.0,0,0,0.0,7,3,10,1,1,1,2,2,8
Greg Monroe,202328,2021-22,00,1610612749,MIL,32.0,5,0,70,11,22,0.5,0,0,0.0,5,9,0.556,11,10,21,2,3,2,3,7,27
Greg Monroe,202328,2021-22,00,1610612762,UTA,32.0,3,0,26,4,5,0.8,0,0,0.0,4,7,0.571,6,3,9,3,0,1,0,6,12
Greg Monroe,202328,2021-22,00,1610612750,MIN,32.0,4,0,81,13,22,0.591,0,0,0.0,3,7,0.429,6,18,24,16,4,6,7,9,29
Greg Monroe,202328,2021-22,00,0,TOT,32.0,14,0,195,32,57,0.561,0,0,0.0,12,23,0.522,30,34,64,22,8,10,12,24,76
Hamidou Diallo,1628977,2020-21,00,1610612760,OKC,22.0,32,5,761,143,297,0.481,12,41,0.293,83,132,0.629,37,128,165,77,31,12,49,83,381
Hamidou Diallo,1628977,2020-21,00,1610612765,DET,22.0,20,4,465,81,173,0.468,16,41,0.39,45,68,0.662,22,85,107,24,10,12,27,51,223
Hamidou Diallo,1628977,2020-21,00,0,TOT,22.0,52,9,1226,224,470,0.477,28,82,0.341,128,200,0.64,59,213,272,101,41,24,76,134,604
Hamidou Diallo,1628977,2021-22,00,1610612765,DET,23.0,58,29,1269,261,526,0.496,23,93,0.247,91,140,0.65,69,208,277,73,71,17,58,143,636
Hamidou Diallo,1628977,2022-23,00,1610612765,DET,24.0,56,0,996,215,375,0.573,5,21,0.238,87,148,0.588,57,137,194,55,53,16,71,124,522
Hamidou Diallo,1628977,2023-24,00,1610612764,WAS,25.0,2,0,5,1,2,0.5,0,0,0.0,0,0,0.0,2,0,2,1,2,0,1,1,2
Harrison Barnes,203084,2020-21,00,1610612758,SAC,29.0,58,58,2102,319,642,0.497,100,256,0.391,195,235,0.83,64,321,385,201,43,11,93,75,933
Harrison Barnes,203084,2021-22,00,1610612758,SAC,30.0,77,77,2587,391,834,0.469,142,360,0.394,341,413,0.826,82,350,432,186,53,14,118,94,1265
Harrison Barnes,203084,2022-23,00,1610612758,SAC,31.0,82,82,2662,374,791,0.473,132,353,0.374,350,413,0.847,87,279,366,128,57,10,86,103,1230
Harrison Barnes,203084,2023-24,00,1610612758,SAC,32.0,82,82,2381,347,732,0.474,149,385,0.387,157,196,0.801,67,182,249,99,54,12,58,98,1000
Harrison Barnes,203084,2024-25,00,1610612759,SAS,33.0,82,82,2230,347,683,0.508,156,360,0.433,161,199,0.809,97,213,310,136,39,14,50,75,1011
Hassan Whiteside,202355,2020-21,00,1610612758,SAC,32.0,36,4,546,126,224,0.563,0,1,0.0,41,79,0.519,61,154,215,20,9,46,40,73,293
Hassan Whiteside,202355,2021-22,00,1610612762,UTA,33.0,65,8,1162,215,330,0.652,0,0,0.0,104,167,0.623,166,328,494,26,22,103,53,179,534
Haywood Highsmith,1629312,2022-23,00,1610612748,MIA,26.0,54,11,969,93,216,0.431,37,109,0.339,13,28,0.464,57,131,188,43,36,17,45,82,236
Haywood Highsmith,1629312,2023-24,00,1610612748,MIA,27.0,66,26,1366,153,329,0.465,76,192,0.396,23,36,0.639,65,145,210,70,53,30,34,117,405
Haywood Highsmith,1629312,2024-25,00,1610612748,MIA,28.0,74,42,1818,179,391,0.458,89,233,0.382,31,43,0.721,72,180,252,112,68,37,54,164,478
Henry Ellenson,1627740,2020-21,00,1610612761,TOR,24.0,2,0,38,5,14,0.357,2,9,0.222,3,4,0.75,3,9,12,5,0,0,0,7,15
Herbert Jones,1630529,2021-22,00,1610612740,NOP,23.0,78,69,2335,274,576,0.476,57,169,0.337,137,163,0.84,98,198,296,167,130,60,100,238,742
Herbert Jones,1630529,2022-23,00,1610612740,NOP,24.0,66,66,1951,235,501,0.469,56,167,0.335,123,161,0.764,97,172,269,162,103,42,88,208,649
Herbert Jones,1630529,2023-24,00,1610612740,NOP,25.0,76,76,2321,293,588,0.498,114,273,0.418,137,158,0.867,74,198,272,199,105,62,93,224,837
Herbert Jones,1630529,2024-25,00,1610612740,NOP,26.0,20,20,648,75,172,0.436,22,72,0.306,33,40,0.825,22,56,78,65,37,9,35,66,205
Ignas Brazdeikis,1629649,2020-21,00,1610612752,NYK,22.0,4,0,7,0,1,0.0,0,0,0.0,2,2,1.0,1,1,2,1,0,0,1,0,2
Ignas Brazdeikis,1629649,2020-21,00,1610612755,PHI,22.0,1,0,8,0,3,0.0,0,1,0.0,0,0,0.0,0,2,2,0,0,0,0,0,0
Ignas Brazdeikis,1629649,2020-21,00,1610612753,ORL,22.0,8,0,234,35,79,0.443,11,27,0.407,8,12,0.667,10,31,41,16,4,3,11,22,89
Ignas Brazdeikis,1629649,2020-21,00,0,TOT,22.0,13,0,249,35,83,0.422,11,28,0.393,10,14,0.714,11,34,45,17,4,3,12,22,91
Ignas Brazdeikis,1629649,2021-22,00,1610612753,ORL,23.0,42,1,536,81,188,0.431,27,87,0.31,21,32,0.656,23,49,72,37,10,3,17,48,210
Immanuel Quickley,1630193,2020-21,00,1610612752,NYK,22.0,64,3,1244,229,580,0.395,118,303,0.389,155,174,0.891,25,112,137,127,30,12,58,114,731
Immanuel Quickley,1630193,2021-22,00,1610612752,NYK,23.0,78,3,1802,284,724,0.392,137,396,0.346,177,201,0.881,31,216,247,275,54,3,99,167,882
Immanuel Quickley,1630193,2022-23,00,1610612752,NYK,24.0,81,21,2344,419,936,0.448,168,454,0.37,203,248,0.819,58,279,337,279,80,14,100,166,1209
Immanuel Quickley,1630193,2023-24,00,1610612752,NYK,25.0,30,0,720,152,335,0.454,64,162,0.395,82,94,0.872,5,72,77,74,16,3,31,44,450
Immanuel Quickley,1630193,2023-24,00,1610612761,TOR,25.0,38,38,1265,236,559,0.422,107,271,0.395,127,151,0.841,12,170,182,257,34,7,70,75,706
Immanuel Quickley,1630193,2023-24,00,0,TOT,25.0,68,38,1985,388,894,0.434,171,433,0.395,209,245,0.853,17,242,259,331,50,10,101,119,1156
Immanuel Quickley,1630193,2024-25,00,1610612761,TOR,26.0,33,33,918,184,438,0.42,85,225,0.378,111,128,0.867,16,101,117,191,23,4,58,61,564
Isaac Okoro,1630171,2020-21,00,1610612739,CLE,20.0,67,67,2173,235,559,0.42,62,214,0.29,114,157,0.726,68,138,206,128,62,24,86,185,646
Isaac Okoro,1630171,2021-22,00,1610612739,CLE,21.0,67,61,1981,207,431,0.48,55,157,0.35,119,155,0.768,72,129,201,121,56,22,58,164,588
Isaac Okoro,1630171,2022-23,00,1610612739,CLE,22.0,76,46,1653,175,354,0.494,62,171,0.363,78,103,0.757,52,135,187,87,56,30,42,158,490
Isaac Okoro,1630171,2023-24,00,1610612739,CLE,23.0,69,42,1887,235,480,0.49,84,215,0.391,93,137,0.679,67,139,206,132,57,34,54,140,647
Isaac Okoro,1630171,2024-25,00,1610612739,CLE,24.0,55,22,1053,124,267,0.464,56,151,0.371,33,46,0.717,49,81,130,68,32,16,23,104,337
Isaiah Hartenstein,1628392,2020-21,00,1610612743,DEN,23.0,30,0,272,41,80,0.513,0,0,0.0,22,36,0.611,40,45,85,15,11,20,21,59,104
Isaiah Hartenstein,1628392,2020-21,00,1610612739,CLE,23.0,16,2,287,53,91,0.582,2,6,0.333,24,35,0.686,25,71,96,40,8,19,23,45,132
Isaiah Hartenstein,1628392,2020-21,00,0,TOT,23.0,46,2,559,94,171,0.55,2,6,0.333,46,71,0.648,65,116,181,55,19,39,44,104,236
Isaiah Hartenstein,1628392,2021-22,00,1610612746,LAC,24.0,68,0,1216,229,366,0.626,14,30,0.467,91,132,0.689,117,215,332,160,50,77,84,167,563
Isaiah Hartenstein,1628392,2022-23,00,1610612752,NYK,25.0,82,8,1628,175,327,0.535,8,37,0.216,48,71,0.676,209,327,536,102,53,64,66,213,406
Isaiah Hartenstein,1628392,2023-24,00,1610612752,NYK,26.0,75,49,1896,235,365,0.644,1,3,0.333,111,157,0.707,244,382,626,188,87,85,93,210,582
Isaiah Hartenstein,1628392,2024-25,00,1610612760,OKC,27.0,57,53,1590,279,480,0.581,0,19,0.0,79,117,0.675,163,448,611,219,47,62,96,171,637
Isaiah Jackson,1630543,2021-22,00,1610612754,IND,20.0,36,15,541,116,206,0.563,5,16,0.313,60,88,0.682,60,89,149,10,25,52,40,92,297
Isaiah Jackson,1630543,2022-23,00,1610612754,IND,21.0,63,12,1042,179,318,0.563,2,14,0.143,95,146,0.651,113,169,282,51,31,93,51,154,455
Isaiah Jackson,1630543,2023-24,00,1610612754,IND,22.0,60,3,771,155,233,0.665,0,4,0.0,73,102,0.716,94,144,238,50,34,61,39,137,383
Isaiah Jackson,1630543,2024-25,00,1610612754,IND,23.0,5,1,84,14,23,0.609,0,0,0.0,7,14,0.5,11,17,28,5,3,8,5,14,35
Isaiah Joe,1630198,2022-23,00,1610612760,OKC,23.0,73,10,1395,224,508,0.441,161,394,0.409,82,100,0.82,27,148,175,88,48,8,39,105,691
Isaiah Joe,1630198,2023-24,00,1610612760,OKC,24.0,78,1,1445,222,485,0.458,147,353,0.416,45,52,0.865,32,148,180,99,46,22,47,87,636
Isaiah Joe,1630198,2024-25,00,1610612760,OKC,25.0,74,16,1604,259,588,0.44,192,466,0.412,46,56,0.821,41,155,196,119,48,9,38,113,756
Isaiah Livers,1630587,2021-22,00,1610612765,DET,23.0,19,5,383,41,90,0.456,27,64,0.422,12,14,0.857,15,42,57,21,13,7,15,37,121
Isaiah Livers,1630587,2022-23,00,1610612765,DET,24.0,52,22,1199,120,288,0.417,74,203,0.365,32,39,0.821,28,115,143,41,28,28,30,103,346
Isaiah Livers,1630587,2023-24,00,1610612765,DET,25.0,23,6,469,40,116,0.345,22,77,0.286,12,18,0.667,15,33,48,25,13,5,16,43,114
Isaiah Roby,1629676,2020-21,00,1610612760,OKC,23.0,61,34,1425,207,429,0.483,32,109,0.294,87,117,0.744,89,252,341,107,52,37,113,162,533
Isaiah Roby,1629676,2021-22,00,1610612760,OKC,24.0,45,28,948,166,323,0.514,44,99,0.444,78,116,0.672,75,142,217,71,36,34,43,109,454
Isaiah Roby,1629676,2022-23,00,1610612759,SAS,25.0,42,2,474,67,155,0.432,18,60,0.3,20,41,0.488,21,86,107,38,18,7,31,53,172
Isaiah Stewart,1630191,2020-21,00,1610612765,DET,20.0,68,14,1455,226,409,0.553,21,63,0.333,64,92,0.696,159,294,453,59,39,86,67,184,537
Isaiah Stewart,1630191,2021-22,00,1610612765,DET,21.0,71,71,1816,250,490,0.51,15,46,0.326,74,103,0.718,226,391,617,82,22,78,85,211,589
Isaiah Stewart,1630191,2022-23,00,1610612765,DET,22.0,50,47,1414,195,441,0.442,67,205,0.327,110,149,0.738,115,288,403,70,20,34,68,133,567
Isaiah Stewart,1630191,2023-24,00,1610612765,DET,23.0,46,45,1423,186,382,0.487,67,175,0.383,64,85,0.753,74,231,305,73,17,38,66,99,503
Isaiah Stewart,1630191,2024-25,00,1610612765,DET,24.0,72,4,1434,176,315,0.559,17,53,0.321,66,87,0.759,130,269,399,123,28,101,68,183,435
Isaiah Thomas,202738,2021-22,00,1610612747,LAL,33.0,4,1,101,12,39,0.308,5,22,0.227,8,11,0.727,1,7,8,6,0,2,5,12,37
Isaiah Thomas,202738,2021-22,00,1610612742,DAL,33.0,1,0,13,3,8,0.375,0,3,0.0,0,0,0.0,0,0,0,4,0,0,0,0,6
Isaiah Thomas,202738,2021-22,00,1610612766,CHA,33.0,17,0,219,52,120,0.433,23,58,0.397,14,15,0.933,3,18,21,24,7,3,10,22,141
Isaiah Thomas,202738,2021-22,00,0,TOT,33.0,22,1,333,67,167,0.401,28,83,0.337,22,26,0.846,4,25,29,34,7,5,15,34,184
Isaiah Thomas,202738,2023-24,00,1610612756,PHX,35.0,6,0,19,3,10,0.3,2,4,0.5,0,0,0.0,0,0,0,3,0,0,0,0,8
Ish Smith,202397,2020-21,00,1610612764,WAS,32.0,44,1,924,129,297,0.434,18,49,0.367,19,33,0.576,22,128,150,172,32,13,41,62,295
Ish Smith,202397,2021-22,00,1610612766,CHA,33.0,37,1,511,73,185,0.395,10,25,0.4,12,19,0.632,11,46,57,98,20,10,36,34,168
Ish Smith,202397,2021-22,00,1610612764,WAS,33.0,28,0,615,112,245,0.457,15,42,0.357,3,5,0.6,14,69,83,146,27,13,42,44,242
Ish Smith,202397,2021-22,00,0,TOT,33.0,65,1,1126,185,430,0.43,25,67,0.373,15,24,0.625,25,115,140,244,47,23,78,78,410
Ish Smith,202397,2022-23,00,1610612743,DEN,34.0,43,0,398,52,131,0.397,2,12,0.167,2,4,0.5,5,49,54,100,8,7,44,33,108
Ish Smith,202397,2023-24,00,1610612766,CHA,35.0,43,5,741,66,158,0.418,4,8,0.5,3,4,0.75,11,65,76,145,17,4,47,49,139
Ivica Zubac,1627826,2020-21,00,1610612746,LAC,24.0,72,33,1609,257,394,0.652,1,4,0.25,135,171,0.789,189,330,519,90,24,62,81,187,650
Ivica Zubac,1627826,2021-22,00,1610612746,LAC,25.0,76,76,1852,310,495,0.626,0,0,0.0,165,227,0.727,217,427,644,120,36,77,114,203,785
Ivica Zubac,1627826,2022-23,00,1610612746,LAC,26.0,76,76,2169,326,514,0.634,0,2,0.0,166,238,0.697,236,520,756,77,29,98,117,219,818
Ivica Zubac,1627826,2023-24,00,1610612746,LAC,27.0,68,68,1795,337,519,0.649,0,0,0.0,120,166,0.723,196,430,626,93,22,83,79,180,794
Ivica Zubac,1627826,2024-25,00,1610612746,LAC,28.0,80,80,2624,592,942,0.628,0,0,0.0,156,236,0.661,300,710,1010,214,55,90,127,168,1340
JJ Redick,200755,2020-21,00,1610612740,NOP,37.0,31,0,577,87,214,0.407,51,140,0.364,45,47,0.957,3,49,52,40,9,2,25,37,270
JJ Redick,200755,2020-21,00,1610612742,DAL,37.0,13,0,147,19,53,0.358,15,38,0.395,4,5,0.8,1,11,12,11,2,1,11,13,57
JJ Redick,200755,2020-21,00,0,TOT,37.0,44,0,723,106,267,0.397,66,178,0.371,49,52,0.942,4,60,64,51,11,3,36,50,327
Ja Morant,1629630,2020-21,00,1610612763,MEM,21.0,63,63,2053,430,957,0.449,73,241,0.303,271,372,0.728,59,193,252,465,57,13,203,87,1204
Ja Morant,1629630,2021-22,00,1610612763,MEM,22.0,57,57,1889,580,1177,0.493,88,256,0.344,316,415,0.761,77,248,325,384,66,22,196,86,1564
Ja Morant,1629630,2022-23,00,1610612763,MEM,23.0,61,59,1948,566,1214,0.466,92,300,0.307,372,497,0.748,61,296,357,493,66,16,206,100,1596
Ja Morant,1629630,2023-24,00,1610612763,MEM,24.0,9,9,318,80,170,0.471,14,51,0.275,52,64,0.813,6,44,50,73,7,5,27,19,226
Ja Morant,1629630,2024-25,00,1610612763,MEM,25.0,50,50,1519,404,889,0.454,88,285,0.309,263,319,0.824,34,171,205,364,61,12,185,113,1159
JaMychal Green,203210,2020-21,00,1610612743,DEN,31.0,58,5,1120,173,374,0.463,79,198,0.399,46,57,0.807,85,192,277,53,26,22,53,144,471
JaMychal Green,203210,2021-22,00,1610612743,DEN,32.0,67,8,1085,159,327,0.486,33,124,0.266,81,93,0.871,81,200,281,59,43,26,57,158,432
JaMychal Green,203210,2022-23,00,1610612744,GSW,33.0,57,1,797,136,252,0.54,42,111,0.378,52,67,0.776,72,133,205,51,25,23,52,105,366
JaVale McGee,201580,2020-21,00,1610612739,CLE,33.0,33,1,503,112,215,0.521,5,20,0.25,36,55,0.655,54,116,170,33,16,40,45,80,265
JaVale McGee,201580,2020-21,00,1610612743,DEN,33.0,13,1,175,32,67,0.478,0,4,0.0,8,12,0.667,23,46,69,6,3,14,15,41,72
JaVale McGee,201580,2020-21,00,0,TOT,33.0,46,2,678,144,282,0.511,5,24,0.208,44,67,0.657,77,162,239,39,19,54,60,121,337
JaVale McGee,201580,2021-22,00,1610612756,PHX,34.0,74,17,1172,288,458,0.629,2,9,0.222,102,146,0.699,163,333,496,42,22,81,98,181,680
JaVale McGee,201580,2022-23,00,1610612742,DAL,35.0,42,7,355,80,125,0.64,2,5,0.4,24,41,0.585,30,77,107,11,4,26,36,54,186
JaVale McGee,201580,2023-24,00,1610612758,SAC,36.0,46,0,339,79,132,0.598,1,7,0.143,26,45,0.578,42,84,126,17,14,20,34,46,185
Jabari Parker,203953,2020-21,00,1610612758,SAC,26.0,3,0,27,4,7,0.571,0,1,0.0,0,0,0.0,1,5,6,1,0,1,3,4,8
Jabari Parker,203953,2020-21,00,1610612738,BOS,26.0,10,0,138,26,48,0.542,2,10,0.2,10,13,0.769,9,27,36,10,1,4,7,9,64
Jabari Parker,203953,2020-21,00,0,TOT,26.0,13,0,165,30,55,0.545,2,11,0.182,10,13,0.769,10,32,42,11,1,5,10,13,72
Jabari Parker,203953,2021-22,00,1610612738,BOS,27.0,12,0,112,18,38,0.474,8,16,0.5,9,9,1.0,5,23,28,6,4,1,8,13,53
Jabari Smith Jr.,1631095,2022-23,00,1610612745,HOU,20.0,79,79,2451,364,892,0.408,120,391,0.307,162,206,0.786,122,447,569,101,43,74,104,227,1010
Jabari Smith Jr.,1631095,2023-24,00,1610612745,HOU,21.0,76,76,2424,378,833,0.454,138,380,0.363,150,185,0.811,139,477,616,121,52,61,89,200,1044
Jabari Smith Jr.,1631095,2024-25,00,1610612745,HOU,22.0,57,39,1716,248,566,0.438,98,277,0.354,104,126,0.825,105,294,399,60,25,41,61,123,698
Jabari Walker,1631133,2022-23,00,1610612757,POR,20.0,56,0,619,83,198,0.419,16,56,0.286,34,45,0.756,48,83,131,34,10,13,29,69,216
Jabari Walker,1631133,2023-24,00,1610612757,POR,21.0,72,23,1701,234,509,0.46,41,139,0.295,129,171,0.754,151,357,508,71,42,22,66,173,638
Jabari Walker,1631133,2024-25,00,1610612757,POR,22.0,60,1,749,118,229,0.515,28,72,0.389,49,71,0.69,59,152,211,37,33,6,34,87,313
Jaden Hardy,1630702,2022-23,00,1610612742,DAL,20.0,48,5,708,146,333,0.438,63,156,0.404,65,79,0.823,11,78,89,65,17,7,46,64,420
Jaden Hardy,1630702,2023-24,00,1610612742,DAL,21.0,73,7,989,195,479,0.407,81,224,0.362,59,76,0.776,20,111,131,109,22,4,62,80,530
Jaden Hardy,1630702,2024-25,00,1610612742,DAL,22.0,57,3,907,180,414,0.435,76,197,0.386,60,86,0.698,9,80,89,81,28,5,82,90,496
Jaden Ivey,1631093,2022-23,00,1610612765,DET,21.0,74,73,2304,409,983,0.416,120,350,0.343,266,356,0.747,73,215,288,387,61,17,237,242,1204
Jaden Ivey,1631093,2023-24,00,1610612765,DET,22.0,77,61,2218,417,973,0.429,124,369,0.336,227,303,0.749,86,178,264,296,57,41,190,204,1185
Jaden Ivey,1631093,2024-25,00,1610612765,DET,23.0,30,30,898,190,413,0.46,63,154,0.409,85,116,0.733,40,84,124,119,28,11,89,67,528
Jaden McDaniels,1630183,2020-21,00,1610612750,MIN,20.0,63,27,1511,164,367,0.447,72,198,0.364,27,45,0.6,52,180,232,71,35,60,47,172,427
Jaden McDaniels,1630183,2021-22,00,1610612750,MIN,21.0,70,31,1803,255,554,0.46,80,252,0.317,57,71,0.803,76,217,293,79,52,54,75,224,647
Jaden McDaniels,1630183,2022-23,00,1610612750,MIN,22.0,79,79,2417,370,716,0.517,107,269,0.398,106,144,0.736,92,215,307,148,74,76,112,272,953
Jaden McDaniels,1630183,2023-24,00,1610612750,MIN,23.0,72,71,2105,307,628,0.489,86,255,0.337,57,79,0.722,56,168,224,101,63,42,87,219,757
Jaden McDaniels,1630183,2024-25,00,1610612750,MIN,24.0,82,82,2614,398,834,0.477,100,303,0.33,104,128,0.813,129,341,470,163,110,74,95,225,1000
Jae Crowder,203109,2020-21,00,1610612756,PHX,30.0,60,42,1648,199,492,0.404,148,380,0.389,57,75,0.76,32,250,282,127,48,27,55,125,603
Jae Crowder,203109,2021-22,00,1610612756,PHX,31.0,67,67,1886,217,544,0.399,127,365,0.348,71,90,0.789,30,324,354,124,95,30,55,173,632
Jae Crowder,203109,2022-23,00,1610612749,MIL,32.0,18,3,340,45,94,0.479,24,55,0.436,10,12,0.833,17,52,69,27,12,6,7,27,124
Jae Crowder,203109,2023-24,00,1610612749,MIL,33.0,50,25,1156,114,270,0.422,58,166,0.349,26,36,0.722,31,130,161,66,38,9,23,74,312
Jae Crowder,203109,2024-25,00,1610612758,SAC,34.0,9,2,103,7,22,0.318,4,15,0.267,5,6,0.833,6,14,20,6,3,0,4,10,23
Jae'Sean Tate,1630256,2020-21,00,1610612745,HOU,25.0,70,58,2043,316,625,0.506,60,195,0.308,102,147,0.694,132,242,374,178,85,36,98,222,794
Jae'Sean Tate,1630256,2021-22,00,1610612745,HOU,26.0,78,77,2056,363,729,0.498,63,202,0.312,130,184,0.707,135,285,420,222,72,41,139,286,919
Jae'Sean Tate,1630256,2022-23,00,1610612745,HOU,27.0,31,7,677,110,229,0.48,13,46,0.283,50,69,0.725,41,77,118,84,21,7,47,106,283
Jae'Sean Tate,1630256,2023-24,00,1610612745,HOU,28.0,65,9,1031,108,229,0.472,23,77,0.299,26,39,0.667,61,136,197,64,42,15,37,137,265
Jae'Sean Tate,1630256,2024-25,00,1610612745,HOU,29.0,52,2,588,70,148,0.473,16,46,0.348,32,47,0.681,50,67,117,47,26,7,22,82,188
Jahlil Okafor,1626143,2020-21,00,1610612765,DET,25.0,27,2,347,63,102,0.618,2,9,0.222,17,24,0.708,23,43,66,13,6,5,21,39,145
Jahlil Okafor,1626143,2024-25,00,1610612754,IND,29.0,1,0,3,0,0,0.0,0,0,0.0,0,0,0.0,0,1,1,1,0,0,0,0,0
Jake Layman,1627774,2020-21,00,1610612750,MIN,27.0,45,11,627,91,184,0.495,23,78,0.295,26,37,0.703,13,54,67,28,29,19,26,44,231
Jake Layman,1627774,2021-22,00,1610612750,MIN,28.0,34,1,231,30,73,0.411,8,35,0.229,13,18,0.722,6,30,36,9,7,5,10,12,81
Jakob Poeltl,1627751,2020-21,00,1610612759,SAS,25.0,69,51,1845,265,430,0.616,0,0,0.0,63,124,0.508,219,328,547,134,47,123,83,172,593
Jakob Poeltl,1627751,2021-22,00,1610612759,SAS,26.0,68,67,1970,410,663,0.618,1,1,1.0,94,190,0.495,262,372,634,189,45,118,109,212,915
Jakob Poeltl,1627751,2022-23,00,1610612759,SAS,27.0,46,46,1199,239,388,0.616,0,1,0.0,78,129,0.605,152,264,416,141,36,52,96,118,556
Jakob Poeltl,1627751,2022-23,00,1610612761,TOR,27.0,26,25,707,150,230,0.652,0,0,0.0,41,72,0.569,84,153,237,56,30,34,29,77,341
Jakob Poeltl,1627751,2022-23,00,0,TOT,27.0,72,71,1906,389,618,0.629,0,1,0.0,119,201,0.592,236,417,653,197,66,86,125,195,897
Jakob Poeltl,1627751,2023-24,00,1610612761,TOR,28.0,50,50,1319,248,378,0.656,0,0,0.0,59,107,0.551,146,283,429,127,35,76,77,149,555
Jakob Poeltl,1627751,2024-25,00,1610612761,TOR,29.0,57,56,1686,363,579,0.627,1,3,0.333,97,144,0.674,189,358,547,158,66,71,111,176,824
Jalen Brunson,1628973,2020-21,00,1610612742,DAL,24.0,68,12,1697,328,627,0.523,81,200,0.405,120,151,0.795,27,204,231,239,35,1,80,109,857
Jalen Brunson,1628973,2021-22,00,1610612742,DAL,25.0,79,61,2524,506,1008,0.502,94,252,0.373,179,213,0.84,43,266,309,377,66,3,124,151,1285
Jalen Brunson,1628973,2022-23,00,1610612752,NYK,26.0,68,68,2379,587,1195,0.491,134,322,0.416,325,392,0.829,40,201,241,421,61,15,142,152,1633
Jalen Brunson,1628973,2023-24,00,1610612752,NYK,27.0,77,77,2726,790,1648,0.479,211,526,0.401,421,497,0.847,43,235,278,519,70,13,186,144,2212
Jalen Brunson,1628973,2024-25,00,1610612752,NYK,28.0,65,65,2301,585,1200,0.487,152,397,0.383,368,448,0.821,27,160,187,475,60,8,164,138,1690
Jalen Duren,1631105,2022-23,00,1610612765,DET,19.0,67,31,1670,258,398,0.648,0,2,0.0,96,157,0.611,229,366,595,75,44,59,92,182,612
Jalen Duren,1631105,2023-24,00,1610612765,DET,20.0,61,60,1777,349,564,0.619,0,4,0.0,143,181,0.79,192,517,709,147,33,47,129,192,841
Jalen Duren,1631105,2024-25,00,1610612765,DET,21.0,78,78,2034,378,546,0.692,0,0,0.0,162,242,0.669,277,530,807,209,54,89,136,251,918
Jalen Green,1630224,2021-22,00,1610612745,HOU,20.0,67,67,2138,406,954,0.426,157,458,0.343,188,236,0.797,33,193,226,176,44,18,135,103,1157
Jalen Green,1630224,2022-23,00,1610612745,HOU,21.0,76,76,2602,566,1359,0.416,187,554,0.338,364,463,0.786,43,241,284,281,59,18,200,131,1683
Jalen Green,1630224,2023-24,00,1610612745,HOU,22.0,82,82,2601,563,1332,0.423,201,605,0.332,283,352,0.804,41,382,423,291,66,28,191,115,1610
Jalen Green,1630224,2024-25,00,1610612745,HOU,23.0,82,82,2697,608,1437,0.423,234,661,0.354,273,336,0.813,45,332,377,282,71,27,203,127,1723
Jalen Johnson,1630552,2022-23,00,1610612737,ATL,21.0,70,6,1042,158,322,0.491,30,104,0.288,49,78,0.628,51,231,282,83,38,34,41,113,395
Jalen Johnson,1630552,2023-24,00,1610612737,ATL,22.0,56,52,1889,359,702,0.511,71,200,0.355,107,147,0.728,74,414,488,203,67,47,101,133,896
Jalen Johnson,1630552,2024-25,00,1610612737,ATL,23.0,36,36,1284,271,542,0.5,44,141,0.312,94,126,0.746,62,297,359,181,56,36,106,67,680
Jalen McDaniels,1629667,2020-21,00,1610612766,CHA,23.0,47,18,904,133,284,0.468,35,105,0.333,45,64,0.703,45,124,169,53,28,19,45,95,346
Jalen McDaniels,1629667,2021-22,00,1610612766,CHA,24.0,55,2,895,123,254,0.484,41,108,0.38,53,72,0.736,37,133,170,58,26,22,36,93,340
Jalen McDaniels,1629667,2022-23,00,1610612766,CHA,25.0,56,21,1494,221,494,0.447,65,202,0.322,88,104,0.846,44,226,270,111,66,29,80,158,595
Jalen McDaniels,1629667,2022-23,00,1610612755,PHI,25.0,24,3,419,60,123,0.488,12,30,0.4,28,34,0.824,19,57,76,19,17,5,13,51,160
Jalen McDaniels,1629667,2022-23,00,0,TOT,25.0,80,24,1913,281,617,0.455,77,232,0.332,116,138,0.841,63,283,346,130,83,34,93,209,755
Jalen McDaniels,1629667,2023-24,00,1610612761,TOR,26.0,50,1,538,65,189,0.344,12,71,0.169,27,37,0.73,18,61,79,37,19,6,30,52,169
Jalen McDaniels,1629667,2024-25,00,1610612764,WAS,27.0,4,0,7,0,0,0.0,0,0,0.0,0,0,0.0,0,0,0,1,1,0,0,0,0
Jalen Smith,1630188,2021-22,00,1610612756,PHX,22.0,29,4,382,63,137,0.46,9,39,0.231,40,52,0.769,55,84,139,6,6,18,22,52,175
Jalen Smith,1630188,2021-22,00,1610612754,IND,22.0,22,4,543,113,213,0.531,31,83,0.373,38,50,0.76,46,122,168,18,9,23,20,44,295
Jalen Smith,1630188,2021-22,00,0,TOT,22.0,51,8,924,176,350,0.503,40,122,0.328,78,102,0.765,101,206,307,24,15,41,42,96,470
Jalen Smith,1630188,2022-23,00,1610612754,IND,23.0,68,31,1279,242,508,0.476,54,191,0.283,104,137,0.759,129,265,394,66,21,60,72,153,642
Jalen Smith,1630188,2023-24,00,1610612754,IND,24.0,61,14,1047,234,395,0.592,61,144,0.424,72,104,0.692,112,225,337,63,17,38,44,124,601
Jalen Smith,1630188,2024-25,00,1610612741,CHI,25.0,64,2,962,190,408,0.466,72,222,0.324,72,89,0.809,89,268,357,65,17,44,37,95,524
Jalen Suggs,1630591,2021-22,00,1610612753,ORL,21.0,48,45,1307,198,548,0.361,42,196,0.214,126,163,0.773,26,145,171,209,59,19,143,142,564
Jalen Suggs,1630591,2022-23,00,1610612753,ORL,22.0,53,19,1246,186,444,0.419,66,202,0.327,86,119,0.723,55,106,161,155,67,27,94,120,524
Jalen Suggs,1630591,2023-24,00,1610612753,ORL,23.0,75,75,2025,336,714,0.471,153,385,0.397,118,156,0.756,48,181,229,205,106,47,132,205,943
Jalen Suggs,1630591,2024-25,00,1610612753,ORL,24.0,35,35,1002,197,481,0.41,76,242,0.314,97,110,0.882,23,118,141,129,51,33,102,98,567
Jalen Williams,1631114,2022-23,00,1610612760,OKC,22.0,75,62,2276,414,794,0.521,73,205,0.356,155,191,0.812,84,253,337,248,103,35,123,191,1056
Jalen Williams,1631114,2023-24,00,1610612760,OKC,23.0,71,71,2224,536,993,0.54,103,241,0.427,180,221,0.814,37,245,282,322,80,45,123,175,1355
Jalen Williams,1631114,2024-25,00,1610612760,OKC,24.0,69,69,2237,565,1168,0.484,124,340,0.365,236,299,0.789,59,310,369,354,111,46,150,158,1490
Jamal Cain,1631288,2022-23,00,1610612748,MIA,24.0,18,0,240,37,66,0.561,7,20,0.35,17,22,0.773,15,37,52,12,11,1,6,21,98
Jamal Cain,1631288,2023-24,00,1610612748,MIA,25.0,26,1,259,34,79,0.43,11,31,0.355,18,23,0.783,15,22,37,10,10,5,8,22,97
Jamal Cain,1631288,2024-25,00,1610612740,NOP,26.0,37,0,502,68,158,0.43,26,80,0.325,34,50,0.68,27,58,85,22,23,9,22,46,196
Jamal Murray,1627750,2020-21,00,1610612743,DEN,24.0,48,48,1704,378,792,0.477,129,316,0.408,133,153,0.869,37,157,194,231,64,13,108,95,1018
Jamal Murray,1627750,2022-23,00,1610612743,DEN,26.0,65,65,2133,473,1041,0.454,172,432,0.398,180,216,0.833,48,209,257,400,66,16,145,103,1298
Jamal Murray,1627750,2023-24,00,1610612743,DEN,27.0,59,59,1861,474,986,0.481,145,341,0.425,157,184,0.853,42,200,242,384,57,39,125,104,1250
Jamal Murray,1627750,2024-25,00,1610612743,DEN,28.0,67,67,2418,531,1121,0.474,156,397,0.393,218,246,0.886,45,216,261,403,91,33,138,128,1436
James Ennis III,203516,2020-21,00,1610612753,ORL,30.0,41,37,986,115,243,0.473,45,104,0.433,70,87,0.805,43,123,166,62,32,7,36,84,345
James Ennis III,203516,2021-22,00,1610612751,BKN,31.0,2,0,14,2,7,0.286,1,2,0.5,0,0,0.0,2,3,5,0,1,1,0,0,5
James Ennis III,203516,2021-22,00,1610612746,LAC,31.0,2,0,28,7,11,0.636,2,4,0.5,4,4,1.0,2,3,5,0,1,1,1,4,20
James Ennis III,203516,2021-22,00,1610612743,DEN,31.0,3,0,14,2,6,0.333,0,2,0.0,0,1,0.0,1,1,2,3,0,0,1,1,4
James Ennis III,203516,2021-22,00,0,TOT,31.0,7,0,56,11,24,0.458,3,8,0.375,4,5,0.8,5,7,12,3,2,2,2,5,29
James Harden,201935,2020-21,00,1610612745,HOU,31.0,8,8,290,60,135,0.444,25,72,0.347,53,60,0.883,5,36,41,83,7,6,34,14,198
James Harden,201935,2020-21,00,1610612751,BKN,31.0,36,35,1319,282,599,0.471,96,262,0.366,225,263,0.856,30,277,307,392,46,27,143,85,885
James Harden,201935,2020-21,00,0,TOT,31.0,44,43,1609,342,734,0.466,121,334,0.362,278,323,0.861,35,313,348,475,53,33,177,99,1083
James Harden,201935,2021-22,00,1610612751,BKN,32.0,44,44,1627,292,706,0.414,102,307,0.332,304,350,0.869,42,309,351,447,56,31,212,105,990
James Harden,201935,2021-22,00,1610612755,PHI,32.0,21,21,792,115,286,0.402,46,141,0.326,166,186,0.892,13,136,149,220,26,5,72,48,442
James Harden,201935,2021-22,00,0,TOT,32.0,65,65,2420,407,992,0.41,148,448,0.33,470,536,0.877,55,445,500,667,82,36,284,153,1432
James Harden,201935,2022-23,00,1610612755,PHI,33.0,58,58,2135,371,842,0.441,161,418,0.385,313,361,0.867,40,314,354,618,71,31,195,112,1216
James Harden,201935,2023-24,00,1610612746,LAC,34.0,72,72,2470,352,822,0.428,186,488,0.381,302,344,0.878,34,335,369,614,77,57,185,127,1192
James Harden,201935,2024-25,00,1610612746,LAC,35.0,79,79,2789,531,1295,0.41,235,668,0.352,505,578,0.874,55,401,456,687,118,55,341,162,1802
James Johnson,201949,2020-21,00,1610612742,DAL,34.0,29,1,504,67,145,0.462,15,60,0.25,17,29,0.586,14,72,86,50,24,23,27,59,166
James Johnson,201949,2020-21,00,1610612740,NOP,34.0,22,11,539,79,182,0.434,16,60,0.267,28,47,0.596,18,73,91,48,18,19,28,61,202
James Johnson,201949,2020-21,00,0,TOT,34.0,51,12,1043,146,327,0.446,31,120,0.258,45,76,0.592,32,145,177,98,42,42,55,120,368
James Johnson,201949,2021-22,00,1610612751,BKN,35.0,62,10,1191,144,307,0.469,23,85,0.271,29,55,0.527,51,164,215,130,30,34,48,162,340
James Johnson,201949,2022-23,00,1610612754,IND,36.0,18,1,162,22,49,0.449,3,15,0.2,4,8,0.5,4,26,30,15,7,6,8,32,51
James Johnson,201949,2023-24,00,1610612754,IND,37.0,9,0,47,3,10,0.3,0,2,0.0,2,2,1.0,1,3,4,8,5,1,5,9,8
James Johnson,201949,2024-25,00,1610612754,IND,38.0,12,0,37,4,11,0.364,0,3,0.0,0,1,0.0,0,6,6,4,0,2,4,5,8
James Wiseman,1630164,2020-21,00,1610612744,GSW,20.0,39,27,836,191,368,0.519,12,38,0.316,54,86,0.628,55,171,226,26,11,36,60,121,448
James Wiseman,1630164,2022-23,00,1610612744,GSW,22.0,21,0,262,59,94,0.628,1,2,0.5,26,38,0.684,18,55,73,14,3,7,14,39,145
James Wiseman,1630164,2022-23,00,1610612765,DET,22.0,24,22,605,130,245,0.531,3,18,0.167,42,59,0.712,55,139,194,16,4,20,37,69,305
James Wiseman,1630164,2022-23,00,0,TOT,22.0,45,22,867,189,339,0.558,4,20,0.2,68,97,0.701,73,194,267,30,7,27,51,108,450
James Wiseman,1630164,2023-24,00,1610612765,DET,23.0,63,6,1091,187,305,0.613,0,2,0.0,72,102,0.706,110,226,336,54,12,39,66,141,446
James Wiseman,1630164,2024-25,00,1610612754,IND,24.0,1,0,5,2,4,0.5,0,1,0.0,2,2,1.0,0,1,1,0,0,0,0,0,6
Jared Harper,1629607,2021-22,00,1610612740,NOP,24.0,5,0,43,14,26,0.538,5,12,0.417,4,4,1.0,2,0,2,14,4,1,2,5,37
Jaren Jackson Jr.,1628991,2020-21,00,1610612763,MEM,21.0,11,4,258,53,125,0.424,17,60,0.283,35,42,0.833,17,45,62,12,12,18,15,42,158
Jaren Jackson Jr.,1628991,2021-22,00,1610612763,MEM,22.0,78,78,2126,430,1036,0.415,128,401,0.319,284,345,0.823,119,335,454,86,73,177,130,272,1272
Jaren Jackson Jr.,1628991,2022-23,00,1610612763,MEM,23.0,63,63,1788,416,822,0.506,100,282,0.355,241,306,0.788,108,318,426,60,65,189,107,227,1173
Jaren Jackson Jr.,1628991,2023-24,00,1610612763,MEM,24.0,66,66,2124,516,1162,0.444,117,366,0.32,337,417,0.808,85,280,365,154,80,106,160,235,1486
Jaren Jackson Jr.,1628991,2024-25,00,1610612763,MEM,25.0,74,74,2207,592,1213,0.488,146,389,0.375,311,398,0.781,91,326,417,148,92,113,153,257,1641
Jarred Vanderbilt,1629020,2020-21,00,1610612750,MIN,22.0,64,30,1139,143,236,0.606,1,5,0.2,57,102,0.559,118,250,368,76,64,46,53,123,344
Jarred Vanderbilt,1629020,2021-22,00,1610612750,MIN,23.0,74,67,1881,212,361,0.587,2,14,0.143,86,131,0.656,215,409,624,94,99,46,73,181,512
Jarred Vanderbilt,1629020,2022-23,00,1610612762,UTA,24.0,52,41,1254,173,311,0.556,19,57,0.333,67,102,0.657,121,288,409,142,53,15,68,133,432
Jarred Vanderbilt,1629020,2022-23,00,1610612747,LAL,24.0,26,24,625,74,140,0.529,10,33,0.303,29,37,0.784,49,124,173,42,30,6,29,57,187
Jarred Vanderbilt,1629020,2022-23,00,0,TOT,24.0,78,65,1880,247,451,0.548,29,90,0.322,96,139,0.691,170,412,582,184,83,21,97,190,619
Jarred Vanderbilt,1629020,2023-24,00,1610612747,LAL,25.0,29,6,581,59,114,0.518,8,27,0.296,24,36,0.667,41,97,138,36,36,5,28,43,150
Jarred Vanderbilt,1629020,2024-25,00,1610612747,LAL,26.0,36,2,581,59,121,0.488,9,32,0.281,20,36,0.556,68,114,182,41,35,10,29,67,147
Jarrett Allen,1628386,2020-21,00,1610612751,BKN,23.0,12,5,320,44,65,0.677,0,0,0.0,46,61,0.754,38,87,125,20,7,19,22,21,134
Jarrett Allen,1628386,2020-21,00,1610612739,CLE,23.0,51,40,1544,254,417,0.609,6,19,0.316,158,229,0.69,158,348,506,86,25,71,78,75,672
Jarrett Allen,1628386,2020-21,00,0,TOT,23.0,63,45,1864,298,482,0.618,6,19,0.316,204,290,0.703,196,435,631,106,32,90,100,96,806
Jarrett Allen,1628386,2021-22,00,1610612739,CLE,24.0,56,56,1810,369,545,0.677,1,10,0.1,165,233,0.708,192,410,602,92,44,75,94,97,904
Jarrett Allen,1628386,2022-23,00,1610612739,CLE,25.0,68,68,2220,403,626,0.644,1,10,0.1,162,221,0.733,221,445,666,113,54,84,93,153,969
Jarrett Allen,1628386,2023-24,00,1610612739,CLE,26.0,77,77,2442,519,819,0.634,0,6,0.0,233,314,0.742,243,568,811,210,53,81,121,147,1271
Jarrett Allen,1628386,2024-25,00,1610612739,CLE,27.0,82,82,2296,452,640,0.706,0,5,0.0,199,277,0.718,216,582,798,158,77,73,97,127,1103
Jarrett Culver,1629633,2020-21,00,1610612750,MIN,22.0,34,7,499,69,168,0.411,13,53,0.245,29,48,0.604,34,70,104,24,17,9,28,58,180
Jarrett Culver,1629633,2021-22,00,1610612763,MEM,23.0,37,0,338,51,135,0.378,12,47,0.255,16,34,0.471,13,35,48,33,20,5,20,42,130
Jarrett Culver,1629633,2022-23,00,1610612737,ATL,24.0,10,1,137,17,43,0.395,1,12,0.083,9,13,0.692,10,28,38,6,6,2,7,14,44
Javonte Green,1629750,2021-22,00,1610612741,CHI,28.0,65,45,1519,176,325,0.542,36,101,0.356,80,96,0.833,91,185,276,60,67,32,30,132,468
Javonte Green,1629750,2022-23,00,1610612741,CHI,29.0,32,1,480,61,108,0.565,13,35,0.371,30,45,0.667,27,61,88,23,24,21,20,52,165
Javonte Green,1629750,2023-24,00,1610612741,CHI,30.0,9,5,230,45,75,0.6,10,27,0.37,10,13,0.769,20,47,67,5,10,8,7,19,110
Javonte Green,1629750,2024-25,00,1610612740,NOP,31.0,50,18,1092,100,224,0.446,38,108,0.352,50,66,0.758,49,129,178,45,55,30,28,77,288
Javonte Green,1629750,2024-25,00,1610612739,CLE,31.0,18,1,166,23,63,0.365,8,33,0.242,5,10,0.5,10,30,40,11,10,1,4,21,59
Javonte Green,1629750,2024-25,00,0,TOT,31.0,68,19,1258,123,287,0.429,46,141,0.326,55,76,0.724,59,159,218,56,65,31,32,98,347
Jaxson Hayes,1629637,2020-21,00,1610612740,NOP,21.0,60,3,964,175,280,0.625,6,14,0.429,93,120,0.775,92,165,257,35,25,38,39,101,449
Jaxson Hayes,1629637,2021-22,00,1610612740,NOP,22.0,70,28,1398,245,398,0.616,20,57,0.351,144,188,0.766,115,200,315,43,33,55,54,155,654
Jaxson Hayes,1629637,2022-23,00,1610612740,NOP,23.0,47,2,610,86,156,0.551,3,29,0.103,58,83,0.699,39,93,132,34,20,19,31,67,233
Jaxson Hayes,1629637,2023-24,00,1610612747,LAL,24.0,70,5,877,126,175,0.72,0,8,0.0,51,82,0.622,69,142,211,33,34,29,43,123,303
Jaxson Hayes,1629637,2024-25,00,1610612747,LAL,25.0,56,35,1093,161,223,0.722,0,3,0.0,61,98,0.622,78,191,269,58,31,51,43,136,383
Jay Huff,1630643,2022-23,00,1610612764,WAS,25.0,7,0,95,15,25,0.6,6,12,0.5,15,16,0.938,6,15,21,10,3,4,5,15,51
Jay Huff,1630643,2023-24,00,1610612743,DEN,26.0,20,0,49,9,15,0.6,3,9,0.333,2,2,1.0,2,9,11,2,2,3,1,9,23
Jay Huff,1630643,2024-25,00,1610612763,MEM,27.0,64,2,748,157,305,0.515,81,200,0.405,44,56,0.786,30,99,129,38,16,56,34,78,439
Jaylen Brown,1627759,2020-21,00,1610612738,BOS,24.0,58,58,1999,538,1111,0.484,163,411,0.397,191,250,0.764,71,276,347,195,72,32,158,168,1430
Jaylen Brown,1627759,2021-22,00,1610612738,BOS,25.0,66,66,2220,576,1217,0.473,166,464,0.358,241,318,0.758,53,351,404,231,70,18,178,163,1559
Jaylen Brown,1627759,2022-23,00,1610612738,BOS,26.0,67,67,2405,679,1383,0.491,163,487,0.335,263,344,0.765,78,381,459,232,75,26,197,172,1784
Jaylen Brown,1627759,2023-24,00,1610612738,BOS,27.0,70,70,2343,627,1256,0.499,145,410,0.354,211,300,0.703,84,303,387,249,83,37,166,185,1610
Jaylen Brown,1627759,2024-25,00,1610612738,BOS,28.0,63,63,2158,518,1118,0.463,116,358,0.324,246,322,0.764,82,286,368,286,73,19,162,154,1398
Jaylen Hoard,1629658,2020-21,00,1610612760,OKC,22.0,19,0,320,44,88,0.5,0,11,0.0,28,41,0.683,21,44,65,24,13,5,17,19,116
Jaylen Hoard,1629658,2021-22,00,1610612760,OKC,23.0,7,5,240,44,90,0.489,9,25,0.36,6,14,0.429,30,54,84,17,6,5,8,14,103
Jaylen Nowell,1629669,2020-21,00,1610612750,MIN,21.0,42,0,759,142,335,0.424,50,150,0.333,45,55,0.818,19,76,95,62,22,12,28,72,379
Jaylen Nowell,1629669,2021-22,00,1610612750,MIN,22.0,62,1,975,196,413,0.475,63,160,0.394,72,92,0.783,22,101,123,130,27,10,36,73,527
Jaylen Nowell,1629669,2022-23,00,1610612750,MIN,23.0,65,2,1252,280,625,0.448,67,232,0.289,77,99,0.778,36,134,170,132,42,5,65,101,704
Jaylen Nowell,1629669,2023-24,00,1610612763,MEM,24.0,9,1,156,22,55,0.4,4,23,0.174,3,3,1.0,3,11,14,16,3,0,5,13,51
Jaylen Nowell,1629669,2023-24,00,1610612765,DET,24.0,4,0,58,12,23,0.522,2,6,0.333,4,6,0.667,3,7,10,3,1,2,2,2,30
Jaylen Nowell,1629669,2023-24,00,0,TOT,24.0,13,1,214,34,78,0.436,6,29,0.207,7,9,0.778,6,18,24,19,4,2,7,15,81
Jaylen Nowell,1629669,2024-25,00,1610612740,NOP,25.0,8,0,168,26,73,0.356,8,27,0.296,7,11,0.636,6,14,20,18,1,4,8,9,67
Jaylin Williams,1631119,2022-23,00,1610612760,OKC,21.0,49,36,914,102,234,0.436,46,113,0.407,38,54,0.704,44,197,241,76,28,12,37,111,288
Jaylin Williams,1631119,2023-24,00,1610612760,OKC,22.0,69,1,897,95,228,0.417,53,144,0.368,33,41,0.805,36,198,234,110,28,27,34,98,276
Jaylin Williams,1631119,2024-25,00,1610612760,OKC,23.0,47,9,784,97,221,0.439,61,153,0.399,23,30,0.767,48,214,262,120,22,29,35,79,278
Jayson Tatum,1628369,2020-21,00,1610612738,BOS,23.0,64,64,2290,605,1318,0.459,187,485,0.386,295,340,0.868,50,422,472,276,75,31,171,122,1692
Jayson Tatum,1628369,2021-22,00,1610612738,BOS,24.0,76,76,2731,708,1564,0.453,230,651,0.353,400,469,0.853,85,524,609,334,75,49,217,174,2046
Jayson Tatum,1628369,2022-23,00,1610612738,BOS,25.0,74,74,2732,727,1559,0.466,240,686,0.35,531,622,0.854,78,571,649,342,78,51,213,160,2225
Jayson Tatum,1628369,2023-24,00,1610612738,BOS,26.0,74,74,2645,672,1426,0.471,229,609,0.376,414,497,0.833,67,534,601,364,75,43,188,145,1987
Jayson Tatum,1628369,2024-25,00,1610612738,BOS,27.0,72,72,2624,662,1465,0.452,250,728,0.343,358,440,0.814,48,575,623,431,76,38,209,157,1932
Jeff Dowtin Jr.,1630288,2022-23,00,1610612761,TOR,26.0,25,0,259,25,57,0.439,5,16,0.313,6,9,0.667,6,17,23,31,9,3,5,13,61
Jeff Dowtin Jr.,1630288,2023-24,00,1610612755,PHI,27.0,12,0,142,20,36,0.556,9,19,0.474,3,4,0.75,3,17,20,27,7,1,5,1,52
Jeff Dowtin Jr.,1630288,2024-25,00,1610612755,PHI,28.0,41,3,621,112,230,0.487,28,70,0.4,33,45,0.733,12,48,60,78,24,12,15,29,285
Jeff Green,201145,2020-21,00,1610612751,BKN,34.0,68,38,1835,261,530,0.492,103,250,0.412,125,161,0.776,34,229,263,108,36,27,54,122,750
Jeff Green,201145,2021-22,00,1610612743,DEN,35.0,75,63,1849,277,529,0.524,53,168,0.315,165,198,0.833,41,190,231,96,28,27,71,151,772
Jeff Green,201145,2022-23,00,1610612743,DEN,36.0,56,4,1091,160,328,0.488,30,104,0.288,87,117,0.744,38,106,144,69,18,17,46,99,437
Jeff Green,201145,2023-24,00,1610612745,HOU,37.0,78,6,1307,167,366,0.456,53,160,0.331,122,149,0.819,46,132,178,70,16,31,46,100,509
Jeff Green,201145,2024-25,00,1610612745,HOU,38.0,32,3,396,61,121,0.504,29,79,0.367,21,26,0.808,11,47,58,20,6,4,9,32,172
Jeff Teague,201952,2020-21,00,1610612738,BOS,33.0,34,5,616,78,188,0.415,26,56,0.464,51,61,0.836,10,47,57,73,26,7,39,43,233
Jeff Teague,201952,2020-21,00,1610612749,MIL,33.0,21,2,334,45,96,0.469,10,26,0.385,38,44,0.864,5,26,31,59,8,5,25,13,138
Jeff Teague,201952,2020-21,00,0,TOT,33.0,55,7,950,123,284,0.433,36,82,0.439,89,105,0.848,15,73,88,132,34,12,64,56,371
Jerami Grant,203924,2020-21,00,1610612765,DET,27.0,54,54,1829,400,932,0.429,115,329,0.35,290,343,0.845,35,215,250,152,35,58,109,125,1205
Jerami Grant,203924,2021-22,00,1610612765,DET,28.0,47,47,1500,298,699,0.426,91,254,0.358,217,259,0.838,28,163,191,111,44,49,85,107,904
Jerami Grant,203924,2022-23,00,1610612757,POR,29.0,63,63,2246,434,913,0.475,144,359,0.401,278,342,0.813,53,230,283,150,51,53,116,152,1290
Jerami Grant,203924,2023-24,00,1610612757,POR,30.0,54,54,1830,383,850,0.451,111,276,0.402,255,312,0.817,37,154,191,152,45,34,116,117,1132
Jerami Grant,203924,2024-25,00,1610612757,POR,31.0,47,47,1524,214,574,0.373,108,296,0.365,141,166,0.849,26,137,163,101,41,46,65,109,677
Jeremiah Robinson-Earl,1630526,2021-22,00,1610612760,OKC,21.0,49,36,1087,134,324,0.414,58,165,0.352,40,54,0.741,75,199,274,49,29,15,39,75,366
Jeremiah Robinson-Earl,1630526,2022-23,00,1610612760,OKC,22.0,43,20,814,110,248,0.444,37,111,0.333,35,42,0.833,71,109,180,43,24,11,19,71,292
Jeremiah Robinson-Earl,1630526,2023-24,00,1610612740,NOP,23.0,39,1,334,45,95,0.474,13,39,0.333,12,16,0.75,23,53,76,21,10,4,16,24,115
Jeremiah Robinson-Earl,1630526,2024-25,00,1610612740,NOP,24.0,66,9,1239,158,347,0.455,56,164,0.341,46,55,0.836,110,205,315,88,39,7,51,79,418
Jeremy Lamb,203087,2020-21,00,1610612754,IND,29.0,36,8,765,120,276,0.435,52,128,0.406,71,75,0.947,25,106,131,53,34,23,22,72,363
Jeremy Lamb,203087,2021-22,00,1610612754,IND,30.0,39,0,613,85,228,0.373,39,117,0.333,67,80,0.838,15,79,94,51,23,14,24,44,276
Jeremy Lamb,203087,2021-22,00,1610612758,SAC,30.0,17,0,322,48,119,0.403,16,53,0.302,22,26,0.846,11,49,60,30,8,8,13,15,134
Jeremy Lamb,203087,2021-22,00,0,TOT,30.0,56,0,936,133,347,0.383,55,170,0.324,89,106,0.84,26,128,154,81,31,22,37,59,410
Jeremy Sochan,1631110,2022-23,00,1610612759,SAS,20.0,56,53,1458,250,552,0.453,33,134,0.246,81,116,0.698,95,200,295,142,43,23,97,138,614
Jeremy Sochan,1631110,2023-24,00,1610612759,SAS,21.0,74,73,2193,340,776,0.438,70,227,0.308,111,144,0.771,137,339,476,249,62,40,140,168,861
Jeremy Sochan,1631110,2024-25,00,1610612759,SAS,22.0,54,23,1364,251,469,0.535,28,91,0.308,87,125,0.696,127,225,352,128,45,27,84,131,617
Jerome Robinson,1629010,2020-21,00,1610612764,WAS,24.0,17,6,305,28,95,0.295,11,42,0.262,16,20,0.8,4,34,38,25,12,6,19,31,83
Jerome Robinson,1629010,2023-24,00,1610612744,GSW,27.0,22,0,81,11,33,0.333,2,17,0.118,7,11,0.636,1,5,6,5,1,3,2,5,31
Jevon Carter,1628975,2022-23,00,1610612749,MIL,27.0,81,39,1812,239,565,0.423,142,337,0.421,31,38,0.816,35,167,202,197,66,29,78,158,651
Jevon Carter,1628975,2023-24,00,1610612741,CHI,28.0,72,0,1004,138,365,0.378,77,234,0.329,4,7,0.571,11,49,60,94,37,16,36,71,357
Jevon Carter,1628975,2024-25,00,1610612741,CHI,29.0,36,1,321,55,146,0.377,35,105,0.333,8,10,0.8,4,35,39,40,13,3,11,15,153
Jock Landale,1629111,2022-23,00,1610612756,PHX,27.0,69,4,979,178,337,0.528,21,84,0.25,79,105,0.752,119,161,280,68,16,30,59,126,456
Jock Landale,1629111,2023-24,00,1610612745,HOU,28.0,56,3,764,106,206,0.515,10,40,0.25,52,65,0.8,88,84,172,65,20,33,31,74,274
Jock Landale,1629111,2024-25,00,1610612745,HOU,29.0,42,3,500,81,152,0.533,11,26,0.423,27,40,0.675,56,81,137,37,13,10,21,49,200
Joe Harris,203925,2020-21,00,1610612751,BKN,29.0,69,65,2142,357,707,0.505,211,444,0.475,49,63,0.778,43,205,248,130,46,14,62,141,974
Joe Harris,203925,2021-22,00,1610612751,BKN,30.0,14,14,423,56,124,0.452,41,88,0.466,5,6,0.833,5,51,56,14,7,2,16,31,158
Joe Harris,203925,2022-23,00,1610612751,BKN,31.0,74,33,1527,201,440,0.457,142,333,0.426,18,28,0.643,23,141,164,101,34,13,41,140,562
Joe Harris,203925,2023-24,00,1610612765,DET,32.0,16,0,170,14,39,0.359,10,30,0.333,1,2,0.5,3,10,13,10,3,2,4,19,39
Joe Ingles,204060,2020-21,00,1610612762,UTA,33.0,67,30,1867,275,562,0.489,183,406,0.451,76,90,0.844,27,217,244,318,45,12,117,120,809
Joe Ingles,204060,2021-22,00,1610612762,UTA,34.0,45,15,1122,115,285,0.404,78,225,0.347,17,22,0.773,12,119,131,158,23,5,46,82,325
Joe Ingles,204060,2022-23,00,1610612749,MIL,35.0,46,0,1044,108,248,0.435,83,203,0.409,18,21,0.857,13,115,128,150,33,6,55,74,317
Joe Ingles,204060,2023-24,00,1610612753,ORL,36.0,68,0,1169,99,227,0.436,70,161,0.435,28,34,0.824,18,124,142,203,43,5,67,88,296
Joe Ingles,204060,2024-25,00,1610612750,MIN,37.0,19,1,114,6,23,0.261,3,15,0.2,0,0,0.0,2,9,11,23,2,0,9,12,15
Joel Embiid,203954,2020-21,00,1610612755,PHI,27.0,51,51,1585,461,899,0.513,58,154,0.377,471,548,0.859,113,426,539,145,50,69,159,123,1451
Joel Embiid,203954,2021-22,00,1610612755,PHI,28.0,68,68,2296,666,1334,0.499,93,251,0.371,654,803,0.814,146,650,796,284,77,99,214,181,2079
Joel Embiid,203954,2022-23,00,1610612755,PHI,29.0,66,66,2284,728,1328,0.548,66,200,0.33,661,771,0.857,113,557,670,274,66,112,226,205,2183
Joel Embiid,203954,2023-24,00,1610612755,PHI,30.0,39,39,1309,450,851,0.529,54,139,0.388,399,452,0.883,95,335,430,219,46,66,150,112,1353
Joel Embiid,203954,2024-25,00,1610612755,PHI,31.0,19,19,574,140,315,0.444,23,77,0.299,149,169,0.882,36,119,155,85,14,18,62,42,452
John Collins,1628381,2020-21,00,1610612737,ATL,23.0,63,63,1848,429,771,0.556,83,208,0.399,170,204,0.833,118,349,467,78,34,63,84,193,1111
John Collins,1628381,2021-22,00,1610612737,ATL,24.0,54,53,1663,339,644,0.526,64,176,0.364,134,169,0.793,93,329,422,98,33,56,60,164,876
John Collins,1628381,2022-23,00,1610612737,ATL,25.0,71,71,2130,359,707,0.508,70,240,0.292,143,178,0.803,77,385,462,85,42,73,79,220,931
John Collins,1628381,2023-24,00,1610612762,UTA,26.0,68,66,1901,397,746,0.532,86,232,0.371,147,185,0.795,157,418,575,77,40,61,98,191,1027
John Collins,1628381,2024-25,00,1610612762,UTA,27.0,40,31,1221,280,531,0.527,59,148,0.399,139,164,0.848,89,238,327,80,39,40,103,116,758
John Konchar,1629723,2022-23,00,1610612763,MEM,27.0,72,23,1494,138,320,0.431,60,177,0.339,28,36,0.778,64,246,310,100,77,25,37,112,364
John Konchar,1629723,2023-24,00,1610612763,MEM,28.0,55,23,1174,88,208,0.423,38,120,0.317,21,25,0.84,72,185,257,110,51,51,46,76,235
John Konchar,1629723,2024-25,00,1610612763,MEM,29.0,46,4,558,41,91,0.451,23,62,0.371,7,8,0.875,37,114,151,42,30,14,16,32,112
John Wall,202322,2020-21,00,1610612745,HOU,30.0,40,40,1288,293,726,0.404,79,249,0.317,158,211,0.749,17,112,129,275,42,31,141,46,823
John Wall,202322,2022-23,00,1610612746,LAC,32.0,34,3,755,138,338,0.408,33,109,0.303,77,113,0.681,14,78,92,178,27,12,80,59,386
Johnny Davis,1631098,2022-23,00,1610612764,WAS,21.0,28,5,423,66,171,0.386,17,70,0.243,14,27,0.519,10,55,65,28,10,8,17,48,163
Johnny Davis,1631098,2023-24,00,1610612764,WAS,22.0,50,6,614,62,154,0.403,14,40,0.35,14,24,0.583,18,54,72,32,18,10,13,57,152
Johnny Davis,1631098,2024-25,00,1610612764,WAS,22.0,34,0,242,32,78,0.41,7,29,0.241,9,15,0.6,10,28,38,11,15,6,7,18,80
Johnny Juzang,1630548,2022-23,00,1610612762,UTA,22.0,18,0,232,35,104,0.337,15,63,0.238,2,4,0.5,8,31,39,8,4,3,3,13,87
Johnny Juzang,1630548,2023-24,00,1610612762,UTA,23.0,20,5,372,51,110,0.464,32,77,0.416,10,14,0.714,7,29,36,23,4,2,13,29,144
Johnny Juzang,1630548,2024-25,00,1610612762,UTA,24.0,64,18,1270,204,475,0.429,118,314,0.376,45,53,0.849,42,142,184,68,39,8,36,126,571
Jonas Valančiūnas,202685,2020-21,00,1610612763,MEM,29.0,62,61,1755,440,743,0.592,21,57,0.368,157,203,0.773,253,523,776,112,35,57,100,179,1058
Jonas Valančiūnas,202685,2021-22,00,1610612740,NOP,30.0,74,74,2240,510,938,0.544,57,158,0.361,237,289,0.82,226,617,843,190,41,60,179,247,1314
Jonas Valančiūnas,202685,2022-23,00,1610612740,NOP,31.0,79,79,1968,446,816,0.547,38,109,0.349,185,224,0.826,225,579,804,140,20,52,159,245,1115
Jonas Valančiūnas,202685,2023-24,00,1610612740,NOP,32.0,82,82,1925,402,719,0.559,37,120,0.308,161,205,0.785,186,535,721,173,32,68,111,218,1002
Jonas Valančiūnas,202685,2024-25,00,1610612764,WAS,33.0,49,12,982,231,422,0.547,7,27,0.259,95,106,0.896,120,284,404,108,22,28,88,97,564
Jonas Valančiūnas,202685,2024-25,00,1610612758,SAC,33.0,32,9,541,114,205,0.556,1,10,0.1,50,59,0.847,70,153,223,56,15,18,32,84,279
Jonas Valančiūnas,202685,2024-25,00,0,TOT,33.0,81,21,1524,345,627,0.55,8,37,0.216,145,165,0.879,190,437,627,164,37,46,120,181,843
Jonathan Isaac,1628371,2022-23,00,1610612753,ORL,25.0,11,0,124,22,53,0.415,6,15,0.4,5,9,0.556,15,29,44,6,14,4,4,5,55
Jonathan Isaac,1628371,2023-24,00,1610612753,ORL,26.0,58,2,915,146,286,0.51,42,112,0.375,59,82,0.72,73,187,260,30,43,70,27,64,393
Jonathan Isaac,1628371,2024-25,00,1610612753,ORL,27.0,71,1,1090,134,324,0.414,39,151,0.258,73,107,0.682,120,194,314,40,61,80,33,90,380
Jonathan Kuminga,1630228,2021-22,00,1610612744,GSW,19.0,70,12,1185,236,460,0.513,50,149,0.336,130,190,0.684,54,180,234,64,31,22,74,146,652
Jonathan Kuminga,1630228,2022-23,00,1610612744,GSW,20.0,67,16,1394,261,497,0.525,54,146,0.37,90,138,0.652,70,161,231,125,41,31,95,157,666
Jonathan Kuminga,1630228,2023-24,00,1610612744,GSW,21.0,74,46,1949,456,862,0.529,53,165,0.321,223,299,0.746,92,263,355,163,55,36,122,169,1188
Jonathan Kuminga,1630228,2024-25,00,1610612744,GSW,22.0,47,10,1144,258,568,0.454,46,151,0.305,157,235,0.668,56,161,217,104,38,21,71,90,719
Jordan Clarkson,203903,2020-21,00,1610612762,UTA,29.0,68,1,1818,457,1075,0.425,208,599,0.347,129,144,0.896,47,227,274,168,61,10,115,110,1251
Jordan Clarkson,203903,2021-22,00,1610612762,UTA,30.0,79,1,2141,466,1113,0.419,190,597,0.318,144,174,0.828,67,206,273,194,66,16,129,149,1266
Jordan Clarkson,203903,2022-23,00,1610612762,UTA,31.0,61,61,1988,458,1031,0.444,155,459,0.338,200,245,0.816,72,174,246,270,33,13,186,120,1271
Jordan Clarkson,203903,2023-24,00,1610612762,UTA,32.0,55,19,1682,337,816,0.413,91,309,0.294,177,201,0.881,49,139,188,277,35,6,146,81,942
Jordan Clarkson,203903,2024-25,00,1610612762,UTA,33.0,37,9,962,201,493,0.408,84,232,0.362,114,143,0.797,25,93,118,138,31,9,86,52,600
Jordan McLaughlin,1629162,2020-21,00,1610612750,MIN,25.0,51,2,938,100,242,0.413,33,92,0.359,23,30,0.767,21,87,108,193,51,6,51,44,256
Jordan McLaughlin,1629162,2021-22,00,1610612750,MIN,26.0,62,3,902,88,200,0.44,27,85,0.318,30,40,0.75,22,72,94,180,57,10,38,54,233
Jordan McLaughlin,1629162,2022-23,00,1610612750,MIN,27.0,43,0,679,61,145,0.421,24,78,0.308,15,18,0.833,15,47,62,148,32,4,33,28,161
Jordan McLaughlin,1629162,2023-24,00,1610612750,MIN,28.0,56,0,626,70,145,0.483,42,89,0.472,13,18,0.722,18,54,72,110,35,7,19,31,195
Jordan McLaughlin,1629162,2024-25,00,1610612758,SAC,29.0,28,0,190,16,44,0.364,10,26,0.385,11,16,0.688,4,17,21,24,11,0,11,13,53
Jordan McLaughlin,1629162,2024-25,00,1610612759,SAS,29.0,18,0,124,15,28,0.536,9,20,0.45,6,6,1.0,2,7,9,27,5,1,5,5,45
Jordan McLaughlin,1629162,2024-25,00,0,TOT,29.0,46,0,314,31,72,0.431,19,46,0.413,17,22,0.773,6,24,30,51,16,1,16,18,98
Jordan Nwora,1629670,2020-21,00,1610612749,MIL,22.0,30,2,274,62,135,0.459,28,62,0.452,19,25,0.76,9,51,60,7,17,8,24,22,171
Jordan Nwora,1629670,2021-22,00,1610612749,MIL,23.0,62,13,1185,186,462,0.403,79,227,0.348,36,43,0.837,37,184,221,59,25,17,57,78,487
Jordan Nwora,1629670,2022-23,00,1610612749,MIL,24.0,38,3,597,76,197,0.386,40,102,0.392,37,43,0.86,29,88,117,38,12,7,34,34,229
Jordan Nwora,1629670,2022-23,00,1610612754,IND,24.0,24,11,591,118,248,0.476,46,109,0.422,31,43,0.721,22,90,112,50,12,7,32,40,313
Jordan Nwora,1629670,2022-23,00,0,TOT,24.0,62,14,1188,194,445,0.436,86,211,0.408,68,86,0.791,51,178,229,88,24,14,66,74,542
Jordan Nwora,1629670,2023-24,00,1610612754,IND,25.0,18,0,183,37,82,0.451,11,36,0.306,9,11,0.818,8,25,33,18,6,1,12,19,94
Jordan Nwora,1629670,2023-24,00,1610612761,TOR,25.0,34,1,529,101,217,0.465,33,95,0.347,35,42,0.833,20,96,116,44,20,12,41,29,270
Jordan Nwora,1629670,2023-24,00,0,TOT,25.0,52,1,711,138,299,0.462,44,131,0.336,44,53,0.83,28,121,149,62,26,13,53,48,364
Jordan Poole,1629673,2020-21,00,1610612744,GSW,22.0,51,7,988,205,474,0.432,97,276,0.351,105,119,0.882,15,77,92,99,26,9,51,86,612
Jordan Poole,1629673,2021-22,00,1610612744,GSW,23.0,76,51,2283,474,1058,0.448,211,580,0.364,246,266,0.925,34,226,260,304,60,23,187,206,1405
Jordan Poole,1629673,2022-23,00,1610612744,GSW,24.0,82,43,2458,550,1278,0.43,214,637,0.336,361,415,0.87,32,193,225,369,63,21,252,214,1675
Jordan Poole,1629673,2023-24,00,1610612764,WAS,25.0,78,66,2346,490,1186,0.413,184,564,0.326,192,219,0.877,32,180,212,343,86,25,188,244,1356
Jordan Poole,1629673,2024-25,00,1610612764,WAS,26.0,68,68,2001,457,1057,0.432,235,622,0.378,242,274,0.883,31,172,203,303,86,27,204,201,1391
Jose Alvarado,1630631,2021-22,00,1610612740,NOP,24.0,54,1,834,131,294,0.446,32,110,0.291,36,53,0.679,25,75,100,152,71,7,40,73,330
Jose Alvarado,1630631,2022-23,00,1610612740,NOP,25.0,61,10,1310,201,489,0.411,83,247,0.336,65,80,0.813,28,113,141,186,67,10,81,125,550
Jose Alvarado,1630631,2023-24,00,1610612740,NOP,26.0,56,0,1028,142,345,0.412,78,207,0.377,35,52,0.673,25,103,128,117,59,15,40,89,397
Jose Alvarado,1630631,2024-25,00,1610612740,NOP,27.0,56,23,1366,204,521,0.392,111,309,0.359,60,74,0.811,27,109,136,259,74,14,86,91,579
Josh Christopher,1630528,2021-22,00,1610612745,HOU,20.0,74,2,1334,224,500,0.448,56,189,0.296,83,113,0.735,52,134,186,150,65,13,114,97,587
Josh Christopher,1630528,2022-23,00,1610612745,HOU,21.0,64,2,786,153,329,0.465,21,89,0.236,45,60,0.75,20,51,71,73,33,15,60,59,372
Josh Christopher,1630528,2024-25,00,1610612748,MIA,23.0,14,0,69,11,31,0.355,2,11,0.182,4,6,0.667,0,9,9,8,5,3,6,2,28
Josh Giddey,1630581,2021-22,00,1610612760,OKC,19.0,54,54,1700,281,670,0.419,56,213,0.263,56,79,0.709,98,323,421,345,51,20,171,88,674
Josh Giddey,1630581,2022-23,00,1610612760,OKC,20.0,76,76,2367,539,1118,0.482,76,234,0.325,106,145,0.731,148,451,599,469,57,31,211,143,1260
Josh Giddey,1630581,2023-24,00,1610612760,OKC,21.0,80,80,2012,402,847,0.475,82,243,0.337,100,124,0.806,111,403,514,386,51,44,168,111,986
Josh Giddey,1630581,2024-25,00,1610612741,CHI,22.0,70,69,2117,371,798,0.465,105,278,0.378,175,224,0.781,127,439,566,503,84,45,202,122,1022
Josh Green,1630182,2022-23,00,1610612742,DAL,22.0,60,21,1539,205,382,0.537,68,169,0.402,68,94,0.723,55,127,182,103,42,5,72,156,546
Josh Green,1630182,2023-24,00,1610612742,DAL,23.0,57,33,1505,179,374,0.479,72,187,0.385,39,57,0.684,40,144,184,130,47,9,60,107,469
Josh Green,1630182,2024-25,00,1610612766,CHA,24.0,68,67,1888,180,421,0.428,97,248,0.391,49,72,0.681,56,116,172,108,74,15,70,165,506
Josh Hart,1628404,2020-21,00,1610612740,NOP,26.0,47,4,1350,151,344,0.439,63,193,0.326,69,89,0.775,53,324,377,109,38,12,49,111,434
Josh Hart,1628404,2021-22,00,1610612740,NOP,27.0,41,40,1374,195,386,0.505,42,130,0.323,116,154,0.753,53,265,318,168,45,11,81,118,548
Josh Hart,1628404,2021-22,00,1610612757,POR,27.0,13,13,417,92,183,0.503,31,83,0.373,44,57,0.772,9,61,70,56,16,2,33,32,259
Josh Hart,1628404,2021-22,00,0,TOT,27.0,54,53,1791,287,569,0.504,73,213,0.343,160,211,0.758,62,326,388,224,61,13,114,150,807
Josh Hart,1628404,2022-23,00,1610612757,POR,28.0,51,51,1704,183,363,0.504,34,112,0.304,87,119,0.731,95,322,417,200,54,9,79,133,487
Josh Hart,1628404,2022-23,00,1610612752,NYK,28.0,25,1,750,92,157,0.586,27,52,0.519,45,57,0.789,47,129,176,90,34,12,38,62,256
Josh Hart,1628404,2022-23,00,0,TOT,28.0,76,52,2454,275,520,0.529,61,164,0.372,132,176,0.75,142,451,593,290,88,21,117,195,743
Josh Hart,1628404,2023-24,00,1610612752,NYK,29.0,81,42,2707,295,679,0.434,80,258,0.31,91,115,0.791,128,547,675,331,75,23,118,171,761
Josh Hart,1628404,2024-25,00,1610612752,NYK,30.0,77,77,2897,404,770,0.525,84,252,0.333,159,205,0.776,161,576,737,453,119,27,158,201,1051
Josh Jackson,1628367,2020-21,00,1610612765,DET,24.0,62,25,1560,296,707,0.419,77,257,0.3,159,218,0.729,57,197,254,143,53,47,142,178,828
Josh Jackson,1628367,2021-22,00,1610612765,DET,25.0,39,3,707,103,251,0.41,30,113,0.265,40,56,0.714,17,106,123,49,21,18,38,71,276
Josh Jackson,1628367,2021-22,00,1610612758,SAC,25.0,12,0,123,17,49,0.347,3,17,0.176,15,21,0.714,4,14,18,5,5,4,9,17,52
Josh Jackson,1628367,2021-22,00,0,TOT,25.0,51,3,830,120,300,0.4,33,130,0.254,55,77,0.714,21,120,141,54,26,22,47,88,328
Josh Minott,1631169,2022-23,00,1610612750,MIN,20.0,15,0,96,18,36,0.5,2,6,0.333,8,8,1.0,5,20,25,5,4,6,3,10,46
Josh Minott,1631169,2023-24,00,1610612750,MIN,21.0,32,0,91,17,36,0.472,4,10,0.4,12,14,0.857,4,13,17,8,5,5,2,10,50
Josh Minott,1631169,2024-25,00,1610612750,MIN,22.0,46,0,276,44,90,0.489,14,43,0.326,17,19,0.895,12,35,47,18,15,12,11,34,119
Josh Okogie,1629006,2020-21,00,1610612750,MIN,22.0,59,37,1197,102,254,0.402,29,108,0.269,83,108,0.769,63,93,156,63,54,28,43,123,316
Josh Okogie,1629006,2021-22,00,1610612750,MIN,23.0,49,6,516,42,104,0.404,14,47,0.298,35,51,0.686,29,41,70,25,26,12,23,53,133
Josh Okogie,1629006,2022-23,00,1610612756,PHX,24.0,72,26,1351,162,414,0.391,66,197,0.335,139,192,0.724,109,142,251,105,56,34,63,114,529
Josh Okogie,1629006,2023-24,00,1610612756,PHX,25.0,60,11,960,86,206,0.417,29,94,0.309,76,102,0.745,74,80,154,64,48,24,36,68,277
Josh Okogie,1629006,2024-25,00,1610612756,PHX,26.0,25,1,351,56,114,0.491,16,42,0.381,22,32,0.688,32,40,72,14,21,11,16,28,150
Josh Okogie,1629006,2024-25,00,1610612766,CHA,26.0,15,6,274,38,98,0.388,16,50,0.32,41,53,0.774,13,28,41,19,27,8,15,19,133
Josh Okogie,1629006,2024-25,00,0,TOT,26.0,40,7,625,94,212,0.443,32,92,0.348,63,85,0.741,45,68,113,33,48,19,31,47,283
Josh Richardson,1626196,2020-21,00,1610612742,DAL,27.0,59,56,1790,264,618,0.427,88,267,0.33,99,108,0.917,51,144,195,153,61,24,79,130,715
Josh Richardson,1626196,2021-22,00,1610612738,BOS,28.0,44,0,1087,152,343,0.443,62,156,0.397,61,71,0.859,26,99,125,66,34,23,39,82,427
Josh Richardson,1626196,2021-22,00,1610612759,SAS,28.0,21,7,513,82,191,0.429,40,90,0.444,35,37,0.946,16,44,60,49,22,6,27,34,239
Josh Richardson,1626196,2021-22,00,0,TOT,28.0,65,7,1600,234,534,0.438,102,246,0.415,96,108,0.889,42,143,185,115,56,29,66,116,666
Josh Richardson,1626196,2022-23,00,1610612759,SAS,29.0,42,6,997,177,406,0.436,74,207,0.357,53,60,0.883,30,89,119,137,40,11,63,70,481
Josh Richardson,1626196,2022-23,00,1610612740,NOP,29.0,23,4,533,62,148,0.419,33,86,0.384,16,21,0.762,11,45,56,37,29,9,23,47,173
Josh Richardson,1626196,2022-23,00,0,TOT,29.0,65,10,1530,239,554,0.431,107,293,0.365,69,81,0.852,41,134,175,174,69,20,86,117,654
Josh Richardson,1626196,2023-24,00,1610612748,MIA,30.0,43,6,1103,154,347,0.444,66,190,0.347,51,54,0.944,18,103,121,105,24,14,36,76,425
Josh Richardson,1626196,2024-25,00,1610612748,MIA,31.0,8,0,149,11,38,0.289,6,22,0.273,4,4,1.0,6,6,12,12,8,1,8,17,32
Joshua Primo,1630563,2021-22,00,1610612759,SAS,19.0,50,16,965,101,270,0.374,42,137,0.307,44,59,0.746,32,81,113,81,20,23,57,79,288
Joshua Primo,1630563,2022-23,00,1610612759,SAS,20.0,4,0,93,9,26,0.346,3,12,0.25,7,9,0.778,2,11,13,18,1,2,11,8,28
Joshua Primo,1630563,2023-24,00,1610612746,LAC,21.0,2,0,10,1,3,0.333,0,1,0.0,0,0,0.0,1,0,1,0,0,1,4,0,2
Jrue Holiday,201950,2020-21,00,1610612749,MIL,31.0,59,56,1907,414,823,0.503,111,283,0.392,107,136,0.787,73,195,268,357,96,37,127,98,1046
Jrue Holiday,201950,2021-22,00,1610612749,MIL,32.0,67,64,2207,478,954,0.501,132,321,0.411,137,180,0.761,69,232,301,457,108,29,183,133,1225
Jrue Holiday,201950,2022-23,00,1610612749,MIL,33.0,67,65,2183,490,1023,0.479,158,411,0.384,152,177,0.859,79,262,341,495,79,25,197,116,1290
Jrue Holiday,201950,2023-24,00,1610612738,BOS,34.0,69,69,2263,331,689,0.48,138,322,0.429,60,72,0.833,84,289,373,333,61,53,124,108,860
Jrue Holiday,201950,2024-25,00,1610612738,BOS,35.0,62,62,1896,254,573,0.443,108,306,0.353,70,77,0.909,76,189,265,239,66,27,77,101,686
Juan Toscano-Anderson,1629308,2020-21,00,1610612744,GSW,28.0,53,16,1108,121,209,0.579,37,92,0.402,22,31,0.71,29,206,235,150,41,26,61,111,301
Juan Toscano-Anderson,1629308,2021-22,00,1610612744,GSW,29.0,73,6,994,115,235,0.489,28,87,0.322,40,70,0.571,28,148,176,127,48,17,68,115,298
Juan Toscano-Anderson,1629308,2022-23,00,1610612747,LAL,30.0,30,7,365,33,66,0.5,4,20,0.2,11,15,0.733,14,47,61,25,10,7,17,46,81
Juan Toscano-Anderson,1629308,2022-23,00,1610612762,UTA,30.0,22,2,335,31,77,0.403,4,23,0.174,8,9,0.889,14,49,63,40,6,3,17,34,74
Juan Toscano-Anderson,1629308,2022-23,00,0,TOT,30.0,52,9,700,64,143,0.448,8,43,0.186,19,24,0.792,28,96,124,65,16,10,34,80,155
Juan Toscano-Anderson,1629308,2023-24,00,1610612758,SAC,31.0,11,0,53,3,12,0.25,1,4,0.25,0,0,0.0,4,10,14,4,1,1,2,11,7
Julius Randle,203944,2020-21,00,1610612752,NYK,26.0,71,71,2667,602,1321,0.456,160,389,0.411,348,429,0.811,84,640,724,427,64,18,241,225,1712
Julius Randle,203944,2021-22,00,1610612752,NYK,27.0,72,72,2544,512,1246,0.411,120,390,0.308,303,401,0.756,125,591,716,370,53,39,245,205,1447
Julius Randle,203944,2022-23,00,1610612752,NYK,28.0,77,77,2737,658,1432,0.459,218,636,0.343,402,531,0.757,141,626,767,316,49,21,216,233,1936
Julius Randle,203944,2023-24,00,1610612752,NYK,29.0,46,46,1630,395,836,0.472,76,244,0.311,236,302,0.781,99,324,423,229,25,12,159,125,1102
Julius Randle,203944,2024-25,00,1610612750,MIN,30.0,69,69,2226,455,939,0.485,108,314,0.344,270,335,0.806,144,343,487,323,47,16,196,175,1288
Justin Anderson,1626147,2021-22,00,1610612739,CLE,28.0,3,0,47,4,8,0.5,2,6,0.333,3,4,0.75,0,6,6,6,1,0,2,4,13
Justin Anderson,1626147,2021-22,00,1610612754,IND,28.0,13,6,269,32,87,0.368,13,53,0.245,12,15,0.8,4,36,40,27,7,6,6,18,89
Justin Anderson,1626147,2021-22,00,0,TOT,28.0,16,6,316,36,95,0.379,15,59,0.254,15,19,0.789,4,42,46,33,8,6,8,22,102
Justin Holiday,203200,2020-21,00,1610612754,IND,32.0,72,52,2183,258,625,0.413,173,453,0.382,67,85,0.788,32,224,256,119,74,41,54,135,756
Justin Holiday,203200,2021-22,00,1610612754,IND,33.0,49,40,1416,190,458,0.415,127,336,0.378,34,41,0.829,18,117,135,90,36,18,49,105,541
Justin Holiday,203200,2021-22,00,1610612758,SAC,33.0,25,25,641,71,204,0.348,50,146,0.342,16,21,0.762,11,44,55,38,21,15,21,49,208
Justin Holiday,203200,2021-22,00,0,TOT,33.0,74,65,2057,261,662,0.394,177,482,0.367,50,62,0.806,29,161,190,128,57,33,70,154,749
Justin Holiday,203200,2022-23,00,1610612737,ATL,34.0,28,0,411,48,125,0.384,30,87,0.345,0,0,0.0,2,21,23,25,5,10,12,37,126
Justin Holiday,203200,2022-23,00,1610612742,DAL,34.0,18,2,295,29,79,0.367,16,56,0.286,5,8,0.625,3,29,32,16,14,9,10,31,79
Justin Holiday,203200,2022-23,00,0,TOT,34.0,46,2,706,77,204,0.377,46,143,0.322,5,8,0.625,5,50,55,41,19,19,22,68,205
Justin Holiday,203200,2023-24,00,1610612743,DEN,35.0,58,9,862,88,194,0.454,55,136,0.404,3,4,0.75,9,62,71,67,36,9,14,69,234
Justin Jackson,1628382,2020-21,00,1610612760,OKC,26.0,33,3,544,86,212,0.406,34,111,0.306,30,35,0.857,14,57,71,51,15,2,31,31,236
Justin Jackson,1628382,2020-21,00,1610612749,MIL,26.0,1,0,33,3,9,0.333,2,6,0.333,1,2,0.5,2,4,6,1,0,0,1,1,9
Justin Jackson,1628382,2020-21,00,0,TOT,26.0,34,3,577,89,221,0.403,36,117,0.308,31,37,0.838,16,61,77,52,15,2,32,32,245
Justin Jackson,1628382,2021-22,00,1610612738,BOS,27.0,1,0,2,0,1,0.0,0,0,0.0,2,2,1.0,0,0,0,0,0,0,0,0,2
Justin Jackson,1628382,2021-22,00,1610612756,PHX,27.0,6,0,35,5,14,0.357,3,9,0.333,0,0,0.0,1,6,7,2,0,0,1,3,13
Justin Jackson,1628382,2021-22,00,0,TOT,27.0,7,0,36,5,15,0.333,3,9,0.333,2,2,1.0,1,6,7,2,0,0,1,3,15
Justin Jackson,1628382,2022-23,00,1610612738,BOS,28.0,23,0,107,7,27,0.259,5,20,0.25,1,2,0.5,2,15,17,9,4,4,2,7,20
Justin Jackson,1628382,2023-24,00,1610612750,MIN,29.0,2,0,1,0,0,0.0,0,0,0.0,0,0,0.0,0,0,0,0,0,0,0,0,0
Justin Patton,1628383,2020-21,00,1610612745,HOU,24.0,13,6,247,29,70,0.414,9,34,0.265,3,4,0.75,14,35,49,14,12,14,4,34,70
Justise Winslow,1626159,2020-21,00,1610612763,MEM,25.0,26,1,507,74,210,0.352,10,54,0.185,20,35,0.571,18,100,118,50,15,12,37,47,178
Justise Winslow,1626159,2021-22,00,1610612746,LAC,26.0,37,1,480,63,141,0.447,5,29,0.172,25,41,0.61,30,103,133,52,21,18,37,46,156
Justise Winslow,1626159,2021-22,00,1610612757,POR,26.0,11,10,295,47,116,0.405,10,37,0.27,14,25,0.56,20,49,69,32,14,7,12,21,118
Justise Winslow,1626159,2021-22,00,0,TOT,26.0,48,11,775,110,257,0.428,15,66,0.227,39,66,0.591,50,152,202,84,35,25,49,67,274
Justise Winslow,1626159,2022-23,00,1610612757,POR,27.0,29,11,776,81,198,0.409,14,45,0.311,20,28,0.714,49,96,145,98,30,11,43,89,196
Jusuf Nurkić,203994,2020-21,00,1610612757,POR,26.0,37,37,880,171,333,0.514,12,30,0.4,70,113,0.619,86,246,332,125,38,39,73,103,424
Jusuf Nurkić,203994,2021-22,00,1610612757,POR,27.0,56,56,1578,321,600,0.535,15,56,0.268,185,268,0.69,167,452,619,157,62,34,143,189,842
Jusuf Nurkić,203994,2022-23,00,1610612757,POR,28.0,52,52,1391,262,505,0.519,43,119,0.361,127,192,0.661,114,357,471,149,43,44,119,185,694
Jusuf Nurkić,203994,2023-24,00,1610612756,PHX,29.0,76,76,2078,320,627,0.51,22,90,0.244,167,261,0.64,224,613,837,301,81,80,175,254,829
Jusuf Nurkić,203994,2024-25,00,1610612756,PHX,30.0,25,23,592,74,163,0.454,19,59,0.322,48,69,0.696,46,183,229,47,23,16,57,78,215
Jusuf Nurkić,203994,2024-25,00,1610612766,CHA,30.0,26,9,471,94,189,0.497,13,46,0.283,37,59,0.627,39,130,169,68,17,18,40,52,238
Jusuf Nurkić,203994,2024-25,00,0,TOT,30.0,51,32,1063,168,352,0.477,32,105,0.305,85,128,0.664,85,313,398,115,40,34,97,130,453
KJ Martin,1630231,2020-21,00,1610612745,HOU,20.0,45,8,1068,162,318,0.509,35,96,0.365,60,84,0.714,73,169,242,48,30,41,38,89,419
KJ Martin,1630231,2021-22,00,1610612745,HOU,21.0,79,2,1656,279,523,0.533,60,168,0.357,78,123,0.634,80,217,297,101,34,40,60,113,696
KJ Martin,1630231,2022-23,00,1610612745,HOU,22.0,82,49,2292,410,720,0.569,68,216,0.315,151,222,0.68,126,326,452,123,41,30,91,147,1039
KJ Martin,1630231,2023-24,00,1610612746,LAC,23.0,2,0,31,4,10,0.4,1,5,0.2,1,2,0.5,1,2,3,1,2,1,2,3,10
KJ Martin,1630231,2023-24,00,1610612755,PHI,23.0,58,2,715,93,171,0.544,7,23,0.304,21,39,0.538,40,88,128,50,20,11,30,97,214
KJ Martin,1630231,2023-24,00,0,TOT,23.0,60,2,747,97,181,0.536,8,28,0.286,22,41,0.537,41,90,131,51,22,12,32,100,224
KJ Martin,1630231,2024-25,00,1610612755,PHI,24.0,24,7,480,61,99,0.616,8,21,0.381,24,29,0.828,21,51,72,19,11,16,12,62,154
KJ Martin,1630231,2024-25,00,1610612762,UTA,24.0,19,9,432,50,102,0.49,7,37,0.189,13,18,0.722,9,44,53,29,6,6,12,39,120
KJ Martin,1630231,2024-25,00,0,TOT,24.0,43,16,912,111,201,0.552,15,58,0.259,37,47,0.787,30,95,125,48,17,22,24,101,274
Karl-Anthony Towns,1626157,2020-21,00,1610612750,MIN,25.0,50,50,1689,425,875,0.486,122,315,0.387,267,311,0.859,133,396,529,225,39,57,160,186,1239
Karl-Anthony Towns,1626157,2021-22,00,1610612750,MIN,26.0,74,74,2475,642,1214,0.529,150,366,0.41,384,467,0.822,194,533,727,269,72,83,226,267,1818
Karl-Anthony Towns,1626157,2022-23,00,1610612750,MIN,27.0,29,29,957,212,428,0.495,60,164,0.366,118,135,0.874,48,188,236,140,20,17,86,111,602
Karl-Anthony Towns,1626157,2023-24,00,1610612750,MIN,28.0,62,62,2026,479,951,0.504,136,327,0.416,255,292,0.873,94,421,515,189,43,41,177,204,1349
Karl-Anthony Towns,1626157,2024-25,00,1610612752,NYK,29.0,72,72,2517,639,1215,0.526,142,338,0.42,339,409,0.829,212,708,920,222,71,50,192,249,1759
Kawhi Leonard,202695,2020-21,00,1610612746,LAC,30.0,52,52,1772,465,908,0.512,101,254,0.398,261,295,0.885,55,282,337,269,81,21,105,82,1292
Kawhi Leonard,202695,2022-23,00,1610612746,LAC,32.0,52,50,1748,446,871,0.512,104,250,0.416,243,279,0.871,57,281,338,204,72,28,88,84,1239
Kawhi Leonard,202695,2023-24,00,1610612746,LAC,33.0,68,68,2330,610,1162,0.525,140,336,0.417,253,286,0.885,84,332,416,244,111,59,119,97,1613
Kawhi Leonard,202695,2024-25,00,1610612746,LAC,34.0,37,37,1180,310,623,0.498,78,190,0.411,98,121,0.81,35,184,219,116,59,17,72,56,796
Keegan Murray,1631099,2022-23,00,1610612758,SAC,22.0,80,78,2382,354,782,0.453,206,501,0.411,62,81,0.765,89,282,371,98,61,42,60,162,976
Keegan Murray,1631099,2023-24,00,1610612758,SAC,23.0,77,77,2589,443,975,0.454,183,511,0.358,103,124,0.831,106,314,420,129,79,59,64,205,1172
Keegan Murray,1631099,2024-25,00,1610612758,SAC,24.0,76,76,2610,364,820,0.444,154,449,0.343,60,72,0.833,146,361,507,109,61,69,60,186,942
Keita Bates-Diop,1628966,2021-22,00,1610612759,SAS,26.0,59,14,957,136,263,0.517,17,55,0.309,46,61,0.754,62,169,231,41,27,14,45,61,335
Keita Bates-Diop,1628966,2022-23,00,1610612759,SAS,27.0,67,42,1453,236,465,0.508,56,142,0.394,119,150,0.793,65,183,248,103,46,20,56,63,647
Keita Bates-Diop,1628966,2023-24,00,1610612756,PHX,28.0,39,8,597,64,150,0.427,20,64,0.313,26,36,0.722,30,71,101,34,22,20,13,33,174
Keita Bates-Diop,1628966,2023-24,00,1610612751,BKN,28.0,14,0,68,8,16,0.5,1,5,0.2,6,6,1.0,1,8,9,4,3,2,2,2,23
Keita Bates-Diop,1628966,2023-24,00,0,TOT,28.0,53,8,665,72,166,0.434,21,69,0.304,32,42,0.762,31,79,110,38,25,22,15,35,197
Kelan Martin,1629103,2021-22,00,1610612754,IND,26.0,27,1,444,70,168,0.417,22,74,0.297,9,13,0.692,16,37,53,21,13,9,14,36,171
Kelan Martin,1629103,2021-22,00,1610612738,BOS,26.0,3,0,6,0,3,0.0,0,1,0.0,0,0,0.0,1,1,2,0,0,0,0,0,0
Kelan Martin,1629103,2021-22,00,0,TOT,26.0,30,1,450,70,171,0.409,22,75,0.293,9,13,0.692,17,38,55,21,13,9,14,36,171
Keldon Johnson,1629640,2020-21,00,1610612759,SAS,21.0,69,67,1968,338,705,0.479,60,181,0.331,145,196,0.74,93,319,412,121,40,24,78,142,881
Keldon Johnson,1629640,2021-22,00,1610612759,SAS,22.0,75,74,2392,471,1011,0.466,159,399,0.398,177,234,0.756,80,377,457,158,58,14,92,148,1278
Keldon Johnson,1629640,2022-23,00,1610612759,SAS,23.0,63,63,2063,503,1113,0.452,134,407,0.329,245,327,0.749,56,262,318,183,46,11,134,125,1385
Keldon Johnson,1629640,2023-24,00,1610612759,SAS,24.0,69,27,2038,391,862,0.454,127,367,0.346,175,221,0.792,95,282,377,195,51,20,100,149,1084
Keldon Johnson,1629640,2024-25,00,1610612759,SAS,25.0,77,0,1838,371,770,0.482,87,274,0.318,150,194,0.773,112,259,371,125,49,22,77,115,979
Kelly Olynyk,203482,2020-21,00,1610612748,MIA,30.0,43,38,1157,162,376,0.431,77,243,0.317,31,40,0.775,44,217,261,91,40,26,55,123,432
Kelly Olynyk,203482,2020-21,00,1610612745,HOU,30.0,27,24,840,175,321,0.545,49,125,0.392,114,135,0.844,43,185,228,112,39,16,71,84,513
Kelly Olynyk,203482,2020-21,00,0,TOT,30.0,70,62,1997,337,697,0.484,126,368,0.342,145,175,0.829,87,402,489,203,79,42,126,207,945
Kelly Olynyk,203482,2021-22,00,1610612765,DET,31.0,40,1,764,128,286,0.448,40,119,0.336,69,89,0.775,54,123,177,111,31,19,58,100,365
Kelly Olynyk,203482,2022-23,00,1610612762,UTA,32.0,68,68,1942,278,557,0.499,93,236,0.394,198,232,0.853,82,338,420,252,60,37,168,232,847
Kelly Olynyk,203482,2023-24,00,1610612762,UTA,33.0,50,8,1019,145,258,0.562,36,84,0.429,80,95,0.842,63,191,254,219,37,12,81,132,406
Kelly Olynyk,203482,2023-24,00,1610612761,TOR,33.0,28,19,739,131,239,0.548,24,71,0.338,70,85,0.824,45,112,157,128,37,18,71,98,356
Kelly Olynyk,203482,2023-24,00,0,TOT,33.0,78,27,1759,276,497,0.555,60,155,0.387,150,180,0.833,108,303,411,347,74,30,152,230,762
Kelly Olynyk,203482,2024-25,00,1610612761,TOR,34.0,24,2,383,59,118,0.5,19,43,0.442,34,43,0.791,25,64,89,56,16,8,35,59,171
Kelly Olynyk,203482,2024-25,00,1610612740,NOP,34.0,20,20,508,75,150,0.5,14,36,0.389,49,65,0.754,37,80,117,72,17,11,41,64,213
Kelly Olynyk,203482,2024-25,00,0,TOT,34.0,44,22,891,134,268,0.5,33,79,0.418,83,108,0.769,62,144,206,128,33,19,76,123,384
Kelly Oubre Jr.,1626162,2020-21,00,1610612744,GSW,25.0,55,50,1688,318,724,0.439,90,285,0.316,123,177,0.695,82,247,329,73,57,42,70,121,849
Kelly Oubre Jr.,1626162,2021-22,00,1610612766,CHA,26.0,76,13,1999,410,932,0.44,191,553,0.345,126,189,0.667,79,223,302,84,77,31,67,189,1137
Kelly Oubre Jr.,1626162,2022-23,00,1610612766,CHA,27.0,48,40,1548,353,819,0.431,108,339,0.319,158,208,0.76,65,184,249,54,68,18,64,141,972
Kelly Oubre Jr.,1626162,2023-24,00,1610612755,PHI,28.0,68,52,2055,387,878,0.441,101,325,0.311,174,232,0.75,94,247,341,101,77,47,87,194,1049
Kelly Oubre Jr.,1626162,2024-25,00,1610612755,PHI,29.0,60,57,2078,348,741,0.47,71,242,0.293,139,185,0.751,97,271,368,108,92,30,80,180,906
Kemba Walker,202689,2020-21,00,1610612738,BOS,31.0,43,43,1369,284,676,0.42,127,353,0.36,134,149,0.899,16,154,170,212,48,12,88,61,829
Kemba Walker,202689,2021-22,00,1610612752,NYK,32.0,37,37,948,149,370,0.403,73,199,0.367,60,71,0.845,14,97,111,131,26,7,48,37,431
Kemba Walker,202689,2022-23,00,1610612742,DAL,33.0,9,1,144,24,57,0.421,7,28,0.25,17,21,0.81,3,13,16,19,2,2,4,11,72
Kendrick Nunn,1629134,2020-21,00,1610612748,MIA,25.0,56,44,1650,319,658,0.485,122,320,0.381,56,60,0.933,21,158,179,148,52,14,80,108,816
Kendrick Nunn,1629134,2022-23,00,1610612747,LAL,27.0,39,2,528,102,251,0.406,41,126,0.325,17,21,0.81,5,50,55,34,11,3,31,35,262
Kendrick Nunn,1629134,2022-23,00,1610612764,WAS,27.0,31,0,436,89,199,0.447,38,97,0.392,18,20,0.9,10,44,54,56,17,4,35,31,234
Kendrick Nunn,1629134,2022-23,00,0,TOT,27.0,70,2,963,191,450,0.424,79,223,0.354,35,41,0.854,15,94,109,90,28,7,66,66,496
Kenrich Williams,1629026,2020-21,00,1610612760,OKC,26.0,66,13,1426,219,411,0.533,52,117,0.444,36,63,0.571,84,189,273,152,55,17,76,143,526
Kenrich Williams,1629026,2021-22,00,1610612760,OKC,27.0,49,0,1072,146,317,0.461,41,121,0.339,30,55,0.545,75,145,220,108,44,10,46,81,363
Kenrich Williams,1629026,2022-23,00,1610612760,OKC,28.0,53,10,1206,179,346,0.517,50,134,0.373,17,39,0.436,97,164,261,105,45,14,32,112,425
Kenrich Williams,1629026,2023-24,00,1610612760,OKC,29.0,69,1,1029,131,280,0.468,56,141,0.397,7,14,0.5,61,148,209,93,38,9,32,101,325
Kenrich Williams,1629026,2024-25,00,1610612760,OKC,30.0,69,7,1132,171,354,0.483,66,171,0.386,28,39,0.718,65,176,241,97,43,10,39,110,436
Kent Bazemore,203145,2020-21,00,1610612744,GSW,31.0,67,18,1334,176,392,0.449,75,184,0.408,54,78,0.692,26,203,229,108,69,33,82,158,481
Kent Bazemore,203145,2021-22,00,1610612747,LAL,32.0,39,14,545,45,139,0.324,29,80,0.363,13,17,0.765,13,56,69,34,25,9,21,70,132
Kentavious Caldwell-Pope,203484,2020-21,00,1610612747,LAL,28.0,67,67,1902,218,506,0.431,120,293,0.41,97,112,0.866,27,152,179,127,62,26,66,114,653
Kentavious Caldwell-Pope,203484,2021-22,00,1610612764,WAS,29.0,77,77,2329,361,829,0.435,159,408,0.39,137,154,0.89,41,220,261,145,83,26,97,139,1018
Kentavious Caldwell-Pope,203484,2022-23,00,1610612743,DEN,30.0,76,76,2381,292,632,0.462,135,319,0.423,103,125,0.824,35,173,208,183,112,35,86,145,822
Kentavious Caldwell-Pope,203484,2023-24,00,1610612743,DEN,31.0,76,76,2402,270,587,0.46,125,308,0.406,101,113,0.894,31,152,183,183,98,42,75,151,766
Kentavious Caldwell-Pope,203484,2024-25,00,1610612753,ORL,32.0,77,77,2279,239,544,0.439,113,330,0.342,82,95,0.863,33,136,169,136,99,34,62,136,673
Keon Ellis,1631165,2022-23,00,1610612758,SAC,23.0,16,0,71,7,16,0.438,6,12,0.5,4,7,0.571,4,4,8,6,5,1,1,10,24
Keon Ellis,1631165,2023-24,00,1610612758,SAC,24.0,57,21,979,107,232,0.461,70,168,0.417,26,35,0.743,32,92,124,85,51,29,37,112,310
Keon Ellis,1631165,2024-25,00,1610612758,SAC,25.0,80,28,1948,227,464,0.489,139,321,0.433,73,86,0.849,60,152,212,120,121,63,71,176,666
Keon Johnson,1630553,2021-22,00,1610612746,LAC,20.0,15,0,135,17,51,0.333,3,11,0.273,16,21,0.762,6,15,21,13,7,2,7,21,53
Keon Johnson,1630553,2021-22,00,1610612757,POR,20.0,22,12,562,79,221,0.357,31,89,0.348,25,30,0.833,18,42,60,63,21,10,39,48,214
Keon Johnson,1630553,2021-22,00,0,TOT,20.0,37,12,696,96,272,0.353,34,100,0.34,41,51,0.804,24,57,81,76,28,12,46,69,267
Keon Johnson,1630553,2022-23,00,1610612757,POR,21.0,40,0,416,67,178,0.376,28,81,0.346,27,41,0.659,11,33,44,59,19,6,43,43,189
Keon Johnson,1630553,2023-24,00,1610612751,BKN,22.0,5,0,61,8,21,0.381,4,10,0.4,11,12,0.917,3,4,7,3,3,1,5,5,31
Keon Johnson,1630553,2024-25,00,1610612751,BKN,23.0,79,56,1925,303,779,0.389,126,401,0.314,107,139,0.77,63,234,297,175,82,30,116,209,839
Kessler Edwards,1630556,2021-22,00,1610612751,BKN,21.0,48,23,987,110,267,0.412,48,136,0.353,16,19,0.842,44,128,172,31,29,24,42,85,284
Kessler Edwards,1630556,2022-23,00,1610612751,BKN,22.0,14,1,80,6,24,0.25,2,12,0.167,1,2,0.5,6,8,14,2,3,1,4,3,15
Kessler Edwards,1630556,2022-23,00,1610612758,SAC,22.0,22,3,306,30,69,0.435,15,43,0.349,10,13,0.769,17,30,47,21,11,5,9,37,85
Kessler Edwards,1630556,2022-23,00,0,TOT,22.0,36,4,386,36,93,0.387,17,55,0.309,11,15,0.733,23,38,61,23,14,6,13,40,100
Kessler Edwards,1630556,2023-24,00,1610612758,SAC,23.0,54,0,275,34,82,0.415,20,52,0.385,5,9,0.556,9,33,42,15,10,4,4,26,93
Kessler Edwards,1630556,2024-25,00,1610612742,DAL,24.0,40,18,608,67,135,0.496,22,54,0.407,12,13,0.923,22,93,115,42,19,20,16,62,168
Kevin Durant,201142,2020-21,00,1610612751,BKN,32.0,35,32,1157,324,603,0.537,85,189,0.45,210,238,0.882,13,234,247,195,25,45,120,70,943
Kevin Durant,201142,2021-22,00,1610612751,BKN,33.0,55,55,2047,578,1115,0.518,115,300,0.383,372,409,0.91,29,378,407,351,48,52,191,113,1643
Kevin Durant,201142,2022-23,00,1610612751,BKN,34.0,39,39,1403,410,734,0.559,71,189,0.376,267,286,0.934,14,248,262,207,32,57,136,92,1158
Kevin Durant,201142,2022-23,00,1610612756,PHX,34.0,8,8,269,73,128,0.57,22,41,0.537,40,48,0.833,3,48,51,28,2,10,20,7,208
Kevin Durant,201142,2022-23,00,0,TOT,34.0,47,47,1672,483,862,0.56,93,230,0.404,307,334,0.919,17,296,313,235,34,67,156,99,1366
Kevin Durant,201142,2023-24,00,1610612756,PHX,35.0,75,75,2791,751,1436,0.523,168,407,0.413,362,423,0.856,41,454,495,378,69,91,244,133,2032
Kevin Durant,201142,2024-25,00,1610612756,PHX,36.0,62,62,2265,592,1124,0.527,160,372,0.43,303,361,0.839,23,351,374,263,50,77,190,104,1647
Kevin Huerter,1628989,2020-21,00,1610612737,ATL,22.0,69,49,2126,316,731,0.432,140,386,0.363,50,64,0.781,38,193,231,241,82,18,79,165,822
Kevin Huerter,1628989,2021-22,00,1610612737,ATL,23.0,74,60,2188,345,760,0.454,160,411,0.389,42,52,0.808,32,222,254,203,55,26,91,185,892
Kevin Huerter,1628989,2022-23,00,1610612758,SAC,24.0,75,75,2203,420,866,0.485,205,510,0.402,95,131,0.725,42,209,251,221,80,24,97,181,1140
Kevin Huerter,1628989,2023-24,00,1610612758,SAC,25.0,64,59,1562,248,560,0.443,123,341,0.361,36,47,0.766,38,186,224,166,45,23,53,135,655
Kevin Huerter,1628989,2024-25,00,1610612758,SAC,26.0,43,15,899,128,310,0.413,62,205,0.302,20,28,0.714,19,101,120,74,36,16,37,70,338
Kevin Huerter,1628989,2024-25,00,1610612741,CHI,26.0,26,16,780,129,294,0.439,70,186,0.376,15,21,0.714,11,74,85,82,30,7,30,51,343
Kevin Huerter,1628989,2024-25,00,0,TOT,26.0,69,31,1679,257,604,0.425,132,391,0.338,35,49,0.714,30,175,205,156,66,23,67,121,681
Kevin Love,201567,2020-21,00,1610612739,CLE,32.0,25,25,622,103,252,0.409,57,156,0.365,42,51,0.824,17,169,186,63,16,2,38,26,305
Kevin Love,201567,2021-22,00,1610612739,CLE,33.0,74,4,1665,327,761,0.43,187,477,0.392,166,198,0.838,87,449,536,160,26,18,98,101,1007
Kevin Love,201567,2022-23,00,1610612739,CLE,34.0,41,3,821,111,285,0.389,69,195,0.354,56,63,0.889,42,238,280,76,7,7,47,65,347
Kevin Love,201567,2022-23,00,1610612748,MIA,34.0,21,17,419,54,139,0.388,30,101,0.297,24,28,0.857,17,102,119,40,9,5,23,32,162
Kevin Love,201567,2022-23,00,0,TOT,34.0,62,20,1239,165,424,0.389,99,296,0.334,80,91,0.879,59,340,399,116,16,12,70,97,509
Kevin Love,201567,2023-24,00,1610612748,MIA,35.0,55,5,924,158,359,0.44,84,244,0.344,85,108,0.787,59,279,338,115,18,10,48,97,485
Kevin Love,201567,2024-25,00,1610612748,MIA,36.0,23,9,251,41,115,0.357,24,67,0.358,16,23,0.696,22,72,94,22,15,4,14,21,122
Kevin Porter Jr.,1629645,2020-21,00,1610612745,HOU,21.0,26,23,836,156,367,0.425,50,161,0.311,69,94,0.734,20,79,99,164,19,8,91,61,431
Kevin Porter Jr.,1629645,2021-22,00,1610612745,HOU,22.0,61,61,1907,335,808,0.415,155,413,0.375,124,193,0.642,43,224,267,376,69,22,192,156,949
Kevin Porter Jr.,1629645,2022-23,00,1610612745,HOU,23.0,59,59,2024,391,884,0.442,141,385,0.366,207,264,0.784,76,238,314,338,82,17,188,156,1130
Kevin Porter Jr.,1629645,2024-25,00,1610612746,LAC,25.0,45,2,884,172,407,0.423,26,106,0.245,49,76,0.645,29,131,160,144,43,11,84,70,419
Kevin Porter Jr.,1629645,2024-25,00,1610612749,MIL,25.0,30,2,598,121,245,0.494,29,71,0.408,81,93,0.871,13,105,118,112,38,2,52,49,352
Kevin Porter Jr.,1629645,2024-25,00,0,TOT,25.0,75,4,1482,293,652,0.449,55,177,0.311,130,169,0.769,42,236,278,256,81,13,136,119,771
Kevon Looney,1626172,2021-22,00,1610612744,GSW,26.0,82,80,1732,208,364,0.571,0,1,0.0,75,125,0.6,208,388,596,165,50,52,67,215,491
Kevon Looney,1626172,2022-23,00,1610612744,GSW,27.0,82,70,1958,242,384,0.63,0,1,0.0,94,155,0.606,274,486,760,207,52,50,45,225,578
Kevon Looney,1626172,2023-24,00,1610612744,GSW,28.0,74,36,1194,139,233,0.597,0,1,0.0,56,83,0.675,143,276,419,133,28,29,50,155,334
Kevon Looney,1626172,2024-25,00,1610612744,GSW,29.0,76,6,1142,143,278,0.514,2,5,0.4,56,99,0.566,185,277,462,118,46,37,39,154,344
Khem Birch,203920,2020-21,00,1610612753,ORL,28.0,48,5,952,94,209,0.45,4,21,0.19,63,85,0.741,117,126,243,53,32,28,23,67,255
Khem Birch,203920,2020-21,00,1610612761,TOR,28.0,19,17,577,95,171,0.556,9,31,0.29,28,44,0.636,57,87,144,36,16,22,21,46,227
Khem Birch,203920,2020-21,00,0,TOT,28.0,67,22,1529,189,380,0.497,13,52,0.25,91,129,0.705,174,213,387,89,48,50,44,113,482
Khem Birch,203920,2021-22,00,1610612761,TOR,29.0,55,28,991,97,200,0.485,0,14,0.0,53,71,0.746,122,117,239,56,30,26,29,104,247
Khem Birch,203920,2022-23,00,1610612761,TOR,30.0,20,0,162,19,32,0.594,1,2,0.5,4,5,0.8,8,17,25,7,5,5,8,24,43
Khris Middleton,203114,2020-21,00,1610612749,MIL,29.0,68,68,2269,511,1074,0.476,151,365,0.414,212,236,0.898,54,352,406,370,74,9,178,160,1385
Khris Middleton,203114,2021-22,00,1610612749,MIL,30.0,66,66,2141,452,1021,0.443,162,434,0.373,259,291,0.89,41,315,356,358,76,18,190,160,1325
Khris Middleton,203114,2022-23,00,1610612749,MIL,31.0,33,19,801,177,406,0.436,51,162,0.315,92,102,0.902,28,112,140,163,23,5,71,68,497
Khris Middleton,203114,2023-24,00,1610612749,MIL,32.0,55,55,1487,317,643,0.493,94,247,0.381,100,120,0.833,40,217,257,292,51,15,127,141,828
Khris Middleton,203114,2024-25,00,1610612749,MIL,33.0,23,7,534,108,211,0.512,35,86,0.407,39,46,0.848,5,80,85,102,17,5,37,52,290
Khris Middleton,203114,2024-25,00,1610612764,WAS,33.0,14,14,309,52,126,0.413,13,47,0.277,33,38,0.868,8,44,52,48,18,3,19,23,150
Khris Middleton,203114,2024-25,00,0,TOT,33.0,37,21,843,160,337,0.475,48,133,0.361,72,84,0.857,13,124,137,150,35,8,56,75,440
Killian Hayes,1630165,2020-21,00,1610612765,DET,19.0,26,18,670,71,201,0.353,20,72,0.278,14,17,0.824,6,63,69,138,27,10,83,57,176
Killian Hayes,1630165,2021-22,00,1610612765,DET,20.0,66,40,1647,176,459,0.383,44,167,0.263,57,74,0.77,36,174,210,277,78,35,111,183,453
Killian Hayes,1630165,2022-23,00,1610612765,DET,21.0,76,56,2154,307,815,0.377,80,286,0.28,92,112,0.821,28,193,221,470,104,28,173,219,786
Killian Hayes,1630165,2023-24,00,1610612765,DET,22.0,42,31,1008,117,283,0.413,22,74,0.297,33,50,0.66,11,108,119,205,36,20,51,75,289
Killian Hayes,1630165,2024-25,00,1610612751,BKN,23.0,6,5,162,18,43,0.419,8,21,0.381,10,12,0.833,5,13,18,31,4,4,9,13,54
Kira Lewis Jr.,1630184,2020-21,00,1610612740,NOP,20.0,54,0,904,130,337,0.386,40,120,0.333,43,51,0.843,12,59,71,124,38,10,34,88,343
Kira Lewis Jr.,1630184,2021-22,00,1610612740,NOP,21.0,24,0,341,59,146,0.404,13,58,0.224,10,12,0.833,9,30,39,49,11,1,26,17,141
Kira Lewis Jr.,1630184,2022-23,00,1610612740,NOP,22.0,25,0,235,40,88,0.455,15,34,0.441,19,22,0.864,5,28,33,23,10,2,10,24,114
Kira Lewis Jr.,1630184,2023-24,00,1610612740,NOP,23.0,15,0,144,16,52,0.308,2,20,0.1,10,11,0.909,4,10,14,18,5,1,8,8,44
Kira Lewis Jr.,1630184,2023-24,00,1610612761,TOR,23.0,1,0,2,0,0,0.0,0,0,0.0,0,0,0.0,0,0,0,0,0,0,0,1,0
Kira Lewis Jr.,1630184,2023-24,00,1610612762,UTA,23.0,12,0,119,18,40,0.45,2,13,0.154,7,9,0.778,5,7,12,19,4,1,6,4,45
Kira Lewis Jr.,1630184,2023-24,00,0,TOT,23.0,28,0,264,34,92,0.37,4,33,0.121,17,20,0.85,9,17,26,37,9,2,14,13,89
Klay Thompson,202691,2021-22,00,1610612744,GSW,32.0,32,32,941,246,573,0.429,114,296,0.385,46,51,0.902,15,110,125,88,16,17,43,54,652
Klay Thompson,202691,2022-23,00,1610612744,GSW,33.0,69,69,2279,546,1252,0.436,301,731,0.412,116,132,0.879,39,247,286,163,49,29,123,130,1509
Klay Thompson,202691,2023-24,00,1610612744,GSW,34.0,77,63,2284,490,1133,0.432,268,692,0.387,127,137,0.927,35,219,254,176,50,35,117,127,1375
Klay Thompson,202691,2024-25,00,1610612742,DAL,35.0,72,72,1965,361,877,0.412,216,553,0.391,67,74,0.905,44,202,246,145,50,30,88,81,1005
Kris Dunn,1627739,2021-22,00,1610612757,POR,28.0,14,3,336,44,102,0.431,1,11,0.091,17,18,0.944,9,40,49,79,23,3,32,38,106
Kris Dunn,1627739,2022-23,00,1610612762,UTA,29.0,22,3,568,116,216,0.537,17,36,0.472,41,53,0.774,9,91,100,124,25,10,35,58,290
Kris Dunn,1627739,2023-24,00,1610612762,UTA,30.0,66,32,1249,147,313,0.47,41,111,0.369,22,32,0.688,50,139,189,254,68,28,79,135,357
Kris Dunn,1627739,2024-25,00,1610612746,LAC,31.0,74,58,1783,192,437,0.439,75,224,0.335,15,22,0.682,53,198,251,210,128,27,74,197,474
Kristaps Porziņģis,204001,2020-21,00,1610612742,DAL,25.0,43,43,1327,325,683,0.476,97,258,0.376,118,138,0.855,82,299,381,68,20,58,51,115,865
Kristaps Porziņģis,204001,2021-22,00,1610612742,DAL,26.0,34,34,1002,229,508,0.451,49,173,0.283,147,170,0.865,64,197,261,69,25,59,53,88,654
Kristaps Porziņģis,204001,2021-22,00,1610612764,WAS,26.0,17,17,479,123,259,0.475,29,79,0.367,101,116,0.871,38,112,150,50,12,25,28,49,376
Kristaps Porziņģis,204001,2021-22,00,0,TOT,26.0,51,51,1481,352,767,0.459,78,252,0.31,248,286,0.867,102,309,411,119,37,84,81,137,1030
Kristaps Porziņģis,204001,2022-23,00,1610612764,WAS,27.0,65,65,2120,507,1018,0.498,137,356,0.385,354,416,0.851,114,432,546,174,58,100,137,196,1505
Kristaps Porziņģis,204001,2023-24,00,1610612738,BOS,28.0,57,57,1690,388,752,0.516,110,293,0.375,259,302,0.858,97,312,409,115,42,111,89,156,1145
Kristaps Porziņģis,204001,2024-25,00,1610612738,BOS,29.0,42,42,1210,277,574,0.483,103,250,0.412,161,199,0.809,68,216,284,87,31,63,53,116,818
Kyle Anderson,203937,2020-21,00,1610612763,MEM,27.0,69,69,1887,308,658,0.468,94,261,0.36,144,184,0.783,52,344,396,250,84,57,86,120,854
Kyle Anderson,203937,2021-22,00,1610612763,MEM,28.0,69,11,1484,209,469,0.446,36,109,0.33,67,105,0.638,69,299,368,183,77,45,71,108,521
Kyle Anderson,203937,2022-23,00,1610612750,MIN,29.0,69,46,1957,252,495,0.509,43,105,0.41,100,136,0.735,66,302,368,335,78,63,103,146,647
Kyle Anderson,203937,2023-24,00,1610612750,MIN,30.0,79,10,1782,199,433,0.46,11,48,0.229,97,137,0.708,60,213,273,331,71,47,91,128,506
Kyle Anderson,203937,2024-25,00,1610612744,GSW,31.0,36,3,541,76,169,0.45,19,52,0.365,18,27,0.667,27,83,110,81,26,20,20,40,189
Kyle Anderson,203937,2024-25,00,1610612748,MIA,31.0,25,1,461,66,134,0.493,6,18,0.333,30,38,0.789,26,70,96,64,14,13,17,41,168
Kyle Anderson,203937,2024-25,00,0,TOT,31.0,61,4,1002,142,303,0.469,25,70,0.357,48,65,0.738,53,153,206,145,40,33,37,81,357
Kyle Kuzma,1628398,2020-21,00,1610612747,LAL,25.0,68,32,1954,335,757,0.443,137,380,0.361,67,97,0.691,108,309,417,127,35,41,113,121,874
Kyle Kuzma,1628398,2021-22,00,1610612764,WAS,26.0,66,66,2204,423,936,0.452,128,375,0.341,156,219,0.712,70,491,561,233,42,57,169,128,1130
Kyle Kuzma,1628398,2022-23,00,1610612764,WAS,27.0,64,64,2239,512,1142,0.448,160,481,0.333,173,237,0.73,55,408,463,239,36,29,190,145,1357
Kyle Kuzma,1628398,2023-24,00,1610612764,WAS,28.0,70,70,2281,608,1313,0.463,151,450,0.336,186,240,0.775,62,402,464,296,37,49,192,153,1553
Kyle Kuzma,1628398,2024-25,00,1610612764,WAS,29.0,32,30,887,191,455,0.42,45,160,0.281,59,98,0.602,27,158,185,79,20,7,73,52,486
Kyle Kuzma,1628398,2024-25,00,1610612749,MIL,29.0,33,32,1049,179,393,0.455,51,153,0.333,69,104,0.663,27,158,185,73,16,12,73,67,478
Kyle Kuzma,1628398,2024-25,00,0,TOT,29.0,65,62,1936,370,848,0.436,96,313,0.307,128,202,0.634,54,316,370,152,36,19,146,119,964
Kyle Lowry,200768,2020-21,00,1610612761,TOR,35.0,46,46,1602,260,596,0.436,131,331,0.396,140,160,0.875,35,212,247,338,45,14,126,143,791
Kyle Lowry,200768,2021-22,00,1610612748,MIA,36.0,63,63,2133,276,627,0.44,144,382,0.377,148,174,0.851,33,249,282,474,67,17,168,177,844
Kyle Lowry,200768,2022-23,00,1610612748,MIA,37.0,55,44,1718,196,485,0.404,107,310,0.345,116,135,0.859,43,182,225,281,57,21,103,143,615
Kyle Lowry,200768,2023-24,00,1610612748,MIA,38.0,37,35,1037,103,242,0.426,62,161,0.385,35,42,0.833,25,104,129,147,39,15,53,94,303
Kyle Lowry,200768,2023-24,00,1610612755,PHI,38.0,23,20,653,60,135,0.444,36,89,0.404,28,33,0.848,9,56,65,106,20,6,32,52,184
Kyle Lowry,200768,2023-24,00,0,TOT,38.0,60,55,1690,163,377,0.432,98,250,0.392,63,75,0.84,34,160,194,253,59,21,85,146,487
Kyle Lowry,200768,2024-25,00,1610612755,PHI,39.0,35,12,659,41,117,0.35,29,88,0.33,27,33,0.818,11,56,67,96,33,11,21,62,138
Kyrie Irving,202681,2020-21,00,1610612751,BKN,29.0,54,54,1886,549,1086,0.506,152,378,0.402,201,218,0.922,52,205,257,324,76,37,130,140,1451
Kyrie Irving,202681,2021-22,00,1610612751,BKN,30.0,29,29,1092,289,616,0.469,100,239,0.418,118,129,0.915,16,111,127,167,41,17,73,81,796
Kyrie Irving,202681,2022-23,00,1610612751,BKN,31.0,40,40,1478,398,819,0.486,130,348,0.374,158,179,0.883,38,166,204,211,41,33,91,109,1084
Kyrie Irving,202681,2022-23,00,1610612742,DAL,31.0,20,20,763,196,384,0.51,58,148,0.392,89,94,0.947,21,79,100,120,25,12,37,56,539
Kyrie Irving,202681,2022-23,00,0,TOT,31.0,60,60,2241,594,1203,0.494,188,496,0.379,247,273,0.905,59,245,304,331,66,45,128,165,1623
Kyrie Irving,202681,2023-24,00,1610612742,DAL,32.0,58,58,2030,562,1131,0.497,173,421,0.411,190,210,0.905,44,246,290,299,74,28,106,112,1487
Kyrie Irving,202681,2024-25,00,1610612742,DAL,33.0,50,50,1804,447,945,0.473,144,359,0.401,196,214,0.916,60,180,240,231,66,23,111,101,1234
LaMarcus Aldridge,200746,2020-21,00,1610612759,SAS,35.0,21,18,544,115,248,0.464,27,75,0.36,31,37,0.838,17,77,94,36,8,18,20,36,288
LaMarcus Aldridge,200746,2020-21,00,1610612751,BKN,35.0,5,5,130,25,48,0.521,4,5,0.8,10,10,1.0,2,22,24,13,3,11,7,11,64
LaMarcus Aldridge,200746,2020-21,00,0,TOT,35.0,26,23,674,140,296,0.473,31,80,0.388,41,47,0.872,19,99,118,49,11,29,27,47,352
LaMarcus Aldridge,200746,2021-22,00,1610612751,BKN,36.0,47,12,1050,252,458,0.55,14,46,0.304,89,102,0.873,73,185,258,42,14,47,44,78,607
LaMelo Ball,1630163,2020-21,00,1610612766,CHA,19.0,51,31,1469,293,672,0.436,92,261,0.352,125,165,0.758,63,239,302,313,81,18,145,136,803
LaMelo Ball,1630163,2021-22,00,1610612766,CHA,20.0,75,75,2422,538,1254,0.429,220,565,0.389,212,243,0.872,108,393,501,571,119,30,245,237,1508
LaMelo Ball,1630163,2022-23,00,1610612766,CHA,21.0,36,36,1268,296,721,0.411,144,383,0.376,102,122,0.836,42,189,231,304,46,11,129,118,838
LaMelo Ball,1630163,2023-24,00,1610612766,CHA,22.0,22,22,711,183,423,0.433,70,197,0.355,90,104,0.865,29,84,113,176,40,4,83,79,526
LaMelo Ball,1630163,2024-25,00,1610612766,CHA,23.0,47,47,1505,406,1003,0.405,179,528,0.339,193,229,0.843,47,185,232,346,54,13,167,157,1184
Lamar Stevens,1630205,2021-22,00,1610612739,CLE,24.0,63,13,1015,156,319,0.489,18,65,0.277,53,75,0.707,47,117,164,44,31,18,41,106,383
Lamar Stevens,1630205,2022-23,00,1610612739,CLE,25.0,62,25,1121,129,288,0.448,30,95,0.316,40,57,0.702,48,159,207,33,27,19,27,79,328
Lamar Stevens,1630205,2023-24,00,1610612738,BOS,26.0,19,1,122,21,45,0.467,3,8,0.375,8,11,0.727,12,19,31,8,6,5,9,14,53
Lamar Stevens,1630205,2023-24,00,1610612763,MEM,26.0,19,2,437,87,195,0.446,11,38,0.289,34,43,0.791,24,72,96,20,17,17,15,31,219
Lamar Stevens,1630205,2023-24,00,0,TOT,26.0,38,3,559,108,240,0.45,14,46,0.304,42,54,0.778,36,91,127,28,23,22,24,45,272
Lamar Stevens,1630205,2024-25,00,1610612763,MEM,27.0,17,1,156,29,63,0.46,8,27,0.296,8,11,0.727,4,34,38,8,5,3,10,15,74
Lance Stephenson,202362,2021-22,00,1610612737,ATL,31.0,6,0,70,5,13,0.385,0,3,0.0,1,2,0.5,1,14,15,11,0,0,4,8,11
Lance Stephenson,202362,2021-22,00,1610612754,IND,31.0,40,1,744,142,310,0.458,27,87,0.31,62,78,0.795,11,101,112,154,24,4,68,88,373
Lance Stephenson,202362,2021-22,00,0,TOT,31.0,46,1,814,147,323,0.455,27,90,0.3,63,80,0.788,12,115,127,165,24,4,72,96,384
Landry Shamet,1629013,2020-21,00,1610612751,BKN,24.0,61,12,1403,186,456,0.408,129,333,0.387,66,78,0.846,11,101,112,99,31,10,48,93,567
Landry Shamet,1629013,2021-22,00,1610612756,PHX,25.0,69,14,1437,191,485,0.394,123,334,0.368,68,81,0.84,16,110,126,108,28,9,41,92,573
Landry Shamet,1629013,2022-23,00,1610612756,PHX,26.0,40,9,807,113,300,0.377,75,199,0.377,45,51,0.882,11,56,67,93,26,5,36,61,346
Landry Shamet,1629013,2023-24,00,1610612764,WAS,27.0,46,5,727,118,274,0.431,53,157,0.338,38,46,0.826,16,46,62,54,25,10,30,76,327
Landry Shamet,1629013,2024-25,00,1610612752,NYK,28.0,50,0,762,106,230,0.461,62,156,0.397,12,18,0.667,11,50,61,27,23,2,22,52,286
Langston Galloway,204038,2020-21,00,1610612756,PHX,29.0,40,0,438,66,147,0.449,36,85,0.424,22,23,0.957,7,35,42,26,8,0,13,25,190
Langston Galloway,204038,2021-22,00,1610612751,BKN,30.0,4,0,58,5,13,0.385,2,8,0.25,0,0,0.0,1,7,8,5,0,0,5,5,12
Langston Galloway,204038,2021-22,00,1610612749,MIL,30.0,3,0,49,1,13,0.077,0,8,0.0,0,0,0.0,2,8,10,7,1,0,1,2,2
Langston Galloway,204038,2021-22,00,0,TOT,30.0,7,0,107,6,26,0.231,2,16,0.125,0,0,0.0,3,15,18,12,1,0,6,7,14
Larry Nance Jr.,1626204,2020-21,00,1610612739,CLE,28.0,35,27,1091,128,272,0.471,41,114,0.36,30,49,0.612,54,181,235,107,61,17,55,72,327
Larry Nance Jr.,1626204,2021-22,00,1610612757,POR,29.0,37,11,859,102,198,0.515,19,62,0.306,32,49,0.653,58,151,209,73,38,13,27,67,255
Larry Nance Jr.,1626204,2021-22,00,1610612740,NOP,29.0,9,0,182,27,49,0.551,4,8,0.5,8,8,1.0,14,25,39,8,5,7,10,17,66
Larry Nance Jr.,1626204,2021-22,00,0,TOT,29.0,46,11,1040,129,247,0.522,23,70,0.329,40,57,0.702,72,176,248,81,43,20,37,84,321
Larry Nance Jr.,1626204,2022-23,00,1610612740,NOP,30.0,65,1,1381,186,305,0.61,14,42,0.333,55,79,0.696,106,248,354,119,56,37,42,133,441
Larry Nance Jr.,1626204,2023-24,00,1610612740,NOP,31.0,61,0,1216,138,241,0.573,27,65,0.415,47,61,0.77,94,213,307,113,61,19,49,98,350
Larry Nance Jr.,1626204,2024-25,00,1610612737,ATL,32.0,24,3,463,80,155,0.516,34,76,0.447,9,13,0.692,23,80,103,38,20,13,16,37,203
Lauri Markkanen,1628374,2020-21,00,1610612741,CHI,24.0,51,26,1317,250,521,0.48,119,296,0.402,76,92,0.826,35,233,268,45,26,15,52,75,695
Lauri Markkanen,1628374,2021-22,00,1610612739,CLE,25.0,61,61,1878,313,703,0.445,136,380,0.358,138,159,0.868,59,286,345,81,45,30,54,130,900
Lauri Markkanen,1628374,2022-23,00,1610612762,UTA,26.0,66,66,2272,571,1145,0.499,200,511,0.391,349,399,0.875,130,440,570,123,42,38,127,137,1691
Lauri Markkanen,1628374,2023-24,00,1610612762,UTA,27.0,55,55,1820,427,890,0.48,175,439,0.399,249,277,0.899,122,327,449,110,50,26,77,100,1278
Lauri Markkanen,1628374,2024-25,00,1610612762,UTA,28.0,47,47,1476,296,700,0.423,138,399,0.346,162,185,0.876,72,206,278,70,33,17,66,79,892
LeBron James,2544,2020-21,00,1610612747,LAL,36.0,45,45,1504,422,823,0.513,104,285,0.365,178,255,0.698,29,317,346,350,48,25,168,70,1126
LeBron James,2544,2021-22,00,1610612747,LAL,37.0,56,56,2084,640,1221,0.524,161,448,0.359,254,336,0.756,63,396,459,349,73,59,196,121,1695
LeBron James,2544,2022-23,00,1610612747,LAL,38.0,55,54,1954,609,1219,0.5,121,377,0.321,251,327,0.768,65,392,457,375,50,32,178,88,1590
LeBron James,2544,2023-24,00,1610612747,LAL,39.0,71,71,2504,685,1269,0.54,149,363,0.41,303,404,0.75,61,457,518,589,89,38,245,78,1822
LeBron James,2544,2024-25,00,1610612747,LAL,40.0,70,70,2444,651,1270,0.513,149,396,0.376,259,331,0.782,72,474,546,575,70,39,260,99,1710
Lindy Waters III,1630322,2021-22,00,1610612760,OKC,24.0,25,1,465,71,175,0.406,53,146,0.363,4,5,0.8,6,67,73,24,19,8,11,31,199
Lindy Waters III,1630322,2022-23,00,1610612760,OKC,25.0,41,0,531,70,178,0.393,58,162,0.358,16,20,0.8,16,59,75,28,14,11,10,42,214
Lindy Waters III,1630322,2023-24,00,1610612760,OKC,26.0,38,0,280,49,104,0.471,37,85,0.435,2,2,1.0,7,33,40,24,5,7,7,23,137
Lindy Waters III,1630322,2024-25,00,1610612744,GSW,27.0,38,9,655,76,205,0.371,49,148,0.331,8,11,0.727,16,80,96,42,22,10,17,55,209
Lindy Waters III,1630322,2024-25,00,1610612765,DET,27.0,14,0,123,16,44,0.364,15,38,0.395,0,0,0.0,4,10,14,10,5,1,3,7,47
Lindy Waters III,1630322,2024-25,00,0,TOT,27.0,52,9,778,92,249,0.369,64,186,0.344,8,11,0.727,20,90,110,52,27,11,20,62,256
Lonnie Walker IV,1629022,2020-21,00,1610612759,SAS,22.0,60,38,1522,256,609,0.42,100,282,0.355,57,70,0.814,14,141,155,101,29,15,65,101,669
Lonnie Walker IV,1629022,2021-22,00,1610612759,SAS,23.0,70,6,1612,311,764,0.407,111,353,0.314,116,148,0.784,18,163,181,152,44,19,71,98,849
Lonnie Walker IV,1629022,2022-23,00,1610612747,LAL,24.0,56,32,1297,236,527,0.448,91,249,0.365,91,106,0.858,14,95,109,64,30,17,46,71,654
Lonnie Walker IV,1629022,2023-24,00,1610612751,BKN,25.0,58,0,1011,208,492,0.423,104,271,0.384,45,59,0.763,13,114,127,74,32,20,51,71,565
Lonnie Walker IV,1629022,2024-25,00,1610612755,PHI,26.0,20,7,477,89,212,0.42,45,127,0.354,24,30,0.8,6,57,63,50,10,5,25,27,247
Lonzo Ball,1628366,2020-21,00,1610612740,NOP,23.0,55,55,1747,290,700,0.414,172,455,0.378,50,64,0.781,33,230,263,316,82,31,123,103,802
Lonzo Ball,1628366,2021-22,00,1610612741,CHI,24.0,35,35,1212,162,383,0.423,110,260,0.423,21,28,0.75,35,155,190,178,64,31,82,85,455
Lonzo Ball,1628366,2024-25,00,1610612741,CHI,27.0,35,14,777,89,243,0.366,67,195,0.344,22,27,0.815,25,93,118,115,47,17,41,55,267
Lou Williams,101150,2020-21,00,1610612746,LAC,34.0,42,3,918,181,430,0.421,45,119,0.378,103,119,0.866,15,73,88,144,39,4,66,42,510
Lou Williams,101150,2020-21,00,1610612737,ATL,34.0,24,1,505,84,216,0.389,24,54,0.444,47,54,0.87,6,44,50,81,8,2,42,20,239
Lou Williams,101150,2020-21,00,0,TOT,34.0,66,4,1423,265,646,0.41,69,173,0.399,150,173,0.867,21,117,138,225,47,6,108,62,749
Lou Williams,101150,2021-22,00,1610612737,ATL,35.0,56,0,799,125,320,0.391,37,102,0.363,67,78,0.859,16,71,87,105,28,3,43,48,354
Luguentz Dort,1629652,2020-21,00,1610612760,OKC,22.0,52,52,1543,247,639,0.387,113,329,0.343,122,164,0.744,38,151,189,88,45,19,79,134,729
Luguentz Dort,1629652,2021-22,00,1610612760,OKC,23.0,51,51,1665,293,726,0.404,130,391,0.332,161,191,0.843,38,174,212,88,46,18,88,149,877
Luguentz Dort,1629652,2022-23,00,1610612760,OKC,24.0,74,73,2272,339,873,0.388,135,409,0.33,200,259,0.772,128,216,344,154,75,23,92,243,1013
Luguentz Dort,1629652,2023-24,00,1610612760,OKC,25.0,79,79,2246,288,657,0.438,156,396,0.394,128,155,0.826,74,210,284,113,72,47,74,228,860
Luguentz Dort,1629652,2024-25,00,1610612760,OKC,26.0,71,71,2073,258,593,0.435,170,413,0.412,33,46,0.717,89,204,293,115,79,39,51,208,719
Luka Dončić,1629029,2020-21,00,1610612742,DAL,22.0,66,66,2262,647,1351,0.479,192,548,0.35,344,471,0.73,54,473,527,567,64,36,281,152,1830
Luka Dončić,1629029,2021-22,00,1610612742,DAL,23.0,65,65,2301,641,1403,0.457,201,569,0.353,364,489,0.744,56,537,593,568,75,36,292,145,1847
Luka Dončić,1629029,2022-23,00,1610612742,DAL,24.0,66,66,2391,719,1449,0.496,185,541,0.342,515,694,0.742,54,515,569,529,90,33,236,166,2138
Luka Dončić,1629029,2023-24,00,1610612742,DAL,25.0,70,70,2624,804,1652,0.487,284,744,0.382,478,608,0.786,59,588,647,686,99,38,282,149,2370
Luka Dončić,1629029,2024-25,00,1610612742,DAL,26.0,22,22,785,216,466,0.464,75,212,0.354,112,146,0.767,16,167,183,172,44,9,75,58,619
Luka Dončić,1629029,2024-25,00,1610612747,LAL,26.0,28,28,984,245,559,0.438,102,269,0.379,197,249,0.791,24,202,226,211,45,12,104,68,789
Luka Dončić,1629029,2024-25,00,0,TOT,26.0,50,50,1769,461,1025,0.45,177,481,0.368,309,395,0.782,40,369,409,383,89,21,179,126,1408
Luka Garza,1630568,2021-22,00,1610612765,DET,23.0,32,5,389,66,147,0.449,16,49,0.327,38,61,0.623,58,42,100,20,9,6,18,55,186
Luka Garza,1630568,2022-23,00,1610612750,MIN,24.0,28,0,243,63,116,0.543,14,39,0.359,41,52,0.788,33,30,63,18,3,2,14,43,181
Luka Garza,1630568,2023-24,00,1610612750,MIN,25.0,25,0,122,36,75,0.48,9,32,0.281,18,25,0.72,19,12,31,4,4,1,6,24,99
Luka Garza,1630568,2024-25,00,1610612750,MIN,26.0,39,0,219,52,105,0.495,10,36,0.278,24,35,0.686,31,23,54,11,6,3,12,29,138
Luke Kennard,1628379,2020-21,00,1610612746,LAC,25.0,63,17,1232,197,414,0.476,100,224,0.446,26,31,0.839,15,146,161,104,23,9,48,91,520
Luke Kennard,1628379,2021-22,00,1610612746,LAC,26.0,70,13,1919,287,639,0.449,190,423,0.449,69,77,0.896,20,209,229,146,42,6,60,101,833
Luke Kennard,1628379,2022-23,00,1610612746,LAC,27.0,35,11,725,98,211,0.464,59,132,0.447,19,20,0.95,6,77,83,37,19,4,30,47,274
Luke Kennard,1628379,2022-23,00,1610612763,MEM,27.0,24,3,590,90,171,0.526,74,137,0.54,18,19,0.947,9,66,75,54,13,1,16,35,272
Luke Kennard,1628379,2022-23,00,0,TOT,27.0,59,14,1315,188,382,0.492,133,269,0.494,37,39,0.949,15,143,158,91,32,5,46,82,546
Luke Kennard,1628379,2023-24,00,1610612763,MEM,28.0,39,22,999,141,315,0.448,107,238,0.45,40,45,0.889,11,102,113,136,20,2,54,39,429
Luke Kennard,1628379,2024-25,00,1610612763,MEM,29.0,65,11,1472,206,431,0.478,113,261,0.433,51,57,0.895,37,146,183,215,50,5,72,59,576
Luke Kornet,1628436,2022-23,00,1610612738,BOS,27.0,69,0,804,113,170,0.665,3,13,0.231,32,39,0.821,86,111,197,53,11,46,25,81,261
Luke Kornet,1628436,2023-24,00,1610612738,BOS,28.0,63,7,983,142,203,0.7,1,1,1.0,49,54,0.907,118,143,261,67,23,61,21,77,334
Luke Kornet,1628436,2024-25,00,1610612738,BOS,29.0,73,16,1361,187,280,0.668,0,3,0.0,67,97,0.691,190,198,388,117,36,71,31,119,441
Malachi Flynn,1630201,2020-21,00,1610612761,TOR,23.0,47,14,928,127,340,0.374,54,168,0.321,45,56,0.804,10,106,116,137,38,7,43,68,353
Malachi Flynn,1630201,2021-22,00,1610612761,TOR,24.0,44,5,537,72,183,0.393,30,90,0.333,15,24,0.625,10,53,63,70,20,4,13,45,189
Malachi Flynn,1630201,2022-23,00,1610612761,TOR,25.0,53,2,691,87,242,0.36,47,133,0.353,25,33,0.758,15,61,76,70,21,4,25,65,246
Malachi Flynn,1630201,2023-24,00,1610612761,TOR,26.0,31,0,474,56,137,0.409,28,80,0.35,17,22,0.773,13,52,65,73,18,6,33,42,157
Malachi Flynn,1630201,2023-24,00,1610612752,NYK,26.0,14,0,61,9,23,0.391,4,13,0.308,9,11,0.818,0,6,6,6,1,0,3,3,31
Malachi Flynn,1630201,2023-24,00,1610612765,DET,26.0,24,0,342,71,165,0.43,24,76,0.316,26,38,0.684,8,35,43,51,19,2,27,21,192
Malachi Flynn,1630201,2023-24,00,0,TOT,26.0,69,0,877,136,325,0.418,56,169,0.331,52,71,0.732,21,93,114,130,38,8,63,66,380
Malachi Flynn,1630201,2024-25,00,1610612766,CHA,26.0,4,0,44,5,13,0.385,1,4,0.25,5,6,0.833,3,4,7,7,3,0,4,4,16
Malaki Branham,1631103,2022-23,00,1610612759,SAS,20.0,66,32,1550,269,611,0.44,77,255,0.302,58,70,0.829,28,153,181,127,33,7,76,115,673
Malaki Branham,1631103,2023-24,00,1610612759,SAS,21.0,75,29,1594,271,628,0.432,93,268,0.347,55,63,0.873,28,120,148,156,27,8,91,94,690
Malaki Branham,1631103,2024-25,00,1610612759,SAS,22.0,47,0,427,87,190,0.458,34,84,0.405,27,33,0.818,7,44,51,38,11,2,34,29,235
Malcolm Brogdon,1627763,2020-21,00,1610612754,IND,28.0,56,56,1930,444,980,0.453,145,374,0.388,153,177,0.864,58,236,294,329,49,15,115,110,1186
Malcolm Brogdon,1627763,2021-22,00,1610612754,IND,29.0,36,36,1206,243,543,0.448,58,186,0.312,143,167,0.856,33,152,185,212,30,14,77,71,687
Malcolm Brogdon,1627763,2022-23,00,1610612738,BOS,30.0,67,0,1744,354,732,0.484,132,297,0.444,160,184,0.87,42,238,280,248,45,18,98,109,1000
Malcolm Brogdon,1627763,2023-24,00,1610612757,POR,31.0,39,25,1121,218,496,0.44,82,199,0.412,95,116,0.819,28,120,148,214,27,8,60,58,613
Malcolm Brogdon,1627763,2024-25,00,1610612764,WAS,32.0,24,13,564,104,240,0.433,16,56,0.286,81,92,0.88,21,70,91,98,13,5,38,30,305
Malik Beasley,1627736,2020-21,00,1610612750,MIN,24.0,37,36,1214,264,600,0.44,128,321,0.399,68,80,0.85,28,134,162,88,30,7,60,62,724
Malik Beasley,1627736,2021-22,00,1610612750,MIN,25.0,79,18,1976,332,850,0.391,240,637,0.377,49,60,0.817,26,201,227,116,43,12,43,88,953
Malik Beasley,1627736,2022-23,00,1610612762,UTA,26.0,55,13,1472,265,669,0.396,169,471,0.359,37,44,0.841,27,170,197,93,44,8,60,75,736
Malik Beasley,1627736,2022-23,00,1610612747,LAL,26.0,26,14,621,105,268,0.392,66,187,0.353,13,21,0.619,8,78,86,31,21,1,30,32,289
Malik Beasley,1627736,2022-23,00,0,TOT,26.0,81,27,2093,370,937,0.395,235,658,0.357,50,65,0.769,35,248,283,124,65,9,90,107,1025
Malik Beasley,1627736,2023-24,00,1610612749,MIL,27.0,79,77,2337,320,722,0.443,224,542,0.413,25,35,0.714,41,249,290,108,59,9,54,158,889
Malik Beasley,1627736,2024-25,00,1610612765,DET,28.0,82,18,2283,461,1071,0.43,319,766,0.416,95,140,0.679,47,167,214,139,73,5,83,125,1336
Malik Monk,1628370,2020-21,00,1610612766,CHA,23.0,42,0,878,173,399,0.434,85,212,0.401,59,72,0.819,14,87,101,87,19,4,55,47,490
Malik Monk,1628370,2021-22,00,1610612747,LAL,24.0,76,37,2138,391,826,0.473,173,442,0.391,93,117,0.795,37,219,256,218,61,29,122,138,1048
Malik Monk,1628370,2022-23,00,1610612758,SAC,25.0,77,0,1719,357,796,0.448,143,398,0.359,184,207,0.889,32,171,203,298,49,20,146,125,1041
Malik Monk,1628370,2023-24,00,1610612758,SAC,26.0,72,0,1872,396,893,0.443,148,423,0.35,170,205,0.829,28,184,212,370,45,39,150,156,1110
Malik Monk,1628370,2024-25,00,1610612758,SAC,27.0,65,45,2054,412,939,0.439,139,428,0.325,154,178,0.865,30,215,245,362,61,38,159,158,1117
Marc Gasol,201188,2020-21,00,1610612747,LAL,36.0,52,42,993,88,194,0.454,50,122,0.41,36,50,0.72,38,177,215,109,26,58,53,115,262
Marcus Smart,203935,2020-21,00,1610612738,BOS,27.0,48,45,1581,203,510,0.398,93,282,0.33,128,162,0.79,36,131,167,273,72,23,96,126,627
Marcus Smart,203935,2021-22,00,1610612738,BOS,28.0,71,71,2296,300,718,0.418,119,360,0.331,142,179,0.793,42,228,270,417,119,18,159,160,861
Marcus Smart,203935,2022-23,00,1610612738,BOS,29.0,61,61,1957,250,602,0.415,115,342,0.336,88,118,0.746,46,145,191,382,93,23,143,172,703
Marcus Smart,203935,2023-24,00,1610612763,MEM,30.0,20,20,605,102,237,0.43,42,134,0.313,43,56,0.768,6,47,53,86,41,5,62,53,289
Marcus Smart,203935,2024-25,00,1610612763,MEM,31.0,19,6,400,53,148,0.358,29,90,0.322,30,36,0.833,14,29,43,71,23,6,35,31,165
Marcus Smart,203935,2024-25,00,1610612764,WAS,31.0,15,1,280,48,109,0.44,20,51,0.392,24,35,0.686,4,25,29,38,16,3,19,22,140
Marcus Smart,203935,2024-25,00,0,TOT,31.0,34,7,680,101,257,0.393,49,141,0.348,54,71,0.761,18,54,72,109,39,9,54,53,305
Mark Williams,1631109,2022-23,00,1610612766,CHA,21.0,43,17,828,160,251,0.637,0,0,0.0,67,97,0.691,93,211,304,18,28,45,40,94,387
Mark Williams,1631109,2023-24,00,1610612766,CHA,22.0,19,19,508,98,151,0.649,0,0,0.0,46,64,0.719,76,108,184,22,16,20,17,50,242
Mark Williams,1631109,2024-25,00,1610612766,CHA,23.0,44,41,1171,270,447,0.604,0,4,0.0,131,163,0.804,132,315,447,109,32,54,71,105,671
Markelle Fultz,1628365,2020-21,00,1610612753,ORL,23.0,8,8,215,41,104,0.394,4,16,0.25,17,19,0.895,5,20,25,43,8,2,18,18,103
Markelle Fultz,1628365,2021-22,00,1610612753,ORL,24.0,18,3,360,83,175,0.474,4,17,0.235,25,31,0.806,4,45,49,99,20,5,40,22,195
Markelle Fultz,1628365,2022-23,00,1610612753,ORL,25.0,60,60,1778,349,679,0.514,27,87,0.31,112,143,0.783,69,165,234,341,87,26,139,131,837
Markelle Fultz,1628365,2023-24,00,1610612753,ORL,26.0,43,18,910,154,326,0.472,4,18,0.222,23,33,0.697,56,82,138,120,42,15,50,65,335
Markelle Fultz,1628365,2024-25,00,1610612758,SAC,27.0,21,0,184,28,67,0.418,4,8,0.5,1,1,1.0,6,14,20,27,10,2,15,12,61
Markieff Morris,202693,2020-21,00,1610612747,LAL,31.0,61,27,1200,153,378,0.405,65,209,0.311,36,50,0.72,48,218,266,73,22,19,54,105,407
Markieff Morris,202693,2021-22,00,1610612748,MIA,32.0,17,1,298,54,114,0.474,13,39,0.333,8,9,0.889,17,28,45,23,6,1,20,33,129
Markieff Morris,202693,2022-23,00,1610612751,BKN,33.0,27,1,285,33,82,0.402,20,49,0.408,10,10,1.0,13,46,59,25,8,5,14,33,96
Markieff Morris,202693,2022-23,00,1610612742,DAL,33.0,8,1,70,14,33,0.424,8,22,0.364,0,0,0.0,0,12,12,6,1,0,4,15,36
Markieff Morris,202693,2022-23,00,0,TOT,33.0,35,2,355,47,115,0.409,28,71,0.394,10,10,1.0,13,58,71,31,9,5,18,48,132
Markieff Morris,202693,2023-24,00,1610612742,DAL,34.0,26,1,216,23,68,0.338,15,42,0.357,5,6,0.833,4,35,39,16,5,3,12,12,66
Markieff Morris,202693,2024-25,00,1610612742,DAL,35.0,7,0,41,5,22,0.227,2,13,0.154,0,0,0.0,0,8,8,4,1,1,2,2,12
Markieff Morris,202693,2024-25,00,1610612747,LAL,35.0,8,2,124,16,48,0.333,7,23,0.304,5,6,0.833,3,12,15,17,1,2,3,14,44
Markieff Morris,202693,2024-25,00,0,TOT,35.0,15,2,164,21,70,0.3,9,36,0.25,5,6,0.833,3,20,23,21,2,3,5,16,56
Marquese Chriss,1627737,2020-21,00,1610612744,GSW,23.0,2,0,27,5,14,0.357,1,5,0.2,2,4,0.5,3,10,13,2,0,2,2,3,13
Marquese Chriss,1627737,2021-22,00,1610612742,DAL,24.0,34,0,346,62,134,0.463,8,25,0.32,22,33,0.667,33,70,103,17,13,12,17,64,154
Marvin Bagley III,1628963,2020-21,00,1610612758,SAC,22.0,43,42,1112,247,490,0.504,37,108,0.343,77,134,0.575,106,212,318,43,21,21,59,100,608
Marvin Bagley III,1628963,2021-22,00,1610612758,SAC,23.0,30,17,656,114,246,0.463,15,62,0.242,35,47,0.745,67,148,215,17,9,11,21,50,278
Marvin Bagley III,1628963,2021-22,00,1610612765,DET,23.0,18,8,490,111,200,0.555,8,35,0.229,32,54,0.593,38,85,123,19,13,7,18,43,262
Marvin Bagley III,1628963,2021-22,00,0,TOT,23.0,48,25,1146,225,446,0.504,23,97,0.237,67,101,0.663,105,233,338,36,22,18,39,93,540
Marvin Bagley III,1628963,2022-23,00,1610612765,DET,24.0,42,25,990,202,382,0.529,19,66,0.288,81,108,0.75,94,175,269,36,19,30,46,81,504
Marvin Bagley III,1628963,2023-24,00,1610612765,DET,25.0,26,10,478,107,181,0.591,1,6,0.167,50,61,0.82,46,72,118,27,5,14,29,40,265
Marvin Bagley III,1628963,2023-24,00,1610612764,WAS,25.0,24,15,575,132,227,0.581,8,17,0.471,46,65,0.708,84,110,194,28,15,19,30,41,318
Marvin Bagley III,1628963,2023-24,00,0,TOT,25.0,50,25,1053,239,408,0.586,9,23,0.391,96,126,0.762,130,182,312,55,20,33,59,81,583
Marvin Bagley III,1628963,2024-25,00,1610612764,WAS,26.0,19,1,167,38,71,0.535,2,10,0.2,15,23,0.652,27,29,56,7,7,5,11,12,93
Marvin Bagley III,1628963,2024-25,00,1610612763,MEM,26.0,12,1,99,17,35,0.486,1,9,0.111,8,12,0.667,11,17,28,4,2,3,1,6,43
Marvin Bagley III,1628963,2024-25,00,0,TOT,26.0,31,2,265,55,106,0.519,3,19,0.158,23,35,0.657,38,46,84,11,9,8,12,18,136
Mason Jones,1630222,2020-21,00,1610612745,HOU,22.0,26,1,307,47,114,0.412,23,64,0.359,35,57,0.614,4,47,51,39,6,1,28,22,152
Mason Jones,1630222,2020-21,00,1610612755,PHI,22.0,6,0,27,5,9,0.556,1,2,0.5,5,7,0.714,3,1,4,3,1,0,1,2,16
Mason Jones,1630222,2020-21,00,0,TOT,22.0,32,1,334,52,123,0.423,24,66,0.364,40,64,0.625,7,48,55,42,7,1,29,24,168
Mason Jones,1630222,2021-22,00,1610612747,LAL,23.0,4,0,51,7,15,0.467,1,4,0.25,12,15,0.8,1,9,10,4,2,0,1,8,27
Mason Jones,1630222,2023-24,00,1610612758,SAC,25.0,5,0,28,2,8,0.25,2,7,0.286,1,2,0.5,1,4,5,5,1,0,2,3,7
Mason Jones,1630222,2024-25,00,1610612758,SAC,26.0,10,0,45,9,18,0.5,1,8,0.125,4,5,0.8,2,7,9,11,0,1,1,3,23
Mason Plumlee,203486,2020-21,00,1610612765,DET,31.0,56,56,1499,234,381,0.614,0,7,0.0,113,169,0.669,145,374,519,202,43,50,105,186,581
Mason Plumlee,203486,2021-22,00,1610612766,CHA,32.0,73,73,1793,205,320,0.641,0,2,0.0,67,171,0.392,176,389,565,226,61,52,100,224,477
Mason Plumlee,203486,2022-23,00,1610612766,CHA,33.0,56,56,1596,265,396,0.669,0,0,0.0,155,256,0.605,187,354,541,205,35,35,87,161,685
Mason Plumlee,203486,2022-23,00,1610612746,LAC,33.0,23,4,457,64,88,0.727,0,0,0.0,44,57,0.772,42,117,159,40,11,12,30,56,172
Mason Plumlee,203486,2022-23,00,0,TOT,33.0,79,60,2053,329,484,0.68,0,0,0.0,199,313,0.636,229,471,700,245,46,47,117,217,857
Mason Plumlee,203486,2023-24,00,1610612746,LAC,34.0,46,11,674,87,153,0.569,0,6,0.0,70,99,0.707,60,174,234,55,14,17,36,68,244
Mason Plumlee,203486,2024-25,00,1610612756,PHX,35.0,74,21,1300,125,202,0.619,0,4,0.0,83,128,0.648,116,339,455,134,33,47,59,154,333
Matisse Thybulle,1629680,2021-22,00,1610612755,PHI,25.0,66,50,1685,150,300,0.5,45,144,0.313,34,43,0.791,42,109,151,75,115,71,39,158,379
Matisse Thybulle,1629680,2022-23,00,1610612755,PHI,26.0,49,6,591,50,116,0.431,21,63,0.333,9,12,0.75,20,43,63,23,45,14,8,65,130
Matisse Thybulle,1629680,2022-23,00,1610612757,POR,26.0,22,22,609,60,137,0.438,33,85,0.388,10,16,0.625,20,57,77,30,38,18,16,48,163
Matisse Thybulle,1629680,2022-23,00,0,TOT,26.0,71,28,1200,110,253,0.435,54,148,0.365,19,28,0.679,40,100,140,53,83,32,24,113,293
Matisse Thybulle,1629680,2023-24,00,1610612757,POR,27.0,65,19,1487,126,317,0.397,80,231,0.346,22,29,0.759,30,106,136,90,113,49,40,93,354
Matisse Thybulle,1629680,2024-25,00,1610612757,POR,28.0,15,5,312,42,88,0.477,21,48,0.438,7,15,0.467,14,38,52,28,33,9,13,14,112
Maurice Harkless,203090,2020-21,00,1610612748,MIA,28.0,11,3,124,5,13,0.385,5,11,0.455,0,2,0.0,2,11,13,7,2,4,3,14,15
Maurice Harkless,203090,2020-21,00,1610612758,SAC,28.0,26,20,648,64,152,0.421,18,73,0.247,33,41,0.805,11,65,76,37,28,16,19,72,179
Maurice Harkless,203090,2020-21,00,0,TOT,28.0,37,23,772,69,165,0.418,23,84,0.274,33,43,0.767,13,76,89,44,30,20,22,86,194
Maurice Harkless,203090,2021-22,00,1610612758,SAC,29.0,47,24,864,83,181,0.459,31,101,0.307,20,28,0.714,12,100,112,23,29,24,31,77,217
Max Strus,1629622,2020-21,00,1610612748,MIA,25.0,39,0,507,85,187,0.455,50,148,0.338,16,24,0.667,5,36,41,24,11,2,8,43,236
Max Strus,1629622,2021-22,00,1610612748,MIA,26.0,68,16,1587,249,564,0.441,181,442,0.41,42,53,0.792,24,178,202,92,28,16,57,116,721
Max Strus,1629622,2022-23,00,1610612748,MIA,27.0,80,33,2272,324,790,0.41,197,563,0.35,78,89,0.876,49,209,258,171,42,12,70,166,923
Max Strus,1629622,2023-24,00,1610612739,CLE,28.0,70,70,2239,304,728,0.418,168,479,0.351,77,97,0.794,66,272,338,283,64,29,112,170,853
Max Strus,1629622,2024-25,00,1610612739,CLE,29.0,50,37,1273,165,373,0.442,113,293,0.386,28,34,0.824,53,164,217,158,26,12,54,104,471
Maxi Kleber,1628467,2020-21,00,1610612742,DAL,29.0,50,40,1341,116,275,0.422,87,212,0.41,34,37,0.919,47,213,260,68,24,35,30,105,353
Maxi Kleber,1628467,2021-22,00,1610612742,DAL,30.0,59,21,1450,141,354,0.398,83,255,0.325,46,65,0.708,70,280,350,68,30,58,47,137,411
Maxi Kleber,1628467,2022-23,00,1610612742,DAL,31.0,37,5,930,77,169,0.456,39,112,0.348,27,38,0.711,30,105,135,52,12,30,27,85,220
Maxi Kleber,1628467,2023-24,00,1610612742,DAL,32.0,43,7,871,63,146,0.432,32,92,0.348,33,47,0.702,30,113,143,68,17,30,28,79,191
Maxi Kleber,1628467,2024-25,00,1610612742,DAL,33.0,34,4,637,37,96,0.385,13,49,0.265,16,21,0.762,25,70,95,43,9,17,23,66,103
Micah Potter,1630695,2022-23,00,1610612762,UTA,25.0,7,0,52,10,15,0.667,4,7,0.571,0,0,0.0,3,13,16,4,1,0,2,5,24
Micah Potter,1630695,2023-24,00,1610612762,UTA,26.0,16,0,186,19,40,0.475,9,21,0.429,6,8,0.75,10,33,43,6,4,6,5,14,53
Micah Potter,1630695,2024-25,00,1610612762,UTA,27.0,38,10,705,57,135,0.422,31,98,0.316,17,20,0.85,43,121,164,31,14,14,31,50,162
Michael Carter-Williams,203487,2020-21,00,1610612753,ORL,29.0,31,25,800,105,270,0.389,15,61,0.246,49,80,0.613,39,100,139,129,25,17,69,81,274
Michael Carter-Williams,203487,2022-23,00,1610612753,ORL,31.0,4,0,44,6,14,0.429,1,3,0.333,4,7,0.571,1,4,5,7,1,1,4,5,17
Michael Porter Jr.,1629008,2020-21,00,1610612743,DEN,23.0,61,54,1912,443,817,0.542,170,382,0.445,106,134,0.791,91,354,445,70,40,54,77,126,1162
Michael Porter Jr.,1629008,2021-22,00,1610612743,DEN,24.0,9,9,265,37,103,0.359,10,48,0.208,5,9,0.556,9,50,59,17,10,2,12,16,89
Michael Porter Jr.,1629008,2022-23,00,1610612743,DEN,25.0,62,62,1798,398,817,0.487,188,454,0.414,96,120,0.8,64,277,341,65,37,29,68,119,1080
Michael Porter Jr.,1629008,2023-24,00,1610612743,DEN,26.0,81,81,2565,522,1079,0.484,220,554,0.397,92,110,0.836,106,459,565,122,42,53,92,148,1356
Michael Porter Jr.,1629008,2024-25,00,1610612743,DEN,27.0,77,77,2593,528,1048,0.504,193,489,0.395,149,194,0.768,138,402,540,165,50,38,104,157,1398
Mikal Bridges,1628969,2020-21,00,1610612756,PHX,24.0,72,72,2348,363,669,0.543,134,315,0.425,110,131,0.84,76,233,309,152,76,63,57,116,970
Mikal Bridges,1628969,2021-22,00,1610612756,PHX,25.0,82,82,2854,458,858,0.534,115,312,0.369,131,157,0.834,74,273,347,185,96,36,68,150,1162
Mikal Bridges,1628969,2022-23,00,1610612756,PHX,26.0,56,56,2040,354,764,0.463,101,261,0.387,156,174,0.897,56,187,243,201,65,45,78,115,965
Mikal Bridges,1628969,2022-23,00,1610612751,BKN,26.0,27,27,923,239,503,0.475,68,181,0.376,160,179,0.894,23,98,121,72,26,16,49,44,706
Mikal Bridges,1628969,2022-23,00,0,TOT,26.0,83,83,2963,593,1267,0.468,169,442,0.382,316,353,0.895,79,285,364,273,91,61,127,159,1671
Mikal Bridges,1628969,2023-24,00,1610612751,BKN,27.0,82,82,2854,564,1294,0.436,220,592,0.372,258,317,0.814,68,304,372,299,81,30,164,116,1606
Mikal Bridges,1628969,2024-25,00,1610612752,NYK,28.0,82,82,3036,592,1183,0.5,164,463,0.354,96,118,0.814,71,188,259,306,75,43,132,127,1444
Mike Conley,201144,2020-21,00,1610612762,UTA,33.0,51,51,1498,284,640,0.444,138,335,0.412,121,142,0.852,36,141,177,305,70,9,99,98,827
Mike Conley,201144,2021-22,00,1610612762,UTA,34.0,72,72,2058,344,791,0.435,169,414,0.408,129,162,0.796,47,170,217,385,96,21,123,142,986
Mike Conley,201144,2022-23,00,1610612762,UTA,35.0,43,42,1275,153,375,0.408,77,213,0.362,78,96,0.813,17,90,107,330,44,10,74,94,461
Mike Conley,201144,2022-23,00,1610612750,MIN,35.0,24,24,753,108,235,0.46,58,138,0.42,63,73,0.863,16,59,75,120,29,4,29,45,337
Mike Conley,201144,2022-23,00,0,TOT,35.0,67,66,2028,261,610,0.428,135,351,0.385,141,169,0.834,33,149,182,450,73,14,103,139,798
Mike Conley,201144,2023-24,00,1610612750,MIN,36.0,76,76,2193,294,644,0.457,179,405,0.442,102,112,0.911,37,181,218,449,88,17,102,128,869
Mike Conley,201144,2024-25,00,1610612750,MIN,37.0,71,64,1756,187,468,0.4,127,310,0.41,81,90,0.9,32,150,182,319,79,14,75,111,582
Mike James,1628455,2020-21,00,1610612751,BKN,30.0,13,1,236,34,92,0.37,11,31,0.355,21,27,0.778,3,29,32,54,6,1,20,10,100
Mike Muscala,203488,2020-21,00,1610612760,OKC,29.0,35,0,645,119,267,0.446,68,184,0.37,33,36,0.917,19,113,132,28,8,11,21,54,339
Mike Muscala,203488,2021-22,00,1610612760,OKC,30.0,43,0,593,113,248,0.456,70,163,0.429,48,57,0.842,21,108,129,22,18,26,14,58,344
Mike Muscala,203488,2022-23,00,1610612760,OKC,31.0,43,5,622,89,203,0.438,56,142,0.394,31,39,0.795,23,112,135,38,11,19,14,70,265
Mike Muscala,203488,2022-23,00,1610612738,BOS,31.0,20,4,323,42,89,0.472,25,65,0.385,9,13,0.692,14,54,68,12,4,5,9,28,118
Mike Muscala,203488,2022-23,00,0,TOT,31.0,63,9,945,131,292,0.449,81,207,0.391,40,52,0.769,37,166,203,50,15,24,23,98,383
Mike Muscala,203488,2023-24,00,1610612764,WAS,33.0,24,2,338,33,90,0.367,14,51,0.275,15,20,0.75,22,53,75,22,5,7,16,31,95
Mike Muscala,203488,2023-24,00,1610612765,DET,33.0,13,4,171,15,44,0.341,13,34,0.382,2,4,0.5,10,19,29,10,3,5,2,13,45
Mike Muscala,203488,2023-24,00,1610612760,OKC,33.0,16,0,91,8,22,0.364,1,11,0.091,0,1,0.0,7,14,21,4,1,1,4,8,17
Mike Muscala,203488,2023-24,00,0,TOT,33.0,53,6,600,56,156,0.359,28,96,0.292,17,25,0.68,39,86,125,36,9,13,22,52,157
Miles Bridges,1628970,2020-21,00,1610612766,CHA,23.0,66,19,1932,313,622,0.503,116,290,0.4,98,113,0.867,81,316,397,147,44,52,106,143,840
Miles Bridges,1628970,2021-22,00,1610612766,CHA,24.0,80,80,2837,596,1214,0.491,154,465,0.331,267,333,0.802,90,469,559,300,74,67,150,193,1613
Miles Bridges,1628970,2023-24,00,1610612766,CHA,26.0,69,67,2581,559,1210,0.462,157,450,0.349,174,211,0.825,71,434,505,231,65,33,138,118,1449
Miles Bridges,1628970,2024-25,00,1610612766,CHA,27.0,64,64,2029,469,1089,0.431,141,450,0.313,221,254,0.87,72,409,481,248,44,45,136,93,1300
Miles McBride,1630540,2022-23,00,1610612752,NYK,22.0,64,2,760,77,215,0.358,40,134,0.299,28,42,0.667,13,37,50,72,37,8,25,60,222
Miles McBride,1630540,2023-24,00,1610612752,NYK,23.0,68,14,1328,205,454,0.452,109,266,0.41,43,50,0.86,31,69,100,114,50,7,30,108,562
Miles McBride,1630540,2024-25,00,1610612752,NYK,24.0,64,10,1593,222,547,0.406,115,312,0.369,52,64,0.813,47,114,161,187,67,17,41,108,611
Mitchell Robinson,1629011,2020-21,00,1610612752,NYK,23.0,31,29,853,115,176,0.653,0,0,0.0,26,53,0.491,113,139,252,17,35,45,26,86,256
Mitchell Robinson,1629011,2021-22,00,1610612752,NYK,24.0,72,62,1848,261,343,0.761,0,0,0.0,88,181,0.486,295,322,617,38,58,133,60,195,610
Mitchell Robinson,1629011,2022-23,00,1610612752,NYK,25.0,59,58,1589,188,280,0.671,0,0,0.0,59,122,0.484,267,288,555,53,56,109,41,160,435
Mitchell Robinson,1629011,2023-24,00,1610612752,NYK,26.0,31,21,768,73,127,0.575,0,0,0.0,27,66,0.409,142,121,263,18,37,35,25,55,173
Mitchell Robinson,1629011,2024-25,00,1610612752,NYK,27.0,17,3,290,37,56,0.661,0,0,0.0,13,19,0.684,52,49,101,13,16,18,10,26,87
Mo Bamba,1628964,2020-21,00,1610612753,ORL,23.0,46,5,725,142,301,0.472,38,118,0.322,45,66,0.682,76,189,265,35,14,58,36,87,367
Mo Bamba,1628964,2021-22,00,1610612753,ORL,24.0,71,69,1824,296,617,0.48,107,281,0.381,57,73,0.781,148,424,572,85,38,118,77,182,756
Mo Bamba,1628964,2022-23,00,1610612753,ORL,25.0,40,6,681,106,214,0.495,43,108,0.398,35,51,0.686,47,137,184,42,12,38,22,86,290
Mo Bamba,1628964,2022-23,00,1610612747,LAL,25.0,9,1,88,11,27,0.407,5,16,0.313,6,11,0.545,11,30,41,4,1,5,8,19,33
Mo Bamba,1628964,2022-23,00,0,TOT,25.0,49,7,768,117,241,0.485,48,124,0.387,41,62,0.661,58,167,225,46,13,43,30,105,323
Mo Bamba,1628964,2023-24,00,1610612755,PHI,26.0,57,17,740,97,198,0.49,25,64,0.391,34,50,0.68,77,161,238,41,22,60,39,101,253
Mo Bamba,1628964,2024-25,00,1610612746,LAC,27.0,28,2,352,48,103,0.466,15,50,0.3,17,25,0.68,26,94,120,16,9,28,19,49,128
Mo Bamba,1628964,2024-25,00,1610612740,NOP,27.0,4,0,61,4,9,0.444,0,4,0.0,2,2,1.0,6,19,25,2,0,3,1,7,10
Mo Bamba,1628964,2024-25,00,0,TOT,27.0,32,2,413,52,112,0.464,15,54,0.278,19,27,0.704,32,113,145,18,9,31,20,56,138
Montrezl Harrell,1626149,2020-21,00,1610612747,LAL,27.0,69,1,1580,375,603,0.622,0,10,0.0,181,256,0.707,158,270,428,73,46,49,74,128,931
Montrezl Harrell,1626149,2021-22,00,1610612764,WAS,28.0,46,3,1117,247,383,0.645,4,15,0.267,149,205,0.727,96,213,309,96,18,31,50,88,647
Montrezl Harrell,1626149,2021-22,00,1610612766,CHA,28.0,25,0,523,111,172,0.645,0,2,0.0,63,91,0.692,53,69,122,49,11,12,22,49,285
Montrezl Harrell,1626149,2021-22,00,0,TOT,28.0,71,3,1640,358,555,0.645,4,17,0.235,212,296,0.716,149,282,431,145,29,43,72,137,932
Montrezl Harrell,1626149,2022-23,00,1610612755,PHI,29.0,57,7,681,125,209,0.598,0,6,0.0,70,101,0.693,67,92,159,33,17,25,35,75,320
Moritz Wagner,1629021,2020-21,00,1610612764,WAS,24.0,25,13,375,62,122,0.508,13,42,0.31,41,52,0.788,13,60,73,32,22,8,21,62,178
Moritz Wagner,1629021,2020-21,00,1610612738,BOS,24.0,9,1,61,4,14,0.286,2,6,0.333,1,2,0.5,3,16,19,6,0,1,9,10,11
Moritz Wagner,1629021,2020-21,00,1610612753,ORL,24.0,11,10,286,38,93,0.409,16,43,0.372,29,33,0.879,11,43,54,12,4,9,13,36,121
Moritz Wagner,1629021,2020-21,00,0,TOT,24.0,45,24,722,104,229,0.454,31,91,0.341,71,87,0.816,27,119,146,50,26,18,43,108,310
Moritz Wagner,1629021,2021-22,00,1610612753,ORL,25.0,63,3,960,197,396,0.497,66,201,0.328,104,129,0.806,42,190,232,87,20,13,56,123,564
Moritz Wagner,1629021,2022-23,00,1610612753,ORL,26.0,57,18,1109,198,396,0.5,51,163,0.313,153,182,0.841,69,190,259,84,37,13,68,136,600
Moritz Wagner,1629021,2023-24,00,1610612753,ORL,27.0,80,1,1415,332,552,0.601,38,115,0.33,166,204,0.814,117,230,347,96,39,21,97,160,868
Moritz Wagner,1629021,2024-25,00,1610612753,ORL,28.0,30,1,564,140,249,0.562,27,75,0.36,79,110,0.718,40,108,148,42,24,12,49,55,386
Moses Brown,1629650,2020-21,00,1610612760,OKC,21.0,43,32,920,146,268,0.545,0,0,0.0,78,126,0.619,154,229,383,10,31,47,43,93,370
Moses Brown,1629650,2021-22,00,1610612742,DAL,22.0,26,1,169,27,50,0.54,0,0,0.0,27,43,0.628,16,45,61,1,3,9,14,28,81
Moses Brown,1629650,2021-22,00,1610612739,CLE,22.0,14,5,176,37,58,0.638,0,0,0.0,16,29,0.552,23,51,74,0,4,7,6,25,90
Moses Brown,1629650,2021-22,00,0,TOT,22.0,40,6,344,64,108,0.593,0,0,0.0,43,72,0.597,39,96,135,1,7,16,20,53,171
Moses Brown,1629650,2022-23,00,1610612746,LAC,23.0,34,1,288,61,96,0.635,0,0,0.0,33,72,0.458,57,82,139,4,3,14,14,38,155
Moses Brown,1629650,2022-23,00,1610612751,BKN,23.0,2,0,6,0,0,0.0,0,0,0.0,0,0,0.0,0,0,0,0,1,0,1,1,0
Moses Brown,1629650,2022-23,00,0,TOT,23.0,36,1,294,61,96,0.635,0,0,0.0,33,72,0.458,57,82,139,4,4,14,15,39,155
Moses Brown,1629650,2023-24,00,1610612757,POR,24.0,22,5,200,33,65,0.508,0,0,0.0,9,31,0.29,37,49,86,7,5,7,11,27,75
Moses Brown,1629650,2024-25,00,1610612754,IND,25.0,9,0,46,13,20,0.65,0,0,0.0,3,5,0.6,4,9,13,0,2,1,6,6,29
Moses Brown,1629650,2024-25,00,1610612742,DAL,25.0,4,2,73,21,29,0.724,0,0,0.0,5,6,0.833,8,23,31,2,4,3,5,11,47
Moses Brown,1629650,2024-25,00,0,TOT,25.0,13,2,119,34,49,0.694,0,0,0.0,8,11,0.727,12,32,44,2,6,4,11,17,76
Moses Moody,1630541,2022-23,00,1610612744,GSW,21.0,63,3,817,108,227,0.476,49,135,0.363,37,53,0.698,28,77,105,51,18,7,34,54,302
Moses Moody,1630541,2023-24,00,1610612744,GSW,22.0,66,9,1156,194,420,0.462,72,200,0.36,73,93,0.785,65,131,196,57,42,24,44,90,533
Moses Moody,1630541,2024-25,00,1610612744,GSW,23.0,74,34,1649,246,568,0.433,126,337,0.374,106,133,0.797,52,137,189,96,59,31,54,116,724
Moussa Diabaté,1631217,2022-23,00,1610612746,LAC,21.0,22,1,195,24,47,0.511,1,2,0.5,10,16,0.625,31,19,50,4,7,8,9,15,59
Moussa Diabaté,1631217,2023-24,00,1610612746,LAC,22.0,11,0,64,10,19,0.526,0,0,0.0,9,14,0.643,15,9,24,4,5,1,2,4,29
Moussa Diabaté,1631217,2024-25,00,1610612766,CHA,23.0,71,8,1241,167,280,0.596,0,6,0.0,69,116,0.595,187,251,438,56,46,40,61,109,403
Mychal Mulder,1628539,2020-21,00,1610612744,GSW,27.0,60,6,766,119,265,0.449,85,214,0.397,14,22,0.636,8,52,60,26,12,12,16,56,337
Mychal Mulder,1628539,2021-22,00,1610612753,ORL,28.0,15,2,195,20,67,0.299,13,46,0.283,2,2,1.0,2,19,21,3,4,1,8,12,55
Mychal Mulder,1628539,2021-22,00,1610612748,MIA,28.0,2,1,44,4,10,0.4,4,8,0.5,2,2,1.0,0,3,3,2,0,1,0,1,14
Mychal Mulder,1628539,2021-22,00,0,TOT,28.0,17,3,240,24,77,0.312,17,54,0.315,4,4,1.0,2,22,24,5,4,2,8,13,69
Myles Turner,1626167,2020-21,00,1610612754,IND,25.0,47,47,1455,206,432,0.477,69,206,0.335,111,142,0.782,63,243,306,48,40,159,67,165,592
Myles Turner,1626167,2021-22,00,1610612754,IND,26.0,42,42,1235,200,393,0.509,61,183,0.333,79,105,0.752,65,232,297,44,28,118,54,119,540
Myles Turner,1626167,2022-23,00,1610612754,IND,27.0,62,62,1825,402,733,0.548,93,249,0.373,216,276,0.783,88,378,466,89,36,140,103,215,1113
Myles Turner,1626167,2023-24,00,1610612754,IND,28.0,77,77,2076,476,909,0.524,116,324,0.358,245,317,0.773,113,420,533,100,39,144,109,232,1313
Myles Turner,1626167,2024-25,00,1610612754,IND,29.0,72,72,2174,390,811,0.481,156,394,0.396,184,238,0.773,90,381,471,111,54,144,123,183,1120
Naji Marshall,1630230,2020-21,00,1610612740,NOP,23.0,32,10,700,82,209,0.392,29,83,0.349,53,75,0.707,15,133,148,88,26,10,38,58,246
Naji Marshall,1630230,2021-22,00,1610612740,NOP,24.0,55,4,736,109,269,0.405,21,105,0.2,74,93,0.796,38,104,142,62,33,8,46,69,313
Naji Marshall,1630230,2022-23,00,1610612740,NOP,25.0,77,21,1792,247,571,0.433,66,218,0.303,138,175,0.789,48,231,279,189,54,14,97,113,698
Naji Marshall,1630230,2023-24,00,1610612740,NOP,26.0,66,1,1257,170,367,0.463,58,150,0.387,68,86,0.791,53,187,240,128,49,12,65,91,466
Naji Marshall,1630230,2024-25,00,1610612742,DAL,27.0,69,31,1919,362,712,0.508,60,218,0.275,130,160,0.813,76,252,328,208,70,11,112,109,914
Nassir Little,1629642,2021-22,00,1610612757,POR,22.0,42,23,1088,145,315,0.46,51,154,0.331,69,94,0.734,58,178,236,54,25,36,40,82,410
Nassir Little,1629642,2022-23,00,1610612757,POR,23.0,54,4,976,134,303,0.442,58,158,0.367,33,46,0.717,27,114,141,50,20,20,36,66,359
Nassir Little,1629642,2023-24,00,1610612756,PHX,24.0,45,2,458,57,124,0.46,21,70,0.3,17,20,0.85,14,61,75,21,10,10,14,39,152
Naz Reid,1629675,2020-21,00,1610612750,MIN,21.0,70,15,1347,304,581,0.523,61,174,0.351,115,166,0.693,82,240,322,72,34,76,69,179,784
Naz Reid,1629675,2021-22,00,1610612750,MIN,22.0,77,6,1215,233,476,0.489,57,166,0.343,114,149,0.765,102,199,301,71,40,71,82,172,637
Naz Reid,1629675,2022-23,00,1610612750,MIN,23.0,68,11,1251,310,577,0.537,75,217,0.346,86,127,0.677,73,260,333,77,42,53,92,176,781
Naz Reid,1629675,2023-24,00,1610612750,MIN,24.0,81,14,1964,406,851,0.477,169,408,0.414,109,148,0.736,73,350,423,106,63,73,111,172,1090
Naz Reid,1629675,2024-25,00,1610612750,MIN,25.0,80,17,2200,426,923,0.462,175,462,0.379,111,143,0.776,92,388,480,181,58,72,108,189,1138
Neemias Queta,1629674,2022-23,00,1610612758,SAC,23.0,5,0,29,6,9,0.667,0,0,0.0,0,2,0.0,5,6,11,1,0,2,1,7,12
Neemias Queta,1629674,2023-24,00,1610612738,BOS,24.0,28,0,333,67,104,0.644,0,0,0.0,20,28,0.714,53,69,122,20,13,21,13,50,154
Neemias Queta,1629674,2024-25,00,1610612738,BOS,25.0,62,6,863,132,203,0.65,0,3,0.0,46,61,0.754,89,147,236,45,18,42,40,106,310
Nemanja Bjelica,202357,2020-21,00,1610612758,SAC,33.0,26,1,439,69,150,0.46,17,58,0.293,32,42,0.762,24,76,100,49,8,2,28,48,187
Nemanja Bjelica,202357,2020-21,00,1610612748,MIA,33.0,11,2,156,20,46,0.435,10,27,0.37,5,9,0.556,5,22,27,20,7,3,5,20,55
Nemanja Bjelica,202357,2020-21,00,0,TOT,33.0,37,3,595,89,196,0.454,27,85,0.318,37,51,0.725,29,98,127,69,15,5,33,68,242
Nemanja Bjelica,202357,2021-22,00,1610612744,GSW,34.0,71,0,1142,160,342,0.468,54,149,0.362,59,81,0.728,62,232,294,159,41,26,87,128,433
Nerlens Noel,203457,2020-21,00,1610612752,NYK,27.0,64,41,1547,137,223,0.614,0,3,0.0,50,70,0.714,142,265,407,46,70,141,65,176,324
Nerlens Noel,203457,2021-22,00,1610612752,NYK,28.0,25,11,562,32,60,0.533,0,3,0.0,21,30,0.7,48,93,141,23,30,31,20,67,85
Nerlens Noel,203457,2022-23,00,1610612765,DET,29.0,14,3,152,12,30,0.4,1,2,0.5,7,10,0.7,7,30,37,7,13,9,8,25,32
Nerlens Noel,203457,2022-23,00,1610612751,BKN,29.0,3,1,43,1,6,0.167,0,0,0.0,1,2,0.5,3,6,9,3,3,1,5,7,3
Nerlens Noel,203457,2022-23,00,0,TOT,29.0,17,4,195,13,36,0.361,1,2,0.5,8,12,0.667,10,36,46,10,16,10,13,32,35
Nic Claxton,1629651,2020-21,00,1610612751,BKN,22.0,32,1,594,90,145,0.621,1,5,0.2,31,64,0.484,43,123,166,28,23,40,18,68,212
Nic Claxton,1629651,2021-22,00,1610612751,BKN,23.0,47,19,974,178,264,0.674,0,0,0.0,54,93,0.581,91,173,264,43,24,51,38,110,410
Nic Claxton,1629651,2022-23,00,1610612751,BKN,24.0,76,76,2271,414,587,0.705,0,2,0.0,133,246,0.541,184,518,702,144,65,189,96,212,961
Nic Claxton,1629651,2023-24,00,1610612751,BKN,25.0,71,71,2116,366,582,0.629,1,5,0.2,108,196,0.551,193,513,706,147,46,146,93,175,841
Nic Claxton,1629651,2024-25,00,1610612751,BKN,26.0,70,62,1882,320,568,0.563,5,21,0.238,79,154,0.513,157,358,515,157,62,100,87,150,724
Nicolas Batum,201587,2020-21,00,1610612746,LAC,32.0,67,38,1835,191,412,0.464,110,272,0.404,48,58,0.828,50,266,316,148,69,37,53,102,540
Nicolas Batum,201587,2021-22,00,1610612746,LAC,33.0,59,54,1463,179,387,0.463,108,270,0.4,25,38,0.658,29,225,254,100,58,42,40,80,491
Nicolas Batum,201587,2022-23,00,1610612746,LAC,34.0,78,19,1710,160,381,0.42,124,317,0.391,34,48,0.708,62,237,299,121,54,44,50,149,478
Nicolas Batum,201587,2023-24,00,1610612746,LAC,35.0,3,0,54,3,8,0.375,2,7,0.286,0,0,0.0,0,7,7,5,3,4,1,5,8
Nicolas Batum,201587,2023-24,00,1610612755,PHI,35.0,57,38,1476,113,248,0.456,71,178,0.399,15,21,0.714,70,171,241,123,45,34,39,104,312
Nicolas Batum,201587,2023-24,00,0,TOT,35.0,60,38,1530,116,256,0.453,73,185,0.395,15,21,0.714,70,178,248,128,48,38,40,109,320
Nicolas Batum,201587,2024-25,00,1610612746,LAC,36.0,78,8,1367,104,238,0.437,88,203,0.433,17,21,0.81,47,171,218,84,52,36,34,111,313
Nikola Jokić,203999,2020-21,00,1610612743,DEN,26.0,72,72,2488,732,1293,0.566,92,237,0.388,342,394,0.868,205,575,780,599,95,48,222,192,1898
Nikola Jokić,203999,2021-22,00,1610612743,DEN,27.0,74,74,2476,764,1311,0.583,97,288,0.337,379,468,0.81,206,813,1019,584,109,63,281,191,2004
Nikola Jokić,203999,2022-23,00,1610612743,DEN,28.0,69,69,2323,646,1022,0.632,57,149,0.383,341,415,0.822,167,650,817,678,87,47,247,174,1690
Nikola Jokić,203999,2023-24,00,1610612743,DEN,29.0,79,79,2737,822,1411,0.583,83,231,0.359,358,438,0.817,223,753,976,708,108,68,237,194,2085
Nikola Jokić,203999,2024-25,00,1610612743,DEN,30.0,70,70,2571,786,1364,0.576,138,331,0.417,361,451,0.8,200,692,892,716,127,45,230,160,2071
Nikola Jović,1631107,2022-23,00,1610612748,MIA,20.0,15,8,204,28,69,0.406,8,35,0.229,18,19,0.947,9,22,31,10,7,2,10,19,82
Nikola Jović,1631107,2023-24,00,1610612748,MIA,21.0,46,38,896,127,281,0.452,65,163,0.399,33,47,0.702,25,167,192,90,25,14,42,82,352
Nikola Jović,1631107,2024-25,00,1610612748,MIA,22.0,46,10,1156,172,377,0.456,78,210,0.371,72,87,0.828,26,154,180,131,38,13,60,82,494
Nikola Vučević,202696,2020-21,00,1610612753,ORL,30.0,44,44,1500,436,908,0.48,117,288,0.406,91,110,0.827,87,430,517,167,42,28,83,79,1080
Nikola Vučević,202696,2020-21,00,1610612741,CHI,30.0,26,26,848,230,488,0.471,59,152,0.388,40,46,0.87,59,241,300,102,23,20,43,58,559
Nikola Vučević,202696,2020-21,00,0,TOT,30.0,70,70,2348,666,1396,0.477,176,440,0.4,131,156,0.84,146,671,817,269,65,48,126,137,1639
Nikola Vučević,202696,2021-22,00,1610612741,CHI,31.0,73,73,2418,546,1154,0.473,104,331,0.314,92,121,0.76,142,662,804,236,70,71,136,181,1288
Nikola Vučević,202696,2022-23,00,1610612741,CHI,32.0,82,82,2746,597,1148,0.52,121,347,0.349,132,158,0.835,159,744,903,265,60,57,139,179,1447
Nikola Vučević,202696,2023-24,00,1610612741,CHI,33.0,76,74,2610,586,1211,0.484,92,313,0.294,106,129,0.822,210,591,801,254,50,60,120,190,1370
Nikola Vučević,202696,2024-25,00,1610612741,CHI,34.0,73,72,2278,550,1038,0.53,129,321,0.402,120,149,0.805,178,557,735,256,61,52,119,163,1349
Norman Powell,1626181,2020-21,00,1610612761,TOR,28.0,42,31,1277,282,566,0.498,118,269,0.439,141,163,0.865,19,107,126,77,47,8,77,98,823
Norman Powell,1626181,2020-21,00,1610612757,POR,28.0,27,27,928,156,352,0.443,53,147,0.361,95,108,0.88,23,66,89,52,35,10,42,62,460
Norman Powell,1626181,2020-21,00,0,TOT,28.0,69,58,2206,438,918,0.477,171,416,0.411,236,271,0.871,42,173,215,129,82,18,119,160,1283
Norman Powell,1626181,2021-22,00,1610612757,POR,29.0,40,39,1333,247,542,0.456,93,229,0.406,159,198,0.803,17,114,131,82,40,17,62,92,746
Norman Powell,1626181,2021-22,00,1610612746,LAC,29.0,5,2,125,32,63,0.508,13,24,0.542,30,35,0.857,3,11,14,14,2,4,7,14,107
Norman Powell,1626181,2021-22,00,0,TOT,29.0,45,41,1458,279,605,0.461,106,253,0.419,189,233,0.811,20,125,145,96,42,21,69,106,853
Norman Powell,1626181,2022-23,00,1610612746,LAC,30.0,60,8,1567,340,710,0.479,114,287,0.397,225,277,0.812,24,151,175,109,50,18,101,125,1019
Norman Powell,1626181,2023-24,00,1610612746,LAC,31.0,76,3,1990,373,768,0.486,167,384,0.435,143,172,0.831,16,179,195,82,43,22,66,137,1056
Norman Powell,1626181,2024-25,00,1610612746,LAC,32.0,60,60,1958,457,945,0.484,179,428,0.418,213,265,0.804,21,169,190,125,73,9,108,114,1306
OG Anunoby,1628384,2020-21,00,1610612761,TOR,23.0,43,43,1433,249,519,0.48,104,261,0.398,80,102,0.784,54,183,237,94,66,32,75,114,682
OG Anunoby,1628384,2021-22,00,1610612761,TOR,24.0,48,48,1728,309,697,0.443,115,317,0.363,89,118,0.754,74,190,264,125,71,25,80,131,822
OG Anunoby,1628384,2022-23,00,1610612761,TOR,25.0,67,67,2386,421,885,0.476,142,367,0.387,140,167,0.838,95,237,332,131,128,50,132,200,1124
OG Anunoby,1628384,2023-24,00,1610612761,TOR,26.0,27,27,900,157,321,0.489,61,163,0.374,33,46,0.717,24,82,106,72,28,13,43,62,408
OG Anunoby,1628384,2023-24,00,1610612752,NYK,26.0,23,23,802,125,256,0.488,41,104,0.394,34,43,0.791,23,79,102,35,40,23,38,57,325
OG Anunoby,1628384,2023-24,00,0,TOT,26.0,50,50,1702,282,577,0.489,102,267,0.382,67,89,0.753,47,161,208,107,68,36,81,119,733
OG Anunoby,1628384,2024-25,00,1610612752,NYK,27.0,74,74,2706,489,1027,0.476,171,460,0.372,183,226,0.81,97,261,358,164,110,65,102,172,1332
Obi Toppin,1630167,2021-22,00,1610612752,NYK,24.0,72,10,1230,251,473,0.531,52,169,0.308,94,124,0.758,69,199,268,77,25,33,56,102,648
Obi Toppin,1630167,2022-23,00,1610612752,NYK,25.0,67,5,1051,187,419,0.446,85,247,0.344,38,47,0.809,29,158,187,66,23,12,38,68,497
Obi Toppin,1630167,2023-24,00,1610612754,IND,26.0,82,28,1731,332,579,0.573,102,253,0.403,77,100,0.77,85,235,320,128,47,43,69,143,843
Obi Toppin,1630167,2024-25,00,1610612754,IND,27.0,79,4,1545,317,599,0.529,110,301,0.365,89,114,0.781,56,262,318,128,46,28,68,108,833
Olivier Sarr,1630846,2021-22,00,1610612760,OKC,23.0,22,2,421,58,101,0.574,13,29,0.448,24,29,0.828,34,59,93,19,6,15,22,52,153
Olivier Sarr,1630846,2022-23,00,1610612760,OKC,24.0,9,1,114,15,30,0.5,1,8,0.125,5,7,0.714,12,19,31,4,1,5,4,17,36
Olivier Sarr,1630846,2023-24,00,1610612760,OKC,25.0,15,0,98,11,19,0.579,2,6,0.333,10,15,0.667,10,26,36,2,0,7,3,18,34
Omer Yurtseven,1630209,2021-22,00,1610612748,MIA,24.0,56,12,706,130,247,0.526,1,11,0.091,38,61,0.623,85,209,294,49,17,20,41,84,299
Omer Yurtseven,1630209,2022-23,00,1610612748,MIA,25.0,9,0,83,16,27,0.593,3,7,0.429,5,6,0.833,8,15,23,2,2,2,4,16,40
Omer Yurtseven,1630209,2023-24,00,1610612762,UTA,26.0,48,12,545,99,184,0.538,5,24,0.208,19,28,0.679,72,136,208,29,8,18,37,52,222
Onyeka Okongwu,1630168,2021-22,00,1610612737,ATL,21.0,48,6,992,156,226,0.69,0,0,0.0,80,110,0.727,115,168,283,53,31,60,44,149,392
Onyeka Okongwu,1630168,2022-23,00,1610612737,ATL,22.0,80,18,1849,317,497,0.638,4,13,0.308,153,196,0.781,217,359,576,81,56,107,81,251,791
Onyeka Okongwu,1630168,2023-24,00,1610612737,ATL,23.0,55,8,1405,223,365,0.611,23,69,0.333,92,116,0.793,145,231,376,74,26,60,45,162,561
Onyeka Okongwu,1630168,2024-25,00,1610612737,ATL,24.0,74,40,2064,388,684,0.567,48,148,0.324,164,216,0.759,220,440,660,168,69,68,90,193,988
Oshae Brissett,1629052,2020-21,00,1610612754,IND,23.0,21,16,519,73,151,0.483,33,78,0.423,50,65,0.769,29,86,115,18,19,20,10,32,229
Oshae Brissett,1629052,2021-22,00,1610612754,IND,24.0,67,25,1564,208,506,0.411,83,237,0.35,114,164,0.695,108,250,358,72,44,29,54,116,613
Oshae Brissett,1629052,2022-23,00,1610612754,IND,25.0,65,2,1083,123,319,0.386,48,155,0.31,104,145,0.717,62,156,218,44,33,13,34,79,398
Oshae Brissett,1629052,2023-24,00,1610612738,BOS,26.0,55,1,630,68,153,0.444,15,55,0.273,50,83,0.602,61,99,160,44,19,8,20,54,201
Oshae Brissett,1629052,2024-25,00,1610612755,PHI,27.0,6,2,142,19,39,0.487,6,18,0.333,8,14,0.571,7,15,22,4,4,3,8,14,52
Otto Porter Jr.,203490,2020-21,00,1610612741,CHI,28.0,25,6,540,89,202,0.441,38,95,0.4,31,37,0.838,28,110,138,50,12,4,25,37,247
Otto Porter Jr.,203490,2020-21,00,1610612753,ORL,28.0,3,0,66,9,25,0.36,1,9,0.111,5,5,1.0,0,14,14,5,4,0,0,4,24
Otto Porter Jr.,203490,2020-21,00,0,TOT,28.0,28,6,607,98,227,0.432,39,104,0.375,36,42,0.857,28,124,152,55,16,4,25,41,271
Otto Porter Jr.,203490,2021-22,00,1610612744,GSW,29.0,63,15,1396,193,416,0.464,80,216,0.37,49,61,0.803,86,276,362,94,68,29,37,83,515
Otto Porter Jr.,203490,2022-23,00,1610612761,TOR,30.0,8,2,146,15,30,0.5,6,17,0.353,8,8,1.0,6,13,19,8,11,0,4,7,44
Otto Porter Jr.,203490,2023-24,00,1610612761,TOR,31.0,15,1,174,14,33,0.424,8,23,0.348,3,3,1.0,6,23,29,8,5,5,2,19,39
Ousmane Dieng,1631172,2022-23,00,1610612760,OKC,20.0,39,1,569,76,181,0.42,26,98,0.265,15,23,0.652,19,86,105,46,14,7,26,42,193
Ousmane Dieng,1631172,2023-24,00,1610612760,OKC,21.0,33,0,365,49,116,0.422,21,70,0.3,14,16,0.875,10,41,51,37,8,5,19,22,133
Ousmane Dieng,1631172,2024-25,00,1610612760,OKC,22.0,37,1,405,54,125,0.432,23,71,0.324,11,16,0.688,18,63,81,31,17,7,18,33,142
P.J. Tucker,200782,2021-22,00,1610612748,MIA,37.0,71,70,1981,207,428,0.484,80,193,0.415,45,61,0.738,100,287,387,149,58,15,66,161,539
P.J. Tucker,200782,2022-23,00,1610612755,PHI,38.0,75,75,1920,96,225,0.427,55,140,0.393,19,23,0.826,95,200,295,60,39,15,44,180,266
P.J. Tucker,200782,2023-24,00,1610612755,PHI,39.0,3,3,66,2,5,0.4,2,5,0.4,0,0,0.0,1,13,14,0,3,2,2,9,6
P.J. Tucker,200782,2023-24,00,1610612746,LAC,39.0,28,7,420,16,45,0.356,11,30,0.367,3,3,1.0,27,44,71,16,13,5,6,45,46
P.J. Tucker,200782,2023-24,00,0,TOT,39.0,31,10,486,18,50,0.36,13,35,0.371,3,3,1.0,28,57,85,16,16,7,8,54,52
P.J. Tucker,200782,2024-25,00,1610612752,NYK,40.0,3,1,58,3,7,0.429,3,6,0.5,0,0,0.0,4,4,8,0,1,1,1,8,9
P.J. Washington,1629023,2020-21,00,1610612766,CHA,22.0,64,61,1954,302,686,0.44,112,290,0.386,108,145,0.745,93,325,418,161,69,79,128,171,824
P.J. Washington,1629023,2021-22,00,1610612766,CHA,23.0,65,28,1768,250,532,0.47,110,301,0.365,58,81,0.716,82,255,337,147,57,61,82,152,668
P.J. Washington,1629023,2022-23,00,1610612766,CHA,24.0,73,73,2380,434,978,0.444,149,428,0.348,127,174,0.73,73,285,358,175,66,79,110,193,1144
P.J. Washington,1629023,2023-24,00,1610612766,CHA,25.0,44,17,1286,227,509,0.446,79,244,0.324,67,94,0.713,53,179,232,97,38,32,66,112,600
P.J. Washington,1629023,2023-24,00,1610612742,DAL,25.0,29,28,935,127,302,0.421,53,169,0.314,32,51,0.627,32,147,179,44,34,27,30,57,339
P.J. Washington,1629023,2023-24,00,0,TOT,25.0,73,45,2221,354,811,0.436,132,413,0.32,99,145,0.683,85,326,411,141,72,59,96,169,939
P.J. Washington,1629023,2024-25,00,1610612742,DAL,26.0,57,56,1835,301,665,0.453,91,239,0.381,143,198,0.722,82,360,442,131,63,60,118,131,836
PJ Dozier,1628408,2020-21,00,1610612743,DEN,24.0,50,6,1088,148,355,0.417,47,149,0.315,42,66,0.636,35,147,182,92,31,22,46,86,385
PJ Dozier,1628408,2021-22,00,1610612743,DEN,25.0,18,0,340,36,99,0.364,15,48,0.313,10,13,0.769,14,49,63,29,11,6,13,33,97
PJ Dozier,1628408,2022-23,00,1610612758,SAC,26.0,16,0,79,10,33,0.303,2,16,0.125,0,0,0.0,1,13,14,10,6,1,5,7,22
PJ Dozier,1628408,2024-25,00,1610612750,MIN,28.0,9,0,35,2,3,0.667,2,3,0.667,1,6,0.167,1,4,5,5,1,0,1,3,7
Paolo Banchero,1631094,2022-23,00,1610612753,ORL,20.0,72,72,2430,479,1122,0.427,85,285,0.298,394,534,0.738,84,413,497,269,60,39,200,160,1437
Paolo Banchero,1631094,2023-24,00,1610612753,ORL,21.0,80,80,2799,640,1407,0.455,119,351,0.339,405,559,0.725,82,472,554,431,71,47,247,153,1804
Paolo Banchero,1631094,2024-25,00,1610612753,ORL,22.0,46,46,1582,412,911,0.452,87,272,0.32,280,385,0.727,51,294,345,219,36,28,136,97,1191
Pascal Siakam,1627783,2020-21,00,1610612761,TOR,27.0,56,56,2006,437,961,0.455,73,246,0.297,249,301,0.827,95,310,405,250,64,37,130,174,1196
Pascal Siakam,1627783,2021-22,00,1610612761,TOR,28.0,68,68,2578,596,1207,0.494,75,218,0.344,284,379,0.749,128,452,580,360,85,42,181,225,1551
Pascal Siakam,1627783,2022-23,00,1610612761,TOR,29.0,71,71,2652,630,1313,0.48,93,287,0.324,367,474,0.774,131,425,556,415,65,36,169,228,1720
Pascal Siakam,1627783,2023-24,00,1610612761,TOR,30.0,39,39,1354,325,623,0.522,46,145,0.317,169,223,0.758,54,192,246,190,32,10,83,87,865
Pascal Siakam,1627783,2023-24,00,1610612754,IND,30.0,41,41,1304,356,648,0.549,39,101,0.386,121,173,0.699,85,234,319,152,31,15,58,106,872
Pascal Siakam,1627783,2023-24,00,0,TOT,30.0,80,80,2658,681,1271,0.536,85,246,0.346,290,396,0.732,139,426,565,342,63,25,141,193,1737
Pascal Siakam,1627783,2024-25,00,1610612754,IND,31.0,78,78,2548,613,1182,0.519,126,324,0.389,226,308,0.734,133,407,540,263,70,42,109,189,1578
Pat Connaughton,1626192,2020-21,00,1610612749,MIL,28.0,69,4,1575,168,387,0.434,101,272,0.371,31,40,0.775,63,269,332,81,49,23,33,99,468
Pat Connaughton,1626192,2021-22,00,1610612749,MIL,29.0,65,19,1691,227,496,0.458,146,370,0.395,45,54,0.833,45,228,273,82,59,15,35,86,645
Pat Connaughton,1626192,2022-23,00,1610612749,MIL,30.0,61,33,1443,165,421,0.392,109,322,0.339,27,41,0.659,50,233,283,77,37,11,33,69,466
Pat Connaughton,1626192,2023-24,00,1610612749,MIL,31.0,76,3,1676,151,347,0.435,82,238,0.345,44,58,0.759,51,188,239,161,40,19,49,99,428
Pat Connaughton,1626192,2024-25,00,1610612749,MIL,32.0,41,1,603,83,177,0.469,26,81,0.321,24,31,0.774,19,90,109,70,9,11,24,45,216
Patrick Beverley,201976,2020-21,00,1610612746,LAC,32.0,37,34,833,93,220,0.423,56,141,0.397,36,45,0.8,29,90,119,76,29,28,34,108,278
Patrick Beverley,201976,2021-22,00,1610612750,MIN,33.0,58,54,1476,177,436,0.406,83,242,0.343,96,133,0.722,62,178,240,268,67,52,73,174,533
Patrick Beverley,201976,2022-23,00,1610612747,LAL,34.0,45,45,1211,97,241,0.402,55,158,0.348,39,50,0.78,24,116,140,118,40,25,42,124,288
Patrick Beverley,201976,2022-23,00,1610612741,CHI,34.0,22,22,605,47,119,0.395,25,81,0.309,8,15,0.533,20,87,107,76,23,16,18,63,127
Patrick Beverley,201976,2022-23,00,0,TOT,34.0,67,67,1817,144,360,0.4,80,239,0.335,47,65,0.723,44,203,247,194,63,41,60,187,415
Patrick Beverley,201976,2023-24,00,1610612755,PHI,35.0,47,5,919,104,241,0.432,35,109,0.321,51,63,0.81,30,115,145,144,24,18,49,83,294
Patrick Beverley,201976,2023-24,00,1610612749,MIL,35.0,26,8,543,54,138,0.391,26,72,0.361,23,27,0.852,19,75,94,68,19,13,16,45,157
Patrick Beverley,201976,2023-24,00,0,TOT,35.0,73,13,1463,158,379,0.417,61,181,0.337,74,90,0.822,49,190,239,212,43,31,65,128,451
Patrick Patterson,202335,2020-21,00,1610612746,LAC,32.0,38,5,582,72,165,0.436,40,112,0.357,13,17,0.765,19,56,75,29,14,8,11,45,197
Patrick Williams,1630172,2020-21,00,1610612741,CHI,19.0,71,71,1983,255,528,0.483,54,138,0.391,91,125,0.728,66,261,327,99,64,46,98,126,655
Patrick Williams,1630172,2021-22,00,1610612741,CHI,20.0,17,9,422,54,102,0.529,15,29,0.517,30,41,0.732,17,52,69,15,9,9,16,28,153
Patrick Williams,1630172,2022-23,00,1610612741,CHI,21.0,82,65,2323,314,677,0.464,115,277,0.415,90,105,0.857,78,249,327,100,72,70,101,147,833
Patrick Williams,1630172,2023-24,00,1610612741,CHI,22.0,43,30,1174,159,359,0.443,59,148,0.399,52,66,0.788,46,120,166,66,40,33,57,87,429
Patrick Williams,1630172,2024-25,00,1610612741,CHI,23.0,63,36,1576,205,516,0.397,96,272,0.353,60,83,0.723,43,194,237,124,48,32,86,88,566
Patty Mills,201988,2020-21,00,1610612759,SAS,32.0,68,1,1685,252,611,0.412,161,429,0.375,71,78,0.91,18,98,116,162,42,3,66,81,736
Patty Mills,201988,2021-22,00,1610612751,BKN,33.0,81,48,2346,324,794,0.408,227,568,0.4,48,59,0.814,18,138,156,183,51,17,73,112,923
Patty Mills,201988,2022-23,00,1610612751,BKN,34.0,40,2,567,86,209,0.411,49,134,0.366,25,30,0.833,8,36,44,56,15,3,30,32,246
Patty Mills,201988,2023-24,00,1610612737,ATL,35.0,19,0,202,19,51,0.373,13,34,0.382,0,0,0.0,5,15,20,14,9,1,8,17,51
Patty Mills,201988,2023-24,00,1610612748,MIA,35.0,13,5,213,27,80,0.338,11,53,0.208,11,11,1.0,4,11,15,20,11,0,8,15,76
Patty Mills,201988,2023-24,00,0,TOT,35.0,32,5,415,46,131,0.351,24,87,0.276,11,11,1.0,9,26,35,34,20,1,16,32,127
Patty Mills,201988,2024-25,00,1610612762,UTA,36.0,17,0,260,26,76,0.342,17,57,0.298,5,5,1.0,3,18,21,21,12,3,16,12,74
Patty Mills,201988,2024-25,00,1610612746,LAC,36.0,12,0,61,10,20,0.5,9,18,0.5,8,9,0.889,1,0,1,5,1,0,1,12,37
Patty Mills,201988,2024-25,00,0,TOT,36.0,29,0,321,36,96,0.375,26,75,0.347,13,14,0.929,4,18,22,26,13,3,17,24,111
Paul George,202331,2020-21,00,1610612746,LAC,31.0,54,54,1821,445,953,0.467,171,416,0.411,198,228,0.868,45,314,359,280,62,24,179,132,1259
Paul George,202331,2021-22,00,1610612746,LAC,32.0,31,31,1077,268,636,0.421,91,257,0.354,127,148,0.858,12,201,213,176,67,13,126,74,754
Paul George,202331,2022-23,00,1610612746,LAC,33.0,56,56,1939,459,1004,0.457,158,426,0.371,256,294,0.871,45,297,342,288,83,20,176,159,1332
Paul George,202331,2023-24,00,1610612746,LAC,34.0,74,74,2502,582,1236,0.471,243,588,0.413,264,291,0.907,37,351,388,262,113,37,153,202,1671
Paul George,202331,2024-25,00,1610612755,PHI,35.0,41,41,1334,245,570,0.43,96,268,0.358,79,97,0.814,24,195,219,178,75,20,106,101,665
Paul Millsap,200794,2020-21,00,1610612743,DEN,36.0,56,36,1162,191,401,0.476,49,143,0.343,71,98,0.724,76,186,262,98,51,36,51,111,502
Paul Millsap,200794,2021-22,00,1610612751,BKN,37.0,24,0,270,32,85,0.376,6,27,0.222,12,17,0.706,29,60,89,24,5,11,11,48,82
Paul Millsap,200794,2021-22,00,1610612755,PHI,37.0,9,1,106,13,30,0.433,2,8,0.25,5,7,0.714,12,13,25,5,5,2,8,19,33
Paul Millsap,200794,2021-22,00,0,TOT,37.0,33,1,376,45,115,0.391,8,35,0.229,17,24,0.708,41,73,114,29,10,13,19,67,115
Paul Reed,1630194,2022-23,00,1610612755,PHI,24.0,69,2,755,124,209,0.593,1,6,0.167,38,51,0.745,112,150,262,27,46,51,45,123,287
Paul Reed,1630194,2023-24,00,1610612755,PHI,25.0,82,24,1589,259,480,0.54,21,57,0.368,61,85,0.718,193,295,488,109,67,84,67,198,600
Paul Reed,1630194,2024-25,00,1610612765,DET,26.0,45,0,438,72,142,0.507,8,28,0.286,32,42,0.762,40,83,123,44,39,25,26,75,184
Payton Pritchard,1630202,2020-21,00,1610612738,BOS,23.0,66,4,1268,184,418,0.44,102,248,0.411,40,45,0.889,33,125,158,120,37,9,53,104,510
Payton Pritchard,1630202,2021-22,00,1610612738,BOS,24.0,71,2,1001,160,373,0.429,101,245,0.412,21,21,1.0,32,102,134,139,25,6,41,61,442
Payton Pritchard,1630202,2022-23,00,1610612738,BOS,25.0,48,3,643,101,245,0.412,56,154,0.364,12,16,0.75,25,63,88,64,14,1,40,37,270
Payton Pritchard,1630202,2023-24,00,1610612738,BOS,26.0,82,5,1826,297,635,0.468,147,382,0.385,46,56,0.821,70,195,265,281,39,6,61,106,787
Payton Pritchard,1630202,2024-25,00,1610612738,BOS,27.0,80,3,2271,409,866,0.472,255,626,0.407,71,84,0.845,102,205,307,279,70,14,83,118,1144
Peyton Watson,1631212,2022-23,00,1610612743,DEN,20.0,23,2,186,29,59,0.492,6,14,0.429,11,20,0.55,8,29,37,11,2,11,8,14,75
Peyton Watson,1631212,2023-24,00,1610612743,DEN,21.0,80,4,1488,208,447,0.465,45,152,0.296,71,106,0.67,56,202,258,86,42,88,58,143,532
Peyton Watson,1631212,2024-25,00,1610612743,DEN,22.0,68,18,1656,204,428,0.477,48,136,0.353,95,137,0.693,47,186,233,94,48,93,56,123,551
Precious Achiuwa,1630173,2020-21,00,1610612748,MIA,21.0,61,4,737,124,228,0.544,0,1,0.0,56,110,0.509,73,135,208,29,20,28,43,91,304
Precious Achiuwa,1630173,2021-22,00,1610612761,TOR,22.0,73,28,1725,265,603,0.439,56,156,0.359,78,131,0.595,146,327,473,82,37,41,84,151,664
Precious Achiuwa,1630173,2022-23,00,1610612761,TOR,23.0,55,12,1141,196,404,0.485,29,108,0.269,87,124,0.702,100,228,328,50,31,30,59,102,508
Precious Achiuwa,1630173,2023-24,00,1610612761,TOR,24.0,25,0,437,78,170,0.459,13,47,0.277,24,42,0.571,50,86,136,44,16,12,29,40,193
Precious Achiuwa,1630173,2023-24,00,1610612752,NYK,24.0,49,18,1187,157,299,0.525,13,50,0.26,45,70,0.643,141,210,351,53,30,56,54,103,372
Precious Achiuwa,1630173,2023-24,00,0,TOT,24.0,74,18,1624,235,469,0.501,26,97,0.268,69,112,0.616,191,296,487,97,46,68,83,143,565
Precious Achiuwa,1630173,2024-25,00,1610612752,NYK,25.0,57,10,1170,164,327,0.502,10,36,0.278,41,69,0.594,101,216,317,55,47,42,45,81,379
Quentin Grimes,1629656,2021-22,00,1610612752,NYK,22.0,46,6,786,95,235,0.404,72,189,0.381,13,19,0.684,24,70,94,44,31,11,28,72,275
Quentin Grimes,1629656,2022-23,00,1610612752,NYK,23.0,71,66,2121,282,602,0.468,157,407,0.386,78,98,0.796,49,180,229,150,47,26,69,177,799
Quentin Grimes,1629656,2023-24,00,1610612752,NYK,24.0,45,18,910,113,286,0.395,77,212,0.363,24,34,0.706,14,74,88,52,30,3,21,66,327
Quentin Grimes,1629656,2023-24,00,1610612765,DET,24.0,6,0,115,9,42,0.214,4,28,0.143,10,11,0.909,1,11,12,14,5,4,7,9,32
Quentin Grimes,1629656,2023-24,00,0,TOT,24.0,51,18,1025,122,328,0.372,81,240,0.338,34,45,0.756,15,85,100,66,35,7,28,75,359
Quentin Grimes,1629656,2024-25,00,1610612742,DAL,25.0,47,12,1070,169,365,0.463,80,201,0.398,62,81,0.765,30,149,179,101,32,10,61,78,480
Quentin Grimes,1629656,2024-25,00,1610612755,PHI,25.0,28,25,943,215,458,0.469,82,220,0.373,100,133,0.752,29,116,145,127,42,12,80,60,612
Quentin Grimes,1629656,2024-25,00,0,TOT,25.0,75,37,2013,384,823,0.467,162,421,0.385,162,214,0.757,59,265,324,228,74,22,141,138,1092
R.J. Hampton,1630181,2020-21,00,1610612743,DEN,20.0,25,0,233,25,60,0.417,5,18,0.278,9,12,0.75,10,40,50,14,5,2,11,22,64
R.J. Hampton,1630181,2020-21,00,1610612753,ORL,20.0,26,1,655,111,253,0.439,22,69,0.319,46,70,0.657,19,110,129,73,16,8,42,39,290
R.J. Hampton,1630181,2020-21,00,0,TOT,20.0,51,1,888,136,313,0.435,27,87,0.31,55,82,0.671,29,150,179,87,21,10,53,61,354
R.J. Hampton,1630181,2021-22,00,1610612753,ORL,21.0,64,14,1402,175,457,0.383,64,183,0.35,75,117,0.641,23,171,194,158,42,13,87,101,489
R.J. Hampton,1630181,2022-23,00,1610612753,ORL,22.0,26,0,361,50,114,0.439,18,53,0.34,31,37,0.838,9,30,39,34,16,4,21,22,149
R.J. Hampton,1630181,2022-23,00,1610612765,DET,22.0,21,3,389,52,123,0.423,23,63,0.365,26,39,0.667,9,39,48,20,11,5,21,29,153
R.J. Hampton,1630181,2022-23,00,0,TOT,22.0,47,3,750,102,237,0.43,41,116,0.353,57,76,0.75,18,69,87,54,27,9,42,51,302
R.J. Hampton,1630181,2023-24,00,1610612748,MIA,23.0,8,2,76,4,14,0.286,1,8,0.125,1,2,0.5,2,4,6,8,0,0,3,8,10
RJ Barrett,1629628,2020-21,00,1610612752,NYK,21.0,72,72,2511,467,1060,0.441,124,309,0.401,206,276,0.746,68,346,414,217,53,20,139,188,1264
RJ Barrett,1629628,2021-22,00,1610612752,NYK,22.0,70,70,2417,487,1194,0.408,138,404,0.342,290,406,0.714,66,342,408,208,43,16,151,142,1402
RJ Barrett,1629628,2022-23,00,1610612752,NYK,23.0,73,73,2476,510,1176,0.434,121,390,0.31,290,392,0.74,60,308,368,201,31,15,164,179,1431
RJ Barrett,1629628,2023-24,00,1610612752,NYK,24.0,26,26,767,164,388,0.423,43,130,0.331,103,124,0.831,19,92,111,63,12,9,47,45,474
RJ Barrett,1629628,2023-24,00,1610612761,TOR,24.0,32,32,1072,272,492,0.553,47,120,0.392,105,167,0.629,34,170,204,130,19,13,79,84,696
RJ Barrett,1629628,2023-24,00,0,TOT,24.0,58,58,1838,436,880,0.495,90,250,0.36,208,291,0.715,53,262,315,193,31,22,126,129,1170
RJ Barrett,1629628,2024-25,00,1610612761,TOR,25.0,58,58,1869,460,982,0.468,107,306,0.35,196,311,0.63,61,305,366,314,46,17,166,137,1223
Rajon Rondo,200765,2020-21,00,1610612737,ATL,35.0,27,2,402,44,110,0.4,17,45,0.378,1,2,0.5,4,51,55,95,19,2,39,25,106
Rajon Rondo,200765,2020-21,00,1610612746,LAC,35.0,18,1,368,51,105,0.486,19,44,0.432,15,15,1.0,14,41,55,104,18,2,40,28,136
Rajon Rondo,200765,2020-21,00,0,TOT,35.0,45,3,769,95,215,0.442,36,89,0.404,16,17,0.941,18,92,110,199,37,4,79,53,242
Rajon Rondo,200765,2021-22,00,1610612747,LAL,36.0,18,0,289,23,71,0.324,8,30,0.267,1,2,0.5,10,39,49,67,12,5,34,25,55
Rajon Rondo,200765,2021-22,00,1610612739,CLE,36.0,21,1,408,45,105,0.429,23,58,0.397,18,24,0.75,5,54,59,103,18,1,34,31,131
Rajon Rondo,200765,2021-22,00,0,TOT,36.0,39,1,698,68,176,0.386,31,88,0.352,19,26,0.731,15,93,108,170,30,6,68,56,186
Raul Neto,203526,2020-21,00,1610612764,WAS,29.0,64,22,1403,209,447,0.468,64,164,0.39,75,85,0.882,28,128,156,146,73,6,53,109,557
Raul Neto,203526,2021-22,00,1610612764,WAS,30.0,70,19,1372,204,441,0.463,35,120,0.292,83,108,0.769,13,121,134,217,55,3,79,104,526
Raul Neto,203526,2022-23,00,1610612739,CLE,31.0,48,1,505,57,110,0.518,12,42,0.286,31,34,0.912,10,36,46,79,17,4,24,49,157
Reece Beekman,1641736,2024-25,00,1610612744,GSW,23.0,2,0,4,1,1,1.0,0,0,0.0,0,0,0.0,1,0,1,1,1,0,0,1,2
Reece Beekman,1641736,2024-25,00,1610612751,BKN,23.0,34,4,465,34,106,0.321,7,40,0.175,16,21,0.762,12,26,38,62,32,2,21,35,91
Reece Beekman,1641736,2024-25,00,0,TOT,23.0,36,4,469,35,107,0.327,7,40,0.175,16,21,0.762,13,26,39,63,33,2,21,36,93
Reggie Jackson,202704,2020-21,00,1610612746,LAC,31.0,67,43,1544,263,585,0.45,122,282,0.433,67,82,0.817,24,168,192,205,41,7,74,127,715
Reggie Jackson,202704,2021-22,00,1610612746,LAC,32.0,75,75,2337,479,1222,0.392,167,512,0.326,138,163,0.847,39,232,271,359,55,15,173,159,1263
Reggie Jackson,202704,2022-23,00,1610612746,LAC,33.0,52,38,1338,214,512,0.418,77,220,0.35,61,66,0.924,22,94,116,183,38,5,96,92,566
Reggie Jackson,202704,2022-23,00,1610612743,DEN,33.0,16,2,319,49,128,0.383,19,68,0.279,10,12,0.833,3,25,28,50,9,1,19,22,127
Reggie Jackson,202704,2022-23,00,0,TOT,33.0,68,40,1657,263,640,0.411,96,288,0.333,71,78,0.91,25,119,144,233,47,6,115,114,693
Reggie Jackson,202704,2023-24,00,1610612743,DEN,34.0,82,23,1817,326,756,0.431,102,284,0.359,79,98,0.806,33,122,155,308,44,13,106,149,833
Reggie Jackson,202704,2024-25,00,1610612755,PHI,35.0,31,1,384,52,133,0.391,25,74,0.338,7,9,0.778,8,34,42,45,16,3,17,34,136
Reggie Perry,1629617,2021-22,00,1610612754,IND,22.0,1,0,10,1,1,1.0,0,0,0.0,0,0,0.0,0,1,1,0,0,0,0,3,2
Reggie Perry,1629617,2021-22,00,1610612757,POR,22.0,9,1,177,39,78,0.5,3,16,0.188,9,15,0.6,15,31,46,12,9,6,11,30,90
Reggie Perry,1629617,2021-22,00,0,TOT,22.0,10,1,187,40,79,0.506,3,16,0.188,9,15,0.6,15,32,47,12,9,6,11,33,92
Richaun Holmes,1626158,2020-21,00,1610612758,SAC,27.0,61,61,1781,366,575,0.637,2,11,0.182,135,170,0.794,144,360,504,101,39,96,75,213,869
Richaun Holmes,1626158,2021-22,00,1610612758,SAC,28.0,45,37,1074,198,300,0.66,2,5,0.4,70,90,0.778,93,224,317,48,17,41,56,128,468
Richaun Holmes,1626158,2022-23,00,1610612758,SAC,29.0,42,1,348,55,89,0.618,5,8,0.625,15,19,0.789,29,51,80,9,3,11,14,50,130
Richaun Holmes,1626158,2023-24,00,1610612742,DAL,30.0,23,2,237,33,59,0.559,0,0,0.0,12,21,0.571,33,45,78,15,3,9,12,33,78
Richaun Holmes,1626158,2023-24,00,1610612764,WAS,30.0,17,8,318,49,88,0.557,1,3,0.333,22,26,0.846,38,66,104,10,8,10,12,41,121
Richaun Holmes,1626158,2023-24,00,0,TOT,30.0,40,10,554,82,147,0.558,1,3,0.333,34,47,0.723,71,111,182,25,11,19,24,74,199
Richaun Holmes,1626158,2024-25,00,1610612764,WAS,31.0,31,7,534,90,139,0.647,0,3,0.0,50,60,0.833,62,115,177,42,9,23,21,49,230
Ricky Rubio,201937,2020-21,00,1610612750,MIN,30.0,68,51,1772,193,498,0.388,66,214,0.308,130,150,0.867,28,195,223,433,98,4,111,139,582
Ricky Rubio,201937,2021-22,00,1610612739,CLE,31.0,34,8,970,149,411,0.363,59,174,0.339,88,103,0.854,15,126,141,225,49,7,90,75,445
Ricky Rubio,201937,2022-23,00,1610612739,CLE,32.0,33,2,566,61,178,0.343,21,82,0.256,28,35,0.8,9,61,70,115,26,6,31,51,171
Robert Covington,203496,2020-21,00,1610612757,POR,30.0,70,70,2243,204,509,0.401,135,356,0.379,50,62,0.806,61,405,466,117,101,84,64,195,593
Robert Covington,203496,2021-22,00,1610612757,POR,31.0,48,40,1431,128,336,0.381,79,230,0.343,30,36,0.833,41,233,274,68,74,63,58,132,365
Robert Covington,203496,2021-22,00,1610612746,LAC,31.0,23,2,509,81,162,0.5,49,109,0.45,28,33,0.848,18,99,117,24,29,28,17,58,239
Robert Covington,203496,2021-22,00,0,TOT,31.0,71,42,1940,209,498,0.42,128,339,0.378,58,69,0.841,59,332,391,92,103,91,75,190,604
Robert Covington,203496,2022-23,00,1610612746,LAC,32.0,48,0,779,102,229,0.445,54,136,0.397,30,40,0.75,31,135,166,57,38,33,32,86,288
Robert Covington,203496,2023-24,00,1610612746,LAC,33.0,3,3,69,3,9,0.333,2,8,0.25,1,2,0.5,2,6,8,7,6,2,0,7,9
Robert Covington,203496,2023-24,00,1610612755,PHI,33.0,26,3,419,40,89,0.449,17,48,0.354,21,24,0.875,29,60,89,17,33,16,11,49,118
Robert Covington,203496,2023-24,00,0,TOT,33.0,29,6,488,43,98,0.439,19,56,0.339,22,26,0.846,31,66,97,24,39,18,11,56,127
Robert Williams III,1629057,2022-23,00,1610612738,BOS,25.0,35,20,824,127,170,0.747,0,1,0.0,25,41,0.61,104,188,292,50,22,48,34,68,279
Robert Williams III,1629057,2023-24,00,1610612757,POR,26.0,6,0,119,17,26,0.654,0,0,0.0,7,9,0.778,11,27,38,5,7,7,7,17,41
Robert Williams III,1629057,2024-25,00,1610612757,POR,27.0,20,3,351,50,78,0.641,1,3,0.333,15,17,0.882,35,83,118,21,13,33,17,31,116
Robin Lopez,201577,2020-21,00,1610612764,WAS,33.0,71,9,1354,269,425,0.633,5,18,0.278,99,137,0.723,141,131,272,55,15,44,75,109,642
Robin Lopez,201577,2021-22,00,1610612753,ORL,34.0,36,9,612,110,199,0.553,2,6,0.333,32,54,0.593,68,58,126,54,2,18,44,67,254
Robin Lopez,201577,2022-23,00,1610612739,CLE,35.0,37,2,299,48,75,0.64,2,4,0.5,14,18,0.778,23,28,51,19,2,8,25,43,112
Robin Lopez,201577,2023-24,00,1610612749,MIL,36.0,16,2,65,7,19,0.368,2,8,0.25,2,2,1.0,3,2,5,4,1,3,2,7,18
Rodney McGruder,203585,2020-21,00,1610612765,DET,29.0,16,2,194,37,70,0.529,11,24,0.458,6,8,0.75,8,14,22,16,8,1,7,12,91
Rodney McGruder,203585,2021-22,00,1610612765,DET,30.0,51,2,754,98,225,0.436,58,146,0.397,19,26,0.731,31,80,111,48,21,7,24,58,273
Rodney McGruder,203585,2022-23,00,1610612765,DET,31.0,32,12,524,62,152,0.408,41,97,0.423,18,22,0.818,20,54,74,28,16,1,11,39,183
Royce O'Neale,1626220,2020-21,00,1610612762,UTA,28.0,71,71,2240,175,394,0.444,107,278,0.385,39,46,0.848,88,397,485,181,57,32,83,182,496
Royce O'Neale,1626220,2021-22,00,1610612762,UTA,29.0,77,77,2406,203,444,0.457,119,306,0.389,45,56,0.804,64,304,368,191,86,32,79,183,570
Royce O'Neale,1626220,2022-23,00,1610612751,BKN,30.0,76,53,2409,229,593,0.386,163,419,0.389,50,69,0.725,55,329,384,283,65,49,114,239,671
Royce O'Neale,1626220,2023-24,00,1610612751,BKN,31.0,49,6,1202,126,325,0.388,97,265,0.366,15,22,0.682,38,183,221,137,32,29,51,120,364
Royce O'Neale,1626220,2023-24,00,1610612756,PHX,31.0,30,8,752,88,214,0.411,59,157,0.376,9,13,0.692,22,134,156,82,27,15,22,54,244
Royce O'Neale,1626220,2023-24,00,0,TOT,31.0,79,14,1954,214,539,0.397,156,422,0.37,24,35,0.686,60,317,377,219,59,44,73,174,608
Royce O'Neale,1626220,2024-25,00,1610612756,PHX,32.0,75,22,1837,241,570,0.423,179,441,0.406,19,26,0.731,53,296,349,163,67,33,65,151,680
Rudy Gay,200752,2020-21,00,1610612759,SAS,34.0,63,1,1358,264,628,0.42,106,278,0.381,82,102,0.804,42,261,303,88,45,40,65,115,716
Rudy Gay,200752,2021-22,00,1610612762,UTA,35.0,55,1,1038,157,379,0.414,70,203,0.345,62,79,0.785,55,187,242,56,25,19,47,95,446
Rudy Gay,200752,2022-23,00,1610612762,UTA,36.0,56,0,816,109,287,0.38,33,130,0.254,42,49,0.857,33,130,163,57,19,18,37,68,293
Rudy Gobert,203497,2020-21,00,1610612762,UTA,29.0,71,71,2187,391,579,0.675,0,4,0.0,233,374,0.623,240,720,960,89,40,190,118,163,1015
Rudy Gobert,203497,2021-22,00,1610612762,UTA,30.0,66,66,2120,362,508,0.713,0,4,0.0,303,439,0.69,241,727,968,72,45,137,119,176,1027
Rudy Gobert,203497,2022-23,00,1610612750,MIN,31.0,70,70,2148,360,546,0.659,0,3,0.0,219,340,0.644,231,583,814,87,56,95,122,210,939
Rudy Gobert,203497,2023-24,00,1610612750,MIN,32.0,76,76,2593,406,614,0.661,0,3,0.0,249,390,0.638,285,697,982,102,52,162,118,238,1061
Rudy Gobert,203497,2024-25,00,1610612750,MIN,33.0,72,72,2388,341,510,0.669,0,0,0.0,184,273,0.674,265,520,785,127,56,104,89,182,866
Rui Hachimura,1629060,2020-21,00,1610612764,WAS,23.0,57,57,1797,310,648,0.478,45,137,0.328,124,161,0.77,49,263,312,82,44,7,68,120,789
Rui Hachimura,1629060,2021-22,00,1610612764,WAS,24.0,42,13,944,187,381,0.491,55,123,0.447,46,66,0.697,25,135,160,48,23,9,33,53,475
Rui Hachimura,1629060,2022-23,00,1610612764,WAS,25.0,30,0,728,158,324,0.488,30,89,0.337,44,58,0.759,19,109,128,35,11,12,36,39,390
Rui Hachimura,1629060,2022-23,00,1610612747,LAL,25.0,33,9,738,126,260,0.485,21,71,0.296,44,61,0.721,34,121,155,23,8,14,17,33,317
Rui Hachimura,1629060,2022-23,00,0,TOT,25.0,63,9,1466,284,584,0.486,51,160,0.319,88,119,0.739,53,230,283,58,19,26,53,72,707
Rui Hachimura,1629060,2023-24,00,1610612747,LAL,26.0,68,39,1825,363,676,0.537,98,232,0.422,99,134,0.739,58,236,294,81,41,25,46,101,923
Rui Hachimura,1629060,2024-25,00,1610612747,LAL,27.0,59,57,1869,293,576,0.509,102,247,0.413,87,113,0.77,79,216,295,83,45,26,49,105,775
Russell Westbrook,201566,2020-21,00,1610612764,WAS,32.0,65,65,2369,544,1238,0.439,86,273,0.315,271,413,0.656,109,641,750,763,89,23,312,190,1445
Russell Westbrook,201566,2021-22,00,1610612747,LAL,33.0,78,78,2678,548,1233,0.444,79,265,0.298,266,399,0.667,110,470,580,550,75,20,295,235,1441
Russell Westbrook,201566,2022-23,00,1610612747,LAL,34.0,52,3,1491,304,729,0.417,63,213,0.296,156,238,0.655,59,262,321,391,53,23,184,121,827
Russell Westbrook,201566,2022-23,00,1610612746,LAC,34.0,21,21,635,128,262,0.489,26,73,0.356,50,76,0.658,30,72,102,160,23,10,71,41,332
Russell Westbrook,201566,2022-23,00,0,TOT,34.0,73,24,2126,432,991,0.436,89,286,0.311,206,314,0.656,89,334,423,551,76,33,255,162,1159
Russell Westbrook,201566,2023-24,00,1610612746,LAC,35.0,68,11,1529,301,663,0.454,42,154,0.273,110,160,0.688,93,250,343,306,74,23,144,121,754
Russell Westbrook,201566,2024-25,00,1610612743,DEN,36.0,75,36,2092,373,831,0.449,94,291,0.323,154,233,0.661,102,268,370,457,106,37,242,188,994
Saben Lee,1630240,2020-21,00,1610612765,DET,22.0,48,7,781,99,210,0.471,8,23,0.348,61,89,0.685,20,77,97,174,32,13,55,76,267
Saben Lee,1630240,2021-22,00,1610612765,DET,23.0,37,0,604,69,177,0.39,14,60,0.233,56,71,0.789,18,69,87,107,36,12,36,44,208
Saben Lee,1630240,2022-23,00,1610612755,PHI,24.0,2,0,10,3,4,0.75,0,1,0.0,0,0,0.0,0,0,0,2,1,0,3,1,6
Saben Lee,1630240,2022-23,00,1610612756,PHX,24.0,23,1,363,46,117,0.393,11,29,0.379,42,57,0.737,13,32,45,65,18,1,21,31,145
Saben Lee,1630240,2022-23,00,0,TOT,24.0,25,1,374,49,121,0.405,11,30,0.367,42,57,0.737,13,32,45,67,19,1,24,32,151
Saben Lee,1630240,2023-24,00,1610612756,PHX,25.0,24,0,185,20,55,0.364,2,16,0.125,29,39,0.744,9,22,31,30,7,3,8,13,71
Saddiq Bey,1630180,2020-21,00,1610612765,DET,22.0,70,53,1909,279,691,0.404,175,460,0.38,124,147,0.844,43,275,318,95,52,14,60,110,857
Saddiq Bey,1630180,2021-22,00,1610612765,DET,23.0,82,82,2704,450,1136,0.396,211,610,0.346,210,254,0.827,107,334,441,233,73,16,96,128,1321
Saddiq Bey,1630180,2022-23,00,1610612765,DET,24.0,52,30,1500,245,606,0.404,101,293,0.345,180,209,0.861,59,183,242,84,50,12,54,86,771
Saddiq Bey,1630180,2022-23,00,1610612737,ATL,24.0,25,7,629,108,230,0.47,50,125,0.4,25,29,0.862,39,81,120,34,20,1,17,37,291
Saddiq Bey,1630180,2022-23,00,0,TOT,24.0,77,37,2129,353,836,0.422,151,418,0.361,205,238,0.861,98,264,362,118,70,13,71,123,1062
Saddiq Bey,1630180,2023-24,00,1610612737,ATL,25.0,63,51,2062,290,697,0.416,113,358,0.316,170,203,0.837,167,244,411,92,51,11,54,88,863
Sam Hauser,1630573,2022-23,00,1610612738,BOS,25.0,80,8,1290,180,396,0.455,140,335,0.418,12,17,0.706,35,169,204,71,29,21,30,99,512
Sam Hauser,1630573,2023-24,00,1610612738,BOS,26.0,79,13,1741,249,558,0.446,197,465,0.424,17,19,0.895,45,231,276,82,40,25,32,99,712
Sam Hauser,1630573,2024-25,00,1610612738,BOS,27.0,71,19,1541,214,474,0.451,166,399,0.416,11,11,1.0,44,180,224,64,41,13,23,87,605
Sam Merrill,1630241,2022-23,00,1610612739,CLE,27.0,5,0,59,9,22,0.409,5,18,0.278,2,2,1.0,0,9,9,5,4,0,0,3,25
Sam Merrill,1630241,2023-24,00,1610612739,CLE,28.0,61,1,1069,158,393,0.402,143,354,0.404,26,28,0.929,22,98,120,108,19,4,19,72,485
Sam Merrill,1630241,2024-25,00,1610612739,CLE,29.0,71,4,1401,172,424,0.406,137,368,0.372,28,29,0.966,38,119,157,108,53,14,35,124,509
Santi Aldama,1630583,2022-23,00,1610612763,MEM,22.0,77,20,1682,247,525,0.47,94,266,0.353,108,144,0.75,85,286,371,97,45,48,60,143,696
Santi Aldama,1630583,2023-24,00,1610612763,MEM,23.0,61,35,1618,247,568,0.435,106,304,0.349,54,87,0.621,72,280,352,138,43,54,69,89,654
Santi Aldama,1630583,2024-25,00,1610612763,MEM,24.0,65,16,1660,313,648,0.483,120,326,0.368,65,94,0.691,94,322,416,188,52,29,71,76,811
Scottie Barnes,1630567,2021-22,00,1610612761,TOR,20.0,74,74,2617,459,932,0.492,58,193,0.301,158,215,0.735,195,362,557,256,80,55,136,192,1134
Scottie Barnes,1630567,2022-23,00,1610612761,TOR,21.0,77,76,2678,463,1016,0.456,63,224,0.281,190,246,0.772,179,333,512,371,83,61,154,170,1179
Scottie Barnes,1630567,2023-24,00,1610612761,TOR,22.0,60,60,2094,447,942,0.475,101,296,0.341,196,251,0.781,141,353,494,363,75,88,165,118,1191
Scottie Barnes,1630567,2024-25,00,1610612761,TOR,23.0,65,65,2134,474,1063,0.446,76,280,0.271,228,302,0.755,109,393,502,378,93,63,184,113,1252
Scotty Pippen Jr.,1630590,2022-23,00,1610612747,LAL,22.0,6,0,32,4,12,0.333,1,3,0.333,5,9,0.556,2,2,4,2,2,1,2,3,14
Scotty Pippen Jr.,1630590,2023-24,00,1610612763,MEM,23.0,21,16,527,100,203,0.493,30,72,0.417,41,55,0.745,22,45,67,98,36,10,56,60,271
Scotty Pippen Jr.,1630590,2024-25,00,1610612763,MEM,24.0,79,21,1683,285,594,0.48,87,219,0.397,122,171,0.713,65,194,259,347,103,30,138,203,779
Sekou Doumbouya,1629635,2020-21,00,1610612765,DET,20.0,56,11,869,107,282,0.379,26,115,0.226,45,64,0.703,39,104,143,47,24,9,44,94,285
Sekou Doumbouya,1629635,2021-22,00,1610612747,LAL,21.0,2,0,16,5,8,0.625,1,2,0.5,3,4,0.75,2,4,6,0,3,2,2,1,14
Serge Ibaka,201586,2020-21,00,1610612746,LAC,31.0,41,39,955,186,365,0.51,39,115,0.339,43,53,0.811,73,202,275,74,9,47,44,76,454
Serge Ibaka,201586,2021-22,00,1610612746,LAC,32.0,35,10,538,94,192,0.49,24,62,0.387,20,29,0.69,40,110,150,36,7,26,33,56,232
Serge Ibaka,201586,2021-22,00,1610612749,MIL,32.0,19,2,339,54,104,0.519,13,37,0.351,12,15,0.8,22,78,100,13,4,7,10,46,133
Serge Ibaka,201586,2021-22,00,0,TOT,32.0,54,12,878,148,296,0.5,37,99,0.374,32,44,0.727,62,188,250,49,11,33,43,102,365
Serge Ibaka,201586,2022-23,00,1610612749,MIL,33.0,16,0,185,26,54,0.481,6,18,0.333,8,13,0.615,15,29,44,4,2,7,11,23,66
Seth Curry,203552,2020-21,00,1610612755,PHI,30.0,57,57,1638,258,552,0.467,126,280,0.45,69,77,0.896,10,126,136,155,44,8,65,96,711
Seth Curry,203552,2021-22,00,1610612755,PHI,31.0,45,45,1566,256,528,0.485,100,250,0.4,64,73,0.877,17,134,151,181,36,11,84,101,676
Seth Curry,203552,2021-22,00,1610612751,BKN,31.0,19,19,569,104,211,0.493,58,124,0.468,18,21,0.857,4,45,49,49,17,3,25,47,284
Seth Curry,203552,2021-22,00,0,TOT,31.0,64,64,2134,360,739,0.487,158,374,0.422,82,94,0.872,21,179,200,230,53,14,109,148,960
Seth Curry,203552,2022-23,00,1610612751,BKN,32.0,61,7,1211,208,449,0.463,94,232,0.405,51,55,0.927,13,87,100,99,36,7,51,96,561
Seth Curry,203552,2023-24,00,1610612742,DAL,33.0,36,3,457,54,145,0.372,29,80,0.363,17,19,0.895,15,37,52,30,17,3,16,32,154
Seth Curry,203552,2023-24,00,1610612766,CHA,33.0,8,1,159,26,59,0.441,9,28,0.321,11,12,0.917,3,13,16,14,5,3,5,7,72
Seth Curry,203552,2023-24,00,0,TOT,33.0,44,4,615,80,204,0.392,38,108,0.352,28,31,0.903,18,50,68,44,22,6,21,39,226
Seth Curry,203552,2024-25,00,1610612766,CHA,34.0,68,14,1062,164,343,0.478,83,182,0.456,33,39,0.846,24,89,113,60,27,7,32,59,444
Shaedon Sharpe,1631101,2022-23,00,1610612757,POR,20.0,80,15,1779,306,648,0.472,102,283,0.36,75,105,0.714,63,173,236,94,38,24,83,136,789
Shaedon Sharpe,1631101,2023-24,00,1610612757,POR,21.0,32,25,1059,176,434,0.406,60,180,0.333,98,119,0.824,42,118,160,94,28,12,72,88,510
Shaedon Sharpe,1631101,2024-25,00,1610612757,POR,22.0,72,52,2252,499,1104,0.452,147,472,0.311,190,242,0.785,68,256,324,198,62,16,150,120,1335
Shai Gilgeous-Alexander,1628983,2020-21,00,1610612760,OKC,22.0,35,35,1180,287,565,0.508,71,170,0.418,185,229,0.808,19,147,166,207,27,23,106,70,830
Shai Gilgeous-Alexander,1628983,2021-22,00,1610612760,OKC,23.0,56,56,1942,477,1052,0.453,89,297,0.3,328,405,0.81,37,241,278,331,71,46,154,142,1371
Shai Gilgeous-Alexander,1628983,2022-23,00,1610612760,OKC,24.0,68,68,2416,704,1381,0.51,58,168,0.345,669,739,0.905,59,270,329,371,112,65,192,192,2135
Shai Gilgeous-Alexander,1628983,2023-24,00,1610612760,OKC,25.0,75,75,2553,796,1487,0.535,95,269,0.353,567,649,0.874,65,350,415,465,150,67,162,184,2254
Shai Gilgeous-Alexander,1628983,2024-25,00,1610612760,OKC,26.0,76,76,2598,860,1656,0.519,163,435,0.375,601,669,0.898,67,312,379,486,131,77,183,164,2484
Shake Milton,1629003,2020-21,00,1610612755,PHI,24.0,63,4,1461,300,667,0.45,71,203,0.35,146,176,0.83,33,115,148,193,39,18,103,130,817
Shake Milton,1629003,2021-22,00,1610612755,PHI,25.0,55,6,1179,173,403,0.429,43,133,0.323,61,73,0.836,30,112,142,139,28,17,44,99,450
Shake Milton,1629003,2022-23,00,1610612755,PHI,26.0,76,11,1567,241,503,0.479,56,148,0.378,99,116,0.853,39,152,191,240,25,13,94,123,637
Shake Milton,1629003,2023-24,00,1610612750,MIN,27.0,38,0,491,64,160,0.4,14,53,0.264,36,44,0.818,7,44,51,50,16,5,28,44,178
Shake Milton,1629003,2023-24,00,1610612765,DET,27.0,4,0,63,11,26,0.423,3,9,0.333,2,3,0.667,7,11,18,6,2,1,3,3,27
Shake Milton,1629003,2023-24,00,1610612752,NYK,27.0,6,0,27,4,9,0.444,1,2,0.5,2,2,1.0,0,6,6,4,1,0,0,7,11
Shake Milton,1629003,2023-24,00,0,TOT,27.0,48,0,581,79,195,0.405,18,64,0.281,40,49,0.816,14,61,75,60,19,6,31,54,216
Shake Milton,1629003,2024-25,00,1610612751,BKN,28.0,27,1,492,73,157,0.465,28,72,0.389,25,33,0.758,16,35,51,64,15,1,20,43,199
Shake Milton,1629003,2024-25,00,1610612747,LAL,28.0,30,1,345,42,97,0.433,10,34,0.294,22,26,0.846,15,38,53,38,10,3,20,24,116
Shake Milton,1629003,2024-25,00,0,TOT,28.0,57,2,836,115,254,0.453,38,106,0.358,47,59,0.797,31,73,104,102,25,4,40,67,315
Spencer Dinwiddie,203915,2021-22,00,1610612764,WAS,29.0,44,44,1330,185,492,0.376,70,226,0.31,116,143,0.811,36,171,207,256,27,7,73,107,556
Spencer Dinwiddie,203915,2021-22,00,1610612742,DAL,29.0,23,7,650,121,243,0.498,42,104,0.404,79,109,0.725,9,63,72,90,17,6,31,43,363
Spencer Dinwiddie,203915,2021-22,00,0,TOT,29.0,67,51,1981,306,735,0.416,112,330,0.339,195,252,0.774,45,234,279,346,44,13,104,150,919
Spencer Dinwiddie,203915,2022-23,00,1610612742,DAL,30.0,53,53,1808,316,694,0.455,138,341,0.405,170,207,0.821,19,144,163,279,39,16,90,124,940
Spencer Dinwiddie,203915,2022-23,00,1610612751,BKN,30.0,26,26,917,144,356,0.404,43,149,0.289,98,123,0.797,9,98,107,236,28,8,55,63,429
Spencer Dinwiddie,203915,2022-23,00,0,TOT,30.0,79,79,2725,460,1050,0.438,181,490,0.369,268,330,0.812,28,242,270,515,67,24,145,187,1369
Spencer Dinwiddie,203915,2023-24,00,1610612751,BKN,31.0,48,48,1474,195,499,0.391,89,278,0.32,125,160,0.781,26,132,158,288,38,9,62,86,604
Spencer Dinwiddie,203915,2023-24,00,1610612747,LAL,31.0,28,4,679,56,141,0.397,35,90,0.389,44,50,0.88,4,43,47,68,13,13,29,52,191
Spencer Dinwiddie,203915,2023-24,00,0,TOT,31.0,76,52,2152,251,640,0.392,124,368,0.337,169,210,0.805,30,175,205,356,51,22,91,138,795
Spencer Dinwiddie,203915,2024-25,00,1610612742,DAL,32.0,79,30,2136,284,682,0.416,109,326,0.334,195,243,0.802,18,191,209,349,70,17,102,121,872
Stanley Johnson,1626169,2021-22,00,1610612747,LAL,26.0,48,27,1094,117,251,0.466,33,105,0.314,53,74,0.716,34,121,155,80,43,14,35,109,320
Stanley Johnson,1626169,2022-23,00,1610612759,SAS,27.0,30,0,470,65,122,0.533,18,40,0.45,26,39,0.667,22,73,95,67,16,6,33,48,174
Stephen Curry,201939,2020-21,00,1610612744,GSW,33.0,63,63,2152,658,1365,0.482,337,801,0.421,362,395,0.916,29,316,345,363,77,8,213,119,2015
Stephen Curry,201939,2021-22,00,1610612744,GSW,34.0,64,64,2211,535,1224,0.437,285,750,0.38,275,298,0.923,34,301,335,404,85,23,206,130,1630
Stephen Curry,201939,2022-23,00,1610612744,GSW,35.0,56,56,1941,559,1133,0.493,273,639,0.427,257,281,0.915,39,302,341,352,52,20,179,117,1648
Stephen Curry,201939,2023-24,00,1610612744,GSW,36.0,74,74,2422,650,1445,0.45,357,876,0.408,299,324,0.923,37,293,330,379,54,28,210,117,1956
Stephen Curry,201939,2024-25,00,1610612744,GSW,37.0,70,70,2252,564,1258,0.448,311,784,0.397,279,299,0.933,40,270,310,421,80,30,200,95,1718
Sterling Brown,1628425,2020-21,00,1610612745,HOU,26.0,51,14,1229,150,335,0.448,91,215,0.423,25,31,0.806,38,186,224,72,38,12,41,97,416
Sterling Brown,1628425,2021-22,00,1610612742,DAL,27.0,49,3,628,59,155,0.381,28,92,0.304,14,15,0.933,26,123,149,34,14,7,23,56,160
Sterling Brown,1628425,2022-23,00,1610612747,LAL,28.0,4,0,24,0,4,0.0,0,2,0.0,0,0,0.0,3,5,8,2,3,0,0,4,0
Steven Adams,203500,2020-21,00,1610612740,NOP,27.0,58,58,1605,189,308,0.614,0,3,0.0,60,135,0.444,213,301,514,111,54,38,78,113,438
Steven Adams,203500,2021-22,00,1610612763,MEM,28.0,76,75,1999,210,384,0.547,0,1,0.0,108,199,0.543,349,411,760,256,65,60,115,153,528
Steven Adams,203500,2022-23,00,1610612763,MEM,29.0,42,42,1133,157,263,0.597,0,1,0.0,47,129,0.364,214,271,485,97,36,46,79,98,361
Steven Adams,203500,2024-25,00,1610612745,HOU,31.0,58,3,794,91,167,0.545,0,2,0.0,43,93,0.462,166,161,327,66,22,28,54,60,225
Svi Mykhailiuk,1629004,2020-21,00,1610612765,DET,24.0,36,5,634,84,223,0.377,57,171,0.333,24,30,0.8,11,63,74,57,27,6,39,33,249
Svi Mykhailiuk,1629004,2020-21,00,1610612760,OKC,24.0,30,9,690,124,283,0.438,48,143,0.336,14,20,0.7,13,76,89,53,24,6,49,30,310
Svi Mykhailiuk,1629004,2020-21,00,0,TOT,24.0,66,14,1324,208,506,0.411,105,314,0.334,38,50,0.76,24,139,163,110,51,12,88,63,559
Svi Mykhailiuk,1629004,2021-22,00,1610612761,TOR,25.0,56,5,716,91,234,0.389,41,134,0.306,32,37,0.865,20,72,92,45,26,4,32,54,255
Svi Mykhailiuk,1629004,2022-23,00,1610612752,NYK,26.0,13,0,40,6,12,0.5,6,10,0.6,3,5,0.6,0,7,7,1,1,0,2,1,21
Svi Mykhailiuk,1629004,2022-23,00,1610612766,CHA,26.0,19,8,428,71,161,0.441,36,89,0.404,23,34,0.676,15,31,46,52,14,4,22,22,201
Svi Mykhailiuk,1629004,2022-23,00,0,TOT,26.0,32,8,468,77,173,0.445,42,99,0.424,26,39,0.667,15,38,53,53,15,4,24,23,222
Svi Mykhailiuk,1629004,2023-24,00,1610612738,BOS,27.0,41,2,413,57,137,0.416,42,108,0.389,6,9,0.667,11,40,51,35,11,1,12,19,162
Svi Mykhailiuk,1629004,2024-25,00,1610612762,UTA,28.0,38,13,760,118,302,0.391,70,203,0.345,28,35,0.8,22,68,90,76,19,7,52,43,334
T.J. McConnell,204456,2020-21,00,1610612754,IND,29.0,69,3,1796,274,490,0.559,15,48,0.313,33,48,0.688,55,201,256,456,128,23,135,113,596
T.J. McConnell,204456,2021-22,00,1610612754,IND,30.0,27,8,652,100,208,0.481,10,33,0.303,19,23,0.826,20,70,90,131,29,10,29,53,229
T.J. McConnell,204456,2022-23,00,1610612754,IND,31.0,75,6,1526,283,521,0.543,26,59,0.441,58,68,0.853,45,189,234,397,81,10,143,105,650
T.J. McConnell,204456,2023-24,00,1610612754,IND,32.0,71,4,1291,330,593,0.556,18,44,0.409,49,62,0.79,36,155,191,390,72,8,108,79,727
T.J. McConnell,204456,2024-25,00,1610612754,IND,33.0,79,1,1415,324,624,0.519,15,49,0.306,57,77,0.74,44,149,193,351,83,21,109,79,720
T.J. Warren,203933,2020-21,00,1610612754,IND,27.0,4,4,117,27,51,0.529,0,7,0.0,8,10,0.8,2,12,14,5,2,0,4,16,62
T.J. Warren,203933,2022-23,00,1610612751,BKN,29.0,26,0,490,102,200,0.51,16,48,0.333,27,33,0.818,13,59,72,29,15,7,17,45,247
T.J. Warren,203933,2022-23,00,1610612756,PHX,29.0,16,0,197,30,70,0.429,6,19,0.316,1,2,0.5,13,36,49,11,7,5,3,20,67
T.J. Warren,203933,2022-23,00,0,TOT,29.0,42,0,687,132,270,0.489,22,67,0.328,28,35,0.8,26,95,121,40,22,12,20,65,314
T.J. Warren,203933,2023-24,00,1610612750,MIN,30.0,11,0,125,18,41,0.439,2,13,0.154,3,4,0.75,5,17,22,9,4,1,4,11,41
Taj Gibson,201959,2020-21,00,1610612752,NYK,36.0,45,3,936,99,158,0.627,3,15,0.2,40,55,0.727,99,151,250,36,31,49,22,99,241
Taj Gibson,201959,2021-22,00,1610612752,NYK,37.0,52,4,946,86,166,0.518,15,38,0.395,42,52,0.808,88,141,229,32,22,40,27,137,229
Taj Gibson,201959,2022-23,00,1610612764,WAS,38.0,49,2,480,65,125,0.52,8,24,0.333,30,42,0.714,32,61,93,34,15,12,26,84,168
Taj Gibson,201959,2023-24,00,1610612752,NYK,39.0,16,1,165,7,23,0.304,0,6,0.0,2,2,1.0,10,18,28,9,2,6,5,28,16
Taj Gibson,201959,2023-24,00,1610612765,DET,39.0,4,0,39,8,14,0.571,2,4,0.5,0,0,0.0,2,7,9,2,1,1,0,3,18
Taj Gibson,201959,2023-24,00,0,TOT,39.0,20,1,204,15,37,0.405,2,10,0.2,2,2,1.0,12,25,37,11,3,7,5,31,34
Taj Gibson,201959,2024-25,00,1610612766,CHA,40.0,37,11,409,47,95,0.495,1,2,0.5,12,20,0.6,51,69,120,21,9,18,25,54,107
Talen Horton-Tucker,1629659,2020-21,00,1610612747,LAL,20.0,65,4,1304,224,489,0.458,37,131,0.282,100,129,0.775,25,144,169,181,63,21,105,127,585
Talen Horton-Tucker,1629659,2021-22,00,1610612747,LAL,21.0,60,19,1511,224,538,0.416,49,182,0.269,100,125,0.8,37,156,193,159,59,29,82,148,597
Talen Horton-Tucker,1629659,2022-23,00,1610612762,UTA,22.0,65,20,1313,257,613,0.419,58,203,0.286,126,168,0.75,41,169,210,246,41,29,126,108,698
Talen Horton-Tucker,1629659,2023-24,00,1610612762,UTA,23.0,51,11,1009,184,465,0.396,60,182,0.33,88,109,0.807,21,100,121,177,45,19,65,94,516
Talen Horton-Tucker,1629659,2024-25,00,1610612741,CHI,24.0,58,0,724,133,291,0.457,41,122,0.336,72,98,0.735,19,81,100,83,21,11,40,59,379
Tari Eason,1631106,2022-23,00,1610612745,HOU,22.0,82,5,1767,296,660,0.448,59,172,0.343,109,145,0.752,195,301,496,88,96,47,101,189,760
Tari Eason,1631106,2023-24,00,1610612745,HOU,23.0,22,0,480,88,189,0.466,18,50,0.36,21,33,0.636,46,107,153,27,31,19,20,51,215
Tari Eason,1631106,2024-25,00,1610612745,HOU,24.0,57,16,1420,272,559,0.487,63,184,0.342,79,104,0.76,128,234,362,83,97,50,65,136,686
Taurean Prince,1627752,2020-21,00,1610612751,BKN,27.0,12,4,218,30,74,0.405,13,37,0.351,24,27,0.889,2,32,34,7,8,8,11,21,97
Taurean Prince,1627752,2020-21,00,1610612739,CLE,27.0,29,6,688,101,253,0.399,49,118,0.415,41,49,0.837,17,91,108,69,20,15,36,54,292
Taurean Prince,1627752,2020-21,00,0,TOT,27.0,41,10,905,131,327,0.401,62,155,0.4,65,76,0.855,19,123,142,76,28,23,47,75,389
Taurean Prince,1627752,2021-22,00,1610612750,MIN,28.0,69,8,1177,177,390,0.454,86,229,0.376,62,82,0.756,26,148,174,68,47,23,53,116,502
Taurean Prince,1627752,2022-23,00,1610612750,MIN,29.0,54,4,1193,177,379,0.467,74,194,0.381,65,77,0.844,15,117,132,84,28,15,69,123,493
Taurean Prince,1627752,2023-24,00,1610612747,LAL,30.0,78,49,2108,253,572,0.442,141,356,0.396,50,68,0.735,21,209,230,119,58,35,73,146,697
Taurean Prince,1627752,2024-25,00,1610612749,MIL,31.0,80,73,2166,235,514,0.457,147,335,0.439,39,48,0.813,34,253,287,155,76,15,82,165,656
Terance Mann,1629611,2020-21,00,1610612746,LAC,24.0,67,10,1263,178,350,0.509,38,91,0.418,78,94,0.83,56,186,242,104,29,13,40,126,472
Terance Mann,1629611,2021-22,00,1610612746,LAC,25.0,81,33,2317,334,690,0.484,76,208,0.365,128,164,0.78,104,321,425,209,55,21,84,178,872
Terance Mann,1629611,2022-23,00,1610612746,LAC,26.0,81,36,1872,272,524,0.519,77,198,0.389,92,118,0.78,77,199,276,184,42,22,80,149,713
Terance Mann,1629611,2023-24,00,1610612746,LAC,27.0,75,71,1873,254,493,0.515,71,204,0.348,79,95,0.832,87,167,254,119,43,15,48,145,658
Terance Mann,1629611,2024-25,00,1610612746,LAC,28.0,37,12,732,87,195,0.446,26,75,0.347,23,32,0.719,32,75,107,59,28,11,25,68,223
Terance Mann,1629611,2024-25,00,1610612737,ATL,28.0,30,1,682,118,218,0.541,34,88,0.386,24,36,0.667,36,56,92,62,19,4,22,60,294
Terance Mann,1629611,2024-25,00,0,TOT,28.0,67,13,1414,205,413,0.496,60,163,0.368,47,68,0.691,68,131,199,121,47,15,47,128,517
Terence Davis,1629056,2020-21,00,1610612761,TOR,24.0,34,4,493,87,210,0.414,44,122,0.361,16,18,0.889,9,57,66,37,17,7,29,48,234
Terence Davis,1629056,2020-21,00,1610612758,SAC,24.0,27,0,581,108,246,0.439,54,145,0.372,29,37,0.784,11,77,88,46,27,7,34,49,299
Terence Davis,1629056,2020-21,00,0,TOT,24.0,61,4,1074,195,456,0.428,98,267,0.367,45,55,0.818,20,134,154,83,44,14,63,97,533
Terence Davis,1629056,2021-22,00,1610612758,SAC,25.0,30,11,536,113,267,0.423,49,149,0.329,36,44,0.818,11,83,94,40,25,11,33,70,311
Terence Davis,1629056,2022-23,00,1610612758,SAC,26.0,64,5,841,154,364,0.423,89,243,0.366,34,43,0.791,20,119,139,67,43,12,53,104,431
Terence Davis,1629056,2024-25,00,1610612758,SAC,28.0,1,0,8,0,2,0.0,0,1,0.0,0,0,0.0,0,1,1,1,0,0,0,0,0
Terrence Ross,203082,2020-21,00,1610612753,ORL,30.0,46,2,1347,254,616,0.412,89,264,0.337,120,138,0.87,15,143,158,108,47,21,74,88,717
Terrence Ross,203082,2021-22,00,1610612753,ORL,31.0,63,0,1448,220,554,0.397,77,264,0.292,112,130,0.862,20,141,161,116,28,12,75,68,629
Terrence Ross,203082,2022-23,00,1610612753,ORL,32.0,42,9,944,129,299,0.431,61,160,0.381,15,20,0.75,10,75,85,54,25,8,37,53,334
Terrence Ross,203082,2022-23,00,1610612756,PHX,32.0,21,0,386,71,166,0.428,34,98,0.347,12,14,0.857,12,57,69,41,10,2,6,44,188
Terrence Ross,203082,2022-23,00,0,TOT,32.0,63,9,1331,200,465,0.43,95,258,0.368,27,34,0.794,22,132,154,95,35,10,43,97,522
Terry Rozier,1626179,2020-21,00,1610612766,CHA,27.0,69,69,2383,510,1134,0.45,222,571,0.389,165,202,0.817,47,255,302,293,87,26,128,119,1407
Terry Rozier,1626179,2021-22,00,1610612766,CHA,28.0,73,73,2458,518,1167,0.444,222,593,0.374,150,176,0.852,56,259,315,326,93,25,96,119,1408
Terry Rozier,1626179,2022-23,00,1610612766,CHA,29.0,63,63,2221,493,1188,0.415,165,505,0.327,178,220,0.809,51,208,259,319,74,16,134,119,1329
Terry Rozier,1626179,2023-24,00,1610612766,CHA,30.0,30,30,1065,252,549,0.459,83,232,0.358,109,129,0.845,17,100,117,198,32,12,65,52,696
Terry Rozier,1626179,2023-24,00,1610612748,MIA,30.0,31,30,975,190,449,0.423,66,178,0.371,63,69,0.913,18,112,130,144,31,9,41,49,509
Terry Rozier,1626179,2023-24,00,0,TOT,30.0,61,60,2040,442,998,0.443,149,410,0.363,172,198,0.869,35,212,247,342,63,21,106,101,1205
Terry Rozier,1626179,2024-25,00,1610612748,MIA,31.0,64,23,1658,248,635,0.391,91,308,0.295,92,108,0.852,44,194,238,167,37,14,78,73,679
Terry Taylor,1630678,2021-22,00,1610612754,IND,22.0,33,7,714,135,220,0.614,12,38,0.316,36,51,0.706,95,77,172,41,14,8,23,61,318
Terry Taylor,1630678,2022-23,00,1610612754,IND,23.0,26,2,228,30,65,0.462,4,18,0.222,5,7,0.714,22,17,39,10,3,5,9,24,69
Terry Taylor,1630678,2022-23,00,1610612741,CHI,23.0,5,0,36,9,10,0.9,1,1,1.0,1,4,0.25,5,3,8,0,0,1,0,2,20
Terry Taylor,1630678,2022-23,00,0,TOT,23.0,31,2,263,39,75,0.52,5,19,0.263,6,11,0.545,27,20,47,10,3,6,9,26,89
Terry Taylor,1630678,2023-24,00,1610612741,CHI,24.0,31,0,188,20,39,0.513,2,9,0.222,4,5,0.8,17,20,37,10,5,2,7,17,46
Terry Taylor,1630678,2024-25,00,1610612758,SAC,25.0,3,0,6,0,1,0.0,0,0,0.0,0,0,0.0,1,0,1,2,0,0,0,0,0
Thaddeus Young,201152,2020-21,00,1610612741,CHI,33.0,68,23,1652,370,662,0.559,12,45,0.267,71,113,0.628,168,255,423,291,74,40,137,152,823
Thaddeus Young,201152,2021-22,00,1610612759,SAS,34.0,26,1,370,74,128,0.578,0,5,0.0,10,22,0.455,40,53,93,59,23,7,30,38,158
Thaddeus Young,201152,2021-22,00,1610612761,TOR,34.0,26,0,475,67,144,0.465,17,43,0.395,13,27,0.481,40,75,115,45,31,11,22,43,164
Thaddeus Young,201152,2021-22,00,0,TOT,34.0,52,1,845,141,272,0.518,17,48,0.354,23,49,0.469,80,128,208,104,54,18,52,81,322
Thaddeus Young,201152,2022-23,00,1610612761,TOR,35.0,54,9,795,108,198,0.545,6,34,0.176,18,26,0.692,71,95,166,75,54,5,42,88,240
Thaddeus Young,201152,2023-24,00,1610612761,TOR,36.0,23,6,350,54,87,0.621,1,6,0.167,5,12,0.417,29,46,75,50,18,3,11,38,114
Thaddeus Young,201152,2023-24,00,1610612756,PHX,36.0,10,0,89,11,21,0.524,0,1,0.0,1,3,0.333,17,11,28,7,5,2,4,11,23
Thaddeus Young,201152,2023-24,00,0,TOT,36.0,33,6,440,65,108,0.602,1,7,0.143,6,15,0.4,46,57,103,57,23,5,15,49,137
Thomas Bryant,1628418,2020-21,00,1610612764,WAS,23.0,10,10,271,59,91,0.648,9,21,0.429,16,24,0.667,18,43,61,15,4,8,11,31,143
Thomas Bryant,1628418,2021-22,00,1610612764,WAS,24.0,27,9,439,77,148,0.52,12,42,0.286,35,40,0.875,26,82,108,23,6,21,19,43,201
Thomas Bryant,1628418,2022-23,00,1610612747,LAL,25.0,41,25,876,197,301,0.654,22,50,0.44,80,108,0.741,67,212,279,29,14,23,28,77,496
Thomas Bryant,1628418,2022-23,00,1610612743,DEN,25.0,18,1,205,33,68,0.485,4,9,0.444,13,18,0.722,19,41,60,2,2,7,10,25,83
Thomas Bryant,1628418,2022-23,00,0,TOT,25.0,59,26,1082,230,369,0.623,26,59,0.441,93,126,0.738,86,253,339,31,16,30,38,102,579
Thomas Bryant,1628418,2023-24,00,1610612748,MIA,26.0,38,4,441,86,149,0.577,4,22,0.182,41,47,0.872,40,101,141,23,10,16,21,46,217
Thomas Bryant,1628418,2024-25,00,1610612748,MIA,27.0,10,0,115,12,28,0.429,6,17,0.353,11,11,1.0,6,26,32,4,1,9,2,9,41
Thomas Bryant,1628418,2024-25,00,1610612754,IND,27.0,56,8,848,151,293,0.515,42,131,0.321,44,53,0.83,77,142,219,49,27,32,28,67,388
Thomas Bryant,1628418,2024-25,00,0,TOT,27.0,66,8,963,163,321,0.508,48,148,0.324,55,64,0.859,83,168,251,53,28,41,30,76,429
Tim Hardaway Jr.,203501,2020-21,00,1610612742,DAL,29.0,70,31,1985,407,911,0.447,207,529,0.391,142,174,0.816,20,209,229,126,31,11,64,111,1163
Tim Hardaway Jr.,203501,2021-22,00,1610612742,DAL,30.0,42,20,1245,209,530,0.394,102,304,0.336,78,103,0.757,13,143,156,92,38,6,34,74,598
Tim Hardaway Jr.,203501,2022-23,00,1610612742,DAL,31.0,71,45,2152,340,847,0.401,212,550,0.385,127,165,0.77,21,230,251,129,49,12,60,120,1019
Tim Hardaway Jr.,203501,2023-24,00,1610612742,DAL,32.0,79,12,2120,392,976,0.402,211,597,0.353,144,169,0.852,22,232,254,139,42,6,69,106,1139
Tim Hardaway Jr.,203501,2024-25,00,1610612765,DET,33.0,77,77,2153,276,680,0.406,168,457,0.368,124,145,0.855,18,165,183,123,38,7,48,96,844
Tobias Harris,202699,2020-21,00,1610612755,PHI,28.0,62,62,2014,473,924,0.512,82,208,0.394,182,204,0.892,62,357,419,220,55,51,107,119,1210
Tobias Harris,202699,2021-22,00,1610612755,PHI,29.0,73,73,2543,493,1022,0.482,101,275,0.367,170,202,0.842,77,419,496,252,47,43,116,164,1257
Tobias Harris,202699,2022-23,00,1610612755,PHI,30.0,74,74,2436,423,845,0.501,126,324,0.389,113,129,0.876,67,357,424,186,68,40,89,149,1085
Tobias Harris,202699,2023-24,00,1610612755,PHI,31.0,70,70,2368,463,951,0.487,91,258,0.353,187,213,0.878,80,373,453,217,70,46,93,115,1204
Tobias Harris,202699,2024-25,00,1610612765,DET,32.0,73,73,2305,384,805,0.477,91,264,0.345,143,166,0.861,65,367,432,162,74,57,85,138,1002
Tony Bradley,1628396,2020-21,00,1610612755,PHI,23.0,20,8,287,51,75,0.68,0,1,0.0,7,11,0.636,39,65,104,17,6,13,6,28,109
Tony Bradley,1628396,2020-21,00,1610612760,OKC,23.0,22,0,397,80,122,0.656,0,2,0.0,31,44,0.705,46,89,135,20,9,17,27,33,191
Tony Bradley,1628396,2020-21,00,0,TOT,23.0,42,8,684,131,197,0.665,0,3,0.0,38,55,0.691,85,154,239,37,15,30,33,61,300
Tony Bradley,1628396,2021-22,00,1610612741,CHI,24.0,55,7,549,72,123,0.585,0,0,0.0,19,29,0.655,67,119,186,27,10,33,34,62,163
Tony Bradley,1628396,2022-23,00,1610612741,CHI,25.0,12,0,33,6,12,0.5,3,5,0.6,4,4,1.0,1,10,11,1,1,1,1,2,19
Tony Bradley,1628396,2024-25,00,1610612754,IND,27.0,14,0,113,29,45,0.644,1,3,0.333,2,6,0.333,18,24,42,6,2,9,5,11,61
Tony Snell,203503,2020-21,00,1610612737,ATL,29.0,47,23,992,88,171,0.515,62,109,0.569,11,11,1.0,18,94,112,59,13,11,21,75,249
Tony Snell,203503,2021-22,00,1610612757,POR,30.0,38,10,546,36,97,0.371,24,75,0.32,3,3,1.0,11,61,72,20,8,7,11,44,99
Tony Snell,203503,2021-22,00,1610612740,NOP,30.0,15,2,277,33,74,0.446,21,53,0.396,1,1,1.0,5,26,31,8,8,2,8,26,88
Tony Snell,203503,2021-22,00,0,TOT,30.0,53,12,823,69,171,0.404,45,128,0.352,4,4,1.0,16,87,103,28,16,9,19,70,187
Trae Young,1629027,2020-21,00,1610612737,ATL,22.0,63,63,2125,487,1112,0.438,136,397,0.343,484,546,0.886,38,207,245,594,53,12,261,111,1594
Trae Young,1629027,2021-22,00,1610612737,ATL,23.0,76,76,2652,711,1544,0.46,233,610,0.382,500,553,0.904,50,234,284,737,72,7,303,128,2155
Trae Young,1629027,2022-23,00,1610612737,ATL,24.0,73,73,2541,597,1390,0.429,154,460,0.335,566,639,0.886,56,161,217,741,80,9,300,104,1914
Trae Young,1629027,2023-24,00,1610612737,ATL,25.0,54,54,1942,433,1008,0.43,175,469,0.373,348,407,0.855,23,126,149,583,72,11,235,109,1389
Trae Young,1629027,2024-25,00,1610612737,ATL,26.0,76,76,2739,566,1376,0.411,218,642,0.34,491,561,0.875,36,200,236,880,91,12,355,145,1841
Tre Jones,1630200,2021-22,00,1610612759,SAS,22.0,69,11,1148,166,339,0.49,10,51,0.196,71,91,0.78,29,126,155,233,42,7,46,78,413
Tre Jones,1630200,2022-23,00,1610612759,SAS,23.0,68,65,1984,341,743,0.459,45,158,0.285,148,172,0.86,56,189,245,448,89,9,110,98,875
Tre Jones,1630200,2023-24,00,1610612759,SAS,24.0,77,48,2138,303,600,0.505,64,191,0.335,101,118,0.856,58,231,289,478,78,9,116,92,771
Tre Jones,1630200,2024-25,00,1610612759,SAS,25.0,28,0,450,45,93,0.484,8,26,0.308,25,33,0.758,15,43,58,104,18,5,21,33,123
Tre Jones,1630200,2024-25,00,1610612741,CHI,25.0,18,9,455,83,145,0.572,11,22,0.5,30,34,0.882,16,42,58,88,19,5,14,22,207
Tre Jones,1630200,2024-25,00,0,TOT,25.0,46,9,905,128,238,0.538,19,48,0.396,55,67,0.821,31,85,116,192,37,10,35,55,330
Tre Mann,1630544,2021-22,00,1610612760,OKC,21.0,60,26,1367,231,588,0.393,98,272,0.36,65,82,0.793,25,146,171,91,47,12,71,102,625
Tre Mann,1630544,2022-23,00,1610612760,OKC,22.0,67,5,1183,197,501,0.393,81,257,0.315,42,55,0.764,27,128,155,120,40,11,62,99,517
Tre Mann,1630544,2023-24,00,1610612760,OKC,23.0,13,0,119,20,40,0.5,8,19,0.421,1,1,1.0,4,20,24,20,3,0,9,3,49
Tre Mann,1630544,2023-24,00,1610612766,CHA,23.0,28,28,868,125,276,0.453,39,107,0.364,44,58,0.759,16,109,125,145,48,3,56,45,333
Tre Mann,1630544,2023-24,00,0,TOT,23.0,41,28,987,145,316,0.459,47,126,0.373,45,59,0.763,20,129,149,165,51,3,65,48,382
Tre Mann,1630544,2024-25,00,1610612766,CHA,24.0,13,0,319,70,161,0.435,24,60,0.4,19,21,0.905,12,26,38,39,7,4,25,24,183
Trendon Watford,1630570,2021-22,00,1610612757,POR,21.0,48,10,869,142,267,0.532,9,38,0.237,71,94,0.755,57,142,199,81,25,28,44,116,364
Trendon Watford,1630570,2022-23,00,1610612757,POR,22.0,62,12,1182,181,323,0.56,25,64,0.391,72,100,0.72,42,196,238,130,32,12,71,118,459
Trendon Watford,1630570,2023-24,00,1610612751,BKN,23.0,63,2,857,164,311,0.527,27,68,0.397,77,97,0.794,52,142,194,81,23,19,63,106,432
Trendon Watford,1630570,2024-25,00,1610612751,BKN,24.0,44,6,913,164,350,0.469,29,88,0.33,93,122,0.762,37,123,160,115,27,12,83,95,450
Trevor Ariza,2772,2020-21,00,1610612748,MIA,36.0,30,27,841,99,241,0.411,50,143,0.35,34,44,0.773,27,117,144,55,31,18,21,55,282
Trevor Ariza,2772,2021-22,00,1610612747,LAL,37.0,24,11,462,33,99,0.333,20,74,0.27,10,18,0.556,10,72,82,27,13,6,11,20,96
Trey Burke,203504,2020-21,00,1610612742,DAL,28.0,62,1,911,151,353,0.428,58,164,0.354,51,57,0.895,10,44,54,81,36,7,33,64,411
Trey Burke,203504,2021-22,00,1610612742,DAL,29.0,42,0,441,84,215,0.391,26,82,0.317,20,23,0.87,4,29,33,57,12,0,26,39,214
Trey Lyles,1626168,2020-21,00,1610612759,SAS,25.0,23,9,358,43,90,0.478,14,40,0.35,15,23,0.652,9,77,86,14,6,1,6,13,115
Trey Lyles,1626168,2021-22,00,1610612765,DET,26.0,51,3,990,175,384,0.456,44,146,0.301,138,176,0.784,60,184,244,58,22,26,54,91,532
Trey Lyles,1626168,2021-22,00,1610612758,SAC,26.0,24,20,547,87,178,0.489,23,63,0.365,57,67,0.851,29,106,135,30,7,6,19,32,254
Trey Lyles,1626168,2021-22,00,0,TOT,26.0,75,23,1536,262,562,0.466,67,209,0.321,195,243,0.802,89,290,379,88,29,32,73,123,786
Trey Lyles,1626168,2022-23,00,1610612758,SAC,27.0,74,0,1247,187,408,0.458,87,240,0.363,101,124,0.815,68,232,300,66,27,31,64,97,562
Trey Lyles,1626168,2023-24,00,1610612758,SAC,28.0,58,0,1158,143,321,0.445,84,219,0.384,49,70,0.7,61,196,257,72,17,19,38,86,419
Trey Lyles,1626168,2024-25,00,1610612758,SAC,29.0,69,5,1350,157,374,0.42,81,238,0.34,56,80,0.7,80,236,316,82,41,23,39,86,451
Trey Murphy III,1630530,2021-22,00,1610612740,NOP,22.0,62,1,864,109,277,0.394,71,186,0.382,45,51,0.882,47,100,147,38,23,7,16,60,334
Trey Murphy III,1630530,2022-23,00,1610612740,NOP,23.0,79,65,2448,387,800,0.484,202,497,0.406,172,190,0.905,59,222,281,112,89,43,61,155,1148
Trey Murphy III,1630530,2023-24,00,1610612740,NOP,24.0,57,23,1690,275,621,0.443,169,445,0.38,123,151,0.815,42,238,280,124,51,28,34,70,842
Trey Murphy III,1630530,2024-25,00,1610612740,NOP,25.0,53,51,1854,381,839,0.454,158,438,0.361,204,230,0.887,47,221,268,188,56,39,103,112,1124
Tristan Thompson,202684,2020-21,00,1610612738,BOS,30.0,54,43,1287,169,326,0.518,0,3,0.0,71,120,0.592,169,270,439,67,24,33,62,119,409
Tristan Thompson,202684,2021-22,00,1610612758,SAC,31.0,30,3,455,76,151,0.503,1,1,1.0,32,60,0.533,72,89,161,18,11,12,29,52,185
Tristan Thompson,202684,2021-22,00,1610612754,IND,31.0,4,0,66,13,24,0.542,0,0,0.0,3,8,0.375,7,11,18,2,0,2,4,7,29
Tristan Thompson,202684,2021-22,00,1610612741,CHI,31.0,23,3,376,52,92,0.565,0,2,0.0,26,48,0.542,41,68,109,14,12,7,12,39,130
Tristan Thompson,202684,2021-22,00,0,TOT,31.0,57,6,896,141,267,0.528,1,3,0.333,61,116,0.526,120,168,288,34,23,21,45,98,344
Tristan Thompson,202684,2023-24,00,1610612739,CLE,33.0,49,0,549,73,120,0.608,0,1,0.0,15,52,0.288,73,101,174,51,12,14,29,59,161
Tristan Thompson,202684,2024-25,00,1610612739,CLE,34.0,40,0,328,31,71,0.437,0,3,0.0,7,30,0.233,32,102,134,24,2,11,14,36,69
Ty Jerome,1629660,2020-21,00,1610612760,OKC,23.0,33,1,788,128,287,0.446,71,168,0.423,26,34,0.765,10,81,91,120,20,6,47,61,353
Ty Jerome,1629660,2021-22,00,1610612760,OKC,24.0,48,4,801,124,328,0.378,54,186,0.29,38,47,0.809,19,59,78,109,30,5,37,73,340
Ty Jerome,1629660,2022-23,00,1610612744,GSW,25.0,45,2,816,118,242,0.488,35,90,0.389,38,41,0.927,7,71,78,135,23,5,30,64,309
Ty Jerome,1629660,2023-24,00,1610612739,CLE,26.0,2,0,15,2,4,0.5,0,1,0.0,0,0,0.0,1,0,1,3,0,0,1,2,4
Ty Jerome,1629660,2024-25,00,1610612739,CLE,27.0,70,3,1392,319,618,0.516,111,253,0.439,129,148,0.872,50,123,173,237,78,3,92,102,878
Tyler Cook,1629076,2020-21,00,1610612751,BKN,23.0,4,0,17,1,3,0.333,0,0,0.0,0,0,0.0,1,1,2,2,0,0,1,2,2
Tyler Cook,1629076,2020-21,00,1610612765,DET,23.0,28,1,421,68,100,0.68,1,2,0.5,17,35,0.486,27,66,93,15,8,2,20,33,154
Tyler Cook,1629076,2020-21,00,0,TOT,23.0,32,1,437,69,103,0.67,1,2,0.5,17,35,0.486,28,67,95,17,8,2,21,35,156
Tyler Cook,1629076,2021-22,00,1610612741,CHI,24.0,20,2,200,23,38,0.605,0,0,0.0,21,32,0.656,16,37,53,3,4,4,7,28,67
Tyler Herro,1629639,2020-21,00,1610612748,MIA,21.0,54,15,1635,307,699,0.439,107,297,0.36,94,117,0.803,25,243,268,184,35,17,101,71,815
Tyler Herro,1629639,2021-22,00,1610612748,MIA,22.0,66,10,2151,501,1122,0.447,175,439,0.399,190,219,0.868,32,297,329,263,44,8,174,95,1367
Tyler Herro,1629639,2022-23,00,1610612748,MIA,23.0,67,67,2335,487,1109,0.439,203,537,0.378,170,182,0.934,27,333,360,280,51,16,158,101,1347
Tyler Herro,1629639,2023-24,00,1610612748,MIA,24.0,42,40,1407,324,735,0.441,132,333,0.396,95,111,0.856,19,203,222,188,30,3,93,63,875
Tyler Herro,1629639,2024-25,00,1610612748,MIA,25.0,77,77,2725,651,1378,0.472,251,670,0.375,287,327,0.878,35,364,399,424,69,17,198,85,1840
Tyler Johnson,204020,2020-21,00,1610612751,BKN,29.0,39,3,684,72,183,0.393,48,132,0.364,18,21,0.857,6,71,77,47,14,0,17,43,210
Tyler Johnson,204020,2021-22,00,1610612755,PHI,30.0,3,0,38,4,10,0.4,3,7,0.429,0,0,0.0,1,5,6,2,1,1,1,4,11
Tyler Johnson,204020,2021-22,00,1610612759,SAS,30.0,3,0,53,2,10,0.2,2,6,0.333,0,0,0.0,2,4,6,5,2,2,1,3,6
Tyler Johnson,204020,2021-22,00,0,TOT,30.0,6,0,91,6,20,0.3,5,13,0.385,0,0,0.0,3,9,12,7,3,3,2,7,17
Tyrese Haliburton,1630169,2020-21,00,1610612758,SAC,21.0,58,20,1746,292,619,0.472,121,296,0.409,48,56,0.857,39,134,173,309,77,28,92,83,753
Tyrese Haliburton,1630169,2021-22,00,1610612758,SAC,22.0,51,51,1757,268,586,0.457,104,252,0.413,87,104,0.837,39,160,199,379,86,34,115,71,727
Tyrese Haliburton,1630169,2021-22,00,1610612754,IND,22.0,26,26,938,162,323,0.502,57,137,0.416,73,86,0.849,22,90,112,249,48,15,84,50,454
Tyrese Haliburton,1630169,2021-22,00,0,TOT,22.0,77,77,2694,430,909,0.473,161,389,0.414,160,190,0.842,61,250,311,628,134,49,199,121,1181
Tyrese Haliburton,1630169,2022-23,00,1610612754,IND,23.0,56,56,1883,412,841,0.49,161,402,0.4,175,201,0.871,33,172,205,585,91,25,141,69,1160
Tyrese Haliburton,1630169,2023-24,00,1610612754,IND,24.0,69,68,2224,500,1048,0.477,195,535,0.364,194,227,0.855,35,236,271,752,83,48,159,75,1389
Tyrese Haliburton,1630169,2024-25,00,1610612754,IND,25.0,73,73,2450,476,1006,0.473,218,562,0.388,189,222,0.851,42,216,258,673,105,49,120,92,1359
Tyrese Maxey,1630178,2020-21,00,1610612755,PHI,20.0,61,8,936,198,429,0.462,31,103,0.301,61,70,0.871,11,93,104,120,26,13,41,79,488
Tyrese Maxey,1630178,2021-22,00,1610612755,PHI,21.0,75,74,2650,483,995,0.485,132,309,0.427,213,246,0.866,26,214,240,321,55,32,88,156,1311
Tyrese Maxey,1630178,2022-23,00,1610612755,PHI,22.0,60,41,2016,439,913,0.481,160,369,0.434,180,213,0.845,23,153,176,212,49,8,80,132,1218
Tyrese Maxey,1630178,2023-24,00,1610612755,PHI,23.0,70,70,2626,638,1419,0.45,212,569,0.373,328,378,0.868,36,222,258,433,69,33,116,151,1816
Tyrese Maxey,1630178,2024-25,00,1610612755,PHI,24.0,52,52,1960,477,1091,0.437,161,478,0.337,254,289,0.879,15,159,174,317,91,21,124,116,1369
Tyus Jones,1626145,2020-21,00,1610612763,MEM,25.0,70,9,1223,178,413,0.431,45,140,0.321,41,45,0.911,21,119,140,259,64,6,48,31,442
Tyus Jones,1626145,2021-22,00,1610612763,MEM,26.0,73,23,1549,249,552,0.451,80,205,0.39,54,66,0.818,17,159,176,324,66,2,46,32,632
Tyus Jones,1626145,2022-23,00,1610612763,MEM,27.0,80,22,1939,311,710,0.438,121,326,0.371,80,100,0.8,28,172,200,417,83,6,74,32,823
Tyus Jones,1626145,2023-24,00,1610612764,WAS,28.0,66,66,1933,326,666,0.489,106,256,0.414,32,40,0.8,20,159,179,485,71,18,66,48,790
Tyus Jones,1626145,2024-25,00,1610612756,PHX,29.0,81,58,2174,306,683,0.448,166,401,0.414,51,57,0.895,40,156,196,429,69,8,91,63,829
Victor Oladipo,203506,2020-21,00,1610612754,IND,29.0,9,9,300,64,152,0.421,25,69,0.362,27,37,0.73,1,50,51,38,15,2,18,23,180
Victor Oladipo,203506,2020-21,00,1610612745,HOU,29.0,20,20,669,155,381,0.407,49,153,0.32,65,83,0.783,8,87,95,99,24,10,51,45,424
Victor Oladipo,203506,2020-21,00,1610612748,MIA,29.0,4,4,111,16,43,0.372,4,17,0.235,12,18,0.667,3,11,14,14,7,2,14,13,48
Victor Oladipo,203506,2020-21,00,0,TOT,29.0,33,33,1080,235,576,0.408,78,239,0.326,104,138,0.754,12,148,160,151,46,14,83,81,652
Victor Oladipo,203506,2021-22,00,1610612748,MIA,30.0,8,1,173,35,73,0.479,15,36,0.417,14,19,0.737,3,20,23,28,5,1,16,13,99
Victor Oladipo,203506,2022-23,00,1610612748,MIA,31.0,42,2,1106,160,403,0.397,70,212,0.33,59,79,0.747,16,112,128,146,57,12,87,99,449
Vince Williams Jr.,1631246,2022-23,00,1610612763,MEM,22.0,15,1,105,12,40,0.3,4,28,0.143,2,2,1.0,4,11,15,4,6,2,5,12,30
Vince Williams Jr.,1631246,2023-24,00,1610612763,MEM,23.0,52,33,1437,169,379,0.446,79,209,0.378,104,130,0.8,59,231,290,175,47,34,92,135,521
Vince Williams Jr.,1631246,2024-25,00,1610612763,MEM,24.0,27,5,499,67,167,0.401,26,95,0.274,19,24,0.792,22,76,98,55,12,7,33,45,179
Vít Krejčí,1630249,2022-23,00,1610612737,ATL,23.0,29,0,165,15,37,0.405,5,21,0.238,1,2,0.5,6,20,26,17,5,1,5,17,36
Vít Krejčí,1630249,2023-24,00,1610612737,ATL,24.0,22,14,541,51,104,0.49,28,68,0.412,5,6,0.833,11,41,52,50,13,6,20,48,135
Vít Krejčí,1630249,2024-25,00,1610612737,ATL,25.0,57,16,1153,145,292,0.497,90,206,0.437,32,45,0.711,22,134,156,147,36,26,50,105,412
Walker Kessler,1631117,2022-23,00,1610612762,UTA,21.0,74,40,1703,298,414,0.72,1,3,0.333,82,159,0.516,231,389,620,69,26,173,58,169,679
Walker Kessler,1631117,2023-24,00,1610612762,UTA,22.0,64,22,1493,229,350,0.654,4,19,0.211,56,93,0.602,165,316,481,60,30,154,66,132,518
Walker Kessler,1631117,2024-25,00,1610612762,UTA,23.0,58,58,1740,278,419,0.663,6,34,0.176,79,152,0.52,266,441,707,97,36,138,86,130,641
Wayne Ellington,201961,2020-21,00,1610612765,DET,33.0,46,31,1012,149,338,0.441,116,275,0.422,28,35,0.8,12,73,85,67,18,9,33,59,442
Wayne Ellington,201961,2021-22,00,1610612747,LAL,34.0,43,9,810,98,237,0.414,82,211,0.389,9,11,0.818,10,67,77,30,23,5,19,42,287
Wendell Carter Jr.,1628976,2020-21,00,1610612741,CHI,22.0,32,25,792,129,252,0.512,8,22,0.364,82,111,0.739,70,180,250,69,18,24,49,96,348
Wendell Carter Jr.,1628976,2020-21,00,1610612753,ORL,22.0,22,19,583,101,205,0.493,7,29,0.241,49,68,0.721,62,131,193,35,17,18,29,50,258
Wendell Carter Jr.,1628976,2020-21,00,0,TOT,22.0,54,44,1375,230,457,0.503,15,51,0.294,131,179,0.732,132,311,443,104,35,42,78,146,606
Wendell Carter Jr.,1628976,2021-22,00,1610612753,ORL,23.0,62,61,1852,359,684,0.525,70,214,0.327,143,207,0.691,139,509,648,171,36,43,117,169,931
Wendell Carter Jr.,1628976,2022-23,00,1610612753,ORL,24.0,57,54,1690,322,613,0.525,80,225,0.356,144,195,0.738,120,377,497,132,30,33,106,159,868
Wendell Carter Jr.,1628976,2023-24,00,1610612753,ORL,25.0,55,48,1406,223,425,0.525,64,171,0.374,93,134,0.694,112,269,381,95,35,28,68,121,603
Wendell Carter Jr.,1628976,2024-25,00,1610612753,ORL,26.0,68,51,1758,226,491,0.46,37,158,0.234,129,175,0.737,151,341,492,134,52,41,77,199,618
Wenyen Gabriel,1629117,2021-22,00,1610612751,BKN,25.0,1,0,1,0,0,0.0,0,0,0.0,0,0,0.0,0,1,1,0,0,0,0,0,0
Wenyen Gabriel,1629117,2021-22,00,1610612746,LAC,25.0,6,0,46,5,13,0.385,2,5,0.4,2,4,0.5,5,9,14,2,1,2,3,11,14
Wenyen Gabriel,1629117,2021-22,00,1610612747,LAL,25.0,19,5,311,49,97,0.505,6,23,0.261,23,38,0.605,34,48,82,12,4,9,13,57,127
Wenyen Gabriel,1629117,2021-22,00,0,TOT,25.0,26,5,359,54,110,0.491,8,28,0.286,25,42,0.595,39,58,97,14,5,11,16,68,141
Wenyen Gabriel,1629117,2022-23,00,1610612747,LAL,26.0,68,2,1024,155,260,0.596,10,36,0.278,52,84,0.619,116,170,286,36,26,35,46,144,372
Wenyen Gabriel,1629117,2023-24,00,1610612763,MEM,27.0,5,0,81,8,22,0.364,1,6,0.167,0,5,0.0,7,18,25,3,2,2,8,10,17
Wes Iwundu,1628411,2021-22,00,1610612737,ATL,27.0,3,1,82,8,18,0.444,3,5,0.6,3,4,0.75,3,10,13,0,1,0,1,8,22
Wesley Matthews,202083,2020-21,00,1610612747,LAL,34.0,58,10,1130,89,252,0.353,66,197,0.335,35,41,0.854,20,73,93,54,38,17,26,80,279
Wesley Matthews,202083,2021-22,00,1610612749,MIL,35.0,49,14,1002,87,220,0.395,53,157,0.338,22,28,0.786,30,62,92,36,23,8,18,87,249
Wesley Matthews,202083,2022-23,00,1610612749,MIL,36.0,52,0,820,58,160,0.363,39,124,0.315,24,28,0.857,34,79,113,34,20,13,18,71,179
Wesley Matthews,202083,2023-24,00,1610612737,ATL,37.0,36,3,413,34,97,0.351,24,69,0.348,18,24,0.75,9,44,53,23,16,11,8,43,110
Will Barton,203115,2020-21,00,1610612743,DEN,30.0,56,52,1736,259,608,0.426,98,257,0.381,95,121,0.785,39,187,226,181,50,23,96,95,711
Will Barton,203115,2021-22,00,1610612743,DEN,31.0,71,71,2276,392,896,0.438,157,430,0.365,102,127,0.803,44,296,340,276,55,31,127,114,1043
Will Barton,203115,2022-23,00,1610612764,WAS,32.0,40,0,782,110,285,0.386,52,138,0.377,35,45,0.778,10,101,111,95,17,10,45,39,307
Will Barton,203115,2022-23,00,1610612761,TOR,32.0,16,2,211,28,79,0.354,14,42,0.333,2,2,1.0,5,21,26,17,11,3,3,17,72
Will Barton,203115,2022-23,00,0,TOT,32.0,56,2,993,138,364,0.379,66,180,0.367,37,47,0.787,15,122,137,112,28,13,48,56,379
Willie Cauley-Stein,1626161,2020-21,00,1610612742,DAL,27.0,53,16,906,115,182,0.632,1,11,0.091,49,78,0.628,66,170,236,35,21,43,29,129,280
Willie Cauley-Stein,1626161,2021-22,00,1610612742,DAL,28.0,18,2,177,16,35,0.457,1,2,0.5,1,2,0.5,13,25,38,9,6,3,7,17,34
Willie Cauley-Stein,1626161,2021-22,00,1610612755,PHI,28.0,2,0,6,0,0,0.0,0,0,0.0,0,0,0.0,0,2,2,1,0,0,0,2,0
Willie Cauley-Stein,1626161,2021-22,00,0,TOT,28.0,20,2,183,16,35,0.457,1,2,0.5,1,2,0.5,13,27,40,10,6,3,7,19,34
Xavier Moon,1629875,2021-22,00,1610612746,LAC,27.0,10,0,137,25,51,0.49,5,14,0.357,3,5,0.6,2,12,14,24,7,3,6,9,58
Xavier Moon,1629875,2022-23,00,1610612746,LAC,28.0,4,0,20,3,9,0.333,1,3,0.333,0,0,0.0,0,3,3,5,0,0,1,2,7
Xavier Moon,1629875,2023-24,00,1610612746,LAC,29.0,14,1,119,15,46,0.326,2,17,0.118,1,2,0.5,8,10,18,21,3,3,5,8,33
Yogi Ferrell,1627812,2020-21,00,1610612739,CLE,28.0,2,0,41,8,21,0.381,3,9,0.333,0,2,0.0,3,4,7,5,3,1,3,4,19
Yogi Ferrell,1627812,2020-21,00,1610612746,LAC,28.0,8,0,96,12,36,0.333,6,19,0.316,7,7,1.0,2,10,12,17,4,2,0,7,37
Yogi Ferrell,1627812,2020-21,00,0,TOT,28.0,10,0,137,20,57,0.351,9,28,0.321,7,9,0.778,5,14,19,22,7,3,3,11,56
Zach Collins,1628380,2021-22,00,1610612759,SAS,24.0,28,4,502,76,155,0.49,14,41,0.341,52,65,0.8,46,107,153,61,13,23,45,67,218
Zach Collins,1628380,2022-23,00,1610612759,SAS,25.0,63,26,1441,284,548,0.518,55,147,0.374,108,142,0.761,116,286,402,180,37,49,129,199,731
Zach Collins,1628380,2023-24,00,1610612759,SAS,26.0,69,29,1526,298,616,0.484,58,181,0.32,122,162,0.753,118,252,370,194,34,52,132,206,776
Zach Collins,1628380,2024-25,00,1610612759,SAS,27.0,36,4,425,61,132,0.462,14,46,0.304,31,35,0.886,38,63,101,52,14,15,23,70,167
Zach Collins,1628380,2024-25,00,1610612741,CHI,27.0,28,8,552,92,170,0.541,18,60,0.3,38,43,0.884,64,123,187,59,15,14,37,62,240
Zach Collins,1628380,2024-25,00,0,TOT,27.0,64,12,977,153,302,0.507,32,106,0.302,69,78,0.885,102,186,288,111,29,29,60,132,407
Zach LaVine,203897,2020-21,00,1610612741,CHI,26.0,58,58,2034,569,1123,0.507,200,477,0.419,253,298,0.849,36,253,289,282,46,27,203,138,1591
Zach LaVine,203897,2021-22,00,1610612741,CHI,27.0,67,67,2328,565,1186,0.476,185,475,0.389,320,375,0.853,22,286,308,303,41,23,171,120,1635
Zach LaVine,203897,2022-23,00,1610612741,CHI,28.0,77,77,2768,673,1388,0.485,204,544,0.375,363,428,0.848,42,303,345,327,69,18,194,159,1913
Zach LaVine,203897,2023-24,00,1610612741,CHI,29.0,25,23,872,170,376,0.452,59,169,0.349,88,103,0.854,8,121,129,98,21,8,52,57,487
Zach LaVine,203897,2024-25,00,1610612741,CHI,30.0,42,42,1432,363,710,0.511,136,305,0.446,145,182,0.797,12,190,202,189,39,10,121,64,1007
Zach LaVine,203897,2024-25,00,1610612758,SAC,30.0,32,32,1170,262,513,0.511,103,231,0.446,90,103,0.874,10,103,113,121,19,2,87,57,717
Zach LaVine,203897,2024-25,00,0,TOT,30.0,74,74,2603,625,1223,0.511,239,536,0.446,235,285,0.825,22,293,315,310,58,12,208,121,1724
Zeke Nnaji,1630192,2021-22,00,1610612743,DEN,21.0,41,1,698,96,186,0.516,37,80,0.463,41,65,0.631,56,91,147,17,16,13,23,79,270
Zeke Nnaji,1630192,2022-23,00,1610612743,DEN,22.0,53,5,728,110,196,0.561,17,65,0.262,40,62,0.645,65,73,138,18,17,23,31,105,277
Zeke Nnaji,1630192,2023-24,00,1610612743,DEN,23.0,58,0,576,69,149,0.463,6,23,0.261,42,62,0.677,61,65,126,32,15,38,27,81,186
Zeke Nnaji,1630192,2024-25,00,1610612743,DEN,24.0,57,4,608,70,141,0.496,17,52,0.327,27,44,0.614,33,57,90,23,25,38,14,62,184
Ziaire Williams,1630533,2021-22,00,1610612763,MEM,20.0,62,31,1346,191,424,0.45,76,242,0.314,43,55,0.782,26,103,129,65,35,12,41,113,501
Ziaire Williams,1630533,2022-23,00,1610612763,MEM,21.0,37,4,561,84,196,0.429,25,97,0.258,17,22,0.773,16,63,79,35,14,6,37,58,210
Ziaire Williams,1630533,2023-24,00,1610612763,MEM,22.0,51,15,1038,150,378,0.397,58,189,0.307,62,75,0.827,35,145,180,75,36,9,66,85,420
Ziaire Williams,1630533,2024-25,00,1610612751,BKN,23.0,63,45,1541,214,520,0.412,103,302,0.341,101,123,0.821,61,226,287,84,62,28,67,149,632
Zion Williamson,1629627,2020-21,00,1610612740,NOP,20.0,61,61,2026,634,1037,0.611,10,34,0.294,369,529,0.698,167,274,441,226,57,39,167,135,1647
Zion Williamson,1629627,2022-23,00,1610612740,NOP,22.0,29,29,956,285,469,0.608,7,19,0.368,177,248,0.714,58,144,202,133,32,16,99,65,754
Zion Williamson,1629627,2023-24,00,1610612740,NOP,23.0,70,70,2207,624,1094,0.57,6,18,0.333,347,494,0.702,122,284,406,352,77,47,193,159,1601
Zion Williamson,1629627,2024-25,00,1610612740,NOP,24.0,30,30,857,288,508,0.567,3,13,0.231,158,241,0.656,76,140,216,159,37,27,90,82,737
