PLAYER_NAME,PLAYER_ID,SEASON_ID,LEAGUE_ID,TEAM_ID,TEAM_ABBREVIATION,PLAYER_AGE,GP,GS,MIN,FGM,FGA,FG_PCT,FG3M,FG3A,FG3_PCT,FTM,FTA,FT_PCT,OREB,DREB,REB,AST,STL,BLK,TOV,PF,PTS,POS,fg_shrunk,ft_shrunk,z_PTS,z_REB,z_AST,z_STL,z_BLK,z_FG3M,z_FG%,z_FT%,z_TOV,fantasy_z_9cat,Rk,TEAM_ABBREVIATION ,3PA,3P%,2P,2PA,2P%,eFG%
AJ Green,1631260,2022-23,0,1610612749,MIL,23,35,1,9.857142857,1.514285714,3.571428571,0.424,1.257142857,3,0.419,0.114285714,0.114285714,1,0.171428571,1.114285714,1.285714286,0.628571429,0.171428571,0,0.257142857,0.885714286,4.4,Guard,0.458627167,0.74902744,-0.818927126,-1.069820609,-0.845515011,-1.303057313,-1.057452438,0.173279754,-0.333915993,-0.089049296,1.096994376,-4.247463656,,,,,,,,
AJ Green,1631260,2023-24,0,1610612749,MIL,24,56,0,10.96428571,1.482142857,3.5,0.423,1.232142857,3.017857143,0.408,0.303571429,0.339285714,0.895,0.160714286,0.982142857,1.142857143,0.535714286,0.160714286,0.071428571,0.214285714,0.875,4.5,Guard,0.458617248,0.749441507,-0.803845472,-1.128697081,-0.894272675,-1.330595493,-0.883124013,0.145686429,-0.335953818,0.000382532,1.148593041,-4.081826549,,,,,,,,
AJ Green,1631260,2024-25,0,1610612749,MIL,25,73,7,22.7260274,2.493150685,5.808219178,0.429,2.123287671,4.97260274,0.427,0.301369863,0.369863014,0.815,0.246575342,2.136986301,2.383561644,1.479452055,0.506849315,0.095890411,0.547945205,2.150684932,7.410958904,Guard,0.458169617,0.748942434,-0.364824725,-0.617358961,-0.398732453,-0.440948735,-0.823422496,1.129272373,-0.427916885,-0.107409358,0.746877409,-1.304463831,,,,,,,,
Aaron Gordon,203932,2020-21,0,0,TOT,25,50,50,27.68,4.62,9.98,0.463,1.18,3.52,0.335,1.94,2.98,0.651,1.54,4.14,5.68,3.22,0.66,0.68,1.94,1.78,12.36,Forward,0.460148438,0.742972243,0.381572524,0.741219642,0.515198878,-0.047316195,0.602154179,0.088134637,-0.021380629,-1.396875444,-0.929113197,-0.066405605,,,,,,,,
Aaron Gordon,203932,2021-22,0,1610612743,DEN,26,75,75,31.66666667,5.786666667,11.12,0.52,1.16,3.466666667,0.335,2.28,3.066666667,0.743,1.666666667,4.186666667,5.853333333,2.506666667,0.586666667,0.586666667,1.773333333,1.973333333,15.01333333,Forward,0.465881796,0.74813862,0.781739073,0.812656427,0.140640002,-0.235799754,0.374365036,0.066059977,1.156501468,-0.281020315,-0.728451722,2.086690193,,,,,,,,
Aaron Gordon,203932,2022-23,0,1610612743,DEN,27,68,68,30.22058824,6.308823529,11.19117647,0.564,0.882352941,2.544117647,0.347,2.808823529,4.617647059,0.608,2.411764706,4.147058824,6.558823529,2.985294118,0.794117647,0.75,1.441176471,1.897058824,16.30882353,Forward,0.470344953,0.736579128,0.977120421,1.103413839,0.391958918,0.297397053,0.772996037,-0.240388246,2.07342881,-2.777686435,-0.328545208,2.26969519,,,,,,,,
Aaron Gordon,203932,2023-24,0,1610612743,DEN,28,73,73,31.46575342,5.452054795,9.808219178,0.556,0.547945205,1.890410959,0.29,2.424657534,3.684931507,0.658,2.383561644,4.068493151,6.452054795,3.547945205,0.767123288,0.616438356,1.438356164,1.945205479,13.87671233,Forward,0.468450863,0.742245044,0.610317828,1.059410675,0.687397179,0.228015332,0.44702576,-0.609485101,1.684299975,-1.553938775,-0.325149647,2.227893226,,,,,,,,
Aaron Gordon,203932,2024-25,0,1610612743,DEN,29,51,42,28.37254902,5.176470588,9.745098039,0.531,1.470588235,3.37254902,0.436,2.843137255,3.509803922,0.81,1.568627451,3.274509804,4.843137255,3.215686275,0.450980392,0.274509804,1.431372549,1.607843137,14.66666667,Forward,0.466180569,0.752490715,0.729456007,0.396318965,0.512933817,-0.584544736,-0.387484369,0.408866463,1.21788245,0.65896287,-0.316741592,2.635649877,,,,,,,,
Aaron Holiday,1628988,2020-21,0,1610612754,IND,24,66,8,17.81818182,2.575757576,6.606060606,0.39,1.015151515,2.757575758,0.368,1.03030303,1.257575758,0.819,0.227272727,1.121212121,1.348484848,1.863636364,0.696969697,0.196969697,1,1.424242424,7.196969697,Guard,0.455534597,0.7501846,-0.397097837,-1.043950645,-0.197003981,0.047704443,-0.576728596,-0.093814077,-0.969265006,0.160878831,0.202617519,-2.86665935,,,,,,,,
Aaron Holiday,1628988,2021-22,0,0,TOT,25,63,15,16.20634921,2.396825397,5.365079365,0.447,0.619047619,1.634920635,0.379,0.936507937,1.079365079,0.868,0.380952381,1.555555556,1.936507937,2.428571429,0.666666667,0.142857143,1.063492063,1.46031746,6.349206349,Guard,0.459208838,0.750979936,-0.524954571,-0.801605574,0.099633556,-0.030181325,-0.708795585,-0.53100702,-0.214415439,0.332658702,0.126175053,-2.252492203,,,,,,,,
Aaron Holiday,1628988,2022-23,0,1610612737,ATL,26,63,6,13.41269841,1.46031746,3.492063492,0.418,0.571428571,1.396825397,0.409,0.428571429,0.507936508,0.844,0.396825397,0.777777778,1.174603175,1.412698413,0.587301587,0.19047619,0.571428571,1.253968254,3.920634921,Guard,0.458451268,0.749414656,-0.891223308,-1.11561342,-0.433783625,-0.234167863,-0.592576636,-0.583565735,-0.370053411,-0.005416933,0.718604168,-3.507796763,,,,,,,,
Aaron Holiday,1628988,2023-24,0,1610612745,HOU,27,78,1,16.26923077,2.384615385,5.346153846,0.446,1.076923077,2.782051282,0.387,0.743589744,0.807692308,0.921,0.294871795,1.282051282,1.576923077,1.794871795,0.538461538,0.076923077,0.679487179,1.602564103,6.58974359,Guard,0.459160283,0.751196764,-0.488677577,-0.949803188,-0.233111055,-0.359698039,-0.869714133,-0.025634765,-0.22439078,0.379490084,0.58850497,-2.183034483,,,,,,,,
Aaron Holiday,1628988,2024-25,0,1610612745,HOU,28,62,3,12.77419355,1.887096774,4.322580645,0.437,1.161290323,2.919354839,0.398,0.548387097,0.661290323,0.829,0.209677419,1.048387097,1.258064516,1.338709677,0.306451613,0.177419355,0.596774194,1.032258065,5.483870968,Guard,0.458916494,0.749505172,-0.655461458,-1.081216056,-0.472633818,-0.956016992,-0.624443121,0.067484149,-0.274475714,0.014133129,0.688088827,-3.294541053,,,,,,,,
Aaron Nesmith,1630174,2022-23,0,1610612754,IND,23,73,60,24.87671233,3.452054795,8.082191781,0.427,1.575342466,4.301369863,0.366,1.630136986,1.945205479,0.838,0.849315068,2.945205479,3.794520548,1.342465753,0.753424658,0.465753425,1.02739726,3.219178082,10.10958904,Guard-Forward,0.457406352,0.751807049,0.042173332,-0.035852993,-0.470661568,0.192806697,0.079264424,0.524487165,-0.584724719,0.51130185,0.169632071,0.428426258,,,,,,,,
Aaron Nesmith,1630174,2023-24,0,1610612754,IND,24,72,47,27.70833333,4.375,8.819444444,0.496,1.944444444,4.638888889,0.419,1.486111111,1.902777778,0.781,0.875,2.944444444,3.819444444,1.5,0.902777778,0.680555556,0.888888889,3.347222222,12.18055556,Guard-Forward,0.462792563,0.749646947,0.354509334,-0.025580976,-0.387943086,0.57667862,0.603510068,0.9318772,0.521838182,0.044754195,0.336391835,2.956035373,,,,,,,,
Aaron Nesmith,1630174,2024-25,0,1610612754,IND,25,45,37,24.93333333,4.266666667,8.422222222,0.507,1.866666667,4.333333333,0.431,1.622222222,1.777777778,0.912,0.822222222,3.133333333,3.955555556,1.2,0.777777778,0.377777778,0.822222222,2.533333333,12.02222222,Guard-Forward,0.463525381,0.754069109,0.330630048,0.030515218,-0.545467847,0.255399825,-0.135448761,0.846031301,0.672390908,0.999870892,0.416656425,2.870578008,,,,,,,,
Aaron Wiggins,1630598,2021-22,0,1610612760,OKC,23,50,35,24.18,3.12,6.74,0.463,0.84,2.76,0.304,1.24,1.7,0.729,1.02,2.54,3.56,1.36,0.6,0.2,1.08,1.86,8.32,Guard,0.460061881,0.747814109,-0.227726294,-0.132507189,-0.461454641,-0.201530016,-0.569332845,-0.287134584,-0.039163154,-0.351109523,0.106300011,-2.163658235,,,,,,,,
Aaron Wiggins,1630598,2022-23,0,1610612760,OKC,24,70,14,18.52857143,2.657142857,5.185714286,0.512,0.685714286,1.742857143,0.393,0.842857143,1.014285714,0.831,0.971428571,2.028571429,3,1.142857143,0.557142857,0.214285714,0.785714286,1.571428571,6.842857143,Guard,0.462434193,0.750095004,-0.450503867,-0.363302956,-0.575472563,-0.311682746,-0.53446716,-0.457424819,0.448213278,0.141527534,0.460610843,-1.642502457,,,,,,,,
Aaron Wiggins,1630598,2023-24,0,1610612760,OKC,25,78,4,15.74358974,2.717948718,4.833333333,0.562,0.794871795,1.615384615,0.492,0.717948718,0.91025641,0.789,0.769230769,1.615384615,2.384615385,1.102564103,0.717948718,0.243589744,0.717948718,1.166666667,6.948717949,Guard,0.464572832,0.74917874,-0.434538306,-0.616924678,-0.596629735,0.101625359,-0.462947804,-0.336944074,0.887583022,-0.056370997,0.542198475,-0.972948737,,,,,,,,
Aaron Wiggins,1630598,2024-25,0,1610612760,OKC,26,76,26,22.94736842,4.671052632,9.578947368,0.488,1.710526316,4.460526316,0.383,0.973684211,1.171052632,0.831,1.065789474,2.815789474,3.881578947,1.763157895,0.789473684,0.236842105,0.907894737,1.328947368,12.02631579,Guard,0.4623234,0.750342864,0.331247426,2.68E-05,-0.249763471,0.285460998,-0.479416078,0.673694042,0.425451534,0.195061218,0.313509386,1.495271901,,,,,,,,
Abdel Nader,1627846,2020-21,0,1610612756,PHX,27,24,0,14.79166667,2.375,4.833333333,0.491,0.75,1.791666667,0.419,1.166666667,1.541666667,0.757,0.291666667,2.291666667,2.583333333,0.791666667,0.416666667,0.375,0.791666667,1.416666667,6.666666667,Forward,0.461299382,0.748709415,-0.477076305,-0.535025997,-0.759876549,-0.672738914,-0.142228201,-0.386470555,0.215073506,-0.157737673,0.453444361,-2.462636326,,,,,,,,
Frank Jackson,1628402,2022-23,0,1610612762,UTA,25,1,0,5,0,3,0,0,1,0,0,0,0,1,1,2,1,0,0,0,0,0,Guard,0.446469759,0.748453789,-1.482519897,-0.775438254,-0.650484354,-1.74366823,-1.057452438,-1.214270308,-2.831578375,-0.212948896,1.406586365,-8.561774388,,,,,,,,
Al Horford,201143,2020-21,0,1610612760,OKC,35,28,28,27.92857143,5.785714286,12.85714286,0.45,2,5.428571429,0.368,0.642857143,0.785714286,0.818,1.035714286,5.678571429,6.714285714,3.357142857,0.892857143,0.928571429,1.035714286,1.714285714,14.21428571,Forward-Center,0.458740122,0.74952975,0.661229477,1.167485293,0.587210198,0.551180303,1.208817103,0.993195701,-0.310710189,0.019441556,0.159618631,5.037468072,,,,,,,,
Al Horford,201143,2021-22,0,1610612738,BOS,36,69,69,29.05797101,3.855072464,8.246376812,0.467,1.289855072,3.84057971,0.336,1.15942029,1.376811594,0.842,1.565217391,6.115942029,7.68115942,3.362318841,0.710144928,1.333333333,0.942028986,1.884057971,10.15942029,Forward-Center,0.460407495,0.750960669,0.049688708,1.565968076,0.589928017,0.081567821,2.196678183,0.209385306,0.031840971,0.328497277,0.272412813,5.325967172,,,,,,,,
Al Horford,201143,2022-23,0,1610612738,BOS,37,63,63,30.49206349,3.619047619,7.603174603,0.476,2.301587302,5.158730159,0.446,0.238095238,0.333333333,0.714,1.158730159,5.031746032,6.19047619,3,0.476190476,0.968253968,0.587301587,1.920634921,9.777777778,Forward-Center,0.461004022,0.748225618,-0.007869294,0.951604899,0.39968072,-0.519749013,1.305666227,1.32606756,0.154393769,-0.262230151,0.699493551,4.047058268,,,,,,,,
Al Horford,201143,2023-24,0,1610612738,BOS,38,65,33,26.76923077,3.292307692,6.446153846,0.511,1.661538462,3.969230769,0.419,0.4,0.461538462,0.867,1.261538462,5.092307692,6.353846154,2.584615385,0.584615385,0.953846154,0.738461538,1.430769231,8.646153846,Forward-Center,0.462960549,0.749538053,-0.178536899,1.018935427,0.181569513,-0.241072021,1.270502546,0.619624531,0.556349737,0.021234884,0.517501679,3.766109396,,,,,,,,
Al Horford,201143,2024-25,0,1610612738,BOS,39,60,42,27.65,3.25,7.683333333,0.423,1.9,5.233333333,0.363,0.566666667,0.633333333,0.895,1.316666667,4.833333333,6.15,2.133333333,0.6,0.85,0.766666667,1.35,8.966666667,Forward-Center,0.457233572,0.750286822,-0.130198265,0.934923232,-0.055390812,-0.201530016,1.017055833,0.882822401,-0.620221229,0.182957158,0.483543582,2.493961883,,,,,,,,
Alec Burks,202692,2020-21,0,1610612752,NYK,29,49,5,25.6122449,4.285714286,10.20408163,0.42,2.081632653,5.020408163,0.415,2.06122449,2.408163265,0.856,0.428571429,4.204081633,4.632653061,2.183673469,0.632653061,0.285714286,1,2.081632653,12.71428571,Guard,0.456172754,0.753395554,0.435004668,0.309570999,-0.028958086,-0.117604128,-0.360138733,1.083296354,-0.838159539,0.854393655,0.202617519,1.54002271,,,,,,,,
Alec Burks,202692,2021-22,0,1610612752,NYK,30,81,44,28.61728395,3.518518519,8.987654321,0.391,1.938271605,4.802469136,0.404,2.679012346,3.259259259,0.822,0.580246914,4.320987654,4.901234568,2.950617284,1.049382716,0.320987654,1.12345679,2.654320988,11.65432099,Guard,0.454185002,0.752954531,0.275144458,0.420262919,0.373750718,0.953487082,-0.274050622,0.925064034,-1.246530615,0.759139617,0.05397939,2.24024698,,,,,,,,
Alec Burks,202692,2022-23,0,1610612765,DET,31,51,8,22,3.921568627,9,0.436,1.941176471,4.68627451,0.414,3,3.68627451,0.814,0.37254902,2.725490196,3.098039216,2.235294118,0.745098039,0.156862745,1.137254902,1.921568627,12.78431373,Guard,0.457893442,0.752954405,0.445566052,-0.322897535,-0.001852985,0.171405368,-0.674613542,0.928270231,-0.484655188,0.759112551,0.037366893,0.857701846,,,,,,,,
Alec Burks,202692,2023-24,0,0,TOT,32,66,1,18.36363636,3.181818182,8.621212121,0.369,1.878787879,5,0.376,2.196969697,2.53030303,0.868,0.363636364,1.909090909,2.272727273,1.333333333,0.424242424,0.181818182,0.727272727,1.136363636,10.43939394,Guard,0.452652033,0.754212144,0.091913365,-0.663037718,-0.475456842,-0.653267473,-0.613707353,0.859409882,-1.561469491,1.030764083,0.530972659,-1.453878888,,,,,,,,
Alec Burks,202692,2024-25,0,1610612748,MIA,33,49,14,17.63265306,2.346938776,5.530612245,0.424,1.795918367,4.224489796,0.425,0.775510204,1,0.776,0.306122449,2.224489796,2.530612245,1.12244898,0.571428571,0.142857143,0.591836735,0.755102041,7.265306122,Guard,0.457984311,0.748993911,-0.386791574,-0.556754218,-0.586188533,-0.27496517,-0.708795585,0.767944067,-0.465986667,-0.096291194,0.694033374,-1.613795501,,,,,,,,
Aleksej Pokusevski,1630197,2020-21,0,1610612760,OKC,19,45,28,24.22222222,3.088888889,9.066666667,0.341,1.288888889,4.6,0.28,0.688888889,0.933333333,0.738,0.666666667,4.044444444,4.711111111,2.155555556,0.444444444,0.933333333,2.2,1.288888889,8.155555556,Forward,0.449982749,0.748262227,-0.252527235,0.341906331,-0.043722311,-0.601343628,1.220438996,0.208318898,-2.109856833,-0.254323144,-1.242145097,-2.733254024,,,,,,,,
Aleksej Pokusevski,1630197,2021-22,0,1610612760,OKC,20,61,12,20.21311475,3.049180328,7.475409836,0.408,0.93442623,3.229508197,0.289,0.573770492,0.819672131,0.7,1.196721311,4.016393443,5.213114754,2.147540984,0.639344262,0.62295082,1.540983607,1.442622951,7.606557377,Forward,0.456256482,0.747672276,-0.335325241,0.548799752,-0.047930623,-0.1004062,0.462920066,-0.182913238,-0.820958237,-0.381743194,-0.448709891,-1.306266805,,,,,,,,
Aleksej Pokusevski,1630197,2022-23,0,1610612760,OKC,21,34,25,20.61764706,3.176470588,7.323529412,0.434,1.117647059,3.058823529,0.365,0.647058824,1.029411765,0.629,1.323529412,3.352941176,4.676470588,1.882352941,0.588235294,1.264705882,1.264705882,1.705882353,8.117647059,Forward,0.458098958,0.746044058,-0.258244464,0.327629749,-0.187176233,-0.231768021,2.029186166,0.019313638,-0.442433325,-0.73341232,-0.116080117,0.407015073,,,,,,,,
Aleksej Pokusevski,1630197,2023-24,0,0,TOT,22,28,0,14.46428571,1.75,4.321428571,0.405,0.642857143,1.964285714,0.327,1.071428571,1.464285714,0.732,0.607142857,2.571428571,3.178571429,1.25,0.535714286,0.464285714,0.678571429,0.785714286,5.214285714,Forward,0.457591162,0.747985638,-0.696119373,-0.289707367,-0.51921372,-0.36675911,0.075682331,-0.504727662,-0.546756641,-0.314062017,0.589607505,-2.572056054,,,,,,,,
Alex Caruso,1627936,2020-21,0,1610612747,LAL,27,58,6,20.96551724,2.293103448,5.25862069,0.436,0.948275862,2.362068966,0.401,0.844827586,1.310344828,0.645,0.534482759,2.396551724,2.931034483,2.75862069,1.103448276,0.25862069,1.310344828,1.862068966,6.379310345,Guard,0.458671636,0.745811824,-0.52041439,-0.39172608,0.27293666,1.092448025,-0.426263308,-0.167626942,-0.324780082,-0.783571257,-0.171027986,-1.420025361,,,,,,,,
Alex Caruso,1627936,2021-22,0,1610612741,CHI,28,41,18,27.97560976,2.487804878,6.243902439,0.398,1.024390244,3.073170732,0.333,1.414634146,1.780487805,0.795,0.804878049,2.804878049,3.609756098,4.024390244,1.731707317,0.365853659,1.390243902,2.585365854,7.414634146,Guard,0.456228143,0.750054294,-0.364270438,-0.112000945,0.937570149,2.707218484,-0.164550742,-0.083616986,-0.826780235,0.13273482,-0.267223982,1.959080124,,,,,,,,
Alex Caruso,1627936,2022-23,0,1610612741,CHI,29,67,36,23.50746269,1.940298507,4.268656716,0.455,0.820895522,2.253731343,0.364,0.880597015,1.089552239,0.808,0.626865672,2.298507463,2.925373134,2.880597015,1.462686567,0.686567164,1.149253731,2.373134328,5.582089552,Guard,0.45966473,0.749723691,-0.640648471,-0.394059322,0.336984298,2.015773186,0.618181986,-0.308220827,-0.120755214,0.061329635,0.022920676,1.591505947,,,,,,,,
Alex Caruso,1627936,2023-24,0,1610612741,CHI,30,71,57,28.73239437,3.563380282,7.61971831,0.468,1.915492958,4.690140845,0.408,1.028169014,1.352112676,0.76,0.873239437,2.971830986,3.845070423,3.478873239,1.690140845,0.985915493,1.436619718,2.549295775,10.07042254,Guard,0.460439909,0.748757803,0.036266376,-0.015019606,0.651128696,2.600383076,1.348770909,0.89992249,0.03850038,-0.147286642,-0.32305902,5.089606659,,,,,,,,
Alex Caruso,1627936,2024-25,0,1610612760,OKC,31,54,3,19.27777778,2.592592593,5.814814815,0.446,1.111111111,3.148148148,0.353,0.777777778,0.944444444,0.824,0.703703704,2.240740741,2.944444444,2.537037037,1.611111111,0.555555556,0.685185185,1.888888889,7.074074074,Guard,0.459101995,0.749854318,-0.415632529,-0.386199362,0.156586953,2.397258455,0.298435322,0.012099697,-0.236365635,0.089543175,0.581644748,2.497370823,,,,,,,,
Alex Len,203458,2020-21,0,0,TOT,28,64,42,15.296875,2.671875,4.34375,0.615,0.125,0.390625,0.32,1.140625,1.8125,0.629,1.21875,2.84375,4.0625,0.765625,0.3125,1,0.859375,1.984375,6.609375,Center,0.46632205,0.744275068,-0.485716835,0.074590798,-0.773550574,-0.940471244,1.383145528,-1.076303683,1.246948893,-1.115486108,0.371925638,-1.314917587,,,,,,,,
Alex Len,203458,2021-22,0,1610612758,SAC,29,39,10,15.8974359,2.41025641,4.512820513,0.534,0.153846154,0.538461538,0.286,1.051282051,1.615384615,0.651,1.333333333,2.794871795,4.128205128,1.153846154,0.333333333,0.641025641,1.102564103,2.564102564,6.025641026,Center,0.46306502,0.745403819,-0.573753573,0.1016702,-0.569702425,-0.886924779,0.507033438,-1.044465231,0.57781272,-0.871693731,0.079133534,-2.680889847,,,,,,,,
Alex Len,203458,2022-23,0,1610612758,SAC,30,26,2,6.192307692,0.615384615,1.153846154,0.533,0,0.076923077,0,0.423076923,0.615384615,0.688,0.923076923,1.384615385,2.307692308,0.461538462,0.153846154,0.423076923,0.615384615,1.076923077,1.653846154,Center,0.460698104,0.747718788,-1.233092545,-0.648627393,-0.933221105,-1.348248175,-0.02489176,-1.214270308,0.091544911,-0.371697289,0.66568246,-5.016821203,,,,,,,,
Alex Len,203458,2023-24,0,1610612758,SAC,31,48,0,9.25,1.041666667,1.6875,0.617,0,0.0625,0,0.416666667,0.708333333,0.588,0.958333333,1.708333333,2.666666667,1.041666667,0.229166667,0.6875,0.5625,1.375,2.5,Center,0.46247152,0.746212446,-1.10547855,-0.500681389,-0.628605915,-1.154657106,0.620458664,-1.214270308,0.455881866,-0.697043275,0.729353889,-3.495042125,,,,,,,,
Alex Len,203458,2024-25,0,0,TOT,32,46,7,8.260869565,0.695652174,1.369565217,0.508,0.043478261,0.195652174,0.222,0.173913043,0.369565217,0.471,0.826086957,1.239130435,2.065217391,0.826086957,0.195652174,0.456521739,0.434782609,1.217391304,1.608695652,Center,0.460514201,0.74641809,-1.239901987,-0.748559865,-0.741803056,-1.240797073,0.05673359,-1.166281917,0.053763073,-0.652627434,0.883121649,-4.796353021,,,,,,,,
Alize Johnson,1628993,2020-21,0,1610612751,BKN,25,18,0,10.5,2.222222222,3.777777778,0.588,0.055555556,0.333333333,0.167,0.722222222,0.722222222,1,1.5,3.5,5,0.777777778,0.277777778,0.277777778,0.5,0.888888889,5.222222222,Forward,0.464528337,0.752035498,-0.694922416,0.46096764,-0.767169363,-1.029715353,-0.379508558,-1.152951808,0.878441858,0.560643292,0.804601942,-1.319612766,,,,,,,,
Alize Johnson,1628993,2021-22,0,0,TOT,26,23,0,7.260869565,0.739130435,1.695652174,0.436,0,0.173913043,0,0.304347826,0.52173913,0.583,1.217391304,1.434782609,2.652173913,0.391304348,0.217391304,0,0.52173913,0.782608696,1.782608696,Forward,0.459465951,0.746745144,-1.213673024,-0.506654364,-0.970099812,-1.184922501,-1.057452438,-1.214270308,-0.161593217,-0.581988992,0.778428707,-6.11222595,,,,,,,,
Jahlil Okafor,1626143,2024-25,0,1610612754,IND,29,1,0,3,0,0,0,0,0,0,0,0,0,0,1,1,1,0,0,0,0,0,Forward-Center,0.459863852,0.748453789,-1.482519897,-1.187573552,-0.650484354,-1.74366823,-1.057452438,-1.214270308,-0.079847,-0.212948896,1.406586365,-6.222178311,,,,,,,,
Alperen Sengun,1630578,2022-23,0,1610612745,HOU,20,75,72,28.94666667,5.893333333,10.65333333,0.553,0.253333333,0.76,0.333,2.746666667,3.84,0.715,3.226666667,5.813333333,9.04,3.88,0.933333333,0.933333333,2.573333333,3.44,14.78666667,Center,0.468830689,0.746067783,0.747553992,2.125994243,0.861753353,0.655213435,1.220438996,-0.934657948,1.76233282,-0.728288127,-1.6916268,4.018713965,,,,,,,,
Alperen Sengun,1630578,2023-24,0,1610612745,HOU,21,63,63,32.47619048,8.365079365,15.58730159,0.537,0.523809524,1.761904762,0.297,3.873015873,5.587301587,0.693,2.904761905,6.444444444,9.349206349,4.952380952,1.206349206,0.73015873,2.571428571,3.349206349,21.12698413,Center,0.470265898,0.742879907,1.703778727,2.253429094,1.424841864,1.356927119,0.724571474,-0.636124449,2.05718731,-1.416818548,-1.689333526,5.778459065,,,,,,,,
Alperen Sengun,1630578,2024-25,0,1610612745,HOU,22,76,76,31.51315789,7.460526316,15.03947368,0.496,0.276315789,1.184210526,0.233,3.894736842,5.631578947,0.692,3.447368421,6.894736842,10.34210526,4.894736842,1.105263158,0.802631579,2.552631579,2.75,19.09210526,Center,0.464588045,0.742738978,1.396885339,2.662637782,1.394573949,1.09711269,0.901448561,-0.909291452,0.89070843,-1.447257071,-1.666702533,4.320115694,,,,,,,,
Amir Coffey,1629599,2021-22,0,1610612746,LAC,25,69,30,22.71014493,3.057971014,6.753623188,0.453,1.391304348,3.68115942,0.378,1.463768116,1.695652174,0.863,0.376811594,2.47826087,2.855072464,1.797101449,0.550724638,0.217391304,0.652173913,1.260869565,8.971014493,Guard-Forward,0.45942962,0.752210982,-0.129542541,-0.423032709,-0.231940303,-0.328179048,-0.526887664,0.32135822,-0.169057266,0.598544896,0.621389291,-0.267347123,,,,,,,,
Amir Coffey,1629599,2022-23,0,1610612746,LAC,26,50,9,12.5,1.12,2.9,0.386,0.22,0.8,0.275,0.98,1.26,0.778,0.34,0.72,1.06,1.06,0.14,0.1,0.42,1,3.44,Guard-Forward,0.457782169,0.749180052,-0.963711004,-1.162845434,-0.618979402,-1.38383598,-0.813392641,-0.971449047,-0.507515544,-0.056087722,0.90091945,-5.576897324,,,,,,,,
Amir Coffey,1629599,2023-24,0,1610612746,LAC,27,70,13,20.87142857,2.371428571,5.028571429,0.472,1,2.628571429,0.38,0.871428571,1.014285714,0.859,0.414285714,1.7,2.114285714,1.085714286,0.585714286,0.2,0.471428571,1.457142857,6.614285714,Guard-Forward,0.460444908,0.750651711,-0.484976219,-0.728337077,-0.60547728,-0.238247592,-0.569332845,-0.110537304,0.039527281,0.261767336,0.839001052,-1.596612647,,,,,,,,
Amir Coffey,1629599,2024-25,0,1610612746,LAC,28,72,13,24.27777778,3.333333333,7.083333333,0.471,1.402777778,3.430555556,0.409,1.597222222,1.791666667,0.891,0.444444444,1.791666667,2.236111111,1.069444444,0.555555556,0.097222222,0.625,1.666666667,9.666666667,Guard-Forward,0.460600484,0.753384993,-0.024626688,-0.678128531,-0.61402029,-0.315762475,-0.820172081,0.334021823,0.071489446,0.852112702,0.654105836,-0.540980256,,,,,,,,
Andre Drummond,203083,2020-21,0,0,TOT,27,46,46,27,6.130434783,12.43478261,0.493,0,0.173913043,0,2.673913043,4.456521739,0.6,3.608695652,8.369565217,11.97826087,2.043478261,1.369565217,1.065217391,2.695652174,3.239130435,14.93478261,Center,0.463528561,0.736304876,0.769892326,3.336955262,-0.102572141,1.776429865,1.54231496,-1.214270308,0.673044284,-2.83692054,-1.838894874,2.105978833,,,,,,,,
Andre Drummond,203083,2021-22,0,0,TOT,28,73,36,19.68493151,3.383561644,5.931506849,0.57,0,0.04109589,0,1.178082192,2.246575342,0.524,3.136986301,6.178082192,9.315068493,1.794520548,1.068493151,0.931506849,1.575342466,2.630136986,7.945205479,Center,0.466030792,0.738802394,-0.284251506,2.239359678,-0.233295489,1.002605302,1.215981283,-1.214270308,1.187111831,-2.297496515,-0.490076887,1.125667389,,,,,,,,
Andre Drummond,203083,2022-23,0,1610612741,CHI,29,67,0,12.67164179,2.47761194,4.089552239,0.606,0,0.044776119,0,1,1.865671642,0.536,2.059701493,4.567164179,6.626865672,0.492537313,0.671641791,0.402985075,1.119402985,1.746268657,5.955223881,Center,0.465605364,0.740811566,-0.584373643,1.131456408,-0.91694415,-0.01739411,-0.073927884,-1.214270308,1.099710208,-1.863547241,0.058860044,-2.380430675,,,,,,,,
Andre Drummond,203083,2023-24,0,1610612741,CHI,30,79,10,17.10126582,3.379746835,6.075949367,0.556,0,0.037974684,0,1.632911392,2.759493671,0.592,3.35443038,5.607594937,8.962025316,0.46835443,0.924050633,0.607594937,1.025316456,1.772151899,8.392405063,Center,0.465370457,0.740270745,-0.216806413,2.093858123,-0.929642159,0.631354758,0.42544253,-1.214270308,1.051450088,-1.980355969,0.172137294,0.033167943,,,,,,,,
Andre Drummond,203083,2024-25,0,1610612755,PHI,31,40,23,18.775,2.925,5.85,0.5,0.075,0.5,0.15,1.4,2.25,0.622,2.725,5.025,7.75,0.85,0.975,0.45,1.375,2.35,7.325,Center,0.462082052,0.74300841,-0.37778875,1.594339709,-0.729246735,0.762306367,0.040816647,-1.131490333,0.375868109,-1.389063899,-0.248870799,-1.103129684,,,,,,,,
Andrew Nembhard,1629614,2022-23,0,1610612754,IND,23,75,63,27.65333333,3.786666667,8.586666667,0.441,1.226666667,3.506666667,0.35,0.653333333,0.826666667,0.79,0.466666667,2.186666667,2.653333333,4.546666667,0.933333333,0.173333333,1.68,2.386666667,9.453333333,Guard-Forward,0.458372162,0.749129514,-0.056800883,-0.506176526,1.211808378,0.655213435,-0.634415458,0.139642178,-0.386305175,-0.067002981,-0.616081297,-0.26011833,,,,,,,,
Andrew Nembhard,1629614,2023-24,0,1610612754,IND,24,68,47,24.95588235,3.823529412,7.676470588,0.498,0.897058824,2.514705882,0.357,0.661764706,0.823529412,0.804,0.529411765,1.544117647,2.073529412,4.117647059,0.926470588,0.088235294,1.485294118,2.102941176,9.205882353,Guard-Forward,0.462582654,0.749353843,-0.094120583,-0.745134188,0.986537674,0.637574599,-0.842105559,-0.224156877,0.478713651,-0.018551494,-0.381661481,-0.202904258,,,,,,,,
Andrew Nembhard,1629614,2024-25,0,1610612754,IND,25,65,65,28.93846154,3.8,8.292307692,0.458,0.784615385,2.692307692,0.291,1.661538462,2.092307692,0.794,0.523076923,2.8,3.323076923,5.015384615,1.215384615,0.169230769,1.723076923,2.292307692,10.04615385,Guard-Forward,0.45972113,0.75028317,0.032606256,-0.230151552,1.457923988,1.380150202,-0.644428167,-0.348264412,-0.109168212,0.182168299,-0.66794457,1.052891831,,,,,,,,
Andrew Wiggins,203952,2020-21,0,1610612744,GSW,26,71,71,33.29577465,7.112676056,14.90140845,0.477,1.971830986,5.183098592,0.38,2.394366197,3.352112676,0.714,1.154929577,3.732394366,4.887323944,2.352112676,0.943661972,0.985915493,1.774647887,2.23943662,18.5915493,Forward,0.462086216,0.746289058,1.321393221,0.41452986,0.0594864,0.681760416,1.348770909,0.962104631,0.376723565,-0.680496348,-0.730034404,3.75423825,,,,,,,,
Andrew Wiggins,203952,2021-22,0,1610612744,GSW,27,73,73,31.91780822,6.506849315,13.95890411,0.466,2.150684932,5.465753425,0.393,2.04109589,3.219178082,0.634,1.164383562,3.287671233,4.452054795,2.205479452,1.04109589,0.698630137,1.520547945,2.164383562,17.20547945,Forward,0.460615473,0.741530587,1.112350964,0.235140079,-0.017508145,0.93218803,0.647622854,1.159511634,0.074568763,-1.708250274,-0.42410599,2.011517914,,,,,,,,
Andrew Wiggins,203952,2022-23,0,1610612744,GSW,28,37,37,32.16216216,6.756756757,14.2972973,0.473,2.405405405,6.081081081,0.396,1.189189189,1.945945946,0.611,1.648648649,3.378378378,5.027027027,2.297297297,1.216216216,0.756756757,1.297297297,2.891891892,17.10810811,Forward,0.461507035,0.743304635,1.097665755,0.472106431,0.030703802,1.382287608,0.789486564,1.440655027,0.257734594,-1.325083999,-0.155319165,3.990236617,,,,,,,,
Andrew Wiggins,203952,2023-24,0,1610612744,GSW,29,71,59,27.04225352,4.971830986,10.98591549,0.453,1.281690141,3.577464789,0.358,2,2.661971831,0.751,1.521126761,3,4.521126761,1.676056338,0.591549296,0.577464789,1.225352113,2.070422535,13.22535211,Forward,0.459184435,0.748582495,0.512081934,0.263607075,-0.295498977,-0.223250272,0.351906952,0.200373402,-0.219428871,-0.185150325,-0.068699405,0.335941512,,,,,,,,
Andrew Wiggins,203952,2024-25,0,0,TOT,30,60,60,30.7,6.266666667,13.98333333,0.448,2.166666667,5.8,0.374,3.266666667,4.283333333,0.763,1.483333333,3,4.483333333,2.633333333,1,0.833333333,1.65,1.683333333,17.96666667,Forward,0.458408409,0.749601586,1.227150586,0.248031069,0.207150456,0.826562126,0.9763792,1.177151202,-0.378858439,0.034957067,-0.579962232,3.738561035,,,,,,,,
Anfernee Simons,1629014,2020-21,0,1610612757,POR,22,64,0,17.25,2.625,6.265625,0.419,1.875,4.40625,0.426,0.71875,0.890625,0.807,0.21875,1.96875,2.1875,1.390625,0.28125,0.125,0.671875,1.5,7.84375,Guard,0.457454441,0.749478393,-0.29955267,-0.698162886,-0.445373988,-1.020790942,-0.752377692,0.855229075,-0.574845214,0.008349167,0.597669796,-2.329855353,,,,,,,,
Anfernee Simons,1629014,2021-22,0,1610612757,POR,23,57,30,29.49122807,6.192982456,13.98245614,0.443,3.140350877,7.754385965,0.405,1.807017544,2.035087719,0.888,0.456140351,2.192982456,2.649122807,3.877192982,0.526315789,0.105263158,2.01754386,1.929824561,17.33333333,Guard,0.457795129,0.753911429,1.131633444,-0.507911832,0.860279437,-0.390915412,-0.800547389,2.251838601,-0.504852906,0.965814422,-1.022473589,1.982864775,,,,,,,,
Anfernee Simons,1629014,2022-23,0,1610612757,POR,24,62,62,35.01612903,7.532258065,16.85483871,0.447,3.419354839,9.064516129,0.377,2.580645161,2.887096774,0.894,0.290322581,2.306451613,2.596774194,4.080645161,0.677419355,0.225806452,2.064516129,2.290322581,21.06451613,Guard,0.458008403,0.756399129,1.69435752,-0.529486544,0.967108623,-0.00254444,-0.506349671,2.559784482,-0.461037143,1.503118102,-1.079026737,4.145924192,,,,,,,,
Anfernee Simons,1629014,2023-24,0,1610612757,POR,25,46,46,34.39130435,7.826086957,18.19565217,0.43,3.391304348,8.804347826,0.385,3.543478261,3.869565217,0.916,0.47826087,3.152173913,3.630434783,5.543478261,0.5,0.108695652,2.739130435,2.130434783,22.58695652,Guard,0.455266455,0.760488989,1.92396671,-0.103478529,1.735216739,-0.458553052,-0.792170051,2.52882423,-1.02435291,2.386462581,-1.891241345,4.304674372,,,,,,,,
Anfernee Simons,1629014,2024-25,0,1610612757,POR,26,70,70,32.74285714,6.842857143,16.07142857,0.426,3.071428571,8.471428571,0.363,2.5,2.771428571,0.902,0.357142857,2.342857143,2.7,4.814285714,0.857142857,0.071428571,2.042857143,1.671428571,19.25714286,Guard,0.455175011,0.756517667,1.421775739,-0.486943545,1.352330466,0.459386361,-0.883124013,2.175766777,-1.043139637,1.528720272,-1.052949993,3.471822426,,,,,,,,
Anthony Davis,203076,2020-21,0,1610612747,LAL,28,36,36,32.27777778,8.361111111,17.02777778,0.491,0.722222222,2.777777778,0.26,4.388888889,5.944444444,0.738,1.722222222,6.222222222,7.944444444,3.055555556,1.25,1.638888889,2.055555556,1.666666667,21.83333333,Forward-Center,0.464394224,0.747343009,1.810307869,1.674477127,0.428851973,1.469119715,2.942416452,-0.417129805,0.850889261,-0.45285967,-1.068238487,7.237834435,,,,,,,,
Anthony Davis,203076,2021-22,0,1610612747,LAL,29,40,40,35.1,9.25,17.375,0.532,0.325,1.75,0.186,4.35,6.1,0.713,2.65,7.2,9.85,3.05,1.225,2.25,2.05,2.425,23.175,Forward-Center,0.470542153,0.744598742,2.012653392,2.459823834,0.425934847,1.404863956,4.433892987,-0.855557082,2.113942178,-1.045577542,-1.06154977,9.888426801,,,,,,,,
Anthony Davis,203076,2022-23,0,1610612747,LAL,30,56,54,34.01785714,9.678571429,17.17857143,0.563,0.339285714,1.321428571,0.257,6.214285714,7.928571429,0.784,3.482142857,9.053571429,12.53571429,2.642857143,1.053571429,2.035714286,2.178571429,2.607142857,25.91071429,Forward-Center,0.474983781,0.75331893,2.425244353,3.566701493,0.212151243,0.964253039,3.910907709,-0.839789468,3.026446493,0.837844081,-1.216345765,12.88741318,,,,,,,,
Anthony Davis,203076,2023-24,0,1610612747,LAL,31,76,76,35.52631579,9.381578947,16.88157895,0.556,0.381578947,1.407894737,0.271,5.539473684,6.789473684,0.816,3.144736842,9.5,12.64473684,3.5,1.197368421,2.342105263,2.092105263,2.328947368,24.68421053,Forward-Center,0.473749102,0.756529286,2.240267301,3.611633534,0.662221989,1.333844433,4.658684904,-0.793109031,2.772789567,1.531229807,-1.112243195,14.90531931,,,,,,,,
Anthony Davis,203076,2024-25,0,0,TOT,32,51,51,33.43137255,9.215686275,17.84313725,0.516,0.68627451,2.431372549,0.282,5.607843137,7.235294118,0.775,2.62745098,8.941176471,11.56862745,3.549019608,1.156862745,2.156862745,2.215686275,1.921568627,24.7254902,Forward-Center,0.468363668,0.751809579,2.246492958,3.16813087,0.687961329,1.229735515,4.206582391,-0.456806481,1.66638629,0.511848353,-1.261030884,11.99930034,,,,,,,,
Anthony Edwards,1630162,2020-21,0,1610612750,MIN,19,72,55,32.13888889,7.013888889,16.81944444,0.417,2.375,7.222222222,0.329,2.930555556,3.777777778,0.776,0.819444444,3.847222222,4.666666667,2.930555556,1.138888889,0.5,2.222222222,1.791666667,19.33333333,Guard,0.453692395,0.750388853,1.433266522,0.323589207,0.363216655,1.183538565,0.162846545,1.407095578,-1.347733676,0.204994193,-1.26889996,2.461913629,,,,,,,,
Anthony Edwards,1630162,2021-22,0,1610612750,MIN,20,72,72,34.25,7.625,17.29166667,0.441,2.986111111,8.361111111,0.357,3.055555556,3.888888889,0.786,0.861111111,3.902777778,4.763888889,3.819444444,1.458333333,0.638888889,2.638888889,2.277777778,21.29166667,Guard,0.457082858,0.751163309,1.728615578,0.363657917,0.829956688,2.004584372,0.501818485,2.081599081,-0.6511846,0.372264346,-1.770553647,5.460758219,,,,,,,,
Anthony Edwards,1630162,2022-23,0,1610612750,MIN,21,79,79,35.96202532,8.949367089,19.50632911,0.459,2.696202532,7.316455696,0.369,4.037974684,5.341772152,0.756,0.594936709,5.202531646,5.797468354,4.430379747,1.582278481,0.734177215,3.278481013,2.35443038,24.63291139,Guard,0.45972285,0.749182174,2.232530542,0.789632497,1.150748147,2.323151954,0.73437898,1.761617414,-0.108814874,-0.055629246,-2.540602639,6.287012775,,,,,,,,
Anthony Edwards,1630162,2023-24,0,1610612750,MIN,22,79,78,35.06329114,9.088607595,19.72151899,0.461,2.405063291,6.734177215,0.357,5.35443038,6.405063291,0.836,0.658227848,4.784810127,5.443037975,5.126582278,1.278481013,0.53164557,3.050632911,1.784810127,25.93670886,Guard,0.460051008,0.758395078,2.429164764,0.643559227,1.516311939,1.542322479,0.240080659,1.440277424,-0.041397043,1.934211116,-2.266280622,7.438249944,,,,,,,,
Anthony Edwards,1630162,2024-25,0,1610612750,MIN,23,79,79,36.34177215,9.126582278,20.40506329,0.447,4.050632911,10.26582278,0.395,5.253164557,6.278481013,0.837,0.772151899,4.924050633,5.696202532,4.544303797,1.151898734,0.64556962,3.151898734,1.898734177,27.55696203,Guard,0.457683813,0.758332089,2.67352574,0.747897277,1.210567676,1.216976863,0.518123464,3.256546925,-0.52772214,1.92060649,-2.388201518,8.628320777,,,,,,,,
Anthony Gill,1630264,2022-23,0,1610612764,WAS,30,59,8,10.59322034,1.203389831,2.237288136,0.538,0.06779661,0.491525424,0.138,0.830508475,1.13559322,0.731,0.627118644,1.050847458,1.677966102,0.576271186,0.118644068,0.203389831,0.254237288,1.186440678,3.305084746,Forward,0.461573728,0.748066184,-0.984058455,-0.90815979,-0.872976955,-1.438725645,-0.56105963,-1.139440952,0.271436159,-0.29666537,1.100492591,-4.829158049,,,,,,,,
Anthony Gill,1630264,2023-24,0,1610612764,WAS,31,50,3,9.32,1.5,3.2,0.469,0.2,0.82,0.244,0.58,0.72,0.806,0.74,1.14,1.88,0.68,0.26,0.22,0.46,0.96,3.78,Forward,0.460147143,0.749270691,-0.91243338,-0.82489449,-0.818510766,-1.075408337,-0.520520885,-0.993523708,-0.021646576,-0.036511066,0.852760696,-4.350688513,,,,,,,,
Anthony Gill,1630264,2024-25,0,1610612764,WAS,32,51,0,7.803921569,0.843137255,1.725490196,0.489,0.196078431,0.607843137,0.323,0.647058824,0.980392157,0.66,0.352941176,0.941176471,1.294117647,0.31372549,0.176470588,0.039215686,0.196078431,0.588235294,2.529411765,Forward,0.460358066,0.746752754,-1.10104277,-1.066357288,-1.010835115,-1.290098168,-0.961742715,-0.997852073,0.021686083,-0.580345229,1.170514043,-5.81607323,,,,,,,,
Anthony Lamb,1630237,2020-21,0,1610612745,HOU,23,24,3,17.29166667,1.916666667,4.916666667,0.39,0.958333333,2.958333333,0.324,0.75,0.875,0.857,1.125,1.791666667,2.916666667,0.958333333,0.25,0.208333333,0.791666667,1.416666667,5.541666667,Forward,0.456589851,0.750320677,-0.646744911,-0.397647564,-0.672362794,-1.101110641,-0.548994529,-0.156526179,-0.752469732,0.190269206,0.453444361,-3.632142783,,,,,,,,
James Wiseman,1630164,2024-25,0,1610612754,IND,24,1,0,5,2,4,0.5,0,1,0,2,2,1,0,1,1,0,0,0,0,0,6,Center,0.46140755,0.758128643,-0.577620664,-1.187573552,-1.175566892,-1.74366823,-1.057452438,-1.214270308,0.237295961,1.876665506,1.406586365,-3.435604252,,,,,,,,
Anthony Lamb,1630237,2022-23,0,1610612744,GSW,25,62,4,19.27419355,2.387096774,5.064516129,0.471,1.177419355,3.209677419,0.367,0.741935484,0.967741935,0.767,0.903225806,2.564516129,3.467741935,1.548387097,0.451612903,0.322580645,0.870967742,2.161290323,6.693548387,Forward,0.460400657,0.748805932,-0.473022097,-0.170529994,-0.362535866,-0.582919037,-0.270162772,0.085286294,0.030436268,-0.136891563,0.357968337,-1.52237043,,,,,,,,
Armoni Brooks,1629717,2020-21,0,1610612745,HOU,23,20,5,26,3.9,9.6,0.406,3,7.85,0.382,0.35,0.6,0.583,0.5,2.9,3.4,1.5,0.6,0.25,1.1,1.7,11.15,Guard,0.45514585,0.746491886,0.199084512,-0.198448837,-0.387943086,-0.201530016,-0.447302946,2.096928706,-1.049130497,-0.636688611,0.082220634,-0.542810142,,,,,,,,
Armoni Brooks,1629717,2021-22,0,0,TOT,24,54,11,15.62962963,1.814814815,5.351851852,0.339,1.37037037,4.611111111,0.297,0.333333333,0.388888889,0.857,0.37037037,1.537037037,1.907407407,1.148148148,0.518518519,0.203703704,0.5,1.37037037,5.333333333,Guard,0.453723994,0.749291521,-0.678165023,-0.81359893,-0.572694349,-0.410956192,-0.560293592,0.298252698,-1.341241906,-0.032011997,0.804601942,-3.306107349,,,,,,,,
Terence Davis,1629056,2024-25,0,1610612758,SAC,28,1,0,8,0,2,0,0,1,0,0,0,0,0,1,1,1,0,0,0,0,0,Guard,0.450846914,0.748453789,-1.482519897,-1.187573552,-0.650484354,-1.74366823,-1.057452438,-1.214270308,-1.932319756,-0.212948896,1.406586365,-8.074651066,,,,,,,,
Aron Baynes,203382,2020-21,0,1610612761,TOR,34,53,31,18.49056604,2.528301887,5.735849057,0.441,0.509433962,1.943396226,0.262,0.547169811,0.773584906,0.707,1.641509434,3.509433962,5.150943396,0.886792453,0.320754717,0.41509434,0.867924528,2.245283019,6.113207547,Forward-Center,0.458840545,0.7478222,-0.560547093,0.523176741,-0.70992766,-0.919254719,-0.044374036,-0.651991231,-0.290078876,-0.349362006,0.361632272,-2.640726609,,,,,,,,
Austin Reaves,1630559,2021-22,0,1610612747,LAL,24,61,19,23.24590164,2.393442623,5.213114754,0.459,0.868852459,2.737704918,0.317,1.62295082,1.93442623,0.839,0.737704918,2.426229508,3.163934426,1.803278689,0.475409836,0.327868852,0.655737705,1.426229508,7.278688525,Guard,0.45982105,0.751826407,-0.384773286,-0.295739793,-0.228696742,-0.521755438,-0.257256385,-0.255289173,-0.088640452,0.515482804,0.617098597,-0.899569867,,,,,,,,
Austin Reaves,1630559,2022-23,0,1610612747,LAL,25,64,22,28.796875,4.046875,7.65625,0.529,1.34375,3.375,0.398,3.578125,4.140625,0.864,0.515625,2.5,3.015625,3.359375,0.515625,0.296875,1.546875,1.6875,13.015625,Guard,0.464780646,0.757290656,0.480451617,-0.356863342,0.588382257,-0.418393203,-0.332899917,0.268870917,0.930277189,1.695673716,-0.455802944,2.39969629,,,,,,,,
Austin Reaves,1630559,2023-24,0,1610612747,LAL,26,82,57,32.06097561,5.573170732,11.46341463,0.486,1.87804878,5.12195122,0.367,2.829268293,3.317073171,0.853,0.695121951,3.597560976,4.292682927,5.487804878,0.804878049,0.304878049,2.12195122,1.865853659,15.85365854,Guard,0.462551815,0.754958036,0.908474013,0.169457307,1.705983618,0.325053765,-0.313367692,0.858594115,0.472377887,1.191864919,-1.148176798,4.170261134,,,,,,,,
Austin Reaves,1630559,2024-25,0,1610612747,LAL,27,73,73,34.93150685,6.534246575,14.20547945,0.46,2.739726027,7.273972603,0.377,4.397260274,5.01369863,0.877,0.835616438,3.671232877,4.506849315,5.767123288,1.109589041,0.301369863,2.424657534,2.068493151,20.20547945,Guard,0.459880787,0.760168907,1.564800581,0.257722835,1.852648837,1.108231206,-0.321929763,1.809655731,-0.076367847,2.317329936,-1.512625769,6.999465748,,,,,,,,
Austin Rivers,203085,2020-21,0,0,TOT,28,36,7,23.47222222,2.888888889,6.805555556,0.424,1.527777778,4.138888889,0.369,0.611111111,0.861111111,0.71,0.222222222,2.055555556,2.277777778,2.25,0.833333333,0.055555556,1,1.777777778,7.916666667,Guard,0.457578639,0.747802742,-0.288555631,-0.660956227,0.005868817,0.398190399,-0.921863661,0.471988449,-0.549329496,-0.353564723,0.202617519,-1.695604553,,,,,,,,
Austin Rivers,203085,2021-22,0,1610612743,DEN,29,67,18,22.08955224,2.179104478,5.223880597,0.417,1.179104478,3.447761194,0.342,0.47761194,0.656716418,0.727,0.28358209,1.417910448,1.701492537,1.343283582,0.76119403,0.089552239,0.805970149,1.805970149,6.014925373,Guard,0.457735859,0.748175661,-0.575369671,-0.898463716,-0.47023214,0.212775773,-0.838891426,0.08714622,-0.517029587,-0.273020131,0.436223415,-2.836861263,,,,,,,,
Austin Rivers,203085,2022-23,0,1610612750,MIN,30,52,10,19.53846154,1.75,4.019230769,0.435,0.826923077,2.365384615,0.35,0.576923077,0.75,0.769,0.096153846,1.5,1.596153846,1.442307692,0.538461538,0.076923077,0.442307692,1.538461538,4.903846154,Guard,0.45890313,0.748757427,-0.742938793,-0.941877509,-0.418236309,-0.359698039,-0.869714133,-0.301568016,-0.277221229,-0.147367797,0.874061683,-3.184560142,,,,,,,,
Avery Bradley,202340,2020-21,0,0,TOT,30,27,6,22.2962963,2.37037037,6.333333333,0.374,1.222222222,3.740740741,0.327,0.444444444,0.555555556,0.8,0.296296296,1.814814815,2.111111111,1.703703704,0.777777778,0.111111111,1.037037037,2.037037037,6.407407407,Guard,0.454749704,0.749020231,-0.516176889,-0.729645443,-0.280981828,0.255399825,-0.786274887,0.134736697,-1.13051624,-0.090606473,0.15802608,-2.986039157,,,,,,,,
Avery Bradley,202340,2021-22,0,1610612747,LAL,31,62,45,22.67741935,2.387096774,5.64516129,0.423,1.322580645,3.387096774,0.39,0.258064516,0.290322581,0.889,0.5,1.693548387,2.193548387,0.758064516,0.85483871,0.14516129,0.612903226,1.903225806,6.35483871,Guard,0.457894028,0.749265153,-0.524105118,-0.695670132,-0.777520452,0.453464172,-0.703172089,0.245505601,-0.484534872,-0.037707276,0.668669975,-1.855070191,,,,,,,,
Ayo Dosunmu,1630245,2021-22,0,1610612741,CHI,22,77,40,27.4025974,3.61038961,6.948051948,0.52,0.909090909,2.415584416,0.376,0.688311688,1.012987013,0.679,0.350649351,2.428571429,2.779220779,3.324675325,0.779220779,0.376623377,1.402597403,2.363636364,8.818181818,Guard,0.463770693,0.747074615,-0.152592236,-0.454293866,0.570162064,0.25910867,-0.13826619,-0.210876668,0.722788786,-0.510828512,-0.282097212,-0.196895165,,,,,,,,
Ayo Dosunmu,1630245,2022-23,0,1610612741,CHI,23,80,51,26.225,3.5125,7.125,0.493,0.7375,2.3625,0.312,0.825,1.025,0.805,0.5625,2.1875,2.75,2.575,0.775,0.325,1.2375,2.275,8.5875,Guard,0.462067773,0.7495897,-0.187382869,-0.466336781,0.176520642,0.248260296,-0.264258099,-0.400267217,0.372934621,0.032389818,-0.083325082,-0.571464672,,,,,,,,
Ayo Dosunmu,1630245,2023-24,0,1610612741,CHI,24,76,37,29.10526316,4.736842105,9.460526316,0.501,1.565789474,3.881578947,0.403,1.118421053,1.381578947,0.81,0.710526316,2.131578947,2.842105263,3.184210526,0.894736842,0.473684211,1.355263158,2.184210526,12.15789474,Guard,0.463419194,0.750108681,0.351091708,-0.428376951,0.496406451,0.556011562,0.098620284,0.513943212,0.650575467,0.144481353,-0.225108256,2.157644831,,,,,,,,
Ayo Dosunmu,1630245,2024-25,0,1610612741,CHI,25,46,26,30.30434783,4.804347826,9.760869565,0.492,1.347826087,4.108695652,0.328,1.347826087,1.717391304,0.785,0.565217391,2.934782609,3.5,4.52173913,0.934782609,0.391304348,1.5,2.282608696,12.30434783,Guard,0.462721671,0.749667387,0.373179256,-0.157235307,1.198719364,0.658938408,-0.102435842,0.273369828,0.507273879,0.049169034,-0.399366905,2.401611715,,,,,,,,
Bam Adebayo,1628389,2020-21,0,1610612748,MIA,23,64,64,33.484375,7.125,12.5,0.57,0.03125,0.125,0.25,4.421875,5.53125,0.799,2.21875,6.734375,8.953125,5.40625,1.171875,1.03125,2.640625,2.265625,18.703125,Forward-Center,0.472101202,0.753488499,1.338220682,2.090189989,1.663160576,1.268320469,1.459414215,-1.179778652,2.434238871,0.874468225,-1.77264387,8.175590503,,,,,,,,
Bam Adebayo,1628389,2021-22,0,1610612748,MIA,24,56,56,32.58928571,7.25,13.01785714,0.557,0,0.107142857,0,4.571428571,6.071428571,0.753,2.446428571,7.625,10.07142857,3.392857143,1.428571429,0.785714286,2.642857143,3.053571429,19.07142857,Forward-Center,0.471052389,0.748946054,1.393766952,2.551082364,0.605963146,1.928089423,0.860160251,-1.214270308,2.21876698,-0.106627519,-1.775331301,6.461599986,,,,,,,,
Bam Adebayo,1628389,2022-23,0,1610612748,MIA,25,75,75,34.64,8.026666667,14.85333333,0.54,0.013333333,0.16,0.083,4.32,5.36,0.806,2.453333333,6.72,9.173333333,3.2,1.173333333,0.813333333,2.493333333,2.773333333,20.38666667,Forward-Center,0.470227408,0.75402546,1.59212661,2.180945616,0.504697228,1.27206872,0.927567241,-1.199553869,2.049279769,0.990443225,-1.595309292,6.722265248,,,,,,,,
Bam Adebayo,1628389,2023-24,0,1610612748,MIA,26,71,71,34.02816901,7.464788732,14.32394366,0.521,0.211267606,0.591549296,0.357,4.112676056,5.450704225,0.755,2.23943662,8.14084507,10.38028169,3.915492958,1.14084507,0.929577465,2.281690141,2.23943662,19.25352113,Forward-Center,0.467523758,0.74909727,1.421229522,2.678371636,0.880390086,1.188566401,1.211272433,-0.981087279,1.49383223,-0.073967305,-1.340497482,6.478110241,,,,,,,,
Bam Adebayo,1628389,2024-25,0,1610612748,MIA,27,78,78,34.28205128,6.923076923,14.26923077,0.485,1.012820513,2.833333333,0.357,3.217948718,4.205128205,0.765,2.371794872,7.230769231,9.602564103,4.320512821,1.256410256,0.679487179,2.064102564,2.076923077,18.07692308,Forward-Center,0.463002698,0.749737412,1.243779076,2.357846767,1.093058943,1.48559555,0.600902589,-0.09638688,0.565008961,0.064293184,-1.078528818,6.235569371,,,,,,,,
Ben McLemore,203463,2020-21,0,0,TOT,28,53,5,17.0754717,2.547169811,6.886792453,0.37,1.830188679,5.283018868,0.346,0.735849057,1,0.736,0.283018868,1.603773585,1.886792453,0.735849057,0.433962264,0.169811321,0.79245283,1.660377358,7.660377358,Guard,0.45407386,0.748209597,-0.327208297,-0.82209508,-0.789185402,-0.628285246,-0.643011273,0.805769341,-1.269364164,-0.265690464,0.452497845,-3.486572739,,,,,,,,
Ben McLemore,203463,2021-22,0,1610612757,POR,29,64,6,20.078125,3.375,8.421875,0.401,2.359375,6.515625,0.362,1.125,1.375,0.818,0.1875,1.421875,1.609375,0.921875,0.59375,0.15625,0.859375,1.609375,10.234375,Guard,0.45529149,0.750315123,0.060993118,-0.936428605,-0.691506428,-0.217593956,-0.676109006,1.38984975,-1.019209649,0.189069623,0.371925638,-1.529009515,,,,,,,,
Ben Simmons,1627732,2020-21,0,1610612755,PHI,24,58,58,32.36206897,5.603448276,10.05172414,0.557,0.051724138,0.172413793,0.3,3.034482759,4.948275862,0.613,1.603448276,5.586206897,7.189655172,6.913793103,1.603448276,0.603448276,2.982758621,2.948275862,14.29310345,Guard-Forward,0.468735914,0.736255723,0.673116496,1.363401826,2.454745133,2.377563204,0.415322197,-1.15718067,1.742861931,-2.847536907,-2.184562091,2.837731117,,,,,,,,
Ben Simmons,1627732,2022-23,0,1610612751,BKN,26,42,33,26.30952381,3.166666667,5.595238095,0.566,0,0.047619048,0,0.595238095,1.357142857,0.439,0.952380952,5.30952381,6.261904762,6.095238095,1.285714286,0.571428571,2.30952381,3.30952381,6.928571429,Guard-Forward,0.465487751,0.74027629,-0.437576735,0.981043135,2.024936193,1.560913657,0.33717497,-1.214270308,1.075547494,-1.979158473,-1.374008353,0.974601579,,,,,,,,
Izaiah Brockington,,2023-24,,,,24,1,0,3,2,5,0.4,0,,,0,0,,1,1,2,0,0,0,0,0,4,Guard,0.457013192,,-0.879253742,-0.775438254,-1.175566892,-1.74366823,-1.057452438,-1.214270308,-0.66549693,,1.406586365,-6.104560428,396,NOP,1,0,2,4,0.5,0.4
Ben Simmons,1627732,2024-25,0,0,TOT,28,51,24,21.96078431,2.274509804,4.37254902,0.52,0,0,0,0.470588235,0.647058824,0.727,0.921568627,3.803921569,4.725490196,5.588235294,0.745098039,0.450980392,2,2.098039216,5.019607843,Guard-Forward,0.462383176,0.748179699,-0.725480016,0.34783246,1.758717876,0.171405368,0.04320939,-1.214270308,0.437732107,-0.272148016,-1.001351328,-0.454352468,,,,,,,,
Bennedict Mathurin,1631097,2022-23,0,1610612754,IND,21,78,17,28.48717949,5.294871795,12.19230769,0.434,1.282051282,3.974358974,0.323,4.820512821,5.820512821,0.828,1.115384615,2.961538462,4.076923077,1.487179487,0.615384615,0.166666667,1.948717949,2.076923077,16.69230769,Guard-Forward,0.457053142,0.756748226,1.034956175,0.080535057,-0.394674913,-0.161988012,-0.65068611,0.200772005,-0.657289532,1.578517423,-0.939609336,0.090532757,,,,,,,,
Bennedict Mathurin,1631097,2023-24,0,1610612754,IND,22,59,19,26.06779661,5.016949153,11.23728814,0.446,1.355932203,3.627118644,0.374,3.118644068,3.796610169,0.821,1.016949153,2.949152542,3.966101695,2.016949153,0.593220339,0.237288136,1.644067797,1.983050847,14.50847458,Guard-Forward,0.458463313,0.753573622,0.705598024,0.034861654,-0.116502113,-0.218955307,-0.478327496,0.282316816,-0.367578735,0.892853565,-0.572820044,0.161446364,,,,,,,,
Bennedict Mathurin,1631097,2024-25,0,1610612754,IND,23,72,49,29.84722222,5.430555556,11.84722222,0.458,1.361111111,4,0.34,3.833333333,4.611111111,0.831,1.208333333,4.111111111,5.319444444,1.888888889,0.652777778,0.333333333,1.875,2.25,16.05555556,Guard-Forward,0.459666427,0.755423611,0.938923423,0.592621971,-0.183744321,-0.065878969,-0.243919783,0.288032948,-0.120406766,1.292421736,-0.850855222,1.647195015,,,,,,,,
Bismack Biyombo,202687,2020-21,0,1610612766,CHA,28,66,36,20.43939394,2.151515152,3.666666667,0.587,0,0.015151515,0,0.712121212,1.590909091,0.448,2.075757576,3.181818182,5.257575758,1.227272727,0.257575758,1.121212121,1.075757576,2.136363636,5.015151515,Center,0.464360629,0.739188694,-0.726152104,0.567123701,-0.531147414,-1.081639198,1.678975584,-1.214270308,0.843987291,-2.214061781,0.111407757,-2.565776471,,,,,,,,
Bismack Biyombo,202687,2021-22,0,1610612756,PHX,29,36,3,14.05555556,2.388888889,4.027777778,0.593,0,0,0,1.055555556,1.972222222,0.535,1.75,2.888888889,4.638888889,0.638888889,0.333333333,0.722222222,0.694444444,1.944444444,5.833333333,Center,0.465018656,0.740353725,-0.602756754,0.312141004,-0.840097493,-0.886924779,0.705201648,-1.214270308,0.979174802,-1.9624336,0.570496889,-2.93946859,,,,,,,,
Bismack Biyombo,202687,2022-23,0,1610612756,PHX,30,61,14,14.32786885,1.950819672,3.37704918,0.578,0,0,0,0.409836066,1.147540984,0.357,1.459016393,2.803278689,4.262295082,0.918032787,0.295081967,1.442622951,0.836065574,1.868852459,4.31147541,Center,0.463723041,0.739671172,-0.832278098,0.156933404,-0.693523907,-0.985239601,2.463410203,-1.214270308,0.712998916,-2.109854273,0.39998946,-2.101834205,,,,,,,,
Bismack Biyombo,202687,2023-24,0,0,TOT,31,40,27,19.775,1.85,3.275,0.565,0,0,0,0.65,1.35,0.481,1.55,3.675,5.225,1.325,0.275,0.925,1.05,2.225,4.35,Center,0.463197871,0.741422384,-0.826467953,0.553698082,-0.47983253,-1.036854882,1.200100681,-1.214270308,0.605106194,-1.731620231,0.142419076,-2.787721871,,,,,,,,
Bismack Biyombo,202687,2024-25,0,1610612759,SAS,32,28,26,18.85714286,2.392857143,4.071428571,0.588,0,0,0,0.357142857,0.892857143,0.4,1.535714286,4.107142857,5.642857143,1.107142857,0.571428571,0.821428571,0.964285714,1.857142857,5.142857143,Center,0.464876728,0.742340565,-0.706891983,0.72591176,-0.594225511,-0.27496517,0.947324462,-1.214270308,0.950016584,-1.533307975,0.245616406,-1.454791736,,,,,,,,
Blake Griffin,201933,2020-21,0,0,TOT,32,46,30,25.80434783,3.782608696,8.934782609,0.423,1.52173913,4.456521739,0.341,1.891304348,2.543478261,0.744,0.760869565,4.130434783,4.891304348,3.043478261,0.695652174,0.326086957,1.347826087,2.413043478,10.97826087,Forward,0.456840295,0.748238194,0.173183411,0.416170325,0.422510396,0.044318105,-0.261605274,0.465323394,-0.701017559,-0.259513997,-0.216154254,0.083214545,,,,,,,,
Blake Griffin,201933,2021-22,0,1610612751,BKN,33,56,24,17.10714286,2.375,5.589285714,0.425,0.678571429,2.589285714,0.262,0.982142857,1.357142857,0.724,1.071428571,3,4.071428571,1.875,0.482142857,0.25,0.553571429,1.696428571,6.410714286,Forward,0.458018361,0.747807583,-0.515678157,0.078270577,-0.191037134,-0.504450023,-0.447302946,-0.465308626,-0.458991324,-0.35251906,0.74010361,-2.116913083,,,,,,,,
Blake Griffin,201933,2022-23,0,1610612738,BOS,34,41,16,13.87804878,1.536585366,3.170731707,0.485,0.56097561,1.609756098,0.348,0.512195122,0.780487805,0.656,1.146341463,2.634146341,3.780487805,1.487804878,0.341463415,0.219512195,0.536585366,1.829268293,4.146341463,Forward,0.460636358,0.747032789,-0.857183029,-0.041636382,-0.394346531,-0.866028595,-0.521711421,-0.595103013,0.078859402,-0.51986218,0.760554301,-2.956457449,,,,,,,,
Blake Wesley,1631104,2022-23,0,1610612759,SAS,20,37,1,18.08108108,1.864864865,5.810810811,0.321,0.540540541,1.405405405,0.385,0.702702703,1.189189189,0.591,0.324324324,1.891891892,2.216216216,2.648648649,0.675675676,0.135135135,1.756756757,1.810810811,4.972972973,Guard,0.452237868,0.74479594,-0.732513325,-0.686327919,0.215192261,-0.007026097,-0.727641902,-0.617657873,-1.646557067,-1.00298609,-0.708494041,-5.914012054,,,,,,,,
Blake Wesley,1631104,2023-24,0,1610612759,SAS,21,61,3,14.36065574,1.672131148,3.524590164,0.474,0.196721311,0.901639344,0.218,0.852459016,1.278688525,0.667,0.295081967,1.245901639,1.540983607,2.721311475,0.475409836,0.147540984,0.901639344,1.459016393,4.393442623,Guard,0.46034513,0.746422652,-0.819916087,-0.964615112,0.253346242,-0.521755438,-0.697364213,-0.997142505,0.019028553,-0.651642062,0.321040684,-4.059019936,,,,,,,,
Blake Wesley,1631104,2024-25,0,1610612759,SAS,22,58,0,11.77586207,1.396551724,3.206896552,0.435,0.293103448,1,0.293,0.655172414,1.051724138,0.623,0.293103448,0.75862069,1.051724138,1.965517241,0.637931034,0.103448276,0.931034483,0.793103448,3.74137931,Guard,0.45909127,0.745869297,-0.918258019,-1.166256209,-0.143508112,-0.104038521,-0.804976786,-0.890762359,-0.23856909,-0.771158019,0.285649853,-4.751877262,,,,,,,,
Bobby Portis,1626171,2020-21,0,1610612749,MIL,26,66,7,20.78787879,4.742424242,9.060606061,0.523,1.121212121,2.378787879,0.471,0.818181818,1.106060606,0.74,1.878787879,5.181818182,7.060606061,1.075757576,0.787878788,0.393939394,0.848484848,1.742424242,11.42424242,Forward,0.465109117,0.748270828,0.240444804,1.310216132,-0.610705374,0.281361748,-0.096004754,0.023248515,0.997759389,-0.252465502,0.385037041,2.278892,,,,,,,,
Bobby Portis,1626171,2021-22,0,1610612749,MIL,27,72,59,28.16666667,5.791666667,12.09722222,0.479,1.847222222,4.694444444,0.393,1.180555556,1.569444444,0.752,2.5,6.625,9.125,1.194444444,0.736111111,0.708333333,1.25,2.416666667,14.61111111,Forward,0.461928972,0.748561713,0.72107731,2.161025743,-0.548384972,0.148306893,0.671304454,0.824569825,0.34441884,-0.189639028,-0.098374693,4.034304372,,,,,,,,
Bobby Portis,1626171,2022-23,0,1610612749,MIL,28,70,22,25.97142857,5.685714286,11.47142857,0.496,1.357142857,3.671428571,0.37,1.371428571,1.785714286,0.768,2.2,7.4,9.6,1.5,0.414285714,0.228571429,1.157142857,1.642857143,14.1,Forward,0.463582592,0.749127796,0.643993302,2.35679001,-0.387943086,-0.678858512,-0.499601473,0.283653055,0.684144506,-0.06737406,0.013422414,2.348226155,,,,,,,,
Bobby Portis,1626171,2023-24,0,1610612749,MIL,29,82,4,24.48780488,5.682926829,11.19512195,0.508,1.219512195,3,0.407,1.195121951,1.512195122,0.79,1.731707317,5.670731707,7.402439024,1.268292683,0.829268293,0.414634146,1.109756098,2.304878049,13.7804878,Forward,0.464710198,0.749673422,0.595805577,1.451097562,-0.509608552,0.38774231,-0.045497185,0.131745551,0.915804063,0.050472423,0.070474596,3.048036347,,,,,,,,
Bobby Portis,1626171,2024-25,0,1610612749,MIL,30,49,7,25.3877551,5.653061224,12.14285714,0.466,1.326530612,3.632653061,0.365,1.244897959,1.489795918,0.836,1.836734694,6.551020408,8.387755102,2.12244898,0.714285714,0.530612245,1.163265306,1.918367347,13.87755102,Forward,0.460528275,0.750986834,0.610444316,1.857181098,-0.061105996,0.092210595,0.237558728,0.24986531,0.056654631,0.334148548,0.006051176,3.383008406,,,,,,,,
Bogdan Bogdanović,203992,2020-21,0,1610612737,ATL,28,44,27,29.65909091,6.068181818,12.84090909,0.473,3.318181818,7.568181818,0.438,0.909090909,1,0.909,0.454545455,3.181818182,3.636363636,3.340909091,1.113636364,0.295454545,1.227272727,2.25,16.36363636,Guard,0.4613587,0.751601754,0.985387103,-0.101035039,0.578686131,1.118633758,-0.336366676,2.44811648,0.227260178,0.466961381,-0.071011764,5.31663155,,,,,,,,
Bogdan Bogdanović,203992,2021-22,0,1610612737,ATL,29,63,27,29.34920635,5.428571429,12.6031746,0.431,2.682539683,7.285714286,0.368,1.53968254,1.825396825,0.843,0.46031746,3.507936508,3.968253968,3.079365079,1.079365079,0.222222222,1.111111111,2.095238095,15.07936508,Guard,0.456633249,0.7517839,0.791697753,0.035748681,0.441353937,1.030548661,-0.515097335,1.746537276,-0.743553907,0.506302155,0.068843202,3.362380425,,,,,,,,
Bogdan Bogdanović,203992,2022-23,0,1610612737,ATL,30,54,9,27.94444444,5.055555556,11.31481481,0.447,2.703703704,6.666666667,0.406,1.185185185,1.425925926,0.831,0.425925926,2.62962963,3.055555556,2.777777778,0.796296296,0.333333333,1.203703704,1.592592593,14,Guard,0.45855628,0.750742611,0.628911648,-0.34040655,0.282995712,0.302996682,-0.243919783,1.769896705,-0.348479308,0.281400161,-0.042635395,2.290759871,,,,,,,,
Bogdan Bogdanović,203992,2023-24,0,1610612737,ATL,31,79,33,30.39240506,5.962025316,13.92405063,0.428,3.037974684,8.113924051,0.374,1.911392405,2.075949367,0.921,0.670886076,2.772151899,3.443037975,3.126582278,1.215189873,0.329113924,1.417721519,2.265822785,16.87341772,Guard,0.455969381,0.75533215,1.062270563,-0.180711368,0.466146864,1.37964967,-0.254217664,2.138842618,-0.879941311,1.272667585,-0.300306177,4.704400779,,,,,,,,
Bogdan Bogdanović,203992,2024-25,0,0,TOT,32,54,4,24.96296296,3.888888889,9.111111111,0.427,1.944444444,5.351851852,0.363,1.074074074,1.222222222,0.879,0.444444444,2.5,2.944444444,2.703703704,0.759259259,0.203703704,1.37037037,2.351851852,10.7962963,Guard,0.45711962,0.751568774,0.145740144,-0.386199362,0.244100709,0.207802966,-0.560293592,0.9318772,-0.643632058,0.459838354,-0.243296869,0.155937493,,,,,,,,
Bojan Bogdanović,202711,2020-21,0,1610612762,UTA,32,72,72,30.77777778,5.638888889,12.84722222,0.439,2.5,6.402777778,0.39,3.236111111,3.680555556,0.879,0.555555556,3.347222222,3.902777778,1.888888889,0.625,0.055555556,1.777777778,1.597222222,17.01388889,Forward,0.457488583,0.757404564,1.083455939,0.008763632,-0.183744321,-0.137274257,-0.921863661,1.545062203,-0.567831003,1.72027595,-0.733802696,1.813041786,,,,,,,,
Bojan Bogdanović,202711,2021-22,0,1610612762,UTA,33,69,69,30.88405797,6.115942029,13.44927536,0.455,2.623188406,6.782608696,0.387,3.231884058,3.768115942,0.858,0.84057971,3.449275362,4.289855072,1.739130435,0.492753623,0.014492754,1.710144928,1.68115942,18.08695652,Forward,0.459287248,0.756130882,1.245292285,0.168291848,-0.26237987,-0.47717791,-1.022081452,1.681029313,-0.19830659,1.445180888,-0.652374851,1.92747366,,,,,,,,
Bojan Bogdanović,202711,2022-23,0,1610612765,DET,34,59,59,32.08474576,7.288135593,14.94915254,0.488,2.457627119,5.983050847,0.411,4.542372881,5.13559322,0.884,0.610169492,3.169491525,3.779661017,2.576271186,0.576271186,0.13559322,2.288135593,1.915254237,21.57627119,Forward,0.463522962,0.761079212,1.771538647,-0.041977131,0.177188119,-0.262518534,-0.726523901,1.498293856,0.671893893,2.513941411,-1.348257606,4.253578755,,,,,,,,
Bojan Bogdanović,202711,2023-24,0,0,TOT,35,57,27,25.92982456,5.421052632,11.94736842,0.454,2.333333333,5.859649123,0.398,2.052631579,2.614035088,0.785,0.385964912,2.280701754,2.666666667,1.701754386,0.526315789,0.087719298,1.771929825,1.666666667,15.22807018,Forward,0.459238043,0.750269523,0.814124942,-0.500681389,-0.282005381,-0.390915412,-0.843364898,1.361106702,-0.208415355,0.179220665,-0.726761942,-0.597692067,,,,,,,,
Bol Bol,1629626,2022-23,0,1610612753,ORL,23,70,33,21.5,3.728571429,6.828571429,0.546,0.428571429,1.614285714,0.265,1.171428571,1.542857143,0.759,0.985714286,4.8,5.785714286,0.985714286,0.428571429,1.214285714,1.6,1.314285714,9.057142857,Forward-Center,0.465369746,0.748769474,-0.116552959,0.784788231,-0.657985533,-0.642140933,1.906130806,-0.741241877,1.051304084,-0.144766005,-0.519763789,0.919772023,,,,,,,,
Bol Bol,1629626,2023-24,0,1610612756,PHX,24,43,0,10.90697674,2.162790698,3.511627907,0.616,0.511627907,1.209302326,0.423,0.348837209,0.441860465,0.789,0.744186047,2.441860465,3.186046512,0.395348837,0.23255814,0.581395349,0.441860465,0.976744186,5.186046512,Forward-Center,0.465160764,0.748808965,-0.700378312,-0.286626621,-0.967976121,-1.145940239,0.361499868,-0.649569701,1.008370103,-0.136236411,0.874600131,-1.642257304,,,,,,,,
Bol Bol,1629626,2024-25,0,1610612756,PHX,25,36,10,12.44444444,2.666666667,5.083333333,0.525,0.888888889,2.583333333,0.344,0.555555556,0.722222222,0.769,0.555555556,2.333333333,2.888888889,0.611111111,0.25,0.694444444,0.555555556,0.555555556,6.777777778,Forward-Center,0.463014768,0.748746342,-0.460318911,-0.409095767,-0.854683119,-1.101110641,0.63740726,-0.233174304,0.567488694,-0.149762142,0.737714783,-1.265534148,,,,,,,,
Bones Hyland,1630538,2021-22,0,1610612743,DEN,21,69,4,18.98550725,3.333333333,8.275362319,0.403,1.898550725,5.188405797,0.366,1.550724638,1.811594203,0.856,0.202898551,2.52173913,2.724637681,2.768115942,0.594202899,0.289855072,1.246376812,2.217391304,10.11594203,Guard,0.455517813,0.752214146,0.043131468,-0.476789487,0.277922451,-0.216429901,-0.350032739,0.881222788,-0.972713193,0.599228321,-0.094012488,-0.308472781,,,,,,,,
Bones Hyland,1630538,2022-23,0,0,TOT,22,56,1,19.39285714,4.071428571,10.19642857,0.399,2.089285714,5.625,0.371,1.535714286,1.821428571,0.843,0.357142857,2.053571429,2.410714286,3.071428571,0.696428571,0.267857143,1.464285714,1.714285714,11.76785714,Guard,0.454232146,0.751776916,0.292267587,-0.606168399,0.437186616,0.046313624,-0.40372084,1.09174329,-1.23684532,0.504793523,-0.356368017,-0.230797936,,,,,,,,
Bones Hyland,1630538,2023-24,0,1610612746,LAC,23,37,5,14.59459459,2.621621622,6.783783784,0.386,1.189189189,3.648648649,0.326,0.486486486,0.621621622,0.783,0.135135135,1.351351351,1.486486486,2.513513514,0.702702703,0.108108108,1.189189189,1.378378378,6.918918919,Guard,0.455171413,0.748878008,-0.439032493,-0.987075299,0.144235162,0.062439589,-0.79360401,0.098277048,-1.043878836,-0.121324272,-0.025160371,-3.105123482,,,,,,,,
Bones Hyland,1630538,2024-25,0,0,TOT,24,24,0,9.958333333,1.958333333,4.916666667,0.398,1.333333333,3.416666667,0.39,0.958333333,1.083333333,0.885,0.208333333,0.833333333,1.041666667,1.333333333,0.75,0.166666667,1.041666667,1.208333333,6.208333333,Guard,0.456964752,0.751349549,-0.546200552,-1.170401247,-0.475456842,0.184004537,-0.65068611,0.257373697,-0.675448759,0.412489087,0.15245215,-2.511874039,,,,,,,,
Brad Wanamaker,202954,2020-21,0,0,TOT,31,61,0,17.26229508,1.885245902,4.901639344,0.385,0.262295082,1.393442623,0.188,1.475409836,1.655737705,0.891,0.295081967,1.426229508,1.721311475,2.852459016,0.704918033,0.180327869,1.163934426,1.540983607,5.508196721,Guard,0.45636576,0.753022868,-0.651792732,-0.890295632,0.322209526,0.068133497,-0.617344608,-0.924766569,-0.798507838,0.773899341,0.005245577,-2.713219438,,,,,,,,
Brad Wanamaker,202954,2021-22,0,0,TOT,32,23,2,13.91304348,1.217391304,3.347826087,0.364,0.173913043,0.739130435,0.235,1,1.086956522,0.92,0.260869565,1.434782609,1.695652174,2.391304348,0.304347826,0.260869565,1,1.956521739,3.608695652,Guard,0.45675846,0.752103708,-0.938268909,-0.900870736,0.080065263,-0.961424209,-0.420774708,-1.022316743,-0.717830066,0.575375548,0.202617519,-4.103427041,,,,,,,,
Bradley Beal,203078,2020-21,0,1610612764,WAS,28,60,60,35.78333333,11.16666667,23.03333333,0.485,2.166666667,6.216666667,0.349,6.8,7.65,0.889,1.2,3.516666667,4.716666667,4.416666667,1.15,0.366666667,3.116666667,2.333333333,31.3,Guard,0.464569644,0.767103893,3.238037771,0.344195972,1.143547648,1.21209668,-0.162566516,1.177151202,0.886928116,3.815176544,-2.345783207,9.308784209,,,,,,,,
Bradley Beal,203078,2021-22,0,1610612764,WAS,29,40,40,35.975,8.7,19.275,0.451,1.575,5.25,0.3,4.225,5.075,0.833,0.95,3.775,4.725,6.625,0.9,0.375,3.375,2.375,23.2,Guard,0.458431441,0.756244475,2.016423806,0.347630433,2.303104918,0.569539091,-0.142228201,0.524109174,-0.374126616,1.469715135,-2.656808492,4.057359247,,,,,,,,
Bradley Beal,203078,2022-23,0,1610612764,WAS,30,50,50,33.46,8.88,17.56,0.506,1.6,4.38,0.365,3.84,4.56,0.842,0.82,3.1,3.92,5.42,0.9,0.66,2.9,2.14,23.2,Guard,0.466755233,0.756272167,2.016423806,0.015861518,1.670380461,0.569539091,0.55334222,0.551702499,1.335943522,1.47569628,-2.08492329,6.103966106,,,,,,,,
Bradley Beal,203078,2023-24,0,1610612756,PHX,31,53,53,33.33962264,7.113207547,13.86792453,0.513,1.905660377,4.433962264,0.43,2.056603774,2.528301887,0.813,1.018867925,3.358490566,4.377358491,5,0.981132075,0.509433962,2.471698113,2.396226415,18.18867925,Guard,0.46633528,0.751560539,1.260633755,0.204355096,1.449845795,0.778067213,0.185871054,0.889069945,1.249666854,0.458059636,-1.569261161,4.906308186,,,,,,,,
Bradley Beal,203078,2024-25,0,1610612756,PHX,32,53,38,32.11320755,6.509433962,13.09433962,0.497,1.924528302,4.981132075,0.386,2.075471698,2.58490566,0.803,0.641509434,2.698113208,3.339622642,3.679245283,1.094339623,0.528301887,1.867924528,2.566037736,17.01886792,Guard,0.464163566,0.751135106,1.084206859,-0.223332477,0.756340557,1.069036689,0.231920073,0.909895097,0.803501998,0.366172897,-0.842336574,4.155405119,,,,,,,,
Brandon Boston,1630527,2022-23,0,1610612746,LAC,21,22,1,11.27272727,2.318181818,5.545454545,0.418,0.545454545,1.318181818,0.414,1.318181818,1.727272727,0.763,0.318181818,1.045454545,1.363636364,0.909090909,0.409090909,0,0.545454545,0.954545455,6.5,Guard,0.457664287,0.748939515,-0.502212394,-1.037706171,-0.698219131,-0.692210357,-1.057452438,-0.612234125,-0.531733672,-0.108039849,0.749876086,-4.489932051,,,,,,,,
Brandon Boston,1630527,2023-24,0,1610612746,LAC,22,32,0,10.78125,2.03125,5.03125,0.404,0.4375,1.625,0.269,0.71875,1.03125,0.697,0.59375,1.03125,1.625,0.40625,0.34375,0.25,0.75,1.25,5.21875,Guard,0.457187839,0.747414,-0.695446085,-0.929988991,-0.962252111,-0.860151545,-0.447302946,-0.731387119,-0.629616919,-0.437526702,0.50360973,-5.190062688,,,,,,,,
Brandon Boston,1630527,2024-25,0,1610612740,NOP,23,42,10,23.64285714,3.952380952,9.071428571,0.436,1.166666667,3.333333333,0.35,1.595238095,2.023809524,0.788,0.666666667,2.523809524,3.19047619,2.19047619,1.261904762,0.214285714,1.238095238,1.738095238,10.66666667,Guard,0.457879104,0.7499922,0.126189852,-0.284800995,-0.025386096,1.499717696,-0.53446716,0.073418197,-0.487600747,0.119323365,-0.08404173,0.402352381,,,,,,,,
Brandon Clarke,1629634,2020-21,0,1610612763,MEM,24,59,16,23.98305085,4.338983051,8.389830508,0.517,0.338983051,1.305084746,0.26,1.322033898,1.915254237,0.69,1.644067797,3.915254237,5.559322034,1.610169492,1.016949153,0.86440678,0.559322034,1.423728814,10.33898305,Forward,0.464286431,0.746297315,0.076769742,0.691483993,-0.330095009,0.870125354,1.052216991,-0.840123527,0.828743815,-0.678712805,0.733180061,2.403588615,,,,,,,,
Brandon Clarke,1629634,2021-22,0,1610612763,MEM,25,64,1,19.46875,4.5,6.984375,0.644,0.078125,0.34375,0.227,1.328125,2.03125,0.654,2.109375,3.234375,5.34375,1.34375,0.609375,1.0625,0.53125,1.90625,10.40625,Forward,0.471885008,0.744766404,0.086914711,0.602639148,-0.469987232,-0.177434107,1.535682901,-1.128041167,2.38982332,-1.009365348,0.766977915,2.597210141,,,,,,,,
Brandon Clarke,1629634,2022-23,0,1610612763,MEM,26,56,8,19.46428571,4.089285714,6.232142857,0.656,0.017857143,0.107142857,0.167,1.767857143,2.446428571,0.723,1.642857143,3.892857143,5.535714286,1.285714286,0.607142857,0.660714286,0.982142857,2.339285714,9.964285714,Forward,0.471370242,0.747266465,0.020259187,0.681754406,-0.500460772,-0.183171228,0.555085505,-1.19456079,2.284067873,-0.469391854,0.224116962,1.417699289,,,,,,,,
Markquis Nowell,,2023-24,,,,24,1,0,4,0,1,0,0,,,2,2,1,2,0,2,2,1,0,0,0,2,Guard,0.455310744,0.758128643,-1.18088682,-0.775438254,-0.125401817,0.826562126,-1.057452438,-1.214270308,-1.015254035,1.876665506,1.406586365,-1.258889675,503,TOR,0,,0,1,0,0
Brandon Clarke,1629634,2024-25,0,1610612763,MEM,28,64,18,18.859375,3.6875,5.9375,0.621,0.015625,0.265625,0.059,0.953125,1.359375,0.701,1.984375,3.109375,5.09375,1.03125,0.8125,0.5625,0.640625,2.265625,8.34375,Forward,0.468895081,0.747197787,-0.224144401,0.499605324,-0.634075525,0.344643934,0.315383918,-1.19702448,1.775561807,-0.484225389,0.635293823,1.031019011,,,,,,,,
Brandon Goodwin,1629164,2020-21,0,1610612737,ATL,25,47,5,13.19148936,1.787234043,4.744680851,0.377,0.680851064,2.191489362,0.311,0.595744681,0.914893617,0.651,0.170212766,1.29787234,1.468085106,2.021276596,0.361702128,0,0.765957447,0.872340426,4.85106383,Guard,0.45611032,0.746702634,-0.75089924,-0.994659157,-0.114229848,-0.814010441,-1.057452438,-0.462792518,-0.850986372,-0.59117039,0.484397461,-5.151802943,,,,,,,,
Brandon Goodwin,1629164,2021-22,0,1610612739,CLE,26,36,5,13.94444444,1.777777778,4.277777778,0.416,0.527777778,1.527777778,0.345,0.666666667,1.055555556,0.632,0.388888889,1.472222222,1.861111111,2.527777778,0.694444444,0.027777778,1,1.083333333,4.75,Guard,0.458064429,0.746046148,-0.766141338,-0.832679268,0.151725078,0.041213961,-0.98965805,-0.631744556,-0.449526997,-0.732960977,0.202617519,-4.007154626,,,,,,,,
Brandon Ingram,1627742,2020-21,0,1610612740,NOP,23,61,61,34.29508197,8.409836066,18.04918033,0.466,2.344262295,6.147540984,0.381,4.606557377,5.245901639,0.878,0.557377049,4.344262295,4.901639344,4.852459016,0.68852459,0.590163934,2.524590164,2.032786885,23.7704918,Forward,0.460802041,0.760754913,2.102463405,0.420429741,1.372374601,0.025998572,0.382900459,1.373169358,0.112897982,2.44389791,-1.632941543,6.601190486,,,,,,,,
Brandon Ingram,1627742,2021-22,0,1610612740,NOP,24,55,55,33.98181818,8.236363636,17.87272727,0.461,1.345454545,4.109090909,0.327,4.836363636,5.854545455,0.826,0.636363636,5.181818182,5.818181818,5.581818182,0.618181818,0.472727273,2.745454545,2.163636364,22.65454545,Forward,0.460036123,0.756582005,1.934160239,0.798169247,1.755348362,-0.154798556,0.096284783,0.270752279,-0.044454991,1.542616308,-1.898855377,4.299222294,,,,,,,,
Brandon Ingram,1627742,2022-23,0,1610612740,NOP,25,45,45,34.17777778,8.977777778,18.55555556,0.484,1.422222222,3.644444444,0.39,5.333333333,6.044444444,0.882,0.511111111,4.955555556,5.466666667,5.822222222,0.711111111,0.422222222,3.288888889,2.577777778,24.71111111,Forward,0.463641487,0.76285687,2.244324353,0.653297445,1.881580325,0.084051134,-0.026977742,0.355483298,0.696244181,2.897887085,-2.553133397,6.232756683,,,,,,,,
Brandon Ingram,1627742,2023-24,0,1610612740,NOP,26,64,64,32.859375,7.8125,15.890625,0.492,1.34375,3.78125,0.355,3.84375,4.796875,0.801,0.671875,4.390625,5.0625,5.671875,0.78125,0.625,2.546875,2.265625,20.8125,Forward,0.464270278,0.753053643,1.656349319,0.486726096,1.802635625,0.264324236,0.467921291,0.268870917,0.825425293,0.780546221,-1.659771791,4.893027205,,,,,,,,
Brandon Ingram,1627742,2024-25,0,1610612740,NOP,27,18,18,33.05555556,8.611111111,18.5,0.465,2.388888889,6.388888889,0.374,2.611111111,3.055555556,0.855,0.944444444,4.611111111,5.555555556,5.166666667,0.888888889,0.611111111,3.833333333,2.5,22.22222222,Forward,0.460665698,0.754589958,1.868958745,0.689931694,1.537359551,0.540980976,0.434024097,1.422425203,0.084887157,1.112365908,-3.208627546,4.482305784,,,,,,,,
Isaiah Wong,,2023-24,,,,23,1,0,4,1,3,0.333,0,,,0,0,,0,0,0,0,0,0,0,0,2,Guard,0.456168788,,-1.18088682,-1.59970885,-1.175566892,-1.74366823,-1.057452438,-1.214270308,-0.838974381,,1.406586365,-7.403941553,506,IND,1,0,1,2,0.5,0.333
Brandon Williams,1630314,2021-22,0,1610612757,POR,22,24,16,26.66666667,4.375,11.75,0.372,1.291666667,4.416666667,0.292,2.833333333,4.041666667,0.701,0.791666667,2.291666667,3.083333333,3.916666667,1,0.416666667,2.416666667,2.166666667,12.875,Guard,0.450625371,0.744904816,0.459243041,-0.328958348,0.88100638,0.826562126,-0.040536618,0.211384823,-1.977834317,-0.979470451,-1.503005015,-2.451608378,,,,,,,,
Brandon Williams,1630314,2023-24,0,1610612742,DAL,24,17,0,6.647058824,1.176470588,3.176470588,0.37,0.176470588,0.882352941,0.2,0.647058824,1,0.647,0.235294118,0.529411765,0.764705882,1,0.058823529,0.058823529,0.411764706,0.235294118,3.176470588,Guard,0.457097234,0.746464499,-1.003455597,-1.284546563,-0.650484354,-1.59247821,-0.913887853,-1.019493896,-0.648231117,-0.642603841,0.910834487,-6.844346945,,,,,,,,
Brandon Williams,1630314,2024-25,0,1610612742,DAL,25,33,3,14.75757576,2.96969697,5.696969697,0.521,0.727272727,1.818181818,0.4,1.666666667,2,0.833,0.363636364,1.393939394,1.757575758,2.303030303,0.727272727,0.151515152,1.181818182,1,8.333333333,Guard,0.463159034,0.751705566,-0.225715406,-0.875349841,0.033714103,0.12559021,-0.687664866,-0.411555396,0.597127295,0.489383211,-0.016285908,-0.970756598,,,,,,,,
Malcolm Cazalon,,2023-24,,,,22,1,0,3,0,0,,0,,,0,0,,0,0,0,0,0,0,0,0,0,Guard,,,-1.482519897,-1.59970885,-1.175566892,-1.74366823,-1.057452438,-1.214270308,,,1.406586365,-6.86660025,564,DET,0,,0,0,,
Jalen Crutcher,,2023-24,,,,24,1,0,3,0,1,0,0,,,0,0,,0,0,0,0,0,0,0,0,0,Guard,0.455310744,,-1.482519897,-1.59970885,-1.175566892,-1.74366823,-1.057452438,-1.214270308,-1.015254035,,1.406586365,-7.881854285,565,NOP,0,,0,1,0,0
Braxton Key,1630296,2023-24,0,1610612743,DEN,27,20,0,3,0.35,0.85,0.412,0.1,0.25,0.4,0.3,0.4,0.75,0.15,0.75,0.9,0.45,0.1,0.05,0.05,0.25,1.1,Forward,0.459460438,0.74846606,-1.316621705,-1.228787081,-0.93927975,-1.486645194,-0.93542254,-1.103897008,-0.16272579,-0.210298443,1.346387923,-6.037289589,,,,,,,,
Kaiser Gates,,2023-24,,,,27,1,0,7,0,4,0,0,,,0,0,,0,1,1,0,0,0,0,0,0,Forward,0.442176781,,-1.482519897,-1.187573552,-1.175566892,-1.74366823,-1.057452438,-1.214270308,-3.713543559,,1.406586365,-10.16800851,567,NOP,2,0,0,2,0,0
Brook Lopez,201572,2020-21,0,1610612749,MIL,33,70,70,27.17142857,4.6,9.142857143,0.503,1.357142857,4.014285714,0.338,1.714285714,2.028571429,0.845,1.485714286,3.471428571,4.957142857,0.714285714,0.571428571,1.471428571,0.914285714,2.128571429,12.27142857,Center,0.463477351,0.752218084,0.368214487,0.443304698,-0.800507937,-0.27496517,2.53371314,0.283653055,0.662523509,0.600078835,0.305814849,4.121829466,,,,,,,,
Ron Harper Jr.,,2023-24,,,,23,1,0,4,0,0,,0,,,0,0,,0,0,0,1,0,0,0,2,0,Forward-Center,,,-1.482519897,-1.59970885,-0.650484354,-1.74366823,-1.057452438,-1.214270308,,,1.406586365,-6.341517713,569,TOR,0,,0,0,,
Brook Lopez,201572,2022-23,0,1610612749,MIL,35,78,78,30.41025641,6.115384615,11.52564103,0.531,1.743589744,4.666666667,0.374,1.91025641,2.435897436,0.784,2.012820513,4.653846154,6.666666667,1.269230769,0.474358974,2.474358974,1.371794872,2.602564103,15.88461538,Center,0.467215432,0.75010508,0.913142817,1.147859803,-0.509115979,-0.524456395,4.981463042,0.710187239,1.430488532,0.143703651,-0.245011925,8.048260785,,,,,,,,
Brook Lopez,201572,2023-24,0,1610612749,MIL,36,79,79,30.51898734,4.632911392,9.556962025,0.485,1.873417722,5.113924051,0.366,1.392405063,1.696202532,0.821,1.481012658,3.696202532,5.17721519,1.607594937,0.544303797,2.392405063,1,2.417721519,12.53164557,Center,0.462056549,0.7508341,0.407459515,0.534004275,-0.331446863,-0.344682088,4.781446494,0.853482663,0.370628671,0.301160477,0.202617519,6.774670661,,,,,,,,
Brook Lopez,201572,2024-25,0,1610612749,MIL,37,80,80,31.825,4.925,9.675,0.509,1.7375,4.6625,0.373,1.425,1.725,0.826,1.4125,3.6,5.0125,1.7875,0.625,1.85,1.05,2.1375,13.0125,Center,0.464198406,0.751039912,0.479980315,0.466119331,-0.236981856,-0.137274257,3.4576538,0.703465787,0.810659661,0.345612484,0.142419076,6.031654341,,,,,,,,
Bruce Brown,1628971,2020-21,0,1610612751,BKN,24,65,37,22.32307692,3.615384615,6.507692308,0.556,0.261538462,0.907692308,0.288,1.323076923,1.8,0.735,1.707692308,3.661538462,5.369230769,1.6,0.892307692,0.430769231,0.830769231,2.230769231,8.815384615,Guard-Forward,0.465737836,0.747986283,-0.1530141,0.613140673,-0.335434832,0.549768087,-0.006117929,-0.925601676,1.126925726,-0.313922782,0.406366092,0.962109259,,,,,,,,
Bruce Brown,1628971,2021-22,0,1610612751,BKN,25,72,45,24.63888889,3.555555556,7.027777778,0.506,0.527777778,1.305555556,0.404,1.347222222,1.777777778,0.758,1.388888889,3.402777778,4.791666667,2.055555556,1.069444444,0.722222222,0.777777778,2.444444444,8.986111111,Guard-Forward,0.462893295,0.748781556,-0.127265721,0.375106119,-0.096230565,1.005050344,0.705201648,-0.631744556,0.542532929,-0.142156465,0.470166151,2.100659884,,,,,,,,
Bruce Brown,1628971,2022-23,0,1610612743,DEN,26,80,31,28.4875,4.475,9.2625,0.483,1.1375,3.175,0.358,1.45,1.9125,0.758,0.7875,3.3125,4.1,3.35,1.0875,0.6375,1.5375,2.375,11.5375,Guard-Forward,0.46182517,0.748805479,0.257525921,0.090045872,0.583459608,1.051457282,0.498428766,0.041225984,0.32309346,-0.136989368,-0.444515736,2.263731788,,,,,,,,
Bruce Brown,1628971,2023-24,0,0,TOT,27,67,44,27.8358209,4.149253731,8.686567164,0.478,0.791044776,2.447761194,0.323,1.746268657,2.119402985,0.824,0.791044776,3.447761194,4.23880597,2.865671642,0.880597015,0.253731343,1.28358209,2.208955224,10.8358209,Guard-Forward,0.461313349,0.751525828,0.151701107,0.147252711,0.329147245,0.51966895,-0.438196238,-0.341168081,0.217942992,0.450562701,-0.138806483,0.898104905,,,,,,,,
Bruce Brown,1628971,2024-25,0,0,TOT,28,41,12,22.48780488,3.170731707,7.536585366,0.421,0.658536585,1.975609756,0.333,1.292682927,1.585365854,0.815,0.975609756,3.024390244,4,2.048780488,0.829268293,0.243902439,0.951219512,1.731707317,8.292682927,Guard-Forward,0.457140121,0.750498944,-0.23184616,0.048832342,-0.099788035,0.38774231,-0.462184641,-0.487421745,-0.639420263,0.228772097,0.261347706,-0.993966389,,,,,,,,
Bryce McGowens,1631121,2022-23,0,1610612766,CHA,20,46,7,17.10869565,1.739130435,4.391304348,0.396,0.565217391,1.739130435,0.325,1.304347826,1.739130435,0.75,0.434782609,1.586956522,2.02173913,1.173913043,0.326086957,0.130434783,0.934782609,1.043478261,5.347826087,Guard,0.457177367,0.748505762,-0.675979276,-0.766478791,-0.559165652,-0.905549634,-0.739113572,-0.590421219,-0.631768174,-0.201723451,0.281137226,-4.789062544,,,,,,,,
Bryce McGowens,1631121,2023-24,0,1610612766,CHA,21,59,14,14.94915254,1.711864407,3.898305085,0.439,0.576271186,1.728813559,0.333,1.118644068,1.440677966,0.776,0.288135593,1.440677966,1.728813559,0.86440678,0.355932203,0.169491525,0.508474576,1.254237288,5.118644068,Guard,0.459081032,0.749225264,-0.710543715,-0.887203759,-0.721681986,-0.828840477,-0.643791767,-0.578220781,-0.240672379,-0.046322491,0.794398816,-3.862878539,,,,,,,,
Javonte Smart,,2023-24,,,,24,1,0,1,0,0,,0,,,0,0,,0,0,0,0,0,0,0,0,0,Guard,,,-1.482519897,-1.59970885,-1.175566892,-1.74366823,-1.057452438,-1.214270308,,,1.406586365,-6.86660025,572,PHI,0,,0,0,,
Bryn Forbes,1627854,2020-21,0,1610612749,MIL,27,70,10,19.34285714,3.571428571,7.557142857,0.473,2.2,4.871428571,0.452,0.671428571,0.871428571,0.77,0.157142857,1.442857143,1.6,0.642857143,0.342857143,0.014285714,0.628571429,1.1,10.01428571,Guard,0.460786819,0.748822876,0.027800013,-0.940292373,-0.838013832,-0.862446393,-1.022586754,1.213942302,0.109770819,-0.133231979,0.649805947,-1.79525225,,,,,,,,
Bryn Forbes,1627854,2021-22,0,0,TOT,28,75,2,17.14666667,3.08,7.186666667,0.429,1.626666667,3.933333333,0.414,1.053333333,1.16,0.908,0.133333333,1.106666667,1.24,1,0.333333333,0.066666667,0.746666667,1.266666667,8.84,Guard,0.457794488,0.752071334,-0.149301693,-1.08866108,-0.650484354,-0.886924779,-0.894745906,0.58113538,-0.504984677,0.568383208,0.507622959,-2.517960942,,,,,,,,
Bryn Forbes,1627854,2022-23,0,1610612750,MIN,29,25,0,10.72,1.2,3.32,0.361,0.56,1.84,0.304,0.6,0.6,1,0.16,0.44,0.6,0.68,0.28,0.08,0.48,0.88,3.56,Guard,0.456687042,0.75143655,-0.945613019,-1.352427671,-0.818510766,-1.02400373,-0.862204601,-0.596179826,-0.732502416,0.431280051,0.828681319,-5.071480659,,,,,,,,
Buddy Hield,1627741,2020-21,0,1610612758,SAC,28,71,71,34.26760563,5.676056338,13.97183099,0.406,3.971830986,10.15492958,0.391,1.23943662,1.464788732,0.846,0.408450704,4.295774648,4.704225352,3.61971831,0.887323944,0.422535211,1.830985915,2.464788732,16.56338028,Guard,0.453260671,0.751230145,1.015511789,0.339068467,0.725083983,0.536958707,-0.026213861,3.16957064,-1.436428649,0.38669984,-0.797863635,3.912387281,,,,,,,,
Buddy Hield,1627741,2021-22,0,0,TOT,29,81,32,30.85185185,5.50617284,13.55555556,0.406,3.234567901,8.839506173,0.366,1.37037037,1.567901235,0.874,0.814814815,3.543209877,4.358024691,2.827160494,0.901234568,0.308641975,1.888888889,2.271604938,15.61728395,Guard,0.45343392,0.752270971,0.872824815,0.196386954,0.308925714,0.572712215,-0.304181462,2.35582904,-1.400835615,0.611501588,-0.867577012,2.345586238,,,,,,,,
Buddy Hield,1627741,2022-23,0,1610612754,IND,30,80,73,31.025,5.9375,12.975,0.458,3.6,8.4625,0.425,1.325,1.6125,0.822,0.8375,4.1625,5,2.8125,1.15,0.325,1.7375,1.95,16.8,Guard,0.459649791,0.750751551,1.051197957,0.46096764,0.301227744,1.21209668,-0.264258099,2.759168509,-0.123824357,0.283331194,-0.685309506,4.994597761,,,,,,,,
Buddy Hield,1627741,2023-24,0,0,TOT,31,84,42,25.71428571,4.416666667,10.11904762,0.436,2.607142857,6.761904762,0.386,0.619047619,0.702380952,0.881,0.726190476,2.476190476,3.202380952,2.80952381,0.833333333,0.5,1.226190476,2.011904762,12.05952381,Guard,0.457670957,0.750289954,0.336255745,-0.279894622,0.299664999,0.398190399,0.162846545,1.663319311,-0.530363259,0.18363348,-0.069708768,2.16394383,,,,,,,,
Buddy Hield,1627741,2024-25,0,1610612744,GSW,32,82,22,22.7195122,4,9.585365854,0.417,2.475609756,6.695121951,0.37,0.646341463,0.780487805,0.828,0.62195122,2.597560976,3.219512195,1.634146341,0.841463415,0.280487805,1.109756098,1.609756098,11.12195122,Guard,0.456114577,0.749676401,0.194854292,-0.272834232,-0.317505185,0.419086583,-0.372894472,1.518141886,-0.850111814,0.05111588,0.070474596,0.440327534,,,,,,,,
CJ Elleby,1629604,2021-22,0,1610612757,POR,22,58,28,20.24137931,2.086206897,5.310344828,0.393,0.637931034,2.172413793,0.294,1.034482759,1.448275862,0.714,1.137931034,2.775862069,3.913793103,1.5,0.603448276,0.327586207,0.965517241,2,5.844827586,Guard-Forward,0.456492197,0.74748391,-0.60102323,0.013303437,-0.387943086,-0.192667153,-0.257946207,-0.510164771,-0.772532047,-0.422427261,0.244133686,-2.887266632,,,,,,,,
CJ McCollum,203468,2020-21,0,1610612757,POR,29,47,47,34.04255319,8.617021277,18.80851064,0.458,3.595744681,8.936170213,0.402,2.29787234,2.829787234,0.812,0.638297872,3.29787234,3.936170213,4.744680851,0.936170213,0.446808511,1.382978723,1.85106383,23.12765957,Guard,0.459568786,0.751857593,2.005513673,0.022525833,1.315782168,0.66250487,0.033027505,2.754471773,-0.140466307,0.522218611,-0.258476933,6.917101193,,,,,,,,
CJ McCollum,203468,2021-22,0,0,TOT,30,62,62,34.59677419,8.64516129,18.77419355,0.46,2.935483871,7.564516129,0.388,1.870967742,2.741935484,0.682,0.85483871,3.483870968,4.338709677,5.080645161,1.129032258,0.35483871,2.048387097,1.951612903,22.09677419,Guard,0.459885372,0.744999005,1.850039108,0.188426555,1.492191161,1.158204753,-0.191433804,2.025720125,-0.075425763,-0.959127233,-1.059607885,4.428987016,,,,,,,,
CJ McCollum,203468,2022-23,0,1610612740,NOP,31,75,75,35.32,7.826666667,17.92,0.437,2.813333333,7.24,0.389,2.44,3.173333333,0.769,0.733333333,3.64,4.373333333,5.72,0.933333333,0.506666667,2.44,2.04,20.90666667,Guard,0.456389291,0.749679967,1.67055121,0.202696186,1.827905222,0.655213435,0.179117199,1.890898544,-0.793673496,0.05188604,-1.531097621,4.15349672,,,,,,,,
CJ McCollum,203468,2023-24,0,1610612740,NOP,32,66,66,32.71212121,7.333333333,15.98484848,0.459,3.621212121,8.439393939,0.429,1.742424242,2.106060606,0.827,0.590909091,3.742424242,4.333333333,4.621212121,0.939393939,0.621212121,1.666666667,1.909090909,20.03030303,Guard,0.459744797,0.751628527,1.538381079,0.186210774,1.250950894,0.670790588,0.458676601,2.782581027,-0.104306031,0.472743899,-0.60002838,6.656000453,,,,,,,,
CJ McCollum,203468,2024-25,0,1610612740,NOP,33,56,56,32.71428571,7.928571429,17.85714286,0.444,3.053571429,8.196428571,0.373,2.214285714,3.089285714,0.717,0.75,3.035714286,3.785714286,4.053571429,0.821428571,0.428571429,1.892857143,2.214285714,21.125,Guard,0.457460238,0.746623481,1.703479488,-0.039482365,0.952892679,0.367592419,-0.01148188,2.15605726,-0.573654227,-0.608266251,-0.872354666,3.074782457,,,,,,,,
Cade Cunningham,1630595,2021-22,0,1610612765,DET,20,64,64,32.625,6.703125,16.109375,0.416,1.78125,5.671875,0.314,2.21875,2.625,0.845,0.90625,4.625,5.53125,5.5625,1.21875,0.671875,3.65625,3.125,17.40625,Guard,0.453778045,0.753269633,1.142630483,0.679914517,1.745204722,1.388800017,0.582324321,0.751754106,-1.330137417,0.827196748,-2.99542473,2.792262766,,,,,,,,
Tolu Smith,,2024-25,,,,24,1,0,22,6,9,0.667,0,,,2,3,0.667,4,4,8,0,0,0,2,3,14,Forward-Center,0.476966837,0.743843197,0.628911648,1.697373533,-1.175566892,-1.74366823,-1.057452438,-1.214270308,3.433852692,-1.208763282,-1.001351328,-1.640934606,113,DET,0,,6,9,0.667,0.667
Cade Cunningham,1630595,2023-24,0,1610612765,DET,22,62,62,33.4516129,8.451612903,18.82258065,0.449,1.919354839,5.403225806,0.355,3.838709677,4.419354839,0.869,0.532258065,3.790322581,4.322580645,7.483870968,0.903225806,0.35483871,3.419354839,2.467741935,22.66129032,Guard,0.458142919,0.758243256,1.935177476,0.181779212,2.754083065,0.577830155,-0.191433804,0.904184975,-0.433401811,1.901420042,-2.710210337,4.919428973,,,,,,,,
Cade Cunningham,1630595,2024-25,0,1610612765,DET,23,70,70,35.02857143,9.771428571,20.81428571,0.469,2.128571429,5.971428571,0.356,4.471428571,5.285714286,0.846,0.8,5.271428571,6.071428571,9.114285714,1.014285714,0.757142857,4.414285714,2.785714286,26.14285714,Guard,0.461437858,0.757779912,2.460255334,0.902541173,3.610185377,0.863279702,0.790428879,1.135104231,0.243522526,1.801345224,-3.908076115,7.898586331,,,,,,,,
Caleb Houstan,1631216,2022-23,0,1610612753,ORL,20,51,4,15.92156863,1.294117647,3.568627451,0.363,0.901960784,2.666666667,0.338,0.294117647,0.352941176,0.833,0.666666667,1.274509804,1.941176471,0.588235294,0.235294118,0.137254902,0.352941176,1.235294118,3.784313725,Guard,0.456526248,0.749046403,-0.911782799,-0.799681507,-0.866694811,-1.138908145,-0.722468403,-0.218746422,-0.765536437,-0.084953792,0.981656185,-4.527116132,,,,,,,,
Caleb Houstan,1631216,2023-24,0,1610612753,ORL,21,59,13,13.81355932,1.355932203,3.491525424,0.388,1.220338983,3.271186441,0.373,0.355932203,0.440677966,0.808,0.474576271,0.949152542,1.423728814,0.491525424,0.254237288,0.06779661,0.271186441,1.033898305,4.288135593,Guard,0.457439359,0.748974018,-0.835798129,-1.012939951,-0.917475475,-1.090219835,-0.89198817,0.132658104,-0.577943677,-0.10058772,1.080086339,-4.214208513,,,,,,,,
Caleb Houstan,1631216,2024-25,0,1610612753,ORL,22,58,6,13.5862069,1.379310345,3.275862069,0.421,1.103448276,2.75862069,0.4,0.25862069,0.293103448,0.882,0.327586207,0.965517241,1.293103448,0.603448276,0.379310345,0.103448276,0.224137931,1.068965517,4.120689655,Guard,0.458631109,0.749232084,-0.861051746,-1.066775275,-0.85870674,-0.768753267,-0.804976786,0.003641973,-0.333106272,-0.044849643,1.136731279,-3.597846476,,,,,,,,
Caleb Martin,1628997,2020-21,0,1610612766,CHA,25,53,3,15.43396226,1.811320755,4.830188679,0.375,0.58490566,2.358490566,0.248,0.773584906,1.20754717,0.641,0.58490566,2.075471698,2.660377358,1.264150943,0.698113208,0.226415094,0.622641509,1.169811321,4.981132075,Forward,0.455953638,0.745919875,-0.731282798,-0.503273435,-0.511783307,0.050643529,-0.50486422,-0.568690627,-0.883175548,-0.760233946,0.656945386,-3.755714965,,,,,,,,
Caleb Martin,1628997,2021-22,0,1610612748,MIA,26,60,12,22.86666667,3.466666667,6.833333333,0.507,1.066666667,2.583333333,0.413,1.183333333,1.55,0.763,1.166666667,2.666666667,3.833333333,1.066666667,0.966666667,0.5,0.866666667,1.733333333,9.183333333,Forward,0.4628788,0.748891163,-0.097521348,-0.019856875,-0.615478852,0.740887782,0.162846545,-0.036955103,0.539555067,-0.118483089,0.363146698,0.918140825,,,,,,,,
Caleb Martin,1628997,2022-23,0,1610612748,MIA,27,71,49,29.26760563,3.577464789,7.718309859,0.464,1.183098592,3.323943662,0.356,1.281690141,1.591549296,0.805,1.23943662,3.605633803,4.845070423,1.647887324,1,0.436619718,1.098591549,2.042253521,9.61971831,Forward,0.460160218,0.750198185,-0.031707276,0.397115692,-0.310290034,0.826562126,0.008160758,0.091554655,-0.018960431,0.163812811,0.083916365,1.210164666,,,,,,,,
Caleb Martin,1628997,2023-24,0,1610612748,MIA,28,64,23,27.453125,3.765625,8.734375,0.431,1.265625,3.625,0.349,1.203125,1.546875,0.778,1.15625,3.234375,4.390625,2.234375,0.734375,0.453125,1.203125,1.96875,10,Forward,0.457545287,0.749340444,0.025645492,0.209822692,-0.002335597,0.143844688,0.048443515,0.182641776,-0.556181448,-0.021445536,-0.041938653,-0.011503072,,,,,,,,
Caleb Martin,1628997,2024-25,0,0,TOT,29,45,24,27.06666667,2.866666667,6.755555556,0.424,0.822222222,2.288888889,0.359,1.355555556,2.177777778,0.622,1.177777778,2.755555556,3.933333333,2.111111111,1.022222222,0.511111111,1.244444444,1.933333333,7.911111111,Forward,0.457594366,0.743175905,-0.289393501,0.021356655,-0.067059313,0.883678356,0.1899643,-0.306756505,-0.546098508,-1.352887733,-0.091685977,-1.558882225,,,,,,,,
Cam Reddish,1629629,2020-21,0,1610612737,ATL,21,26,21,28.84615385,3.692307692,10.11538462,0.365,1.269230769,4.846153846,0.262,2.576923077,3.153846154,0.817,0.846153846,3.153846154,4,1.346153846,1.269230769,0.346153846,1.307692308,2.615384615,11.23076923,Guard-Forward,0.451149499,0.75252093,0.211265847,0.048832342,-0.468725015,1.518547221,-0.212630065,0.186621582,-1.87015556,0.665488841,-0.167834435,-0.088589241,,,,,,,,
Cam Reddish,1629629,2021-22,0,0,TOT,22,49,7,20.65306122,3.367346939,8.326530612,0.404,1.346938776,3.755102041,0.359,2.06122449,2.285714286,0.902,0.510204082,1.632653061,2.142857143,0.979591837,0.959183673,0.306122449,1.163265306,1.224489796,10.14285714,Guard-Forward,0.455569871,0.755166192,0.047190711,-0.716561783,-0.661200324,0.721654763,-0.310330612,0.272390474,-0.962018166,1.236823153,0.006051176,-0.366000607,,,,,,,,
Cam Reddish,1629629,2022-23,0,0,TOT,23,40,20,24.75,3.475,7.8,0.446,1.125,3.6,0.313,1.6,1.875,0.853,0.45,1.75,2.2,1.425,0.975,0.35,1.175,1.8,9.675,Guard-Forward,0.458860716,0.752232568,-0.023369883,-0.693011194,-0.427324276,0.762306367,-0.20324315,0.027429322,-0.285934895,0.603207111,-0.00807703,-0.248017628,,,,,,,,
Cam Reddish,1629629,2023-24,0,1610612747,LAL,24,48,26,20.5,1.895833333,4.875,0.389,0.770833333,2.291666667,0.336,0.854166667,1.125,0.759,0.5625,1.5,2.0625,1,0.979166667,0.291666667,0.645833333,1.333333333,5.416666667,Guard-Forward,0.456569823,0.748685857,-0.665596978,-0.749679798,-0.650484354,0.773015661,-0.345611364,-0.363476118,-0.756584331,-0.162825858,0.629023152,-2.292219987,,,,,,,,
Cam Reddish,1629629,2024-25,0,1610612747,LAL,25,33,8,17.84848485,1.151515152,2.848484848,0.404,0.393939394,1.424242424,0.277,0.484848485,0.787878788,0.615,0.515151515,1.484848485,2,0.666666667,1,0.303030303,0.363636364,1.303030303,3.181818182,Guard-Forward,0.45831665,0.746383503,-1.002649092,-0.775438254,-0.825511867,0.826562126,-0.317877297,-0.779466397,-0.397709742,-0.660097585,0.968779511,-2.963408597,,,,,,,,
Cam Thomas,1630560,2021-22,0,1610612751,BKN,20,67,2,17.55223881,3.253731343,7.507462687,0.433,0.701492537,2.597014925,0.27,1.298507463,1.567164179,0.829,0.23880597,2.164179104,2.402985075,1.164179104,0.492537313,0.119402985,0.820895522,0.985074627,8.507462687,Guard,0.457987895,0.750901648,-0.19945382,-0.60935388,-0.564276774,-0.477733877,-0.766037756,-0.440009843,-0.46525044,0.315749612,0.41825373,-2.788113047,,,,,,,,
Cam Thomas,1630560,2022-23,0,1610612751,BKN,21,57,4,16.63157895,3.526315789,8,0.441,0.894736842,2.333333333,0.383,2.649122807,3.052631579,0.868,0.140350877,1.526315789,1.666666667,1.368421053,0.350877193,0.122807018,1.105263158,0.964912281,10.59649123,Guard,0.458466529,0.75533244,0.115606235,-0.912816686,-0.457032893,-0.841833017,-0.75772988,-0.226719725,-0.366918012,1.272730151,0.075883956,-2.098829873,,,,,,,,
Cam Thomas,1630560,2023-24,0,1610612751,BKN,22,66,51,31.43939394,7.96969697,18.03030303,0.442,2.181818182,6,0.364,4.333333333,5.060606061,0.856,0.424242424,2.818181818,3.242424242,2.909090909,0.681818182,0.242424242,1.878787879,2.090909091,22.45454545,Guard,0.457134971,0.758338333,1.903996931,-0.263391369,0.351945944,0.008761559,-0.465792326,1.193874429,-0.640478304,1.921955243,-0.855415711,3.155456397,,,,,,,,
Cam Thomas,1630560,2024-25,0,1610612751,BKN,23,25,23,31.24,7.96,18.16,0.438,2.72,7.8,0.349,5.32,6.04,0.881,0.6,2.72,3.32,3.76,0.6,0.08,2.48,1.76,23.96,Guard,0.456503598,0.76273964,2.131044375,-0.231419661,0.798743449,-0.201530016,-0.862204601,1.787883464,-0.770189752,2.872567442,-1.579256374,3.945638326,,,,,,,,
Cameron Johnson,1629661,2020-21,0,1610612756,PHX,25,60,11,23.95,3.383333333,8.05,0.42,1.95,5.583333333,0.349,0.833333333,0.983333333,0.847,0.55,2.766666667,3.316666667,1.433333333,0.616666667,0.266666667,0.666666667,1.416666667,9.55,Forward,0.456893893,0.750354484,-0.042221951,-0.232793445,-0.422948588,-0.158692843,-0.406626313,0.938009051,-0.690006113,0.197570978,0.603940467,-0.213768757,,,,,,,,
Cameron Johnson,1629661,2021-22,0,1610612756,PHX,26,66,16,26.21212121,4.227272727,9.196969697,0.46,2.515151515,5.924242424,0.425,1.484848485,1.727272727,0.86,0.636363636,3.5,4.136363636,1.5,0.863636364,0.242424242,0.712121212,1.712121212,12.45454545,Forward,0.459875319,0.752178531,0.395831541,0.10503261,-0.387943086,0.476076169,-0.465792326,1.561785431,-0.077491198,0.59153597,0.549214611,2.748249722,,,,,,,,
Cameron Johnson,1629661,2022-23,0,0,TOT,27,42,41,28.57142857,5.30952381,11.28571429,0.47,2.452380952,6.071428571,0.404,2.404761905,2.857142857,0.842,0.80952381,3.595238095,4.404761905,1.857142857,1.19047619,0.333333333,0.880952381,1.976190476,15.47619048,Forward,0.46089178,0.753510341,0.851545587,0.21564901,-0.200413608,1.316129812,-0.243919783,1.492503488,0.131334231,0.879185775,0.345947143,4.787961655,,,,,,,,
Cameron Johnson,1629661,2023-24,0,1610612751,BKN,28,58,47,27.56896552,4.75862069,10.67241379,0.446,2.379310345,6.086206897,0.391,1.482758621,1.879310345,0.789,0.948275862,3.379310345,4.327586207,2.379310345,0.844827586,0.25862069,0.982758621,1.810344828,13.37931034,Forward,0.458526926,0.749922562,0.535301381,0.183842181,0.073767421,0.427733277,-0.426263308,1.411853048,-0.354509845,0.104282607,0.223375602,2.179382365,,,,,,,,
Cameron Johnson,1629661,2024-25,0,1610612751,BKN,29,57,57,31.57894737,6.228070175,13.10526316,0.475,2.789473684,7.157894737,0.39,3.526315789,3.947368421,0.893,0.947368421,3.385964912,4.333333333,3.403508772,0.929824561,0.438596491,1.736842105,1.824561404,18.77192982,Forward,0.461617645,0.759030341,1.348597587,0.186210774,0.61155613,0.646195083,0.012985266,1.864563862,0.28045862,2.071417858,-0.684517421,6.33746776,,,,,,,,
Cameron Payne,1626166,2020-21,0,1610612756,PHX,26,60,1,17.98333333,3.183333333,6.583333333,0.484,1.216666667,2.766666667,0.44,0.833333333,0.933333333,0.893,0.266666667,2.133333333,2.4,3.616666667,0.6,0.266666667,1,1.616666667,8.416666667,Guard,0.461354669,0.751102541,-0.213147361,-0.610584135,0.723481618,-0.201530016,-0.406626313,0.128604848,0.226432016,0.359139462,0.202617519,0.208387638,,,,,,,,
Cameron Payne,1626166,2021-22,0,1610612756,PHX,27,58,12,22.03448276,4.137931034,10.12068966,0.409,1.224137931,3.637931034,0.336,1.293103448,1.534482759,0.843,0.413793103,2.603448276,3.017241379,4.862068966,0.689655172,0.293103448,1.775862069,2.051724138,10.79310345,Guard,0.455189187,0.751268982,0.145258609,-0.356197175,1.377420618,0.028904428,-0.342104759,0.136851128,-1.040227124,0.395088012,-0.731496242,-0.386502505,,,,,,,,
Cameron Payne,1626166,2022-23,0,1610612756,PHX,28,48,15,20.16666667,3.916666667,9.4375,0.415,1.416666667,3.854166667,0.368,1.020833333,1.333333333,0.766,0.25,1.958333333,2.208333333,4.458333333,0.6875,0.166666667,1.6875,1.833333333,10.27083333,Guard,0.455994953,0.748909535,0.066491637,-0.689576734,1.165426087,0.02336514,-0.65068611,0.349351449,-0.87468769,-0.114515075,-0.625111063,-1.349942359,,,,,,,,
Cameron Payne,1626166,2023-24,0,0,TOT,29,78,10,16.71794872,2.666666667,6.166666667,0.432,1.333333333,3.423076923,0.39,0.743589744,0.858974359,0.866,0.269230769,1.230769231,1.5,2.628205128,0.538461538,0.141025641,0.846153846,1.615384615,7.41025641,Guard,0.458245386,0.750439066,-0.364930673,-0.981505903,0.204457725,-0.359698039,-0.713265545,0.257373697,-0.412350466,0.215839435,0.387843495,-1.766236273,,,,,,,,
Cameron Payne,1626166,2024-25,0,1610612752,NYK,30,72,5,15.13888889,2.486111111,6.194444444,0.401,1.291666667,3.555555556,0.363,0.680555556,0.75,0.907,0.194444444,1.25,1.444444444,2.819444444,0.541666667,0.222222222,0.722222222,1.541666667,6.944444444,Guard,0.456430255,0.750796836,-0.435182822,-1.004402308,0.304874151,-0.35146012,-0.515097335,0.211384823,-0.78525759,0.29311203,0.53705331,-1.744975861,,,,,,,,
Caris LeVert,1627747,2020-21,0,0,TOT,26,47,39,31.59574468,7.638297872,17.31914894,0.441,1.787234043,5.489361702,0.326,3.106382979,3.829787234,0.811,0.70212766,3.85106383,4.553191489,5.212765957,1.404255319,0.638297872,2.170212766,2.234042553,20.17021277,Guard,0.45707909,0.752903717,1.559481782,0.276822081,1.561565483,1.865591419,0.50037605,0.758358892,-0.651958598,0.748164679,-1.206282196,5.412119592,,,,,,,,
Caris LeVert,1627747,2021-22,0,0,TOT,27,58,49,30.68965517,6.534482759,14.72413793,0.444,1.413793103,4.413793103,0.32,2.517241379,3.327586207,0.756,0.74137931,2.948275862,3.689655172,4.275862069,0.879310345,0.396551724,1.862068966,2.25862069,17,Guard,0.457827824,0.748924665,1.081361264,-0.079071716,1.069613613,0.516361911,-0.089629107,0.346179801,-0.498136007,-0.111247231,-0.83528666,1.400145868,,,,,,,,
Caris LeVert,1627747,2022-23,0,1610612739,CLE,28,74,30,30.22972973,4.324324324,10.02702703,0.431,1.716216216,4.378378378,0.392,1.756756757,2.432432432,0.722,0.716216216,3.094594595,3.810810811,3.878378378,0.972972973,0.324324324,1.567567568,2.297297297,12.12162162,Guard,0.45723342,0.747226551,0.345621122,-0.029139201,0.860901868,0.757096441,-0.265907152,0.679974172,-0.620252582,-0.478012673,-0.480716152,0.769565842,,,,,,,,
Caris LeVert,1627747,2023-24,0,1610612739,CLE,29,68,10,28.79411765,5.073529412,12.05882353,0.421,1.588235294,4.882352941,0.325,2.264705882,2.955882353,0.766,0.573529412,3.544117647,4.117647059,5.088235294,1.117647059,0.5,1.720588235,1.779411765,14,Guard,0.455681653,0.74943318,0.628911648,0.097318847,1.496176607,1.128942169,0.162846545,0.538717405,-0.939053305,-0.001415955,-0.664948268,2.447495693,,,,,,,,
Caris LeVert,1627747,2024-25,0,0,TOT,30,64,3,24.9375,4.375,9.359375,0.467,1.65625,4.4375,0.373,1.71875,2.421875,0.71,0.640625,2.53125,3.171875,3.359375,0.890625,0.515625,1.1875,1.546875,12.125,Guard,0.460474589,0.746677235,0.346130637,-0.292467202,0.588382257,0.545443181,0.200980888,0.613787481,0.045625174,-0.596656169,-0.02312664,1.428099607,,,,,,,,
Carmelo Anthony,2546,2020-21,0,1610612757,POR,37,69,3,24.49275362,4.739130435,11.26086957,0.421,1.927536232,4.710144928,0.409,1.985507246,2.231884058,0.89,0.463768116,2.637681159,3.101449275,1.507246377,0.666666667,0.550724638,0.884057971,2.086956522,13.39130435,Forward,0.455930387,0.754502101,0.537110276,-0.321492129,-0.38413814,-0.030181325,0.286644993,0.913215049,-0.887952482,1.09339015,0.34220811,1.548804503,,,,,,,,
Carmelo Anthony,2546,2021-22,0,1610612747,LAL,38,69,3,25.98550725,4.623188406,10.47826087,0.441,2.15942029,5.753623188,0.375,1.913043478,2.304347826,0.83,0.898550725,3.275362319,4.173913043,0.985507246,0.68115942,0.753623188,0.855072464,2.405797101,13.31884058,Forward,0.458074718,0.752046432,0.526181541,0.120508046,-0.658094246,0.007068389,0.781838782,1.169153137,-0.447413131,0.5630047,0.377105757,2.439352975,,,,,,,,
Isaiah Mobley,,2024-25,,,,25,1,0,17,2,7,0.286,1,,,1,2,0.5,1,3,4,5,1,1,0,3,6,Forward-Center,0.448489581,0.738897874,-0.577620664,0.048832342,1.449845795,0.826562126,1.383145528,-0.110537304,-2.416618742,-2.2768743,1.406586365,-0.266678853,343,PHI,3,0.333,1,4,0.25,0.357
Alondes Williams,,2024-25,,,,25,1,0,4,2,2,1,1,,,0,0,,0,0,0,1,0,0,0,0,5,Guard,0.470454757,,-0.728437203,-1.59970885,-0.650484354,-1.74366823,-1.057452438,-0.110537304,2.095987206,,1.406586365,-2.387714808,383,DET,1,1,1,1,1,1.25
Cedi Osman,1626224,2020-21,0,1610612739,CLE,26,59,26,25.61016949,3.711864407,9.93220339,0.374,1.677966102,5.491525424,0.306,1.288135593,1.610169492,0.8,0.644067797,2.762711864,3.406779661,2.949152542,0.898305085,0.152542373,1.355932203,2.016949153,10.38983051,Forward,0.452106186,0.750061963,0.08443838,-0.195654699,0.372981608,0.565182769,-0.685157833,0.637756259,-1.673610115,0.134391086,-0.225913765,-0.98558631,,,,,,,,
Cedi Osman,1626224,2021-22,0,1610612739,CLE,27,66,3,22.15151515,3.742424242,8.666666667,0.432,1.939393939,5.439393939,0.357,1.318181818,1.984848485,0.664,0.378787879,1.833333333,2.212121212,2.045454545,0.787878788,0.151515152,1.015151515,1.924242424,10.74242424,Forward,0.457641581,0.745229234,0.137615346,-0.688015615,-0.101534429,0.281361748,-0.687664866,0.926302791,-0.536398351,-0.909401291,0.184375567,-1.393359101,,,,,,,,
Cedi Osman,1626224,2022-23,0,1610612739,CLE,28,77,2,20.1038961,3.103896104,6.883116883,0.451,1.506493506,4.051948052,0.372,0.974025974,1.402597403,0.694,0.324675325,1.961038961,2.285714286,1.493506494,0.454545455,0.142857143,0.675324675,1.584415584,8.688311688,Forward,0.459293033,0.746967935,-0.172178799,-0.657685312,-0.391352712,-0.575381703,-0.708795585,0.448496296,-0.197118169,-0.533869639,0.593516495,-2.194369129,,,,,,,,
Cedi Osman,1626224,2023-24,0,1610612759,SAS,29,72,3,17.625,2.555555556,5.333333333,0.479,1.194444444,3.069444444,0.389,0.486111111,0.722222222,0.673,0.347222222,2.152777778,2.5,1.652777778,0.5,0.152777778,0.652777778,1.486111111,6.791666667,Forward,0.460832771,0.747379419,-0.458224237,-0.569370605,-0.307722142,-0.458553052,-0.684583304,0.104077447,0.119211239,-0.444995569,0.620662257,-2.079497967,,,,,,,,
Charles Bassey,1629646,2022-23,0,1610612759,SAS,22,35,2,14.51428571,2.485714286,3.857142857,0.644,0.085714286,0.228571429,0.375,0.628571429,1.057142857,0.595,2.142857143,3.371428571,5.514285714,1.371428571,0.457142857,0.942857143,1.171428571,2.114285714,5.685714286,Forward-Center,0.466702471,0.745276514,-0.625020147,0.672922936,-0.455453698,-0.568705782,1.243682788,-1.119664622,1.325103879,-0.899189653,-0.00377714,-0.43010144,,,,,,,,
Charles Bassey,1629646,2023-24,0,1610612759,SAS,23,19,0,10.78947368,1.526315789,2.105263158,0.725,0,0.052631579,0,0.263157895,0.315789474,0.833,1.210526316,2.789473684,4,1.105263158,0.421052632,0.894736842,0.789473684,1.631578947,3.315789474,Forward-Center,0.465330576,0.748984414,-0.982444005,0.048832342,-0.595212508,-0.661465974,1.126240479,-1.214270308,1.043256904,-0.098342401,0.456084644,-0.877320827,,,,,,,,
Charles Bassey,1629646,2024-25,0,1610612759,SAS,24,36,1,10.44444444,1.888888889,3.25,0.581,0,0,0,0.583333333,0.916666667,0.636,1.555555556,2.666666667,4.222222222,0.472222222,0.388888889,0.833333333,0.638888889,1.388888889,4.361111111,Forward-Center,0.463676854,0.746429253,-0.824792214,0.140417963,-0.927611249,-0.744134202,0.9763792,-1.214270308,0.703510117,-0.650216485,0.637384046,-1.903333132,,,,,,,,
Chasson Randle,1626184,2020-21,0,1610612753,ORL,28,41,5,20.41463415,2.243902439,5.780487805,0.388,1.073170732,3.170731707,0.338,0.926829268,1.170731707,0.792,0.170731707,1.829268293,2,1.804878049,0.536585366,0.12195122,1.12195122,1.56097561,6.487804878,Guard,0.455936775,0.74945008,-0.50405162,-0.775438254,-0.227856946,-0.364520234,-0.759818539,-0.029776352,-0.886640049,0.00223405,0.055792049,-3.490075895,,,,,,,,
Ron Harper Jr.,,2024-25,,,,24,1,0,17,1,8,0.125,0,,,2,2,1,4,3,7,2,0,0,0,0,4,Forward,0.435059122,0.758128643,-0.879253742,1.285238235,-0.125401817,-1.74366823,-1.057452438,-1.214270308,-5.175821345,1.876665506,1.406586365,-5.627377774,430,DET,6,0,1,2,0.5,0.125
Chimezie Metu,1629002,2020-21,0,1610612758,SAC,24,36,6,13.55555556,2.527777778,4.972222222,0.508,0.361111111,1.027777778,0.351,0.861111111,1.194444444,0.721,0.861111111,2.25,3.111111111,0.777777778,0.388888889,0.5,0.805555556,1.638888889,6.277777778,Forward-Center,0.462143918,0.74781325,-0.535727181,-0.317510145,-0.767169363,-0.744134202,0.162846545,-0.815700057,0.388578153,-0.351295062,0.436722572,-2.54338874,,,,,,,,
Chimezie Metu,1629002,2021-22,0,1610612758,SAC,25,60,20,21.31666667,3.383333333,7.483333333,0.452,0.95,3.1,0.306,1.183333333,1.516666667,0.78,0.566666667,5.016666667,5.583333333,1,0.85,0.533333333,1.016666667,1.55,8.9,Forward-Center,0.459316345,0.749382519,-0.140252701,0.701379897,-0.650484354,0.441027573,0.24419981,-0.165723954,-0.192328738,-0.012357956,0.182551371,0.408010947,,,,,,,,
Chimezie Metu,1629002,2022-23,0,1610612758,SAC,26,66,0,10.43939394,1.954545455,3.318181818,0.589,0.136363636,0.575757576,0.237,0.818181818,1.106060606,0.74,0.712121212,2.287878788,3,0.606060606,0.333333333,0.318181818,0.484848485,1.227272727,4.863636364,Forward-Center,0.464011207,0.748270828,-0.749003094,-0.363302956,-0.857335051,-0.886924779,-0.28089854,-1.063761263,0.772200851,-0.252465502,0.822843894,-2.858646439,,,,,,,,
Chimezie Metu,1629002,2023-24,0,0,TOT,27,51,12,16.84313725,2.411764706,4.784313725,0.504,0.549019608,1.843137255,0.298,1.137254902,1.254901961,0.906,0.803921569,3,3.803921569,0.901960784,0.843137255,0.31372549,1.019607843,1.392156863,6.509803922,Forward-Center,0.46187905,0.752311079,-0.500733801,-0.031978501,-0.701963035,0.423388737,-0.291774645,-0.608299247,0.334162721,0.620164418,0.179010286,-0.578023066,,,,,,,,
Chris Boucher,1628449,2020-21,0,1610612761,TOR,28,60,14,24.21666667,4.8,9.333333333,0.514,1.5,3.916666667,0.383,2.533333333,3.216666667,0.788,1.95,4.783333333,6.733333333,1.05,0.583333333,1.85,0.766666667,2.766666667,13.63333333,Forward,0.46448523,0.750844149,0.57361225,1.175335489,-0.624230228,-0.24436719,3.4576538,0.441329199,0.869585891,0.303330736,0.483543582,6.43579353,,,,,,,,
Chris Boucher,1628449,2021-22,0,1610612761,TOR,29,80,9,21.125,3.35,7.2125,0.464,0.85,2.8625,0.297,1.875,2.4125,0.777,2.2375,3.9375,6.175,0.3125,0.6125,0.9375,0.525,2.175,9.425,Forward,0.460142103,0.749767745,-0.061074018,0.945226615,-1.011478599,-0.169402137,1.230608155,-0.276097254,-0.022682129,0.070844733,0.774502721,1.480448086,,,,,,,,
Chris Boucher,1628449,2022-23,0,1610612761,TOR,30,76,0,20.03947368,3.434210526,6.960526316,0.493,0.815789474,2.486842105,0.328,1.684210526,2.210526316,0.762,2.065789474,3.473684211,5.539473684,0.381578947,0.618421053,0.842105263,0.539473684,1.881578947,9.368421053,Forward,0.462020208,0.749027318,-0.069607059,0.683303787,-0.97520645,-0.154183667,0.997787954,-0.313856541,0.363162771,-0.089075746,0.757076856,1.199401906,,,,,,,,
Chris Boucher,1628449,2023-24,0,1610612761,TOR,31,50,0,14.1,2.2,4.34,0.507,0.62,1.88,0.33,1.42,1.84,0.772,1.24,2.9,4.14,0.46,0.28,0.48,0.56,1.36,6.44,Forward,0.46182447,0.749289534,-0.511261387,0.106531283,-0.934028925,-1.02400373,0.114034586,-0.529955846,0.32294953,-0.032441257,0.732363811,-1.755811934,,,,,,,,
Chris Boucher,1628449,2024-25,0,1610612761,TOR,32,50,0,17.24,3.64,7.4,0.492,1.4,3.86,0.363,1.36,1.74,0.782,1.4,3.08,4.48,0.66,0.48,0.5,0.58,1.36,10.04,Forward,0.462078074,0.749581937,0.031678153,0.246657285,-0.829012417,-0.509957659,0.162846545,0.330955898,0.375050964,0.030713226,0.708284434,0.547216429,,,,,,,,
Chris Duarte,1630537,2021-22,0,1610612754,IND,25,55,39,28.01818182,4.872727273,11.29090909,0.432,1.709090909,4.636363636,0.369,1.636363636,2.036363636,0.804,0.745454545,3.363636364,4.109090909,2.072727273,1.018181818,0.181818182,1.636363636,1.727272727,13.09090909,Guard,0.457036952,0.750627505,0.491805703,0.093792556,-0.087213996,0.873293587,-0.613707353,0.672109736,-0.66061557,0.256539167,-0.563544474,0.462459356,,,,,,,,
Chris Duarte,1630537,2022-23,0,1610612754,IND,26,46,12,19.5,2.673913043,7.239130435,0.369,1.195652174,3.782608696,0.316,1.326086957,1.565217391,0.847,0.413043478,2.086956522,2.5,1.391304348,0.543478261,0.195652174,0.891304348,1.413043478,7.869565217,Guard,0.453730127,0.751445074,-0.295659309,-0.569370605,-0.445017274,-0.346803906,-0.57994414,0.105410458,-1.339981768,0.433120938,0.333483697,-2.704761908,,,,,,,,
Chris Duarte,1630537,2023-24,0,1610612758,SAC,27,59,11,12.20338983,1.355932203,3.559322034,0.381,0.745762712,2.152542373,0.346,0.440677966,0.559322034,0.788,0.440677966,1.355932203,1.796610169,0.745762712,0.474576271,0.13559322,0.440677966,1.355932203,3.898305085,Guard,0.45715331,0.748891276,-0.894591017,-0.859262382,-0.783979915,-0.523897892,-0.726523901,-0.39114739,-0.636710564,-0.118458582,0.876023823,-4.05854782,,,,,,,,
Chris Duarte,1630537,2024-25,0,1610612741,CHI,28,17,0,4.352941176,0.705882353,1.529411765,0.462,0.352941176,0.882352941,0.4,0.352941176,0.470588235,0.75,0.294117647,0.882352941,1.176470588,0.529411765,0,0,0.058823529,0.411764706,2.117647059,Guard,0.45989603,0.748468206,-1.163143697,-1.114843793,-0.897582019,-1.74366823,-1.057452438,-0.824717484,-0.07323616,-0.209835078,1.335764669,-5.74871423,,,,,,,,
Chris Paul,101108,2020-21,0,1610612756,PHX,36,70,70,31.42857143,6.271428571,12.55714286,0.499,1.457142857,3.685714286,0.395,2.414285714,2.585714286,0.934,0.357142857,4.1,4.457142857,8.885714286,1.414285714,0.271428571,2.228571429,2.371428571,16.41428571,Guard,0.464229974,0.75757736,0.993025862,0.237237049,3.490166511,1.891371844,-0.39500442,0.394026355,0.817145037,1.757597064,-1.276544208,7.909021096,,,,,,,,
Chris Paul,101108,2021-22,0,1610612756,PHX,37,65,65,32.90769231,5.584615385,11.32307692,0.493,0.969230769,3.061538462,0.317,2.6,3.107692308,0.837,0.338461538,4.015384615,4.353846154,10.8,1.861538462,0.307692308,2.353846154,2.061538462,14.73846154,Guard,0.46323425,0.75363523,0.740283861,0.194664832,4.495324511,3.040914434,-0.306499217,-0.14449832,0.61258003,0.906159839,-1.427371074,8.111558898,,,,,,,,
Chris Paul,101108,2022-23,0,1610612756,PHX,38,59,59,32.01694915,4.983050847,11.3220339,0.44,1.661016949,4.423728814,0.375,2.254237288,2.711864407,0.831,0.457627119,3.796610169,4.254237288,8.881355932,1.542372881,0.372881356,1.93220339,2.13559322,13.88135593,Guard,0.457843594,0.752700539,0.61101816,0.153612502,3.487878016,2.220585369,-0.147398959,0.61904892,-0.49489614,0.704281542,-0.919726322,6.234403089,,,,,,,,
Chris Paul,101108,2023-24,0,1610612744,GSW,39,58,18,26.39655172,3.551724138,8.051724138,0.441,1.344827586,3.620689655,0.371,0.74137931,0.896551724,0.827,0.310344828,3.568965517,3.879310345,6.775862069,1.206896552,0.103448276,1.310344828,1.862068966,9.189655172,Guard,0.458458168,0.749837394,-0.09656791,-0.000908125,2.382319956,1.358333925,-0.804976786,0.270060284,-0.368635766,0.085887818,-0.171027986,2.654485409,,,,,,,,
Chris Paul,101108,2024-25,0,1610612759,SAS,40,82,82,27.95121951,3.036585366,7.109756098,0.427,1.707317073,4.524390244,0.377,1.036585366,1.12195122,0.924,0.402439024,3.207317073,3.609756098,7.37804878,1.256097561,0.268292683,1.573170732,1.841463415,8.817073171,Guard,0.457682407,0.752306425,-0.152759438,-0.112000945,2.698517682,1.484791852,-0.402657862,0.670151895,-0.528010898,0.619159176,-0.487462187,3.789729275,,,,,,,,
Christian Braun,1631128,2022-23,0,1610612743,DEN,22,76,6,15.53947368,1.881578947,3.802631579,0.495,0.447368421,1.263157895,0.354,0.526315789,0.842105263,0.625,0.631578947,1.75,2.381578947,0.776315789,0.539473684,0.223684211,0.460526316,1.328947368,4.736842105,Guard,0.461151004,0.746409006,-0.768125766,-0.618176101,-0.767937027,-0.357096591,-0.511529208,-0.720495017,0.184590334,-0.654589504,0.852127028,-3.361231853,,,,,,,,
Christian Braun,1631128,2023-24,0,1610612743,DEN,23,82,4,20.19512195,2.707317073,5.890243902,0.46,0.768292683,2,0.384,1.134146341,1.634146341,0.694,0.963414634,2.768292683,3.731707317,1.609756098,0.512195122,0.426829268,0.670731707,1.670731707,7.317073171,Guard,0.459871425,0.746730405,-0.378984247,-0.061740543,-0.330312075,-0.427208779,-0.015733795,-0.366280317,-0.078291099,-0.585172378,0.599046286,-1.644676948,,,,,,,,
Christian Braun,1631128,2024-25,0,1610612743,DEN,24,79,77,33.86075949,6.025316456,10.39240506,0.58,1.126582278,2.835443038,0.397,2.240506329,2.708860759,0.827,1.240506329,3.949367089,5.189873418,2.594936709,1.075949367,0.46835443,1.025316456,2.151898734,15.41772152,Guard,0.471173538,0.752490506,0.8427275,0.539221177,0.18698906,1.021769495,0.085612431,0.029175734,2.243656371,0.65891765,0.172137294,5.780206713,,,,,,,,
Christian Wood,1626174,2020-21,0,1610612745,HOU,25,41,41,32.34146341,8.024390244,15.6097561,0.514,1.87804878,5.024390244,0.374,3.048780488,4.829268293,0.631,1.853658537,7.780487805,9.634146341,1.731707317,0.829268293,1.170731707,1.951219512,2.146341463,20.97560976,Forward,0.467173374,0.73810866,1.680948969,2.370862922,-0.26627762,0.38774231,1.799832985,0.858594115,1.421847941,-2.44733198,-0.94262114,4.863598501,,,,,,,,
Christian Wood,1626174,2021-22,0,1610612745,HOU,26,68,67,30.79411765,6.470588235,12.91176471,0.501,1.926470588,4.941176471,0.39,3.044117647,4.882352941,0.623,1.617647059,8.470588235,10.08823529,2.279411765,0.794117647,0.955882353,1.852941176,2.514705882,17.91176471,Forward,0.464567881,0.737293377,1.218870462,2.558009006,0.021312421,0.297397053,1.275472089,0.912038862,0.886566004,-2.62342012,-0.824297085,3.721948693,,,,,,,,
Christian Wood,1626174,2022-23,0,1610612742,DAL,27,67,17,25.94029851,5.910447761,11.47761194,0.515,1.567164179,4.164179104,0.376,3.23880597,4.194029851,0.772,1.298507463,6.029850746,7.328358209,1.805970149,0.447761194,1.074626866,1.805970149,2.52238806,16.62686567,Forward,0.465540609,0.75027601,1.025086436,1.420566244,-0.227283504,-0.592818817,1.565279706,0.51546052,1.086406705,0.180621864,-0.767745432,4.205573722,,,,,,,,
Christian Wood,1626174,2023-24,0,1610612747,LAL,28,50,1,17.44,2.46,5.28,0.466,0.7,2.28,0.307,1.32,1.88,0.702,0.78,4.3,5.08,0.98,0.32,0.66,1,1.44,6.94,Forward,0.460171592,0.746770421,-0.435853117,0.493938463,-0.660986005,-0.921194516,0.55334222,-0.441657205,-0.016623779,-0.576529531,0.202617519,-1.802945952,,,,,,,,
Chuma Okeke,1629643,2020-21,0,1610612753,ORL,22,45,19,25.17777778,3,7.2,0.417,1.088888889,3.133333333,0.348,0.666666667,0.888888889,0.75,0.933333333,3.088888889,4.022222222,2.244444444,1.066666667,0.488888889,0.844444444,1.066666667,7.755555556,Forward,0.456984936,0.748480797,-0.312853851,0.057990904,0.002951692,0.997910817,0.13572879,-0.012427703,-0.671301907,-0.207115586,0.389901562,0.380784719,,,,,,,,
Chuma Okeke,1629643,2021-22,0,1610612753,ORL,23,70,20,24.98571429,3.085714286,8.214285714,0.376,1.685714286,5.3,0.318,0.785714286,0.928571429,0.846,0.671428571,4.285714286,4.957142857,1.685714286,1.385714286,0.6,0.814285714,1.357142857,8.642857143,Forward,0.453497949,0.750232331,-0.179034097,0.443304698,-0.290427757,1.817936693,0.406906342,0.646308186,-1.387681368,0.171187935,0.426211733,2.054712364,,,,,,,,
Chuma Okeke,1629643,2022-23,0,1610612753,ORL,24,27,8,19.18518519,1.592592593,4.518518519,0.352,0.962962963,3.185185185,0.302,0.592592593,0.777777778,0.762,0.962962963,2.592592593,3.555555556,1.37037037,0.703703704,0.407407407,0.62962963,1.481481481,4.740740741,Forward,0.455200709,0.74866128,-0.767537787,-0.134338902,-0.456009341,0.065012392,-0.063134749,-0.151416304,-1.03786017,-0.168134102,0.648531906,-2.064887056,,,,,,,,
Chuma Okeke,1629643,2023-24,0,1610612753,ORL,25,47,8,9.191489362,0.85106383,2.382978723,0.357,0.489361702,1.744680851,0.28,0.085106383,0.14893617,0.571,0.382978723,1.319148936,1.70212766,0.425531915,0.191489362,0.14893617,0.340425532,0.404255319,2.276595745,Forward,0.457469681,0.747926773,-1.139171607,-0.898201959,-0.952127514,-1.251496459,-0.693959124,-0.674145647,-0.571714265,-0.326775939,0.99672463,-5.510867883,,,,,,,,
Riley Minix,,2024-25,,,,24,1,0,7,0,1,0,0,,,0,0,,0,2,2,0,0,0,0,0,0,Forward,0.455310744,,-1.482519897,-0.775438254,-1.175566892,-1.74366823,-1.057452438,-1.214270308,-1.015254035,,1.406586365,-7.05758369,565,SAS,1,0,0,0,,0
Clint Capela,203991,2020-21,0,1610612737,ATL,27,63,63,30.12698413,6.555555556,11.03174603,0.594,0,0,0,2.063492063,3.603174603,0.573,4.714285714,9.619047619,14.33333333,0.777777778,0.698412698,2.047619048,1.158730159,2.301587302,15.17460317,Center,0.473191175,0.736659886,0.806061232,4.307563751,-0.767169363,0.051413288,3.939962447,-1.214270308,2.658166908,-2.760244043,0.011511352,7.032995264,,,,,,,,
Clint Capela,203991,2021-22,0,1610612737,ATL,28,74,73,27.59459459,5,8.162162162,0.613,0,0.013513514,0,1.081081081,2.283783784,0.473,3.77027027,8.081081081,11.85135135,1.243243243,0.743243243,1.256756757,0.594594595,2.243243243,11.08108108,Center,0.471419853,0.736421819,0.188690399,3.284651369,-0.522761575,0.166638115,2.009785547,-1.214270308,2.294260122,-2.811662655,0.690712996,4.086044009,,,,,,,,
Clint Capela,203991,2022-23,0,1610612737,ATL,29,65,63,26.61538462,5.384615385,8.246153846,0.653,0,0.015384615,0,1.215384615,2.015384615,0.603,3.969230769,7.061538462,11.03076923,0.892307692,0.692307692,1.215384615,0.830769231,2.138461538,11.98461538,Center,0.474576895,0.742818046,0.324958315,2.946460512,-0.707031705,0.035722016,1.908812782,-1.214270308,2.942854473,-1.430179558,0.406366092,5.213692619,,,,,,,,
Clint Capela,203991,2023-24,0,1610612737,ATL,30,73,73,25.79452055,4.835616438,8.465753425,0.571,0,0.01369863,0,1.780821918,2.821917808,0.631,4.589041096,6.04109589,10.63013699,1.246575342,0.589041096,1.452054795,1.01369863,2.246575342,11.45205479,Center,0.46853803,0.742179027,0.24463937,2.781345825,-0.521011948,-0.229696924,2.486429542,-1.214270308,1.702207786,-1.568197431,0.186124795,3.867570705,,,,,,,,
Clint Capela,203991,2024-25,0,1610612737,ATL,31,55,41,21.38181818,3.963636364,7.090909091,0.559,0,0.018181818,0,0.945454545,1.763636364,0.536,3.163636364,5.363636364,8.527272727,1.127272727,0.618181818,0.963636364,0.854545455,1.927272727,8.872727273,Center,0.466428045,0.741215286,-0.144365879,1.914681235,-0.583655668,-0.154798556,1.294396512,-1.214270308,1.268724838,-1.776350194,0.377740259,0.982102239,,,,,,,,
Coby White,1629632,2020-21,0,1610612741,CHI,21,69,54,31.24637681,5.434782609,13.07246377,0.416,2.362318841,6.579710145,0.359,1.855072464,2.057971014,0.901,0.405797101,3.710144928,4.115942029,4.753623188,0.550724638,0.217391304,2.260869565,2.594202899,15.08695652,Guard,0.454792691,0.754484291,0.792842668,0.096616144,1.320477633,-0.328179048,-0.526887664,1.393098964,-1.121684751,1.089543397,-1.315430157,1.400397187,,,,,,,,
Coby White,1629632,2021-22,0,1610612741,CHI,22,61,17,27.45901639,4.573770492,10.55737705,0.433,2.229508197,5.786885246,0.385,1.278688525,1.491803279,0.857,0.278688525,2.704918033,2.983606557,2.885245902,0.475409836,0.180327869,1.147540984,2.245901639,12.6557377,Guard,0.457298561,0.751598553,0.42617466,-0.370059273,0.339425347,-0.521755438,-0.617344608,1.246511473,-0.6068697,0.466270135,0.02498277,0.387335367,,,,,,,,
Coby White,1629632,2022-23,0,1610612741,CHI,23,74,2,23.37837838,3.554054054,8.027027027,0.443,1.72972973,4.648648649,0.372,0.824324324,0.945945946,0.871,0.216216216,2.648648649,2.864864865,2.756756757,0.72972973,0.081081081,1,1.648648649,9.662162162,Guard,0.458610771,0.750729183,-0.025306042,-0.418996915,0.271957941,0.131905274,-0.859566117,0.694889484,-0.337284501,0.278499927,0.202617519,-0.061283431,,,,,,,,
Coby White,1629632,2023-24,0,1610612741,CHI,24,79,78,36.46835443,6.848101266,15.30379747,0.447,2.64556962,7.037974684,0.376,2.759493671,3.291139241,0.838,0.556962025,3.974683544,4.53164557,5.126582278,0.670886076,0.227848101,2.101265823,2.35443038,19.10126582,Guard,0.458156486,0.753983959,1.398266903,0.267942247,1.516311939,-0.019336472,-0.501366826,1.705732197,-0.43061451,0.981479687,-1.123272224,3.795142941,,,,,,,,
Coby White,1629632,2024-25,0,1610612741,CHI,25,74,73,33.10810811,6.864864865,15.14864865,0.453,2.918918919,7.891891892,0.37,3.743243243,4.148648649,0.902,0.337837838,3.351351351,3.689189189,4.459459459,0.932432432,0.216216216,2.391891892,2.081081081,20.39189189,Guard,0.458960862,0.760217873,1.59291466,-0.079263764,1.166017396,0.652897912,-0.529755581,2.007436841,-0.265360568,2.327905966,-1.473176957,5.399615903,,,,,,,,
Cody Martin,1628998,2021-22,0,1610612766,CHA,26,71,11,26.28169014,2.873239437,5.957746479,0.482,0.85915493,2.23943662,0.384,1.056338028,1.507042254,0.701,1.154929577,2.85915493,4.014084507,2.521126761,1.23943662,0.450704225,0.85915493,1.633802817,7.661971831,Forward,0.461108514,0.747065341,-0.326967824,0.054637064,0.148232745,1.441969395,0.042535377,-0.265992656,0.175860868,-0.512831609,0.372190595,1.129633955,,,,,,,,
Anthony Lamb,1630237,2021-22,0,1610612759,SAS,24,2,0,4,0,1,0,0,1,0,0,0,0,0,0.5,0.5,1,0,0,0,0,0,Forward,0.455310744,0.748453789,-1.482519897,-1.393641201,-0.650484354,-1.74366823,-1.057452438,-1.214270308,-1.015254035,-0.212948896,1.406586365,-7.363652995,,,,,,,,
Cody Martin,1628998,2023-24,0,1610612766,CHA,28,28,22,26.89285714,2.928571429,7.678571429,0.381,0.964285714,3.071428571,0.314,0.714285714,1.178571429,0.606,0.678571429,3.214285714,3.892857143,3.714285714,1.142857143,0.642857143,1.571428571,1.714285714,7.535714286,Forward,0.454240061,0.745173276,-0.34600955,0.004674988,0.774739675,1.193737892,0.511503398,-0.14995634,-1.235219061,-0.92148743,-0.485364679,-0.653381107,,,,,,,,
Cody Martin,1628998,2024-25,0,0,TOT,29,53,8,22.13207547,2.566037736,6.132075472,0.418,0.811320755,2.849056604,0.285,0.811320755,1.150943396,0.705,1,3.226415094,4.226415094,1.981132075,1.056603774,0.603773585,0.962264151,1.79245283,6.754716981,Forward,0.457445051,0.747476039,-0.463796861,0.142145994,-0.135309035,0.972046864,0.416116146,-0.318788814,-0.57677418,-0.424127389,0.248050305,-0.14043697,,,,,,,,
Cody Zeller,203469,2020-21,0,1610612766,CHA,28,48,21,20.9375,3.770833333,6.75,0.559,0.083333333,0.583333333,0.143,1.770833333,2.479166667,0.714,2.479166667,4.354166667,6.833333333,1.791666667,0.5625,0.354166667,1.0625,2.520833333,9.395833333,Forward-Center,0.466132414,0.746826159,-0.065472834,1.216549019,-0.234794012,-0.297913655,-0.193073991,-1.122292558,1.207989302,-0.564491125,0.127369466,0.073869612,,,,,,,,
Cody Zeller,203469,2021-22,0,1610612757,POR,29,27,0,13.14814815,1.888888889,3.333333333,0.567,0,0.148148148,0,1.407407407,1.814814815,0.776,1.851851852,2.777777778,4.62962963,0.814814815,0.296296296,0.222222222,0.703703704,2.074074074,5.185185185,Forward-Center,0.463319857,0.749418595,-0.700508214,0.308324937,-0.747721861,-0.982118496,-0.515097335,-1.214270308,0.630167254,-0.004566053,0.559349028,-2.666441049,,,,,,,,
D.J. Wilson,1628391,2023-24,0,1610612755,PHI,28,2,0,7.5,2,3,0.667,1,1,1,0,0,0,0.5,0.5,1,1,0,1,0,0.5,5,Forward,0.465896943,0.748453789,-0.728437203,-1.187573552,-0.650484354,-1.74366823,1.383145528,-0.110537304,1.159613409,-0.212948896,1.406586365,-0.684304236,,,,,,,,
Cody Zeller,203469,2023-24,0,1610612740,NOP,31,43,0,7.441860465,0.604651163,1.441860465,0.419,0.023255814,0.069767442,0.333,0.534883721,0.88372093,0.605,1.11627907,1.488372093,2.604651163,0.906976744,0.209302326,0.11627907,0.372093023,1.046511628,1.76744186,Forward-Center,0.459283027,0.745962361,-1.215960433,-0.526240167,-0.699329242,-1.205713038,-0.773661976,-1.188602099,-0.199173819,-0.751057607,0.958597957,-5.601140423,,,,,,,,
Cole Anthony,1630175,2020-21,0,1610612753,ORL,21,47,34,27.08510638,4.659574468,11.74468085,0.397,1.234042553,3.659574468,0.337,2.319148936,2.787234043,0.832,0.808510638,3.893617021,4.70212766,4.085106383,0.638297872,0.382978723,2.255319149,2.085106383,12.87234043,Guard,0.453256684,0.752865137,0.458841934,0.338203934,0.969451133,-0.103095663,-0.122755346,0.147783187,-1.437247738,0.739831936,-1.308747629,-0.317734252,,,,,,,,
Cole Anthony,1630175,2021-22,0,1610612753,ORL,22,65,65,31.67692308,5.492307692,14.03076923,0.391,2.030769231,6.015384615,0.338,3.323076923,3.892307692,0.854,0.492307692,4.861538462,5.353846154,5.676923077,0.707692308,0.261538462,2.615384615,2.630769231,16.33846154,Guard,0.451390588,0.756076738,0.981590324,0.60680013,1.805286282,0.075264023,-0.4191422,1.027156717,-1.820625328,1.43348672,-1.742255233,1.947561433,,,,,,,,
Cole Anthony,1630175,2022-23,0,1610612753,ORL,23,60,4,25.86666667,4.616666667,10.16666667,0.454,1.25,3.433333333,0.364,2.533333333,2.833333333,0.894,0.783333333,4.016666667,4.8,3.916666667,0.616666667,0.516666667,1.516666667,2.633333333,13.01666667,Guard,0.45932271,0.756259106,0.480608718,0.37854058,0.88100638,-0.158692843,0.203523179,0.165395947,-0.191021221,1.472875305,-0.419433053,2.812802993,,,,,,,,
Cole Anthony,1630175,2023-24,0,1610612753,ORL,24,81,0,22.43209877,4.098765432,9.419753086,0.435,1.148148148,3.395061728,0.338,2.222222222,2.691358025,0.826,0.790123457,3.049382716,3.839506173,2.913580247,0.790123457,0.456790123,1.555555556,2.160493827,11.56790123,Guard,0.457723367,0.752414678,0.262110929,-0.017312829,0.354303217,0.287131064,0.057388607,0.052978697,-0.519596071,0.64254002,-0.466254063,0.65328957,,,,,,,,
Cole Anthony,1630175,2024-25,0,1610612753,ORL,25,67,22,18.41791045,3.432835821,8.104477612,0.424,1.149253731,3.253731343,0.353,1.388059701,1.686567164,0.823,0.686567164,2.358208955,3.044776119,2.850746269,0.671641791,0.47761194,1.537313433,2.253731343,9.402985075,Guard,0.457175177,0.750886281,-0.064394233,-0.344849137,0.321310192,-0.01739411,0.108206291,0.054198965,-0.632218177,0.312430755,-0.444291116,-0.707000568,,,,,,,,
Collin Sexton,1629012,2020-21,0,1610612739,CLE,22,60,60,35.25,8.75,18.41666667,0.475,1.633333333,4.4,0.371,5.2,6.383333333,0.815,0.966666667,2.15,3.116666667,4.366666667,1.033333333,0.166666667,2.783333333,2.616666667,24.33333333,Guard,0.46221789,0.755987693,2.187349216,-0.315220505,1.117293521,0.912236471,-0.65068611,0.588493599,0.40377528,1.414254457,-1.944460258,3.713035672,,,,,,,,
Damyean Dotson,1628422,2021-22,0,1610612752,NYK,28,2,0,10.5,1,2,0.5,0,0.5,0,0,0,0,0,1,1,0.5,0,0,0,0,2,Guard,0.460650835,0.748453789,-1.18088682,-1.187573552,-0.913025623,-1.74366823,-1.057452438,-1.214270308,0.081833725,-0.212948896,1.406586365,-6.021405776,,,,,,,,
Collin Sexton,1629012,2022-23,0,1610612762,UTA,24,48,15,23.85416667,4.9375,9.75,0.506,1,2.541666667,0.393,3.395833333,4.145833333,0.819,0.770833333,1.416666667,2.1875,2.875,0.5625,0.125,1.770833333,2.333333333,14.27083333,Guard,0.463962507,0.753855365,0.669757793,-0.698162886,0.334045403,-0.297913655,-0.752377692,-0.110537304,0.762195774,0.953705472,-0.7254418,0.135271105,,,,,,,,
Collin Sexton,1629012,2023-24,0,1610612762,UTA,25,78,51,26.6025641,6.487179487,13.30769231,0.487,1.641025641,4.166666667,0.394,4.076923077,4.743589744,0.859,0.91025641,1.717948718,2.628205128,4.91025641,0.794871795,0.230769231,2.115384615,1.974358974,18.69230769,Guard,0.463050921,0.758032735,1.336589253,-0.516532746,1.402723003,0.299335387,-0.494237522,0.596983853,0.574916244,1.855950781,-1.14027081,3.915457443,,,,,,,,
Collin Sexton,1629012,2024-25,0,1610612762,UTA,26,63,61,27.9047619,6.603174603,13.76190476,0.48,1.746031746,4.301587302,0.406,3.444444444,3.984126984,0.865,0.952380952,1.761904762,2.714285714,4.19047619,0.746031746,0.095238095,2.53968254,2.285714286,18.3968254,Guard,0.462299744,0.757055112,1.292025637,-0.481055898,1.024778979,0.17380521,-0.825014537,0.712882557,0.420591628,1.644799819,-1.651112293,2.311701101,,,,,,,,
Corey Kispert,1630557,2021-22,0,1610612764,WAS,23,77,36,23.38961039,3.038961039,6.675324675,0.455,1.454545455,4.155844156,0.35,0.701298701,0.805194805,0.871,0.688311688,2.025974026,2.714285714,1.103896104,0.454545455,0.285714286,0.649350649,1.207792208,8.233766234,Forward,0.459559491,0.750395983,-0.240731772,-0.481055898,-0.595930324,-0.575381703,-0.360138733,0.391159517,-0.142376001,0.206534188,0.624788413,-1.173132313,,,,,,,,
Corey Kispert,1630557,2022-23,0,1610612764,WAS,24,74,45,28.28378378,3.932432432,7.905405405,0.497,2.202702703,5.189189189,0.424,1.013513514,1.189189189,0.852,0.445945946,2.351351351,2.797297297,1.175675676,0.432432432,0.121621622,0.743243243,1.310810811,11.08108108,Forward,0.462584534,0.750859297,0.188690399,-0.446843895,-0.558240125,-0.632217266,-0.760622955,1.216925364,0.479099878,0.306602642,0.511744655,0.305138698,,,,,,,,
Corey Kispert,1630557,2023-24,0,1610612764,WAS,25,80,22,25.8375,4.825,9.925,0.486,2.3,6,0.383,1.425,1.9625,0.726,0.375,2.4375,2.8125,1.95,0.5125,0.2,1.225,1.7625,13.375,Forward,0.462223654,0.747605763,0.534651311,-0.440578324,-0.151655944,-0.426425172,-0.569332845,1.324315602,0.404959415,-0.396109042,-0.068275472,0.211549529,,,,,,,,
Corey Kispert,1630557,2024-25,0,1610612764,WAS,26,61,0,26.26229508,4.180327869,9.262295082,0.451,1.967213115,5.409836066,0.364,1.229508197,1.442622951,0.852,0.590163934,2.37704918,2.967213115,1.68852459,0.426229508,0.229508197,1.049180328,1.606557377,11.55737705,Forward,0.459112452,0.75135757,0.260523708,-0.376815589,-0.288952116,-0.64816021,-0.497315199,0.957007734,-0.234217217,0.414221667,0.143405936,-0.270301285,,,,,,,,
Cory Joseph,202709,2020-21,0,0,TOT,29,63,13,22.95238095,3.174603175,6.761904762,0.469,0.714285714,2.095238095,0.341,1.142857143,1.396825397,0.818,0.555555556,1.968253968,2.523809524,3.380952381,0.968253968,0.285714286,1.253968254,2.206349206,8.206349206,Guard,0.460442502,0.750343865,-0.244866713,-0.55955786,0.599712163,0.744967511,-0.360138733,-0.425889591,0.039032947,0.195277444,-0.103152347,-0.114615178,,,,,,,,
Cory Joseph,202709,2021-22,0,1610612765,DET,30,65,39,24.61538462,2.738461538,6.153846154,0.445,1,2.415384615,0.414,1.538461538,1.738461538,0.885,0.446153846,2.230769231,2.676923077,3.646153846,0.646153846,0.261538462,1.307692308,2.261538462,8.015384615,Guard,0.459002179,0.753041871,-0.273667332,-0.49645436,0.738964821,-0.082904,-0.4191422,-0.110537304,-0.256872162,0.778003862,-0.167834435,-0.290443109,,,,,,,,
Cory Joseph,202709,2022-23,0,1610612765,DET,31,62,2,19.79032258,2.419354839,5.661290323,0.427,1.129032258,2.903225806,0.389,0.919354839,1.161290323,0.792,0.338709677,1.370967742,1.709677419,3.5,0.548387097,0.14516129,0.903225806,1.419354839,6.887096774,Guard,0.45810302,0.749442227,-0.443831799,-0.895090437,0.662221989,-0.334187066,-0.703172089,0.031879858,-0.441598811,0.000538094,0.319130633,-1.804109628,,,,,,,,
Cory Joseph,202709,2023-24,0,1610612744,GSW,32,26,0,11.38461538,0.884615385,2.461538462,0.359,0.5,1.615384615,0.31,0.153846154,0.269230769,0.571,0.230769231,0.923076923,1.153846154,1.615384615,0.153846154,0.115384615,0.461538462,0.961538462,2.423076923,Guard,0.457440696,0.747503386,-1.117079822,-1.124168121,-0.327356639,-1.348248175,-0.775844981,-0.662403806,-0.577668943,-0.41822077,0.850908435,-5.500082824,,,,,,,,
Cory Joseph,202709,2024-25,0,1610612753,ORL,33,50,16,12.24,1.24,3.08,0.403,0.78,2.14,0.364,0.28,0.36,0.778,0.34,1.14,1.48,1.44,0.52,0.08,0.36,1,3.54,Guard,0.458164777,0.748665001,-0.94862935,-0.989748609,-0.419448038,-0.407148445,-0.862204601,-0.353358565,-0.428911204,-0.167330469,0.97315758,-3.603621699,,,,,,,,
D'Angelo Russell,1626156,2020-21,0,1610612750,MIN,25,42,26,28.47619048,6.69047619,15.52380952,0.431,2.857142857,7.380952381,0.387,2.714285714,3.547619048,0.765,0.380952381,2.261904762,2.642857143,5.80952381,1.071428571,0.428571429,2.666666667,1.619047619,18.95238095,Guard,0.455985197,0.749550003,1.375812602,-0.510494134,1.874912611,1.010150008,-0.01148188,1.939252562,-0.876691946,0.023815882,-1.803997226,3.021278479,,,,,,,,
D'Angelo Russell,1626156,2021-22,0,1610612750,MIN,26,65,65,31.95384615,6.169230769,15,0.411,2.707692308,7.969230769,0.34,3.046153846,3.692307692,0.825,0.384615385,2.938461538,3.323076923,7.076923077,0.953846154,0.338461538,2.538461538,2,18.09230769,Guard,0.453490306,0.753717712,1.24609933,-0.230151552,2.540401834,0.70793611,-0.231403897,1.774299059,-1.389251563,0.92397458,-1.649642245,3.692261656,,,,,,,,
D'Angelo Russell,1626156,2022-23,0,0,TOT,27,71,71,32.45070423,6.267605634,13.35211268,0.469,2.732394366,6.901408451,0.396,2.521126761,3.042253521,0.829,0.492957746,2.535211268,3.028169014,6.154929577,0.985915493,0.408450704,2.61971831,1.971830986,17.78873239,Guard,0.460940028,0.75307354,1.200315154,-0.351693511,2.056279148,0.790361699,-0.060588481,1.801563535,0.141246634,0.784843689,-1.747472867,4.614855,,,,,,,,
D'Angelo Russell,1626156,2023-24,0,1610612747,LAL,28,76,69,32.68421053,6.473684211,14.21052632,0.456,2.973684211,7.171052632,0.415,2.092105263,2.526315789,0.828,0.368421053,2.736842105,3.105263158,6.342105263,0.907894737,0.473684211,2.052631579,2.052631579,18.01315789,Guard,0.459383096,0.752279659,1.234162231,-0.319920293,2.154561832,0.589830383,0.098620284,2.067883101,-0.178615219,0.613378051,-1.06471811,5.195182259,,,,,,,,
D'Angelo Russell,1626156,2024-25,0,0,TOT,29,58,36,25.51724138,4.293103448,11,0.39,1.948275862,6.206896552,0.314,2.086206897,2.5,0.834,0.344827586,2.448275862,2.793103448,5.120689655,0.965517241,0.396551724,1.862068966,1.982758621,12.62068966,Guard,0.452940407,0.752527418,0.420888836,-0.448572328,1.513217825,0.737933492,-0.089629107,0.936106063,-1.5022248,0.666890097,-0.83528666,1.399323418,,,,,,,,
D.J. Augustin,201571,2020-21,0,0,TOT,33,57,12,19.80701754,2.368421053,6.01754386,0.394,1.456140351,3.807017544,0.382,1.49122807,1.649122807,0.904,0.350877193,1.298245614,1.649122807,3.298245614,0.49122807,0.01754386,1.140350877,0.98245614,7.684210526,Guard,0.456125427,0.753420278,-0.323613861,-0.92004713,0.556284284,-0.481098933,-1.014634929,0.392919856,-0.847882659,0.859733629,0.033639435,-1.744700308,,,,,,,,
D.J. Augustin,201571,2021-22,0,0,TOT,34,55,2,16.05454545,1.709090909,4.036363636,0.423,1.236363636,2.981818182,0.415,0.690909091,0.781818182,0.884,0.2,1.036363636,1.236363636,1.945454545,0.309090909,0.018181818,1.018181818,0.709090909,5.345454545,Guard,0.458433622,0.750540608,-0.676336944,-1.090159754,-0.154042683,-0.949233393,-1.01307793,0.150345042,-0.373678645,0.23777089,0.180727176,-3.68768624,,,,,,,,
D.J. Wilson,1628391,2020-21,0,0,TOT,25,35,1,12.37142857,1.942857143,4.8,0.405,0.857142857,2.485714286,0.345,0.485714286,0.714285714,0.68,0.571428571,2.628571429,3.2,0.657142857,0.314285714,0.457142857,0.628571429,1.257142857,5.228571429,Forward,0.457351004,0.747489651,-0.693964851,-0.280875896,-0.830512653,-0.935881547,0.058249489,-0.268213447,-0.596095714,-0.421187317,0.649805947,-3.31867599,,,,,,,,
Danny Green,201980,2023-24,0,1610612755,PHI,37,2,0,9,0,1,0,0,0.5,0,0,0,0,0,1,1,0.5,0.5,0,0,0.5,0,Guard,0.455310744,0.748453789,-1.482519897,-1.187573552,-0.913025623,-0.458553052,-1.057452438,-1.214270308,-1.015254035,-0.212948896,1.406586365,-6.135011436,,,,,,,,
Hamidou Diallo,1628977,2023-24,0,1610612764,WAS,25,2,0,2.5,0.5,1,0.5,0,0,0,0,0,0,1,0,1,0.5,1,0,0.5,0.5,1,Guard,0.460261239,0.748453789,-1.331703359,-1.187573552,-0.913025623,0.826562126,-1.057452438,-1.214270308,0.001793762,-0.212948896,0.804601942,-4.284016345,,,,,,,,
Daishen Nix,1630227,2022-23,0,1610612745,HOU,21,57,7,16.03508772,1.421052632,4.157894737,0.342,0.701754386,2.456140351,0.286,0.421052632,0.631578947,0.667,0.315789474,1.403508772,1.719298246,2.315789474,0.543859649,0.122807018,1.50877193,1.035087719,3.964912281,Guard,0.455158827,0.747437733,-0.88454555,-0.891125355,0.040413721,-0.345823651,-0.75772988,-0.439720831,-1.046464514,-0.432400714,-0.409928035,-5.16732481,,,,,,,,
Henry Ellenson,1627740,2020-21,0,1610612761,TOR,24,2,0,19,2.5,7,0.357,1,4.5,0.222,1.5,2,0.75,1.5,4.5,6,2.5,0,0,0,3.5,7.5,Forward-Center,0.453134441,0.748513259,-0.351395855,0.873102937,0.137139452,-1.74366823,-1.057452438,-0.110537304,-1.462361765,-0.200104397,1.406586365,-2.508691234,,,,,,,,
Joshua Primo,1630563,2023-24,0,1610612746,LAC,21,2,0,5,0.5,1.5,0.333,0,0.5,0,0,0,0,0.5,0,0.5,0,0,0.5,2,0,1,Guard,0.457989017,0.748453789,-1.331703359,-1.393641201,-1.175566892,-1.74366823,0.162846545,-1.214270308,-0.465020006,-0.212948896,-1.001351328,-8.375323674,,,,,,,,
Dalen Terry,1631207,2022-23,0,1610612741,CHI,20,38,0,5.631578947,0.842105263,1.894736842,0.444,0.184210526,0.710526316,0.259,0.368421053,0.552631579,0.667,0.315789474,0.657894737,0.973684211,0.578947368,0.289473684,0.131578947,0.210526316,0.631578947,2.236842105,Forward,0.459568863,0.747563352,-1.145167113,-1.198419217,-0.871571739,-0.99965418,-0.736321128,-1.010951071,-0.140450615,-0.405269113,1.153119239,-5.354684936,,,,,,,,
Dalen Terry,1631207,2023-24,0,1610612741,CHI,21,59,2,11.54237288,1.169491525,2.661016949,0.439,0.288135593,1.254237288,0.23,0.423728814,0.728813559,0.581,0.491525424,1.423728814,1.915254237,1.372881356,0.457627119,0.305084746,0.542372881,1.372881356,3.050847458,Forward,0.459323052,0.746048004,-1.022401643,-0.810364974,-0.454690866,-0.567461117,-0.312863227,-0.896245545,-0.1909509,-0.732560017,0.753586313,-4.233951975,,,,,,,,
Dalen Terry,1631207,2024-25,0,1610612741,CHI,22,73,5,13.52054795,1.643835616,3.671232877,0.448,0.506849315,1.424657534,0.356,0.671232877,0.945205479,0.71,0.520547945,1.178082192,1.698630137,1.328767123,0.602739726,0.205479452,0.726027397,1.561643836,4.465753425,Forward,0.459443726,0.747740341,-0.809010422,-0.899643412,-0.477854479,-0.194488289,-0.555959705,-0.654843991,-0.166159186,-0.367042201,0.532471997,-3.592529689,,,,,,,,
Damian Jones,1627745,2020-21,0,0,TOT,26,39,10,14,1.794871795,2.641025641,0.68,0.025641026,0.128205128,0.2,1.076923077,1.487179487,0.724,0.923076923,2.179487179,3.102564103,0.743589744,0.282051282,0.743589744,0.666666667,1.974358974,4.692307692,Center,0.465528109,0.747747454,-0.774842292,-0.321032669,-0.785120902,-1.018731463,0.757351179,-1.185969462,1.083838789,-0.365505904,0.603940467,-2.006072257,,,,,,,,
Damian Jones,1627745,2021-22,0,1610612758,SAC,27,56,15,18.16071429,3.125,4.75,0.658,0.178571429,0.517857143,0.345,1.678571429,2.339285714,0.718,1.339285714,3.053571429,4.392857143,1.232142857,0.464285714,0.839285714,1.053571429,2.321428571,8.107142857,Center,0.468848546,0.747092668,-0.259828671,0.210742637,-0.528590194,-0.550346994,0.990906569,-1.017175129,1.766001389,-0.5069294,0.138119187,0.242899395,,,,,,,,
Damian Jones,1627745,2022-23,0,0,TOT,28,41,1,11.63414634,1.341463415,2.097560976,0.64,0.243902439,0.414634146,0.588,0.536585366,0.707317073,0.759,1.024390244,1.951219512,2.975609756,0.365853659,0.195121951,0.512195122,0.56097561,1.341463415,3.463414634,Center,0.46356469,0.748600898,-0.960179689,-0.373355037,-0.983463524,-1.242159868,0.192609935,-0.945067137,0.680466728,-0.181175642,0.731189207,-3.081135027,,,,,,,,
Damian Jones,1627745,2023-24,0,1610612739,CLE,29,39,0,6.923076923,1.102564103,1.846153846,0.597,0.076923077,0.358974359,0.214,0.461538462,0.538461538,0.857,0.512820513,1.076923077,1.58974359,0.384615385,0.179487179,0.333333333,0.333333333,0.692307692,2.743589744,Center,0.462349703,0.749610293,-1.068741188,-0.944519402,-0.973612069,-1.282344834,-0.243919783,-1.12936777,0.430855444,0.03683766,1.005263417,-4.169548525,,,,,,,,
Damian Lillard,203081,2020-21,0,1610612757,POR,30,67,67,35.79104478,8.985074627,19.91044776,0.451,4.104477612,10.50746269,0.391,6.701492537,7.223880597,0.928,0.47761194,3.746268657,4.223880597,7.537313433,0.925373134,0.253731343,3.029850746,1.52238806,28.7761194,Guard,0.45839206,0.771119508,2.857394835,0.141101438,2.78214477,0.63475389,-0.438196238,3.315977099,-0.382217363,4.682485315,-2.241259543,11.3521842,,,,,,,,
Damian Lillard,203081,2021-22,0,1610612757,POR,31,29,29,36.4137931,7.655172414,19.03448276,0.402,3.172413793,9.793103448,0.324,5.482758621,6.24137931,0.878,0.448275862,3.689655172,4.137931034,7.310344828,0.586206897,0.379310345,2.862068966,1.275862069,23.96551724,Guard,0.450610999,0.762830162,2.131876467,0.10567859,2.662967519,-0.236981468,-0.131708381,2.2872275,-1.980786799,2.892118636,-2.039255507,5.691136554,,,,,,,,
Damian Lillard,203081,2022-23,0,1610612757,POR,32,58,58,36.32758621,9.586206897,20.72413793,0.463,4.206896552,11.34482759,0.371,8.793103448,9.620689655,0.914,0.75862069,4.017241379,4.775862069,7.327586207,0.862068966,0.310344828,3.293103448,1.879310345,32.17241379,Guard,0.460402219,0.775167145,3.3696122,0.368592487,2.672020666,0.472047596,-0.300025482,3.429020263,0.030757213,5.556710502,-2.558207595,13.04052785,,,,,,,,
Damian Lillard,203081,2023-24,0,1610612749,MIL,33,73,73,35.31506849,7.410958904,17.49315068,0.424,3.01369863,8.520547945,0.354,6.479452055,7.04109589,0.92,0.493150685,3.890410959,4.383561644,6.95890411,0.98630137,0.246575342,2.643835616,1.835616438,24.31506849,Guard,0.454524206,0.769629282,2.184594576,0.206911634,2.478432135,0.791353492,-0.45566116,2.112048336,-1.176843271,4.360620247,-1.776509352,8.724946637,,,,,,,,
Damian Lillard,203081,2024-25,0,1610612749,MIL,34,58,58,36.0862069,7.655172414,17.10344828,0.448,3.396551724,9.034482759,0.376,6.24137931,6.775862069,0.921,0.5,4.189655172,4.689655172,7.068965517,1.206896552,0.172413793,2.793103448,1.672413793,24.94827586,Guard,0.458131087,0.769046155,2.28009272,0.333063581,2.536223458,1.358333925,-0.636659686,2.534615932,-0.435832609,4.234674105,-1.956223172,10.24828826,,,,,,,,
Damion Lee,1627814,2020-21,0,1610612744,GSW,28,57,1,18.92982456,2.245614035,4.807017544,0.467,1.350877193,3.403508772,0.397,0.701754386,0.771929825,0.909,0.385964912,2.771929825,3.157894737,1.280701754,0.666666667,0.140350877,0.526315789,1.561403509,6.543859649,Guard-Forward,0.460191154,0.750894713,-0.495597634,-0.298228962,-0.503092765,-0.030181325,-0.714912373,0.276737435,-0.012604797,0.314251747,0.772918552,-0.690710121,,,,,,,,
Damion Lee,1627814,2021-22,0,1610612744,GSW,29,63,5,19.95238095,2.682539683,6.079365079,0.441,1,2.968253968,0.337,1.047619048,1.19047619,0.88,0.428571429,2.793650794,3.222222222,1,0.619047619,0.095238095,0.603174603,1.507936508,7.412698413,Guard-Forward,0.458782772,0.751513003,-0.364562379,-0.271717334,-0.650484354,-0.152573248,-0.825014537,-0.110537304,-0.301947953,0.44779264,0.680382934,-1.548661534,,,,,,,,
Damion Lee,1627814,2022-23,0,1610612756,PHX,30,74,5,20.35135135,2.702702703,6.108108108,0.442,1.486486486,3.337837838,0.445,1.27027027,1.405405405,0.904,0.527027027,2.513513514,3.040540541,1.337837838,0.405405405,0.094594595,1.054054054,1.594594595,8.162162162,Guard-Forward,0.45883552,0.752706367,-0.25153085,-0.346594768,-0.473091605,-0.701682951,-0.826585062,0.426413887,-0.291111237,0.705540165,0.137538122,-1.621104299,,,,,,,,
Damion Lee,1627814,2024-25,0,1610612756,PHX,32,25,0,5.76,1.08,2.96,0.365,0.36,1.48,0.243,0.8,0.84,0.952,0.12,0.68,0.8,0.44,0.24,0,0.4,0.24,3.32,Guard-Forward,0.457136608,0.751816866,-0.981808988,-1.270000611,-0.944530575,-1.126812944,-1.057452438,-0.816926427,-0.640141894,0.513422089,0.924998827,-5.399252963,,,,,,,,
Damyean Dotson,1628422,2020-21,0,1610612739,CLE,27,46,7,19.7173913,2.586956522,6.369565217,0.406,1,3.456521739,0.289,0.52173913,0.782608696,0.667,0.108695652,1.913043478,2.02173913,1.97826087,0.347826087,0.086956522,0.913043478,0.913043478,6.695652174,Guard,0.456638406,0.747198508,-0.472704811,-0.766478791,-0.136816655,-0.849675063,-0.845226527,-0.110537304,-0.74249447,-0.484069593,0.307310462,-4.100692751,,,,,,,,
Justin Jackson,1628382,2023-24,0,1610612750,MIN,29,2,0,0.5,0,0,0,0,0,0,0,0,0,0,0,0,0,0,0,0,0,0,Forward,0.459863852,0.748453789,-1.482519897,-1.59970885,-1.175566892,-1.74366823,-1.057452438,-1.214270308,-0.079847,-0.212948896,1.406586365,-7.159396146,,,,,,,,
Daniel Gafford,1629655,2020-21,0,0,TOT,22,54,11,14.64814815,2.851851852,4.166666667,0.684,0,0,0,1.333333333,2,0.667,1.740740741,2.537037037,4.277777778,0.537037037,0.481481481,1.388888889,0.759259259,1.814814815,7.037037037,Forward-Center,0.468829298,0.745320951,-0.421218327,0.163314369,-0.893578122,-0.506149912,2.33226696,-1.214270308,1.76204698,-0.889592004,0.492461871,0.825281507,,,,,,,,
Daniel Gafford,1629655,2021-22,0,1610612764,WAS,23,72,53,20.05555556,3.958333333,5.708333333,0.693,0,0.013888889,0,1.486111111,2.125,0.699,2.152777778,3.5,5.652777778,0.944444444,0.416666667,1.375,0.902777778,2.361111111,9.402777778,Forward-Center,0.472453388,0.746437687,-0.064425497,0.730000404,-0.679655607,-0.672738914,2.298369766,-1.214270308,2.506593248,-0.648394747,0.319670045,2.57514839,,,,,,,,
Daniel Gafford,1629655,2022-23,0,1610612764,WAS,24,78,47,20.56410256,3.705128205,5.064102564,0.732,0,0,0,1.628205128,2.397435897,0.679,2.08974359,3.461538462,5.551282051,1.076923077,0.423076923,1.269230769,1.08974359,2.397435897,9.038461538,Forward-Center,0.472980847,0.745275942,-0.119370411,0.688170432,-0.61009339,-0.656263079,2.040229596,-1.214270308,2.614956509,-0.899313109,0.094569032,1.93861527,,,,,,,,
Daniel Gafford,1629655,2023-24,0,0,TOT,25,74,66,24.51351351,4.702702703,6.486486486,0.725,0,0,0,1.594594595,2.364864865,0.674,2.635135135,4.959459459,7.594594595,1.554054054,0.878378378,2.067567568,1,3.067567568,11,Forward-Center,0.476014277,0.74509136,0.176462031,1.530291656,-0.359560246,0.513966541,3.988648764,-1.214270308,3.238155398,-0.939180034,0.202617519,7.13713132,,,,,,,,
Daniel Gafford,1629655,2024-25,0,1610612742,DAL,26,57,31,21.50877193,4.964912281,7.070175439,0.702,0,0,0,2.368421053,3.438596491,0.689,2.719298246,4.087719298,6.807017544,1.403508772,0.403508772,1.789473684,1.157894737,2.666666667,12.29824561,Forward-Center,0.475852852,0.744628135,0.37225894,1.205703353,-0.438608945,-0.706557735,3.309933396,-1.214270308,3.204991625,-1.039229254,0.012517174,4.706738246,,,,,,,,
Daniel Theis,1628464,2020-21,0,0,TOT,29,65,51,24.63076923,3.876923077,7.169230769,0.541,0.753846154,2.338461538,0.322,1.138461538,1.692307692,0.673,1.430769231,4.046153846,5.476923077,1.661538462,0.630769231,0.876923077,1.015384615,2.569230769,9.646153846,Forward-Center,0.465291564,0.745983576,-0.02772036,0.657524474,-0.30312206,-0.122446005,1.08276424,-0.382225428,1.035242088,-0.746475623,0.184094921,1.377636247,,,,,,,,
Daniel Theis,1628464,2021-22,0,0,TOT,30,47,27,20.78723404,3.212765957,6.191489362,0.519,0.70212766,2.276595745,0.308,1.042553191,1.531914894,0.681,1.255319149,3.595744681,4.85106383,0.872340426,0.425531915,0.659574468,0.978723404,2.361702128,8.170212766,Forward-Center,0.463311782,0.746448557,-0.250316686,0.399585787,-0.717516167,-0.649953185,0.552303667,-0.439308837,0.628508362,-0.646047144,0.228233877,-0.894510325,,,,,,,,
Marquese Chriss,1627737,2020-21,0,1610612744,GSW,23,2,0,13.5,2.5,7,0.357,0.5,2.5,0.2,1,2,0.5,1.5,5,6.5,1,0,1,1,1.5,6.5,Forward,0.453134441,0.738897874,-0.502212394,1.079170586,-0.650484354,-1.74366823,1.383145528,-0.662403806,-1.462361765,-2.2768743,0.202617519,-4.633071216,,,,,,,,
Daniel Theis,1628464,2023-24,0,0,TOT,32,60,3,16.91666667,2.6,4.883333333,0.532,0.433333333,1.183333333,0.366,0.633333333,0.833333333,0.76,1.416666667,2.65,4.066666667,1.016666667,0.35,0.85,0.7,2.116666667,6.266666667,Forward-Center,0.463222487,0.748643071,-0.53740292,0.076308028,-0.641732979,-0.844087605,1.017055833,-0.735986007,0.610163295,-0.172066967,0.563808173,-0.663941148,,,,,,,,
Daniel Theis,1628464,2024-25,0,1610612740,NOP,32,38,9,16.34210526,1.605263158,3.394736842,0.473,0.236842105,0.973684211,0.243,0.815789474,0.973684211,0.838,1.157894737,3.157894737,4.315789474,1.578947368,0.473684211,0.526315789,0.657894737,1.842105263,4.263157895,Forward-Center,0.460295148,0.750164274,-0.839565179,0.178980331,-0.346489201,-0.526190692,0.227072806,-0.95285986,0.008760086,0.156488657,0.614501598,-1.479301455,,,,,,,,
Danilo Gallinari,201568,2020-21,0,1610612737,ATL,32,51,4,23.96078431,4.039215686,9.31372549,0.434,2.019607843,4.980392157,0.406,3.156862745,3.411764706,0.925,0.333333333,3.803921569,4.137254902,1.490196078,0.588235294,0.196078431,0.843137255,2.058823529,13.25490196,Forward,0.457660205,0.75973097,0.51653854,0.105399932,-0.393090954,-0.231768021,-0.578903818,1.014837524,-0.532572205,2.22274253,0.391475377,2.514658905,,,,,,,,
Danilo Gallinari,201568,2021-22,0,1610612737,ATL,33,66,18,25.33333333,3.924242424,9.045454545,0.434,1.696969697,4.454545455,0.381,2.136363636,2.363636364,0.904,0.53030303,4.136363636,4.666666667,1.53030303,0.424242424,0.181818182,0.575757576,1.409090909,11.68181818,Forward,0.457718413,0.755474972,0.279291489,0.323589207,-0.372031494,-0.653267473,-0.613707353,0.658731154,-0.520613688,1.303514815,0.713392181,1.118898837,,,,,,,,
Danilo Gallinari,201568,2023-24,0,1610612764,WAS,35,26,0,14.80769231,2.192307692,5.038461538,0.435,0.769230769,2.461538462,0.313,1.807692308,2.153846154,0.839,0.461538462,2.461538462,2.923076923,1.192307692,0.230769231,0.115384615,0.461538462,1,6.961538462,Forward,0.458671188,0.75219316,-0.432604761,-0.395005671,-0.549506944,-1.150538147,-0.775844981,-0.36524492,-0.324872192,0.594695791,0.850908435,-2.54801339,,,,,,,,
Danny Green,201980,2020-21,0,1610612755,PHI,34,69,69,28.02898551,3.246376812,7.884057971,0.412,2.536231884,6.260869565,0.405,0.449275362,0.579710145,0.775,0.797101449,2.971014493,3.768115942,1.710144928,1.333333333,0.811594203,0.971014493,1.811594203,9.47826087,Guard,0.45636601,0.748758043,-0.053041398,-0.046735264,-0.277599654,1.683305577,0.923322723,1.58505253,-0.798456433,-0.147234755,0.237515166,3.106128493,,,,,,,,
Danny Green,201980,2021-22,0,1610612755,PHI,35,62,28,21.82258065,2.032258065,5.161290323,0.394,1.661290323,4.370967742,0.38,0.177419355,0.225806452,0.786,0.516129032,2.016129032,2.532258065,1.032258065,0.967741935,0.596774194,0.725806452,1.693548387,5.903225806,Guard,0.45663127,0.74862259,-0.592215813,-0.556075918,-0.633546208,0.743651468,0.399033446,0.619350651,-0.743960397,-0.176490524,0.532738008,-0.407515285,,,,,,,,
Sekou Doumbouya,1629635,2021-22,0,1610612747,LAL,21,2,0,8,2.5,4,0.625,0.5,1,0.5,1.5,2,0.75,1,2,3,0,1.5,1,1,0.5,7,Forward,0.466215242,0.748513259,-0.426804125,-0.363302956,-1.175566892,2.111677304,1.383145528,-0.662403806,1.225005841,-0.200104397,0.202617519,2.094264017,,,,,,,,
Ty Jerome,1629660,2023-24,0,1610612739,CLE,26,2,0,7.5,1,2,0.5,0,0.5,0,0,0,0,0.5,0,0.5,1.5,0,0,0.5,1,2,Guard-Forward,0.460650835,0.748453789,-1.18088682,-1.393641201,-0.387943086,-1.74366823,-1.057452438,-1.214270308,0.081833725,-0.212948896,0.804601942,-6.304375311,,,,,,,,
Danuel House Jr.,1627863,2020-21,0,1610612745,HOU,28,36,23,25.88888889,3.055555556,7.555555556,0.404,1.5,4.333333333,0.346,1.138888889,1.75,0.651,0.5,3.166666667,3.666666667,1.916666667,0.555555556,0.444444444,1,1.861111111,8.75,Guard-Forward,0.455939532,0.74515825,-0.162875182,-0.088546091,-0.169158695,-0.315762475,0.027257768,0.441329199,-0.886073679,-0.924732768,0.202617519,-1.875944405,,,,,,,,
Danuel House Jr.,1627863,2021-22,0,0,TOT,29,42,7,17.30952381,1.904761905,4.714285714,0.404,1.047619048,2.785714286,0.376,1.047619048,1.380952381,0.759,0.428571429,2.214285714,2.642857143,1.047619048,0.5,0.404761905,0.785714286,1.214285714,5.904761905,Guard-Forward,0.457348835,0.748737237,-0.591984144,-0.510494134,-0.625480424,-0.458553052,-0.069591356,-0.057978589,-0.596541187,-0.151728697,0.460610843,-2.601740739,,,,,,,,
Danuel House Jr.,1627863,2022-23,0,1610612755,PHI,30,56,5,14.41071429,1.660714286,3.517857143,0.472,0.660714286,1.964285714,0.336,0.803571429,1.071428571,0.75,0.160714286,1.517857143,1.678571429,0.785714286,0.25,0.160714286,0.464285714,1.232142857,4.785714286,Guard-Forward,0.460276276,0.748486227,-0.760755033,-0.907910314,-0.763002041,-1.101110641,-0.665213479,-0.485018144,0.004882868,-0.205942805,0.84760083,-4.036468759,,,,,,,,
Danuel House Jr.,1627863,2023-24,0,1610612755,PHI,31,34,4,14.97058824,1.382352941,3.088235294,0.448,0.441176471,1.470588235,0.3,1.029411765,1.352941176,0.761,0.470588235,1.235294118,1.705882353,0.823529412,0.441176471,0.147058824,0.558823529,1.323529412,4.235294118,Guard-Forward,0.459508444,0.748784331,-0.843767497,-0.896654518,-0.743145978,-0.609743072,-0.698540971,-0.727329276,-0.152863284,-0.141557166,0.733780246,-4.079821517,,,,,,,,
Dario Šarić,203967,2020-21,0,1610612756,PHX,27,50,4,17.42,3.06,6.84,0.447,0.94,2.7,0.348,1.68,1.98,0.848,0.92,2.88,3.8,1.3,0.6,0.08,1.14,1.9,8.74,Forward-Center,0.459040296,0.752245661,-0.164383347,-0.033594718,-0.492959593,-0.201530016,-0.862204601,-0.176761284,-0.2490414,0.606035016,0.03406188,-1.540378063,,,,,,,,
Dario Šarić,203967,2022-23,0,0,TOT,29,57,12,14.14035088,2.228070175,4.859649123,0.458,0.789473684,2.01754386,0.391,1.105263158,1.333333333,0.829,0.929824561,2.701754386,3.631578947,1.298245614,0.350877193,0.122807018,0.964912281,1.736842105,6.350877193,Forward-Center,0.459777473,0.750545898,-0.52470258,-0.103006979,-0.493880791,-0.841833017,-0.75772988,-0.342902147,-0.097593006,0.238913403,0.244862039,-2.677872957,,,,,,,,
Dario Šarić,203967,2023-24,0,1610612744,GSW,30,64,9,17.15625,2.828125,6.0625,0.466,1.15625,3.078125,0.376,1.234375,1.453125,0.849,1.140625,3.28125,4.421875,2.25,0.484375,0.15625,1.21875,1.75,8.046875,Forward-Center,0.460214592,0.751293387,-0.268918061,0.222701921,0.005868817,-0.498712901,-0.676109006,0.061920978,-0.007789621,0.400359131,-0.060750667,-0.821429408,,,,,,,,
Dario Šarić,203967,2024-25,0,1610612743,DEN,31,16,4,13.125,1.3125,3.625,0.362,0.4375,1.625,0.269,0.4375,0.625,0.7,0.875,2.25,3.125,1.4375,0.4375,0.0625,0.9375,1.1875,3.5,Forward-Center,0.456440388,0.747855594,-0.954662011,-0.311786044,-0.420760744,-0.619192449,-0.904915065,-0.731387119,-0.783175969,-0.34214947,0.277865572,-4.7901633,,,,,,,,
Darius Bazley,1629647,2020-21,0,1610612760,OKC,21,55,55,31.16363636,4.963636364,12.54545455,0.396,1.509090909,5.2,0.29,2.272727273,3.236363636,0.702,0.927272727,6.272727273,7.2,1.8,0.527272727,0.454545455,2.218181818,1.090909091,13.70909091,Forward,0.452744941,0.745629754,0.585037746,1.367665295,-0.230418325,-0.388455861,0.051910275,0.451363135,-1.542382052,-0.822895464,-1.26403544,-1.792210691,,,,,,,,
Darius Bazley,1629647,2021-22,0,1610612760,OKC,22,69,53,27.88405797,3.971014493,9.405797101,0.422,1.15942029,3.898550725,0.297,1.695652174,2.463768116,0.688,1.028985507,5.289855072,6.31884058,1.405797101,0.84057971,1.014492754,1.304347826,0.985507246,10.79710145,Forward,0.456608634,0.745614799,0.145861574,1.004508395,-0.437407383,0.416815257,1.418516514,0.065420132,-0.748610861,-0.826125529,-0.163807782,0.875170318,,,,,,,,
Darius Bazley,1629647,2022-23,0,0,TOT,23,43,1,14.3255814,1.930232558,4.255813953,0.454,0.465116279,1.23255814,0.377,0.88372093,1.627906977,0.543,0.790697674,2.418604651,3.209302326,0.88372093,0.511627907,0.790697674,0.627906977,1.023255814,5.209302326,Forward,0.459624484,0.741975516,-0.69687095,-0.27704208,-0.711540464,-0.428666652,0.872322697,-0.70090612,-0.129023552,-1.612152583,0.650605926,-3.033273777,,,,,,,,
Kevon Harris,,2023-24,,,,26,2,0,3,1,1.5,0.667,0,,,0,0,,0,1,1,0.5,0,0,0.5,1.5,2,Guard,0.462924977,,-1.18088682,-1.187573552,-0.913025623,-1.74366823,-1.057452438,-1.214270308,0.549041779,,0.804601942,-5.94323325,500,ORL,0,,1,1.5,0.667,0.667
Darius Garland,1629636,2020-21,0,1610612739,CLE,21,54,50,33.14814815,6.703703704,14.85185185,0.451,1.944444444,4.925925926,0.395,2.074074074,2.444444444,0.848,0.425925926,1.962962963,2.388888889,6.092592593,1.222222222,0.111111111,3.037037037,2.037037037,17.42592593,Guard,0.458717639,0.753093655,1.145597939,-0.615163416,2.023547086,1.397724427,-0.786274887,0.9318772,-0.31532906,0.789188198,-2.249911613,2.321255874,,,,,,,,
Darius Garland,1629636,2021-22,0,1610612739,CLE,22,68,68,35.73529412,7.970588235,17.25,0.462,2.558823529,6.676470588,0.383,3.161764706,3.544117647,0.892,0.573529412,2.720588235,3.294117647,8.573529412,1.308823529,0.102941176,3.647058824,1.691176471,21.66176471,Guard,0.460178125,0.7579552,1.784432483,-0.242086692,3.326243686,1.620309735,-0.806214413,1.609987674,-0.015281524,1.839204488,-2.984358841,6.132236597,,,,,,,,
Darius Garland,1629636,2022-23,0,1610612739,CLE,23,69,69,35.46376812,7.565217391,16.36231884,0.462,2.449275362,5.971014493,0.41,4.014492754,4.652173913,0.863,0.405797101,2.275362319,2.68115942,7.797101449,1.231884058,0.130434783,2.884057971,2.144927536,21.5942029,Guard,0.460164227,0.758204341,1.774243045,-0.494708413,2.918554921,1.422557571,-0.739113572,1.489075746,-0.018136851,1.893015134,-2.065729584,6.179757997,,,,,,,,
Darius Garland,1629636,2023-24,0,1610612739,CLE,24,57,57,33.33333333,6.578947368,14.75438596,0.446,2.315789474,6.245614035,0.371,2.561403509,3.070175439,0.834,0.526315789,2.140350877,2.666666667,6.543859649,1.298245614,0.122807018,3.087719298,1.666666667,18.03508772,Guard,0.458081326,0.753402743,1.237469612,-0.500681389,2.260499537,1.593122057,-0.75772988,1.341742966,-0.446055556,0.85594641,-2.310931477,3.27338228,,,,,,,,
Darius Garland,1629636,2024-25,0,1610612739,CLE,25,75,75,30.68,7.386666667,15.65333333,0.472,2.826666667,7.053333333,0.401,2.986666667,3.4,0.878,0.626666667,2.226666667,2.853333333,6.746666667,1.213333333,0.146666667,2.52,1.906666667,20.58666667,Guard,0.461506443,0.75670205,1.622289918,-0.423749467,2.36698996,1.374877935,-0.699498069,1.905614985,0.257612985,1.568544006,-1.627415128,6.345267125,,,,,,,,
David Nwaba,1628021,2020-21,0,1610612745,HOU,28,30,9,22.63333333,3.533333333,7.266666667,0.486,0.566666667,2.1,0.27,1.566666667,2.266666667,0.691,1.333333333,2.6,3.933333333,1.033333333,1,0.7,0.566666667,2,9.2,Guard-Forward,0.461634417,0.74596217,-0.095007739,0.021356655,-0.632981603,0.826562126,0.650966138,-0.588821605,0.283904481,-0.751098777,0.724337352,0.439217028,,,,,,,,
David Nwaba,1628021,2021-22,0,1610612745,HOU,29,46,4,13.23913043,1.847826087,3.826086957,0.483,0.326086957,1.065217391,0.306,1.043478261,1.456521739,0.716,0.891304348,2.391304348,3.282608696,0.760869565,0.608695652,0.434782609,0.456521739,1.195652174,5.065217391,Guard-Forward,0.46071644,0.747535156,-0.718601342,-0.246829937,-0.77604757,-0.179180188,0.003677113,-0.854357372,0.095311872,-0.411358948,0.856948414,-2.230437957,,,,,,,,
Davion Mitchell,1630558,2021-22,0,1610612758,SAC,23,75,19,27.68,4.693333333,11.24,0.418,1.346666667,4.266666667,0.316,0.746666667,1.133333333,0.659,0.44,1.773333333,2.213333333,4.173333333,0.733333333,0.32,1.52,1.88,11.48,Guard,0.455633811,0.74647111,0.24885397,-0.687516057,1.015777564,0.141167364,-0.276461089,0.272090138,-0.948881961,-0.641175868,-0.423446282,-1.299592221,,,,,,,,
Davion Mitchell,1630558,2022-23,0,1610612758,SAC,24,80,9,18.0875,2.2625,4.9875,0.454,0.7875,2.4625,0.32,0.3125,0.3875,0.806,0.2,1.1125,1.3125,2.3125,0.55,0.1875,0.775,1.4,5.625,Guard,0.459585286,0.748896342,-0.634176866,-1.058781271,0.038686476,-0.330041534,-0.599840319,-0.345080567,-0.137076643,-0.117364422,0.473510509,-2.710164638,,,,,,,,
Davion Mitchell,1630558,2023-24,0,1610612758,SAC,25,72,4,15.29166667,2.027777778,4.486111111,0.452,0.791666667,2.194444444,0.361,0.416666667,0.583333333,0.714,0.263888889,1.055555556,1.319444444,1.861111111,0.236111111,0.041666667,0.597222222,1.180555556,5.263888889,Guard,0.459526217,0.748056463,-0.688638394,-1.055919221,-0.198329947,-1.136808285,-0.955760855,-0.340481679,-0.14921186,-0.298764854,0.687549415,-4.13636568,,,,,,,,
Davion Mitchell,1630558,2024-25,0,0,TOT,26,74,37,27.39189189,3.013513514,6.432432432,0.468,1.135135135,2.851351351,0.398,0.783783784,1.135135135,0.69,0.472972973,1.783783784,2.256756757,4.905405405,0.972972973,0.216216216,1.72972973,2.5,7.945945946,Guard,0.460355574,0.747156189,-0.284139831,-0.669619731,1.400175825,0.757096441,-0.529755581,0.038615805,0.021174271,-0.493209817,-0.675954343,-0.435616962,,,,,,,,
Day'Ron Sharpe,1630549,2021-22,0,1610612751,BKN,20,32,8,12.21875,2.6875,4.65625,0.577,0.0625,0.21875,0.286,0.75,1.28125,0.585,2.53125,2.46875,5,0.53125,0.3125,0.46875,0.9375,1.875,6.1875,Center,0.465075344,0.744369934,-0.549342563,0.46096764,-0.896616794,-0.940471244,0.086577859,-1.145286996,0.990820926,-1.094996426,0.277865572,-2.810482026,,,,,,,,
Day'Ron Sharpe,1630549,2022-23,0,1610612751,BKN,21,48,3,11.52083333,1.9375,3.5625,0.544,0.125,0.229166667,0.545,0.729166667,1.145833333,0.636,2.0625,2.104166667,4.166666667,0.770833333,0.3125,0.666666667,0.875,1.854166667,4.729166667,Center,0.462758095,0.745934458,-0.769283349,0.117521558,-0.770815769,-0.940471244,0.569612874,-1.076303683,0.514756835,-0.757084327,0.353113624,-2.75895348,,,,,,,,
Day'Ron Sharpe,1630549,2023-24,0,1610612751,BKN,22,61,1,15.09836066,2.754098361,4.819672131,0.571,0.06557377,0.245901639,0.267,1.229508197,2.016393443,0.61,2.639344262,3.737704918,6.37704918,1.393442623,0.393442623,0.721311475,1.147540984,2.147540984,6.803278689,Center,0.464973959,0.743086686,-0.456472952,1.028498214,-0.443894504,-0.732430057,0.702978881,-1.141894374,0.969992169,-1.372157524,0.02498277,-1.420397377,,,,,,,,
Day'Ron Sharpe,1630549,2024-25,0,1610612751,BKN,23,50,2,18.14,3.3,6.34,0.521,0.22,0.9,0.244,1.12,1.48,0.757,2.98,3.62,6.6,1.82,0.82,0.84,1.26,2.26,7.94,Center,0.463508794,0.748699484,-0.285036578,1.120384116,-0.219916674,0.363920662,0.992649854,-0.971449047,0.668983298,-0.159882631,-0.110414382,1.399238618,,,,,,,,
De'Aaron Fox,1628368,2020-21,0,1610612758,SAC,23,58,58,35.10344828,9.120689655,19.13793103,0.477,1.775862069,5.517241379,0.322,5.172413793,7.189655172,0.719,0.568965517,2.931034483,3.5,7.189655172,1.5,0.465517241,3,2.931034483,25.18965517,Guard,0.462616547,0.744750976,2.316496712,-0.157235307,2.599595488,2.111677304,0.078687994,0.745807269,0.485676783,-1.012697468,-2.205320175,4.962688601,,,,,,,,
De'Aaron Fox,1628368,2021-22,0,1610612758,SAC,24,59,59,35.30508475,8.745762712,18.50847458,0.473,1.254237288,4.220338983,0.297,4.423728814,5.898305085,0.75,0.423728814,3.491525424,3.915254237,5.593220339,1.152542373,0.423728814,2.847457627,2.915254237,23.16949153,Guard,0.461915436,0.748616943,2.011822624,0.013905621,1.761335436,1.218631164,-0.023300756,0.170072782,0.341637872,-0.177710258,-2.02166391,3.294730575,,,,,,,,
De'Aaron Fox,1628368,2022-23,0,1610612758,SAC,25,73,73,33.35616438,9.342465753,18.23287671,0.512,1.630136986,5.02739726,0.324,4.698630137,6.02739726,0.78,0.547945205,3.643835616,4.191780822,6.123287671,1.136986301,0.315068493,2.479452055,2.356164384,25.01369863,Guard,0.467903849,0.751847513,2.289959556,0.127871988,2.039664535,1.178648475,-0.288496915,0.584965685,1.57191935,0.520041518,-1.578596666,6.445977527,,,,,,,,
De'Aaron Fox,1628368,2023-24,0,1610612758,SAC,26,74,74,35.93243243,9.72972973,20.93243243,0.465,2.891891892,7.837837838,0.369,4.216216216,5.716216216,0.738,0.905405405,3.689189189,4.594594595,5.648648649,2.027027027,0.418918919,2.621621622,2.608108108,26.56756757,Guard,0.460752878,0.74738128,2.524308691,0.293885762,1.790439873,3.466258168,-0.035039776,1.977606219,0.102797748,-0.444593654,-1.749764395,7.925898636,,,,,,,,
De'Aaron Fox,1628368,2024-25,0,0,TOT,27,62,62,36.14516129,8.693548387,18.75806452,0.463,1.903225806,6.14516129,0.31,4.241935484,5.129032258,0.827,0.870967742,3.935483871,4.806451613,6.322580645,1.467741935,0.403225806,2.806451613,2.64516129,23.53225806,Guard,0.460359212,0.755761482,2.066533817,0.381199517,2.144309796,2.028766646,-0.073340356,0.886382829,0.021921699,1.36539641,-1.972293946,6.848876412,,,,,,,,
De'Andre Hunter,1629631,2020-21,0,1610612737,ATL,23,23,19,29.47826087,5.217391304,10.7826087,0.484,1.347826087,4.130434783,0.326,3.173913043,3.695652174,0.859,0.739130435,4.043478261,4.782608696,1.913043478,0.826086957,0.52173913,1.260869565,2.565217391,14.95652174,Guard-Forward,0.462213053,0.756062233,0.773170946,0.37137301,-0.171061168,0.379565544,0.215903022,0.273369828,0.402781489,1.430353736,-0.111461311,3.563995095,,,,,,,,
De'Andre Hunter,1629631,2021-22,0,1610612737,ATL,24,53,52,29.75471698,4.79245283,10.8490566,0.442,1.396226415,3.679245283,0.379,2.396226415,3.132075472,0.765,0.490566038,2.830188679,3.320754717,1.283018868,0.679245283,0.396226415,1.301886792,2.924528302,13.37735849,Guard-Forward,0.458115475,0.749429169,0.53500701,-0.231108615,-0.501876089,0.002148616,-0.090423055,0.326790868,-0.439039958,-0.002282279,-0.160844774,-0.561628278,,,,,,,,
De'Andre Hunter,1629631,2022-23,0,1610612737,ATL,25,67,67,31.73134328,5.656716418,12.26865672,0.461,1.492537313,4.268656716,0.35,2.552238806,3.089552239,0.826,0.686567164,3.552238806,4.23880597,1.402985075,0.52238806,0.253731343,1.223880597,2.970149254,15.35820896,Guard-Forward,0.459988009,0.752966599,0.833752022,0.147252711,-0.438883929,-0.40101058,-0.438196238,0.433092385,-0.054339599,0.761746207,-0.066927746,0.776485233,,,,,,,,
De'Andre Hunter,1629631,2023-24,0,1610612737,ATL,26,57,37,29.49122807,5.333333333,11.63157895,0.459,2.052631579,5.333333333,0.385,2.912280702,3.438596491,0.847,0.543859649,3.350877193,3.894736842,1.526315789,0.701754386,0.280701754,1.456140351,2.561403509,15.63157895,Guard-Forward,0.459773842,0.754794911,0.874980738,0.005449679,-0.374125124,0.060002195,-0.372372308,1.051286912,-0.098338987,1.156632425,-0.346561254,1.956954276,,,,,,,,
De'Andre Hunter,1629631,2024-25,0,0,TOT,27,64,9,27.1875,5.59375,11.90625,0.47,2.453125,6.0625,0.405,3.359375,3.96875,0.846,0.6875,3.34375,4.03125,1.4375,0.78125,0.203125,1.28125,2.421875,17,Guard-Forward,0.460942286,0.755627135,1.081361264,0.06171157,-0.420760744,0.264324236,-0.561705976,1.493324719,0.14171044,1.336379602,-0.13599872,3.260346391,,,,,,,,
De'Anthony Melton,1629001,2020-21,0,1610612763,MEM,23,52,1,20.09615385,3.307692308,7.557692308,0.438,1.673076923,4.057692308,0.412,0.788461538,0.980769231,0.804,0.576923077,2.519230769,3.096153846,2.538461538,1.153846154,0.596153846,1.269230769,1.634615385,9.076923077,Guard,0.458327558,0.749522388,-0.113569775,-0.323674562,0.157334934,1.221982181,0.397519426,0.632359911,-0.395468907,0.017851532,-0.12152794,1.472806801,,,,,,,,
De'Anthony Melton,1629001,2021-22,0,1610612763,MEM,24,73,15,22.69863014,3.849315068,9.520547945,0.404,1.904109589,5.095890411,0.374,1.232876712,1.643835616,0.75,0.876712329,3.616438356,4.493150685,2.657534247,1.424657534,0.534246575,1.534246575,1.753424658,10.83561644,Guard,0.455007645,0.748503005,0.151670271,0.252077146,0.219857934,1.918029811,0.246428666,0.88735829,-1.077523968,-0.202318965,-0.440598714,1.95498047,,,,,,,,
De'Anthony Melton,1629001,2022-23,0,1610612755,PHI,25,77,58,27.92207792,3.597402597,8.454545455,0.425,2.038961039,5.233766234,0.39,0.896103896,1.12987013,0.793,0.896103896,3.155844156,4.051948052,2.558441558,1.636363636,0.532467532,1.324675325,2.480519481,10.12987013,Guard,0.457146049,0.749438173,0.045232055,0.070241968,0.167826093,2.462163261,0.242086738,1.036198286,-0.638202251,-0.000337602,-0.188281458,3.196927089,,,,,,,,
De'Anthony Melton,1629001,2023-24,0,1610612755,PHI,26,38,33,26.92105263,3.657894737,9.473684211,0.386,2.026315789,5.631578947,0.36,1.736842105,2.078947368,0.835,0.736842105,2.973684211,3.710526316,3,1.578947368,0.421052632,1.026315789,2.210526316,11.07894737,Guard,0.453471788,0.75190864,0.1883686,-0.070469981,0.39968072,2.314590226,-0.029832241,1.022241306,-1.393056012,0.533243944,0.170934128,3.135700691,,,,,,,,
Adam Flagler,,2023-24,,,,24,2,0,7,0.5,3.5,0.143,0.5,,,0,0,,0,0,0,2,0,0,0,0,1.5,Guard,0.449148649,,-1.256295089,-1.59970885,-0.125401817,-1.74366823,-1.057452438,-0.662403806,-2.281217411,,1.406586365,-7.319561276,524,OKC,3,0.167,0,0.5,0,0.214
DeAndre Jordan,201599,2020-21,0,1610612751,BKN,32,57,43,21.85964912,3.333333333,4.368421053,0.763,0,0.01754386,0,0.807017544,1.614035088,0.5,2.052631579,5.438596491,7.49122807,1.631578947,0.298245614,1.140350877,1.49122807,2.035087719,7.473684211,Center,0.47255185,0.74068433,-0.355364712,1.487690662,-0.318853278,-0.977108299,1.725685593,-1.214270308,2.526821712,-1.891028286,-0.388805774,0.594767309,,,,,,,,
DeAndre Jordan,201599,2021-22,0,0,TOT,33,48,20,12.95833333,1.916666667,2.979166667,0.643,0,0,0,0.458333333,0.833333333,0.55,1.729166667,3.770833333,5.5,0.4375,0.25,0.729166667,0.770833333,1.479166667,4.291666667,Center,0.465161944,0.745200448,-0.835265584,0.667035289,-0.945843282,-1.101110641,0.722150247,-1.214270308,1.008612403,-0.915618682,0.478527046,-2.135783513,,,,,,,,
DeAndre Jordan,201599,2022-23,0,1610612743,DEN,34,39,8,15.02564103,2.256410256,2.948717949,0.765,0.025641026,0.025641026,1,0.564102564,1.230769231,0.458,1.333333333,3.846153846,5.179487179,0.871794872,0.307692308,0.58974359,1.230769231,1.820512821,5.102564103,Center,0.468603741,0.74147592,-0.71296884,0.534940642,-0.717802628,-0.95282812,0.381874568,-1.185969462,1.715707879,-1.720057399,-0.075221446,-2.732324805,,,,,,,,
DeAndre Jordan,201599,2023-24,0,1610612743,DEN,35,36,2,11,1.611111111,2.583333333,0.624,0,0,0,0.722222222,1.472222222,0.491,1.5,2.861111111,4.361111111,0.722222222,0.166666667,0.444444444,0.638888889,1.555555556,3.944444444,Center,0.463997256,0.741090027,-0.887632438,0.197658977,-0.796340615,-1.315296503,0.027257768,-1.214270308,0.76933467,-1.803404161,0.637384046,-4.385308564,,,,,,,,
DeAndre Jordan,201599,2024-25,0,1610612743,DEN,36,56,5,12.33928571,1.625,2.5,0.65,0,0,0,0.482142857,1.142857143,0.422,1.5,3.571428571,5.071428571,0.946428571,0.285714286,0.482142857,0.714285714,1.321428571,3.732142857,Center,0.464501319,0.741158732,-0.919651029,0.490405875,-0.678613776,-1.009316699,0.119264438,-1.214270308,0.872891176,-1.788564939,0.546608618,-3.581246645,,,,,,,,
DeAndre' Bembry,1627761,2020-21,0,1610612761,TOR,26,51,12,19.05882353,2.294117647,4.470588235,0.513,0.274509804,1.039215686,0.264,0.882352941,1.294117647,0.682,0.647058824,2.215686275,2.862745098,2.098039216,1.039215686,0.352941176,1.392156863,1.705882353,5.745098039,Guard-Forward,0.462137696,0.746777202,-0.616064095,-0.419870546,-0.073923137,0.927355473,-0.196064922,-0.911284778,0.387299859,-0.575064853,-0.269527127,-1.747144126,,,,,,,,
DeAndre' Bembry,1627761,2021-22,0,1610612751,BKN,27,48,20,19.77083333,2.520833333,4.4375,0.568,0.3125,0.75,0.417,0.4375,0.729166667,0.6,0.791666667,2.375,3.166666667,1.25,0.979166667,0.520833333,0.625,2.166666667,5.791666667,Guard-Forward,0.464458506,0.746319956,-0.609040776,-0.29461374,-0.51921372,0.773015661,0.213692335,-0.869353744,0.864095473,-0.673822766,0.654105836,-0.46113544,,,,,,,,
DeMar DeRozan,201942,2020-21,0,1610612759,SAS,31,61,61,33.70491803,7.459016393,15.08196721,0.495,0.31147541,1.213114754,0.257,6.344262295,7.213114754,0.88,0.655737705,3.590163934,4.245901639,6.918032787,0.918032787,0.245901639,1.950819672,2.098360656,21.57377049,Guard-Forward,0.464468589,0.765038411,1.7711615,0.150177087,2.456971317,0.615887507,-0.457305398,-0.870484618,0.866167076,3.369065393,-0.942139745,6.959500118,,,,,,,,
DeMar DeRozan,201942,2021-22,0,1610612741,CHI,32,76,76,36.09210526,10.18421053,20.19736842,0.504,0.657894737,1.868421053,0.352,6.842105263,7.802631579,0.877,0.736842105,4.421052632,5.157894737,4.921052632,0.894736842,0.315789474,2.381578947,2.342105263,27.86842105,Guard-Forward,0.467280271,0.765805918,2.720498911,0.526041634,1.408391911,0.556011562,-0.28673729,-0.488130174,1.443809225,3.534834572,-1.460760493,7.953959858,,,,,,,,
DeMar DeRozan,201942,2022-23,0,1610612741,CHI,33,74,74,36.24324324,8.878378378,17.60810811,0.504,0.621621622,1.918918919,0.324,6.162162162,7.067567568,0.872,0.459459459,4.175675676,4.635135135,5.094594595,1.121621622,0.486486486,2.067567568,2.513513514,24.54054054,Guard-Forward,0.466471849,0.763754444,2.21859949,0.31059395,1.499515765,1.139157711,0.12986549,-0.528166008,1.277724132,3.091748964,-1.082700575,8.05633892,,,,,,,,
DeMar DeRozan,201942,2023-24,0,1610612741,CHI,34,79,79,37.83544304,8.227848101,17.15189873,0.48,0.949367089,2.848101266,0.333,6.607594937,7.746835443,0.853,0.544303797,3.759493671,4.303797468,5.329113924,1.139240506,0.569620253,1.708860759,2.037974684,24.01265823,Guard-Forward,0.462811932,0.76247884,2.138986107,0.174038002,1.622657769,1.184442301,0.332761593,-0.166422519,0.525817339,2.816238631,-0.650828752,7.977690473,,,,,,,,
DeMar DeRozan,201942,2024-25,0,1610612758,SAC,35,77,77,35.94805195,8.103896104,16.98701299,0.477,1.090909091,3.324675325,0.328,4.909090909,5.727272727,0.857,0.649350649,3.220779221,3.87012987,4.441558442,0.805194805,0.415584416,1.363636364,1.948051948,22.20779221,Guard-Forward,0.462352094,0.759609435,1.866782461,-0.004691723,1.156617885,0.3258679,-0.043177958,-0.01019794,0.431346483,2.196493037,-0.235189335,5.683850811,,,,,,,,
DeMarcus Cousins,202326,2020-21,0,0,TOT,30,41,11,17.3902439,3.170731707,7.43902439,0.426,1.146341463,3.292682927,0.348,1.43902439,1.975609756,0.728,1.292682927,5.12195122,6.414634146,1.853658537,0.829268293,0.585365854,1.56097561,2.609756098,8.926829268,Center,0.457519136,0.747676334,-0.136206404,1.043988305,-0.202243164,0.38774231,0.371190275,0.050984599,-0.561554064,-0.38086682,-0.47277964,0.100255398,,,,,,,,
DeMarcus Cousins,202326,2021-22,0,0,TOT,31,48,7,14.9375,3.104166667,6.75,0.46,0.770833333,2.541666667,0.303,1.979166667,2.604166667,0.76,1.541666667,4.083333333,5.625,1.479166667,0.729166667,0.4375,1.770833333,2.895833333,8.958333333,Center,0.459872461,0.749025383,-0.13145507,0.718552201,-0.398882305,0.130458072,0.010309172,-0.363476118,-0.078078356,-0.089493565,-0.7254418,-0.927507768,,,,,,,,
Dean Wade,1629731,2020-21,0,1610612739,CLE,24,63,19,19.23809524,2.126984127,4.936507937,0.431,1.238095238,3.380952381,0.366,0.476190476,0.619047619,0.769,0.603174603,2.80952381,3.412698413,1.174603175,0.555555556,0.333333333,0.476190476,1.238095238,5.968253968,Forward-Center,0.458506015,0.74870506,-0.582408491,-0.193215373,-0.558803276,-0.315762475,-0.243919783,0.152256269,-0.358805919,-0.158678429,0.833267867,-1.42606961,,,,,,,,
Dean Wade,1629731,2021-22,0,1610612739,CLE,25,51,28,19.21568627,1.941176471,4.254901961,0.456,1,2.784313725,0.359,0.392156863,0.588235294,0.667,0.607843137,2.333333333,2.941176471,1.019607843,0.568627451,0.137254902,0.31372549,1.725490196,5.274509804,Forward-Center,0.459706158,0.747506652,-0.687036584,-0.387546209,-0.640188618,-0.282164694,-0.722468403,-0.110537304,-0.11224411,-0.417515417,1.028870649,-2.330830691,,,,,,,,
Dean Wade,1629731,2022-23,0,1610612739,CLE,26,44,13,20.27272727,1.659090909,4.022727273,0.412,1.022727273,2.886363636,0.354,0.340909091,0.522727273,0.652,0.454545455,2.954545455,3.409090909,0.840909091,0.636363636,0.477272727,0.386363636,2.022727273,4.681818182,Forward-Center,0.458012879,0.747455841,-0.776424283,-0.194702152,-0.734020213,-0.108067095,0.107378409,-0.085452462,-0.460117585,-0.428489644,0.941416584,-1.738478442,,,,,,,,
Dean Wade,1629731,2023-24,0,1610612739,CLE,27,54,32,20.51851852,1.777777778,4.296296296,0.414,1.462962963,3.740740741,0.391,0.37037037,0.481481481,0.769,0.685185185,3.351851852,4.037037037,0.796296296,0.740740741,0.462962963,0.37037037,1.722222222,5.388888889,Forward-Center,0.457974574,0.748649754,-0.669786327,0.064096612,-0.757445612,0.160206109,0.072454028,0.400450199,-0.467987175,-0.170623506,0.960671978,-0.407963695,,,,,,,,
Dean Wade,1629731,2024-25,0,1610612739,CLE,28,59,30,21.23728814,1.898305085,4.593220339,0.413,1.355932203,3.762711864,0.36,0.271186441,0.508474576,0.533,0.86440678,3.355932203,4.220338983,1.288135593,0.711864407,0.338983051,0.372881356,1.711864407,5.423728814,Forward-Center,0.457805822,0.746284791,-0.66453189,0.139641814,-0.499189386,0.085987278,-0.230131093,0.282316816,-0.502656229,-0.681417884,0.957648829,-1.112331744,,,,,,,,
Deandre Ayton,1629028,2020-21,0,1610612756,PHX,22,69,69,30.65217391,6.231884058,9.956521739,0.626,0.057971014,0.289855072,0.2,1.927536232,2.507246377,0.769,3.304347826,7.231884058,10.53623188,1.434782609,0.594202899,1.173913043,1.492753623,2.84057971,14.44927536,Center,0.474907418,0.74943488,0.696669802,2.742644214,-0.422187599,-0.216429901,1.807597347,-1.150285787,3.010758145,-0.001048759,-0.390642493,6.07707497,,,,,,,,
Deandre Ayton,1629028,2021-22,0,1610612756,PHX,23,58,58,29.53448276,7.620689655,12.01724138,0.634,0.120689655,0.327586207,0.368,1.827586207,2.448275862,0.746,2.568965517,7.655172414,10.22413793,1.448275862,0.689655172,0.689655172,1.568965517,2.448275862,17.18965517,Center,0.478545227,0.748339246,1.109964401,2.614019281,-0.415102527,0.028904428,0.625718572,-1.081061153,3.758123022,-0.237688232,-0.482399239,5.920478554,,,,,,,,
Deandre Ayton,1629028,2022-23,0,1610612756,PHX,24,67,67,30.37313433,7.791044776,13.23880597,0.589,0.104477612,0.358208955,0.292,2.268656716,2.985074627,0.76,2.567164179,7.388059701,9.955223881,1.71641791,0.552238806,0.791044776,1.791044776,2.835820896,17.95522388,Center,0.474961224,0.74910428,1.225424824,2.50319031,-0.27430582,-0.324287287,0.873169834,-1.09895492,3.021812342,-0.072453252,-0.749775748,5.103820282,,,,,,,,
Deandre Ayton,1629028,2023-24,0,1610612757,POR,25,55,55,32.41818182,7.763636364,13.61818182,0.57,0.018181818,0.181818182,0.1,1.181818182,1.436363636,0.823,3.2,7.872727273,11.07272727,1.636363636,1.018181818,0.763636364,1.8,1.981818182,16.72727273,Center,0.47306468,0.750535496,1.040229482,2.963752902,-0.316340922,0.873293587,0.806276919,-1.194202436,2.632179381,0.236666775,-0.760557559,6.281298129,,,,,,,,
Deandre Ayton,1629028,2024-25,0,1610612757,POR,26,40,40,30.15,6.625,11.7,0.566,0.15,0.8,0.188,1,1.5,0.667,3.1,7.05,10.15,1.6,0.775,0.975,1.725,2.2,14.4,Center,0.470981067,0.746081348,0.689238263,2.583464423,-0.335434832,0.248260296,1.322130579,-1.048710358,2.204114317,-0.72535824,-0.670259895,4.267444554,,,,,,,,
Dejounte Murray,1627749,2020-21,0,1610612759,SAS,24,67,67,31.92537313,6.582089552,14.53731343,0.453,0.940298507,2.970149254,0.317,1.582089552,2,0.791,0.865671642,6.194029851,7.059701493,5.417910448,1.507462687,0.104477612,1.746268657,2.014925373,15.68656716,Guard,0.458992677,0.750090182,0.883273869,1.309843328,1.669283273,2.130858129,-0.802464591,-0.176431812,-0.258824234,0.140485867,-0.695866696,4.200157134,,,,,,,,
Dejounte Murray,1627749,2021-22,0,1610612759,SAS,25,68,68,34.79411765,8.426470588,18.25,0.462,1.411764706,4.323529412,0.327,2.882352941,3.632352941,0.794,1.176470588,7.102941176,8.279411765,9.220588235,2.029411765,0.338235294,2.647058824,2.029411765,21.14705882,Guard,0.460193532,0.751538493,1.706806322,1.812528984,3.666002974,3.472387494,-0.231956067,0.343940992,-0.012116258,0.453297949,-1.780389994,9.430502397,,,,,,,,
Dejounte Murray,1627749,2022-23,0,1610612737,ATL,26,74,74,36.39189189,8.27027027,17.82432432,0.464,1.797297297,5.22972973,0.344,2.135135135,2.567567568,0.832,0.716216216,4.540540541,5.256756757,6.054054054,1.513513514,0.256756757,2.162162162,1.432432432,20.47297297,Guard,0.460489563,0.752534452,1.605143028,0.566786162,2.003311172,2.146410148,-0.430812419,0.769466038,0.048701479,0.668409365,-1.196589519,6.180825453,,,,,,,,
Dejounte Murray,1627749,2023-24,0,1610612737,ATL,27,78,78,35.67948718,8.615384615,18.75641026,0.459,2.576923077,7.102564103,0.363,2.666666667,3.358974359,0.794,0.794871795,4.538461538,5.333333333,6.435897436,1.423076923,0.307692308,2.576923077,1.769230769,22.47435897,Guard,0.459727415,0.751320946,1.906985137,0.598346072,2.203810464,1.913967277,-0.306499217,1.629964742,-0.107877099,0.406311336,-1.69594874,6.549059972,,,,,,,,
Dejounte Murray,1627749,2024-25,0,1610612740,NOP,28,31,31,32.64516129,6.258064516,15.93548387,0.393,1.677419355,5.612903226,0.299,3.290322581,4,0.823,0.548387097,5.903225806,6.451612903,7.35483871,2.032258065,0.387096774,3.419354839,1.967741935,17.48387097,Guard,0.450673328,0.75397573,1.154337009,1.059228556,2.68633048,3.47970314,-0.112704839,0.637152796,-1.967981816,0.979702517,-2.710210337,5.205557508,,,,,,,,
Delon Wright,1626153,2020-21,0,0,TOT,29,63,39,27.74603175,3.80952381,8.222222222,0.463,1.015873016,2.73015873,0.372,1.603174603,2,0.802,1.031746032,3.238095238,4.26984127,4.412698413,1.603174603,0.476190476,1.317460317,1.19047619,10.23809524,Guard,0.460102122,0.750513259,0.061554192,0.160043454,1.141463987,2.376859801,0.104737069,-0.093017732,-0.030895943,0.231863743,-0.179594813,3.773013758,,,,,,,,
Delon Wright,1626153,2021-22,0,1610612737,ATL,30,77,8,18.87012987,1.584415584,3.493506494,0.454,0.571428571,1.506493506,0.379,0.701298701,0.818181818,0.857,0.649350649,2.207792208,2.857142857,2.441558442,1.207792208,0.246753247,0.584415584,0.727272727,4.441558442,Guard,0.459665913,0.750201402,-0.812659426,-0.422179427,0.10645281,1.360635967,-0.455226965,-0.583565735,-0.120512318,0.164507763,0.702968209,-0.059579123,,,,,,,,
Delon Wright,1626153,2022-23,0,1610612764,WAS,31,50,14,24.42,2.76,5.82,0.474,0.82,2.38,0.345,1.04,1.2,0.867,1.16,2.44,3.6,3.88,1.84,0.34,0.88,1.18,7.38,Guard,0.460641327,0.751232216,-0.36949384,-0.116021777,0.861753353,2.985555625,-0.227649129,-0.309209245,0.079880263,0.387147038,0.34709378,3.639056067,,,,,,,,
Delon Wright,1626153,2023-24,0,0,TOT,32,47,1,15.78723404,1.574468085,4,0.394,0.531914894,1.446808511,0.368,0.787234043,0.957446809,0.822,0.404255319,1.425531915,1.829787234,2.531914894,1.14893617,0.234042553,0.29787234,0.680851064,4.468085106,Guard,0.457330627,0.749835659,-0.808658766,-0.845588943,0.153897405,1.209362391,-0.486248659,-0.627178284,-0.600282018,0.085513088,1.047957348,-0.871226438,,,,,,,,
Delon Wright,1626153,2024-25,0,1610612749,MIL,33,26,2,15.57692308,0.846153846,3.153846154,0.268,0.461538462,1.884615385,0.245,0.346153846,0.615384615,0.563,0.576923077,1.192307692,1.769230769,1.846153846,0.884615385,0.346153846,0.538461538,0.653846154,2.5,Guard,0.453997768,0.746199032,-1.10547855,-0.8705464,-0.206183746,0.529997086,-0.212630065,-0.704855075,-1.284996628,-0.699940556,0.758295448,-3.796338486,,,,,,,,
Deni Avdija,1630166,2020-21,0,1610612764,WAS,20,54,32,23.27777778,2.407407407,5.777777778,0.417,0.981481481,3.111111111,0.315,0.537037037,0.833333333,0.644,0.407407407,4.444444444,4.851851852,1.166666667,0.592592593,0.277777778,0.611111111,2.592592593,6.333333333,Forward,0.457522549,0.746741432,-0.527348484,0.399910558,-0.562970598,-0.220568759,-0.379508558,-0.130976804,-0.560852811,-0.582790771,0.670827626,-1.894278601,,,,,,,,
Deni Avdija,1630166,2021-22,0,1610612764,WAS,21,82,8,24.19512195,3.048780488,7.06097561,0.432,1,3.158536585,0.317,1.256097561,1.658536585,0.757,0.634146341,4.548780488,5.182926829,2.036585366,0.719512195,0.536585366,1.06097561,2.317073171,8.353658537,Forward,0.458026152,0.748728171,-0.222650029,0.536358243,-0.10619148,0.105643855,0.252136715,-0.110537304,-0.457390849,-0.153686624,0.129204784,-0.02711269,,,,,,,,
Deni Avdija,1630166,2022-23,0,1610612764,WAS,22,76,40,26.57894737,3.328947368,7.618421053,0.437,0.907894737,3.052631579,0.297,1.605263158,2.171052632,0.739,0.973684211,5.434210526,6.407894737,2.776315789,0.855263158,0.381578947,1.618421053,2.75,9.171052632,Forward,0.458245296,0.748060378,-0.099373481,1.041210756,0.282228047,0.454555101,-0.126171636,-0.212196922,-0.412369078,-0.297919434,-0.541942163,0.08802119,,,,,,,,
Deni Avdija,1630166,2023-24,0,1610612764,WAS,23,75,75,30.09333333,5.413333333,10.70666667,0.506,1.173333333,3.133333333,0.374,2.693333333,3.64,0.74,1.12,6.08,7.2,3.813333333,0.8,0.48,2.133333333,2.466666667,14.69333333,Forward,0.464325772,0.747880116,0.733477781,1.367665295,0.82674785,0.312516055,0.114034586,0.080776417,0.836826283,-0.336853011,-1.161880507,2.773310748,,,,,,,,
Deni Avdija,1630166,2024-25,0,1610612757,POR,24,72,54,30.01388889,5.583333333,11.72222222,0.476,1.736111111,4.75,0.365,4.027777778,5.166666667,0.78,1.527777778,5.722222222,7.25,3.902777778,0.986111111,0.486111111,2.722222222,2.375,16.93055556,Forward,0.461556904,0.751408268,1.070887894,1.38827206,0.873713567,0.790864482,0.128949351,0.701932825,0.26797976,0.425171501,-1.870884384,3.776887055,,,,,,,,
Dennis Schröder,203471,2020-21,0,1610612747,LAL,27,61,61,32.06557377,5.442622951,12.45901639,0.437,1.163934426,3.475409836,0.335,3.37704918,3.983606557,0.848,0.491803279,2.967213115,3.459016393,5.754098361,1.147540984,0.213114754,2.672131148,2.606557377,15.42622951,Guard,0.45733083,0.755799592,0.844010646,-0.174126098,1.845809676,1.205776442,-0.537325003,0.070402533,-0.600240192,1.373627535,-1.810576291,2.217359247,,,,,,,,
Dennis Schröder,203471,2021-22,0,0,TOT,28,64,29,28.71875,4.875,11.3125,0.431,1.34375,3.90625,0.344,2.453125,2.875,0.853,0.53125,2.8125,3.34375,4.625,0.828125,0.125,2.234375,2.40625,13.546875,Guard,0.456930468,0.754138335,0.560572903,-0.221631447,1.252939843,0.384803784,-0.752377692,0.268870917,-0.682492162,1.014822433,-1.283531526,0.541977052,,,,,,,,
Dennis Schröder,203471,2022-23,0,1610612747,LAL,29,67,50,29.64179104,4.029850746,9.701492537,0.415,1.104477612,3.358208955,0.329,3.223880597,3.76119403,0.857,0.313432836,2.149253731,2.462686567,4.447761194,0.746268657,0.149253731,1.671641791,2.164179104,12.3880597,Guard,0.4558963,0.756047805,0.385804391,-0.584748788,1.159874841,0.174414126,-0.693184086,0.004778085,-0.894955286,1.427237561,-0.606018274,0.373202571,,,,,,,,
Dennis Schröder,203471,2023-24,0,0,TOT,30,80,58,31.075,5.0375,11.5875,0.435,1.725,4.6,0.375,2.225,2.6625,0.836,0.4875,2.5375,3.025,6.1,0.7875,0.2125,1.9125,2.05,14.025,Guard,0.457281933,0.752879932,0.632682061,-0.352999574,2.027436586,0.280388175,-0.53882537,0.689669125,-0.61028587,0.743027612,-0.896004054,1.975088692,,,,,,,,
Dennis Schröder,203471,2024-25,0,0,TOT,31,75,49,28.06666667,4.48,11.02666667,0.406,1.693333333,4.946666667,0.342,2.413333333,2.88,0.838,0.36,2.28,2.64,5.386666667,0.88,0.16,1.893333333,2.4,13.06666667,Guard,0.454514338,0.753330738,0.488149545,-0.511671663,1.652877709,0.518134483,-0.666956763,0.654717579,-1.178870768,0.8403945,-0.872927984,0.923846639,,,,,,,,
Dennis Smith Jr.,1628372,2020-21,0,0,TOT,23,23,9,18.26086957,2.52173913,6.304347826,0.4,0.826086957,2.52173913,0.328,0.826086957,1.130434783,0.731,0.52173913,1.869565217,2.391304348,3.347826087,1,0.608695652,1.130434783,1.608695652,6.695652174,Guard,0.456313644,0.748067906,-0.472704811,-0.61416792,0.582318125,0.826562126,0.428128932,-0.302490869,-0.809214704,-0.296293495,0.045578103,-0.612284512,,,,,,,,
Dennis Smith Jr.,1628372,2021-22,0,1610612757,POR,24,37,4,17.27027027,2.135135135,5.108108108,0.418,0.162162162,0.72972973,0.222,1.135135135,1.72972973,0.656,0.540540541,1.837837838,2.378378378,3.567567568,1.216216216,0.324324324,1.378378378,1.405405405,5.567567568,Guard,0.457829327,0.745362335,-0.642838627,-0.619495168,0.697700539,1.382287608,-0.265907152,-1.035286578,-0.497827267,-0.88065366,-0.252938261,-2.114958566,,,,,,,,
Dennis Smith Jr.,1628372,2022-23,0,1610612766,CHA,25,54,15,25.74074074,3.444444444,8.37037037,0.412,0.444444444,2.055555556,0.216,1.444444444,1.962962963,0.736,0.5,2.592592593,3.092592593,4.833333333,1.388888889,0.462962963,1.518518519,2.259259259,8.777777778,Guard,0.456166917,0.747983332,-0.158685833,-0.32514228,1.362332038,1.826096154,0.072454028,-0.723722307,-0.839358748,-0.314560058,-0.421662625,0.47775037,,,,,,,,
Dennis Smith Jr.,1628372,2023-24,0,1610612751,BKN,26,56,2,18.91071429,2.625,6.035714286,0.435,0.571428571,1.946428571,0.294,0.767857143,1.035714286,0.741,0.892857143,2.035714286,2.928571429,3.625,1.214285714,0.214285714,1.214285714,2.160714286,6.589285714,Guard,0.458448563,0.748302522,-0.488746632,-0.392741191,0.727857306,1.377325773,-0.53446716,-0.583565735,-0.370609001,-0.245620057,-0.055375805,-0.565942503,,,,,,,,
Denzel Valentine,1627756,2020-21,0,1610612741,CHI,27,62,3,16.70967742,2.5,6.709677419,0.373,1.290322581,3.903225806,0.331,0.258064516,0.274193548,0.941,0.387096774,2.790322581,3.177419355,1.693548387,0.483870968,0.112903226,0.677419355,1.129032258,6.548387097,Guard,0.454402038,0.749503929,-0.49491482,-0.290182177,-0.286314208,-0.50000838,-0.781901054,0.209901311,-1.20194206,0.013864561,0.590994566,-2.740502262,,,,,,,,
Denzel Valentine,1627756,2021-22,0,0,TOT,28,24,0,9.25,1.041666667,2.75,0.379,0.791666667,1.958333333,0.404,0,0,0,0.375,1.375,1.75,0.458333333,0.333333333,0,0.5,0.833333333,2.875,Guard,0.457699612,0.748453789,-1.048922348,-0.878472078,-0.934904062,-0.886924779,-1.057452438,-0.340481679,-0.524476241,-0.212948896,0.804601942,-5.07998058,,,,,,,,
Derrick Favors,202324,2020-21,0,1610612762,UTA,29,68,0,15.27941176,2.279411765,3.573529412,0.638,0,0.029411765,0,0.867647059,1.176470588,0.738,2.029411765,3.5,5.529411765,0.647058824,0.470588235,1,0.529411765,2.102941176,5.426470588,Forward,0.466009966,0.748213472,-0.664118385,0.679156915,-0.835807603,-0.534148063,1.383145528,-1.214270308,1.182833215,-0.264853536,0.769191093,0.501128856,,,,,,,,
Derrick Favors,202324,2021-22,0,1610612760,OKC,30,39,18,16.71794872,2.41025641,4.666666667,0.516,0.051282051,0.41025641,0.125,0.41025641,0.641025641,0.64,1.487179487,3.230769231,4.717948718,0.641025641,0.435897436,0.307692308,0.230769231,1.58974359,5.282051282,Forward,0.462366737,0.747080956,-0.685899205,0.34472435,-0.838975522,-0.623311408,-0.306499217,-1.157668616,0.434354963,-0.509458905,1.1287474,-2.213986158,,,,,,,,
Derrick Jones Jr.,1627884,2020-21,0,1610612757,POR,24,58,43,22.72413793,2.534482759,5.24137931,0.484,0.74137931,2.344827586,0.316,1.017241379,1.568965517,0.648,1.327586207,2.206896552,3.534482759,0.810344828,0.637931034,0.931034483,0.551724138,2.189655172,6.827586207,Forward,0.461065914,0.745397522,-0.452806976,-0.143023745,-0.750068973,-0.104038521,1.214828428,-0.395985495,0.167109098,-0.873053895,0.742327691,-0.594712388,,,,,,,,
Derrick Jones Jr.,1627884,2021-22,0,1610612741,CHI,25,51,8,17.62745098,2.058823529,3.823529412,0.538,0.392156863,1.196078431,0.328,1.098039216,1.37254902,0.8,1.176470588,2.137254902,3.31372549,0.588235294,0.490196078,0.647058824,0.588235294,2.058823529,5.607843137,Forward,0.462741387,0.749830978,-0.636764405,-0.234005608,-0.866694811,-0.48375139,0.521758012,-0.781433836,0.511324349,0.084501957,0.698369397,-1.186696334,,,,,,,,
Derrick Jones Jr.,1627884,2022-23,0,1610612741,CHI,26,64,0,13.953125,1.796875,3.59375,0.5,0.421875,1.25,0.338,0.96875,1.3125,0.738,0.9375,1.453125,2.390625,0.53125,0.453125,0.578125,0.390625,1.34375,4.984375,Forward,0.461256207,0.748186396,-0.730793711,-0.614447903,-0.896616794,-0.5790326,0.353518261,-0.748632947,0.206203513,-0.270701501,0.936286035,-2.344217647,,,,,,,,
Derrick Jones Jr.,1627884,2023-24,0,1610612742,DAL,27,76,66,23.46052632,3.144736842,6.513157895,0.483,1.078947368,3.144736842,0.343,1.276315789,1.789473684,0.713,1.078947368,2.210526316,3.289473684,0.986842105,0.697368421,0.671052632,0.855263158,1.592105263,8.644736842,Forward,0.461278601,0.74722876,-0.178750607,-0.244000633,-0.657393335,0.048729255,0.580317251,-0.023400488,0.21080421,-0.477535707,0.376876167,-0.364353887,,,,,,,,
Derrick Jones Jr.,1627884,2024-25,0,1610612746,LAC,28,77,55,24.32467532,4.025974026,7.649350649,0.526,1.012987013,2.844155844,0.356,1.077922078,1.532467532,0.703,1.207792208,2.207792208,3.415584416,0.779220779,1.025974026,0.428571429,0.857142857,1.987012987,10.14285714,Forward,0.464563356,0.747102088,0.047190711,-0.192025949,-0.766411668,0.893321356,-0.01148188,-0.096203109,0.885636344,-0.504894644,0.374613068,0.62974423,,,,,,,,
Derrick Rose,201565,2020-21,0,0,TOT,32,50,3,25.58,5.74,12.22,0.47,1,2.58,0.388,2.2,2.54,0.866,0.4,2.2,2.6,4.18,0.98,0.38,1.56,1.12,14.68,Guard,0.46096761,0.754136457,0.731466894,-0.528157075,1.019278114,0.775157519,-0.130025211,-0.110537304,0.146913093,1.014416865,-0.471605036,2.44690786,,,,,,,,
Derrick Rose,201565,2021-22,0,1610612752,NYK,33,26,4,24.46153846,4.692307692,10.53846154,0.445,1.423076923,3.538461538,0.402,1.153846154,1.192307692,0.968,0.807692308,2.192307692,3,3.961538462,0.846153846,0.461538462,1.5,0.576923077,11.96153846,Guard,0.458446769,0.753567187,0.321477933,-0.363302956,0.904567776,0.431142071,0.068977394,0.35642666,-0.370977629,0.891463584,-0.399366905,1.840407927,,,,,,,,
Derrick Rose,201565,2022-23,0,1610612752,NYK,34,27,0,12.51851852,2.259259259,5.888888889,0.384,0.703703704,2.333333333,0.302,0.407407407,0.444444444,0.917,0.296296296,1.185185185,1.481481481,1.703703704,0.259259259,0.185185185,0.814814815,0.666666667,5.62962963,Guard,0.455644771,0.749938778,-0.633478641,-0.989138038,-0.280981828,-1.077312212,-0.605489852,-0.437569305,-0.946630412,0.107784995,0.425574712,-4.437240581,,,,,,,,
Derrick Rose,201565,2023-24,0,1610612763,MEM,35,24,7,16.625,3.166666667,6.875,0.461,0.625,1.708333333,0.366,1,1.125,0.889,0.291666667,1.583333333,1.875,3.25,0.333333333,0.083333333,1.291666667,0.875,7.958333333,Guard,0.459936937,0.751546493,-0.282271608,-0.826955166,0.530951355,-0.886924779,-0.854069275,-0.52443718,-0.064832036,0.455025882,-0.148540062,-2.60205287,,,,,,,,
Derrick White,1628401,2020-21,0,1610612759,SAS,26,36,32,29.55555556,5.166666667,12.58333333,0.411,2.333333333,6.75,0.346,2.694444444,3.166666667,0.851,0.361111111,2.611111111,2.972222222,3.527777778,0.722222222,1,1.25,2.527777778,15.36111111,Guard,0.454402385,0.754561557,0.834189714,-0.374751159,0.676807615,0.112609249,1.383145528,1.361106702,-1.201870697,1.106231708,-0.098374693,3.799093968,,,,,,,,
Derrick White,1628401,2021-22,0,0,TOT,27,75,52,29.32,4.493333333,10.66666667,0.421,1.533333333,4.92,0.312,2.706666667,3.133333333,0.864,0.506666667,2.973333333,3.48,4.88,0.853333333,0.773333333,1.586666667,2.293333333,13.22666667,Guard,0.456117938,0.755267681,0.512280191,-0.165478013,1.38683589,0.449595006,0.829943322,0.478120298,-0.849421146,1.25874323,-0.503710872,3.396907907,,,,,,,,
Derrick White,1628401,2022-23,0,1610612738,BOS,28,82,70,28.2804878,4.268292683,9.243902439,0.462,1.817073171,4.768292683,0.381,2.048780488,2.341463415,0.875,0.634146341,2.93902439,3.573170732,3.914634146,0.658536585,0.926829268,1.158536585,2.158536585,12.40243902,Guard,0.460044606,0.754114756,0.38797303,-0.127079066,0.879939138,-0.051077509,1.204565189,0.791293322,-0.0427121,1.009729906,0.011744409,4.06437632,,,,,,,,
Derrick White,1628401,2023-24,0,1610612738,BOS,29,73,73,32.61643836,5.301369863,11.49315068,0.461,2.684931507,6.780821918,0.396,1.876712329,2.082191781,0.901,0.698630137,3.547945205,4.246575342,5.164383562,1.01369863,1.191780822,1.534246575,2.082191781,15.16438356,Guard,0.45998097,0.754552428,0.804519946,0.150454744,1.536160733,0.861770761,1.851205413,1.749177211,-0.055785726,1.104259898,-0.440598714,7.561164266,,,,,,,,
Derrick White,1628401,2024-25,0,1610612738,BOS,30,76,76,33.86842105,5.578947368,12.61842105,0.442,3.486842105,9.092105263,0.384,1.776315789,2.118421053,0.839,0.881578947,3.605263158,4.486842105,4.75,0.947368421,1.052631579,1.723684211,1.815789474,16.42105263,Guard,0.457862282,0.752134157,0.994046426,0.249477158,1.318575161,0.691286844,1.511598053,2.634272405,-0.491056767,0.581952092,-0.668675726,6.821475645,,,,,,,,
Desmond Bane,1630217,2020-21,0,1610612763,MEM,23,68,17,22.33823529,3.441176471,7.338235294,0.469,1.720588235,3.985294118,0.432,0.588235294,0.720588235,0.816,0.455882353,2.632352941,3.088235294,1.735294118,0.602941176,0.235294118,0.867647059,1.838235294,9.191176471,Guard,0.460488449,0.749413419,-0.096338473,-0.326938077,-0.264394253,-0.193970516,-0.483194092,0.684799714,0.048472616,-0.005684073,0.361966336,-0.275280819,,,,,,,,
Desmond Bane,1630217,2021-22,0,1610612763,MEM,24,76,76,29.81578947,6.684210526,14.48684211,0.461,3,6.881578947,0.436,1.842105263,2.039473684,0.903,0.605263158,3.789473684,4.394736842,2.736842105,1.210526316,0.381578947,1.460526316,2.578947368,18.21052632,Guard,0.460007617,0.754510594,1.263928654,0.211517328,0.261501105,1.367663254,-0.126171636,2.096928706,-0.050311395,1.095224442,-0.351841819,5.768438638,,,,,,,,
Desmond Bane,1630217,2022-23,0,1610612763,MEM,25,58,58,31.74137931,7.75862069,16.18965517,0.479,2.862068966,7.017241379,0.408,3.120689655,3.534482759,0.883,0.74137931,4.275862069,5.017241379,4.379310345,0.965517241,0.379310345,2.172413793,2.586206897,21.5,Guard,0.462530248,0.757336872,1.76003569,0.46807342,1.123932496,0.737933492,-0.131708381,1.944689671,0.467947156,1.705655564,-1.208932164,6.867626944,,,,,,,,
Desmond Bane,1630217,2023-24,0,1610612763,MEM,26,42,42,34.35714286,8.571428571,18.47619048,0.464,3.261904762,8.571428571,0.381,3.333333333,3.833333333,0.87,0.857142857,3.547619048,4.404761905,5.476190476,1.023809524,0.523809524,2.666666667,2.857142857,23.73809524,Guard,0.460508878,0.757108782,2.097577468,0.21564901,1.699885098,0.887758088,0.220956021,2.386001636,0.052669566,1.656391796,-1.803997226,7.412891456,,,,,,,,
Desmond Bane,1630217,2024-25,0,1610612763,MEM,27,69,68,31.95652174,7.144927536,14.75362319,0.484,2.376811594,6.057971014,0.392,2.565217391,2.869565217,0.894,0.898550725,5.15942029,6.057971014,5.347826087,1.15942029,0.405797101,2.449275362,2.376811594,19.23188406,Guard,0.462966984,0.756353501,1.417966294,0.896994839,1.632483199,1.236308995,-0.067064859,1.409095094,0.557671772,1.493263078,-1.542264867,7.034453545,,,,,,,,
Devin Booker,1626164,2020-21,0,1610612756,PHX,24,67,67,33.88059701,9.298507463,19.20895522,0.484,1.880597015,5.537313433,0.34,5.074626866,5.850746269,0.867,0.507462687,3.686567164,4.194029851,4.313432836,0.791044776,0.23880597,3.089552239,2.701492537,25.55223881,Guard,0.463753075,0.760872312,2.371180322,0.128798892,1.089341366,0.289499066,-0.474623073,0.861406686,0.719169153,2.469254342,-2.313138281,5.140888474,,,,,,,,
Devin Booker,1626164,2021-22,0,1610612756,PHX,25,68,68,34.48529412,9.735294118,20.89705882,0.466,2.691176471,7.029411765,0.383,4.632352941,5.338235294,0.868,0.661764706,4.367647059,5.029411765,4.838235294,1.132352941,0.382352941,2.382352941,2.647058824,26.79411765,Guard,0.460924485,0.759985884,2.55847619,0.473089266,1.364905973,1.166739673,-0.124282628,1.756069984,0.138053388,2.277799983,-1.461692357,8.149159472,,,,,,,,
Devin Booker,1626164,2022-23,0,1610612756,PHX,26,53,53,34.62264151,9.943396226,20.13207547,0.494,2.094339623,5.962264151,0.351,5.773584906,6.754716981,0.855,0.867924528,3.660377358,4.528301887,5.528301887,0.962264151,0.339622642,2.735849057,3,27.75471698,Guard,0.465584485,0.761134488,2.703350457,0.266564197,1.72724789,0.729572302,-0.228570109,1.097321457,1.095420747,2.525880155,-1.887290668,8.029496427,,,,,,,,
Devin Booker,1626164,2023-24,0,1610612756,PHX,27,68,68,35.98529412,9.441176471,19.19117647,0.492,2.235294118,6.147058824,0.364,5.955882353,6.720588235,0.886,0.823529412,3.705882353,4.529411765,6.941176471,0.897058824,0.411764706,2.617647059,3.029411765,27.07352941,Guard,0.465038148,0.764751071,2.600616105,0.267021617,2.469123662,0.561979591,-0.052500334,1.252897585,0.983179392,3.3070045,-1.744979145,9.644342973,,,,,,,,
Devin Booker,1626164,2024-25,0,1610612756,PHX,28,75,75,37.26666667,8.72,18.93333333,0.461,2.44,7.346666667,0.332,5.76,6.44,0.894,1.013333333,3.053333333,4.066666667,7.053333333,0.893333333,0.213333333,2.933333333,2.64,25.64,Guard,0.460044718,0.765061117,2.384416161,0.076308028,2.528015271,0.552404221,-0.536791539,1.478838223,-0.042689096,3.373969424,-2.125055585,7.689415109,,,,,,,,
Dariq Whitehead,,2023-24,,,,19,2,0,12,0.5,2.5,0.2,0,,,0.5,1,0.5,0,2,2,1.5,0,0.5,0,0,1.5,Forward,0.453525709,0.743582146,-1.256295089,-0.775438254,-0.387943086,-1.74366823,0.162846545,-1.214270308,-1.381978208,-1.26514616,1.406586365,-6.455306425,525,BRK,1.5,0,0.5,1,0.5,0.2
Devin Vassell,1630170,2020-21,0,1610612759,SAS,20,62,7,17.03225806,1.983870968,4.887096774,0.406,0.838709677,2.419354839,0.347,0.693548387,0.822580645,0.843,0.387096774,2.419354839,2.806451613,0.903225806,0.693548387,0.290322581,0.35483871,1.419354839,5.5,Guard-Forward,0.457354126,0.749984051,-0.653028933,-0.443071078,-0.701298794,0.038910888,-0.348891737,-0.288558757,-0.595454249,0.117563402,0.979371613,-1.894457645,,,,,,,,
Devin Vassell,1630170,2021-22,0,1610612759,SAS,21,71,32,27.28169014,4.591549296,10.76056338,0.427,1.929577465,5.352112676,0.361,1.169014085,1.394366197,0.838,0.61971831,3.690140845,4.309859155,1.915492958,1.070422535,0.577464789,0.816901408,2.014084507,12.28169014,Guard-Forward,0.456671077,0.750883242,0.369762102,0.176536237,-0.169774989,1.007564263,0.351906952,0.915468025,-0.73578237,0.311774305,0.423062519,2.650517043,,,,,,,,
Devin Vassell,1630170,2022-23,0,1610612759,SAS,22,38,32,31,6.868421053,15.65789474,0.439,2.710526316,7,0.387,2.052631579,2.631578947,0.78,0.210526316,3.684210526,3.894736842,3.578947368,1.131578947,0.447368421,1.5,1.5,18.5,Guard-Forward,0.45703928,0.750031099,1.307586073,0.005449679,0.703675873,1.16475033,0.03439402,1.777427047,-0.660137297,0.127725058,-0.399366905,4.061503878,,,,,,,,
Devin Vassell,1630170,2023-24,0,1610612759,SAS,23,68,62,33.05882353,7.323529412,15.52941176,0.472,2.441176471,6.558823529,0.372,2.367647059,2.955882353,0.801,0.397058824,3.441176471,3.838235294,4.073529412,1.073529412,0.338235294,1.588235294,1.088235294,19.45588235,Guard-Forward,0.461495187,0.751386804,1.451748941,-0.017836604,0.963372268,1.015549653,-0.231956067,1.480136733,0.255300549,0.420535707,-0.50559945,4.831251729,,,,,,,,
Devin Vassell,1630170,2024-25,0,1610612759,SAS,24,64,53,30.984375,6.15625,13.890625,0.443,2.46875,6.703125,0.368,1.484375,1.875,0.792,0.53125,3.453125,3.984375,2.859375,1.3125,0.515625,1.375,1.6875,16.265625,Guard-Forward,0.457807059,0.750027748,0.970605369,0.042392728,0.325840988,1.629759112,0.200980888,1.510570547,-0.502402074,0.12700127,-0.248870799,4.05587803,,,,,,,,
Devonte' Graham,1628984,2020-21,0,1610612766,CHA,26,55,44,30.16363636,4.581818182,12.16363636,0.377,3.254545455,8.672727273,0.375,2.418181818,2.872727273,0.842,0.4,2.290909091,2.690909091,5.363636364,0.872727273,0.109090909,1.527272727,1.4,14.83636364,Guard,0.450877644,0.753536423,0.755049117,-0.49069023,1.6407849,0.4994419,-0.791205387,2.377878926,-1.926006406,0.884819207,-0.432202418,2.517869607,,,,,,,,
Devonte' Graham,1628984,2021-22,0,1610612740,NOP,27,76,63,28.44736842,3.894736842,10.72368421,0.363,2.526315789,7.407894737,0.341,1.552631579,1.842105263,0.843,0.486842105,1.842105263,2.328947368,4.157894737,0.934210526,0.157894737,1.381578947,1.25,11.86842105,Guard,0.450482504,0.751813299,0.307434288,-0.639867432,1.007671027,0.657468023,-0.672094864,1.574107808,-2.00718532,0.512651756,-0.256791646,0.483393639,,,,,,,,
Devonte' Graham,1628984,2022-23,0,0,TOT,28,73,8,18.32876712,2.205479452,5.904109589,0.374,1.630136986,4.630136986,0.352,1.342465753,1.794520548,0.748,0.260273973,1.410958904,1.671232877,2.684931507,0.616438356,0.219178082,0.726027397,1.082191781,7.383561644,Guard,0.455076978,0.748438066,-0.368956685,-0.91093479,0.234243757,-0.159279655,-0.522526857,0.584965685,-1.063279818,-0.21634468,0.532471997,-1.889641046,,,,,,,,
Devonte' Graham,1628984,2023-24,0,1610612759,SAS,29,23,0,13.60869565,1.652173913,4.695652174,0.352,1.086956522,3.608695652,0.301,0.565217391,0.695652174,0.813,0.217391304,1.347826087,1.565217391,2.130434783,0.391304348,0.086956522,0.739130435,0.608695652,4.956521739,Guard,0.455026104,0.7493395,-0.734994444,-0.954627514,-0.05691279,-0.737925916,-0.845226527,-0.01456052,-1.07373153,-0.021649364,0.516696348,-3.922932258,,,,,,,,
Dewayne Dedmon,203473,2020-21,0,1610612748,MIA,31,16,0,13.125,2.875,4.0625,0.708,0.0625,0.3125,0.2,1.25,1.6875,0.741,1.75,3.625,5.375,0.75,0.5625,0.375,0.8125,2.25,7.0625,Center,0.469550849,0.748210437,-0.417378091,0.615518376,-0.781754989,-0.297913655,-0.142228201,-1.145286996,1.910285024,-0.265509102,0.428361677,-0.095905955,,,,,,,,
Dewayne Dedmon,203473,2021-22,0,1610612748,MIA,32,67,15,15.89552239,2.447761194,4.328358209,0.566,0.28358209,0.701492537,0.404,1.119402985,1.492537313,0.75,1.567164179,4.194029851,5.76119403,0.701492537,0.358208955,0.626865672,1.044776119,2.597014925,6.298507463,Center,0.464267211,0.748498607,-0.532600801,0.774682568,-0.80722541,-0.8229887,0.472474646,-0.901271396,0.824795272,-0.203268983,0.148708466,-1.046694339,,,,,,,,
Dewayne Dedmon,203473,2022-23,0,0,TOT,33,38,1,11.21052632,2.026315789,3.973684211,0.51,0.315789474,1.026315789,0.308,0.868421053,1.289473684,0.673,0.894736842,2.631578947,3.526315789,0.684210526,0.236842105,0.5,0.657894737,1.973684211,5.236842105,Center,0.461779964,0.746556798,-0.692717496,-0.146389642,-0.816299893,-1.134929462,0.162846545,-0.865723043,0.313806046,-0.622668754,0.614501598,-3.187574102,,,,,,,,
Dillon Brooks,1628415,2020-21,0,1610612763,MEM,25,67,67,29.80597015,6.447761194,15.3880597,0.419,1.910447761,5.552238806,0.344,2.373134328,2.910447761,0.815,0.791044776,2.134328358,2.925373134,2.343283582,1.164179104,0.388059701,1.776119403,3.537313433,17.17910448,Guard-Forward,0.454414281,0.7521143,1.108373182,-0.394059322,0.054850397,1.248540243,-0.110354721,0.894353939,-1.199426726,0.577663148,-0.731806064,1.448134077,,,,,,,,
Dillon Brooks,1628415,2021-22,0,1610612763,MEM,26,32,31,27.65625,7.09375,16.4375,0.432,1.4375,4.65625,0.309,2.8125,3.3125,0.849,0.90625,2.28125,3.1875,2.75,1.125,0.25,1.5625,3.28125,18.4375,Guard-Forward,0.455930307,0.754701092,1.298160039,-0.286027588,0.268410086,1.147840921,-0.447302946,0.372345886,-0.887968718,1.136368964,-0.474614958,2.127211686,,,,,,,,
Dillon Brooks,1628415,2022-23,0,1610612763,MEM,27,73,73,30.32876712,5.369863014,13.57534247,0.396,1.95890411,6.01369863,0.326,1.643835616,2.109589041,0.779,0.616438356,2.726027397,3.342465753,2.589041096,0.890410959,0.219178082,1.424657534,3.287671233,14.34246575,Guard-Forward,0.452230385,0.749690413,0.680561147,-0.222160731,0.183893376,0.544893046,-0.522526857,0.947836811,-1.648094417,0.054142122,-0.308656923,-0.290112426,,,,,,,,
Dillon Brooks,1628415,2023-24,0,1610612745,HOU,28,72,72,30.93055556,4.569444444,10.66666667,0.428,1.847222222,5.138888889,0.359,1.722222222,2.041666667,0.844,0.736111111,2.680555556,3.416666667,1.652777778,0.888888889,0.138888889,1.222222222,3.347222222,12.70833333,Guard-Forward,0.456792637,0.752202199,0.434106951,-0.191579915,-0.307722142,0.540980976,-0.718480498,0.824569825,-0.71080856,0.596647996,-0.064931114,0.402783519,,,,,,,,
Dillon Brooks,1628415,2024-25,0,1610612745,HOU,29,75,75,31.84,5.12,11.93333333,0.429,2.48,6.253333333,0.397,1.32,1.613333333,0.818,1,2.666666667,3.666666667,1.706666667,0.8,0.213333333,1.013333333,3.226666667,14.04,Guard-Forward,0.456573423,0.750627669,0.634944309,-0.088546091,-0.279426028,0.312516055,-0.536791539,1.522987543,-0.75584466,0.25657467,0.186564601,1.25297886,,,,,,,,
Domantas Sabonis,1627734,2020-21,0,1610612754,IND,25,62,62,35.98387097,7.806451613,14.58064516,0.535,0.838709677,2.612903226,0.321,3.870967742,5.290322581,0.732,2.419354839,9.548387097,11.96774194,6.693548387,1.225806452,0.532258065,3.435483871,3.274193548,20.32258065,Forward-Center,0.469425096,0.746879447,1.582461378,3.332620039,2.339098479,1.406936724,0.241575513,-0.288558757,1.884449931,-0.552981586,-2.729629189,7.215972534,,,,,,,,
Domantas Sabonis,1627734,2021-22,0,0,TOT,26,62,61,34.4516129,7.14516129,12.46774194,0.573,0.629032258,2.016129032,0.312,3.967741935,5.35483871,0.741,3.241935484,8.887096774,12.12903226,5.209677419,0.951612903,0.435483871,3.14516129,3.274193548,18.88709677,Forward-Center,0.472405691,0.747732735,1.365966668,3.399093473,1.559943746,0.702196141,0.005388612,-0.519986644,2.496794223,-0.368685109,-2.380089846,6.260621263,,,,,,,,
Domantas Sabonis,1627734,2022-23,0,1610612758,SAC,27,79,79,34.63291139,7.303797468,11.87341772,0.615,0.392405063,1.050632911,0.373,4.113924051,5.544303797,0.742,3.17721519,9.139240506,12.3164557,7.253164557,0.82278481,0.493670886,2.911392405,3.53164557,19.11392405,Forward-Center,0.476328856,0.747809587,1.400175973,3.476337289,2.632943157,0.371078265,0.147399722,-0.781159889,3.30278364,-0.352086322,-2.098639391,8.098832445,,,,,,,,
Domantas Sabonis,1627734,2023-24,0,1610612758,SAC,28,82,82,35.70731707,7.731707317,13.02439024,0.594,0.402439024,1.06097561,0.379,3.56097561,5.06097561,0.704,3.585365854,10.07317073,13.65853659,8.207317073,0.902439024,0.585365854,3.317073171,3.048780488,19.42682927,Forward-Center,0.47532106,0.744367782,1.447367256,4.029456196,3.133951982,0.575807944,0.371190275,-0.770085075,3.095738363,-1.095461354,-2.587066395,8.200899191,,,,,,,,
Domantas Sabonis,1627734,2024-25,0,1610612758,SAC,29,70,70,34.7,7.528571429,12.75714286,0.59,0.928571429,2.228571429,0.417,3.114285714,4.128571429,0.754,3.814285714,10.07142857,13.88571429,6.042857143,0.685714286,0.371428571,2.885714286,3.271428571,19.1,Forward-Center,0.474587224,0.748876817,1.398075996,4.123084145,1.99743187,0.018775444,-0.150944623,-0.189375375,2.944976493,-0.121581477,-2.067723735,7.952718737,,,,,,,,
Dominick Barlow,1631230,2022-23,0,1610612759,SAS,20,28,0,14.57142857,1.642857143,3.071428571,0.535,0,0.142857143,0,0.642857143,0.892857143,0.72,1.642857143,2,3.642857143,0.857142857,0.357142857,0.678571429,0.535714286,2,3.928571429,Forward,0.462102836,0.7479546,-0.890026352,-0.098358836,-0.725496146,-0.825728817,0.598667612,-1.214270308,0.380138122,-0.320765828,0.761603054,-2.334237499,,,,,,,,
Dominick Barlow,1631230,2023-24,0,1610612759,SAS,21,33,1,12.72727273,1.696969697,3.424242424,0.496,0.090909091,0.272727273,0.333,0.878787879,1.272727273,0.69,1.363636364,2.060606061,3.424242424,1.090909091,0.363636364,0.424242424,0.272727273,1.424242424,4.363636364,Forward,0.461060273,0.747002808,-0.824411364,-0.188457678,-0.602749578,-0.809039009,-0.022047241,-1.113930944,0.165950095,-0.526337586,1.078231225,-2.842792079,,,,,,,,
Dominick Barlow,1631230,2024-25,0,1610612737,ATL,22,35,4,10.71428571,1.714285714,3.228571429,0.531,0.2,0.771428571,0.259,0.6,0.942857143,0.636,1,1.428571429,2.428571429,0.542857143,0.257142857,0.457142857,0.142857143,1.342857143,4.228571429,Forward,0.462088702,0.746372479,-0.84478139,-0.59880884,-0.890522086,-1.082751853,0.058249489,-0.993523708,0.377234412,-0.662478616,1.234590816,-3.402791775,,,,,,,,
Donovan Mitchell,1628378,2020-21,0,1610612762,UTA,24,53,53,33.41509434,9.018867925,20.58490566,0.438,3.358490566,8.698113208,0.386,5.037735849,5.962264151,0.845,0.943396226,3.490566038,4.433962264,5.226415094,0.981132075,0.283018868,2.773584906,2.20754717,26.43396226,Guard,0.4561315,0.758739899,2.504158801,0.227683509,1.568732407,0.778067213,-0.366717164,2.492606575,-0.846635059,2.008687039,-1.932723455,6.433859865,,,,,,,,
Donovan Mitchell,1628378,2021-22,0,1610612762,UTA,25,67,67,33.82089552,9.208955224,20.53731343,0.448,3.462686567,9.76119403,0.355,3.985074627,4.671641791,0.853,0.820895522,3.388059701,4.208955224,5.343283582,1.47761194,0.179104478,2.985074627,2.447761194,25.86567164,Guard,0.457842472,0.757387167,2.418451177,0.134950165,1.630098009,2.054134833,-0.620330413,2.607611141,-0.495126573,1.716518471,-2.187350491,7.258956318,,,,,,,,
Donovan Mitchell,1628378,2022-23,0,1610612739,CLE,26,68,68,35.76470588,9.985294118,20.61764706,0.484,3.602941176,9.338235294,0.386,4.691176471,5.411764706,0.867,0.926470588,3.323529412,4.25,4.426470588,1.455882353,0.397058824,2.647058824,2.470588235,28.26470588,Guard,0.463989538,0.76003155,2.780265217,0.151866166,1.148695516,1.998284789,-0.08839148,2.762414782,0.767749092,2.287663174,-1.780389994,10.02815726,,,,,,,,
Donovan Mitchell,1628378,2023-24,0,1610612739,CLE,27,55,55,35.32727273,9.145454545,19.8,0.462,3.309090909,8.981818182,0.368,5,5.781818182,0.865,0.836363636,4.254545455,5.090909091,6.054545455,1.836363636,0.545454545,2.8,2.145454545,26.6,Guard,0.460216905,0.760533872,2.529200038,0.498434485,2.003569198,2.976209332,0.273782815,2.438082543,-0.007314527,2.39615663,-1.964526405,11.14359411,,,,,,,,
Donovan Mitchell,1628378,2024-25,0,1610612739,CLE,28,71,71,31.43661972,8.23943662,18.5915493,0.443,3.281690141,8.915492958,0.368,4.197183099,5.098591549,0.823,0.802816901,3.732394366,4.535211268,4.985915493,1.338028169,0.23943662,2.098591549,1.971830986,23.95774648,Guard,0.457220113,0.755351981,2.130704507,0.269411797,1.442450266,1.695372387,-0.47308391,2.407839411,-0.622986452,1.276950761,-1.120052482,7.006606286,,,,,,,,
Dmytro Skapintsev,,2023-24,,,,25,2,0,1,0,0.5,0,0,,,0,0,,0,0,0,0,0,0,0,0,0,Center,0.457575972,,-1.482519897,-1.59970885,-1.175566892,-1.74366823,-1.057452438,-1.214270308,-0.549877401,,1.406586365,-7.416477651,571,NYK,0,,0,0.5,0,0
Donte DiVincenzo,1628978,2020-21,0,1610612749,MIL,24,66,66,27.5,3.833333333,9.136363636,0.42,1.984848485,5.242424242,0.379,0.772727273,1.075757576,0.718,1.227272727,4.53030303,5.757575758,3.075757576,1.090909091,0.227272727,1.378787879,1.696969697,10.42424242,Guard,0.456526645,0.747812371,0.089628265,0.77319135,0.4394597,1.060219432,-0.502771083,0.976472474,-0.765455021,-0.351484897,-0.253431287,1.465828933,,,,,,,,
Donte DiVincenzo,1628978,2021-22,0,0,TOT,25,42,1,23.92857143,2.80952381,8,0.351,1.761904762,5.19047619,0.339,1.666666667,1.976190476,0.843,0.952380952,3.095238095,4.047619048,2.80952381,1.142857143,0.19047619,1.714285714,1.642857143,9.047619048,Guard,0.451799863,0.752048537,-0.117989307,0.068457832,0.299664999,1.193737892,-0.592576636,0.730402129,-1.736542379,0.563459471,-0.657360229,-0.248746228,,,,,,,,
Donte DiVincenzo,1628978,2022-23,0,1610612744,GSW,26,72,36,26.30555556,3.263888889,7.5,0.435,2.083333333,5.25,0.397,0.805555556,0.986111111,0.817,1.111111111,3.402777778,4.513888889,3.5,1.347222222,0.138888889,1.555555556,1.847222222,9.416666667,Guard,0.458129164,0.749779526,-0.062330822,0.260624092,0.662221989,1.719003221,-0.718480498,1.085173451,-0.436227507,0.073389205,-0.466254063,2.117119067,,,,,,,,
Donte DiVincenzo,1628978,2023-24,0,1610612752,NYK,27,81,63,29.13580247,5.49382716,12.39506173,0.443,3.49382716,8.703703704,0.401,1.061728395,1.407407407,0.754,0.777777778,2.888888889,3.666666667,2.666666667,1.320987654,0.444444444,1.395061728,2.049382716,15.54320988,Guard,0.458004086,0.74860563,0.861653221,-0.088546091,0.224653208,1.651574338,0.027257768,2.641982041,-0.461924069,-0.180153547,-0.273024494,4.403472374,,,,,,,,
Donte DiVincenzo,1628978,2024-25,0,1610612750,MIN,28,62,10,25.90322581,4.032258065,9.564516129,0.422,2.806451613,7.064516129,0.397,0.790322581,1.016129032,0.778,0.516129032,3.161290323,3.677419355,3.629032258,1.177419355,0.274193548,1.596774194,1.838709677,11.66129032,Guard,0.456558499,0.749042284,0.276195548,-0.084114528,0.729974574,1.282570738,-0.388256222,1.883302963,-0.758910838,-0.08584324,-0.515880019,2.339038976,,,,,,,,
Dorian Finney-Smith,1627827,2020-21,0,1610612742,DAL,28,60,60,32.01666667,3.666666667,7.766666667,0.472,1.983333333,5.033333333,0.394,0.516666667,0.683333333,0.756,1.633333333,3.8,5.433333333,1.7,0.866666667,0.416666667,0.8,2.3,9.833333333,Forward,0.460738495,0.74855553,0.000509402,0.639559602,-0.282926578,0.483864746,-0.040536618,0.974800151,0.099842963,-0.190974441,0.443411288,2.127550515,,,,,,,,
Dorian Finney-Smith,1627827,2021-22,0,1610612742,DAL,29,80,80,33.05,4.075,8.65,0.471,2.15,5.4375,0.395,0.7,1.0375,0.675,1.525,3.1625,4.6875,1.875,1.1,0.4875,1,2.2875,11,Forward,0.460750439,0.746960606,0.176462031,0.332175359,-0.191037134,1.083585162,0.132339071,1.158755652,0.102296682,-0.535452546,0.202617519,2.461741794,,,,,,,,
Dorian Finney-Smith,1627827,2022-23,0,0,TOT,30,66,66,30.43939394,2.96969697,7.590909091,0.391,1.727272727,5.121212121,0.337,0.681818182,0.893939394,0.763,1.727272727,3.060606061,4.787878788,1.515151515,0.833333333,0.545454545,0.939393939,2.181818182,8.348484848,Forward,0.45500527,0.748709289,-0.223430307,0.373545001,-0.37998729,0.398190399,0.273782815,0.692177609,-1.078011815,-0.15776484,0.275585328,0.1740869,,,,,,,,
Dorian Finney-Smith,1627827,2023-24,0,1610612751,BKN,31,68,56,28.45588235,3.161764706,7.514705882,0.421,1.720588235,4.941176471,0.348,0.485294118,0.676470588,0.717,1.602941176,3.058823529,4.661764706,1.573529412,0.823529412,0.558823529,0.867647059,2.205882353,8.529411765,Forward,0.457147475,0.748033918,-0.196143536,0.321568936,-0.349334076,0.372992064,0.30641113,0.684799714,-0.637909308,-0.303634269,0.361966336,0.560716992,,,,,,,,
Dorian Finney-Smith,1627827,2024-25,0,0,TOT,32,63,40,28.87301587,3.095238095,6.904761905,0.448,2.047619048,4.984126984,0.411,0.476190476,0.714285714,0.667,1.26984127,2.650793651,3.920634921,1.428571429,0.920634921,0.365079365,0.888888889,2.158730159,8.714285714,Forward,0.45909759,0.747306552,-0.168261487,0.016123191,-0.425448981,0.622575591,-0.166440482,1.045754416,-0.237270696,-0.460733696,0.336391835,0.562689691,,,,,,,,
Doug McDermott,203926,2020-21,0,1610612754,IND,29,66,29,24.53030303,5.363636364,10.07575758,0.532,1.681818182,4.333333333,0.388,1.212121212,1.484848485,0.816,0.909090909,2.439393939,3.348484848,1.287878788,0.303030303,0.090909091,0.803030303,1.772727273,13.62121212,Forward,0.466466816,0.750401855,0.571784171,-0.219680049,-0.49932423,-0.964810546,-0.835579895,0.642007927,1.276690203,0.207802354,0.439762898,0.618652831,,,,,,,,
Doug McDermott,203926,2021-22,0,1610612759,SAS,30,51,51,23.98039216,4.215686275,9.117647059,0.462,2.117647059,5.019607843,0.422,0.784313725,1,0.784,0.352941176,1.901960784,2.254901961,1.254901961,0.254901961,0.117647059,0.843137255,1.549019608,11.33333333,Forward,0.460042344,0.749150773,0.22673421,-0.670384158,-0.516639786,-1.088511472,-0.770323265,1.123046643,-0.043176917,-0.06241134,0.391475377,-1.410190708,,,,,,,,
Doug McDermott,203926,2022-23,0,1610612759,SAS,31,64,0,20.53125,3.734375,8.171875,0.457,1.921875,4.65625,0.413,0.828125,1.09375,0.757,0.359375,1.796875,2.15625,1.421875,0.203125,0.09375,0.90625,1.84375,10.21875,Forward,0.459647501,0.748636735,0.05863661,-0.711042114,-0.428965159,-1.221590189,-0.828646379,0.90696656,-0.124294837,-0.173435384,0.315489598,-2.206881294,,,,,,,,
Doug McDermott,203926,2023-24,0,0,TOT,32,64,0,14.125,1.921875,4.4375,0.433,1.46875,3.578125,0.41,0.171875,0.296875,0.579,0.15625,0.765625,0.921875,1.09375,0.25,0.03125,0.4375,1,5.484375,Forward,0.458722419,0.747453596,-0.655385442,-1.219771622,-0.601257867,-1.101110641,-0.981183752,0.406837542,-0.314347037,-0.428974699,0.879849995,-4.015343521,,,,,,,,
Doug McDermott,203926,2024-25,0,1610612758,SAC,33,42,3,8.142857143,1.19047619,2.785714286,0.427,1.047619048,2.404761905,0.436,0.071428571,0.119047619,0.6,0.071428571,0.452380952,0.523809524,0.166666667,0.095238095,0.047619048,0.142857143,0.714285714,3.5,Forward,0.458973171,0.748101167,-0.954662011,-1.383828455,-1.088053135,-1.498884387,-0.941233486,-0.057978589,-0.262831798,-0.289109593,1.234590816,-5.241990639,,,,,,,,
Draymond Green,203110,2020-21,0,1610612744,GSW,31,63,63,31.46031746,2.698412698,6.031746032,0.447,0.53968254,2,0.27,1.111111111,1.396825397,0.795,0.873015873,6.238095238,7.111111111,8.857142857,1.666666667,0.825396825,2.984126984,3.079365079,7.047619048,Forward,0.459132076,0.749718788,-0.419622385,1.331031046,3.475164153,2.540049031,0.957009375,-0.618604877,-0.230185737,0.060270725,-2.186209558,4.908901773,,,,,,,,
Draymond Green,203110,2021-22,0,1610612744,GSW,32,46,44,28.89130435,2.934782609,5.586956522,0.525,0.347826087,1.173913043,0.296,1.304347826,1.97826087,0.659,0.97826087,6.326086957,7.304347826,6.956521739,1.326086957,1.086956522,3.02173913,2.956521739,7.52173913,Forward,0.463310422,0.745049232,-0.348117235,1.410670717,2.477181194,1.664680722,1.595371439,-0.830363176,0.628228921,-0.948278882,-2.23149341,3.417880289,,,,,,,,
Draymond Green,203110,2022-23,0,1610612744,GSW,33,73,73,31.47945205,3.424657534,6.493150685,0.527,0.547945205,1.794520548,0.305,1.054794521,1.479452055,0.713,0.904109589,6.287671233,7.191780822,6.849315068,1.01369863,0.821917808,2.794520548,3.136986301,8.452054795,Forward,0.463957309,0.747434893,-0.207810246,1.364277881,2.420888843,0.861770761,0.948518493,-0.609485101,0.761127755,-0.433014087,-1.957929316,3.148344983,,,,,,,,
Draymond Green,203110,2023-24,0,1610612744,GSW,34,55,52,27.09090909,3.363636364,6.763636364,0.497,0.927272727,2.345454545,0.395,0.981818182,1.345454545,0.73,1.381818182,5.854545455,7.236363636,6.036363636,1,0.854545455,2.454545455,3.018181818,8.636363636,Forward,0.462216482,0.747970226,-0.180013425,1.382652033,1.994022242,0.826562126,1.028149462,-0.190808795,0.403486038,-0.317390683,-1.548609895,3.398049103,,,,,,,,
Draymond Green,203110,2024-25,0,1610612744,GSW,35,68,66,29.16176471,3.176470588,7.485294118,0.424,1.176470588,3.617647059,0.325,1.485294118,2.161764706,0.687,1.088235294,5,6.088235294,5.632352941,1.455882353,1.029411765,2.558823529,3.220588235,9.014705882,Forward,0.457366287,0.74590693,-0.122953157,0.909467817,1.781883282,1.998284789,1.454927822,0.084239109,-0.592955826,-0.763029752,-1.674157448,3.075706636,,,,,,,,
Drew Eubanks,1629234,2020-21,0,1610612759,SAS,24,54,3,13.98148148,2.148148148,3.796296296,0.566,0.037037037,0.037037037,1,1.425925926,1.962962963,0.726,1.37037037,3.092592593,4.462962963,0.777777778,0.333333333,0.907407407,0.833333333,1.62962963,5.759259259,Forward-Center,0.463745727,0.74760557,-0.613928349,0.23963572,-0.767169363,-0.886924779,1.157164234,-1.173391308,0.717659625,-0.396150619,0.403278993,-1.319825844,,,,,,,,
Drew Eubanks,1629234,2021-22,0,0,TOT,25,71,31,17.53521127,3.112676056,5.225352113,0.596,0.070422535,0.323943662,0.217,1.394366197,1.830985915,0.762,1.830985915,3.549295775,5.38028169,1.197183099,0.436619718,0.563380282,1.14084507,1.718309859,7.690140845,Forward-Center,0.466624193,0.748932324,-0.322719471,0.617695147,-0.546946952,-0.621454977,0.317532333,-1.136542632,1.309022257,-0.109593038,0.033044442,-0.459962892,,,,,,,,
Drew Eubanks,1629234,2022-23,0,1610612757,POR,26,78,28,20.30769231,2.743589744,4.282051282,0.641,0.08974359,0.230769231,0.389,1.064102564,1.602564103,0.664,1.692307692,3.666666667,5.358974359,1.320512821,0.512820513,1.307692308,0.858974359,2.166666667,6.641025641,Forward-Center,0.467301702,0.745831,-0.480943395,0.608913644,-0.482188669,-0.42560138,2.13409875,-1.115217346,1.44821213,-0.779429425,0.372407997,1.280252305,,,,,,,,
Drew Eubanks,1629234,2023-24,0,1610612756,PHX,27,75,6,15.58666667,2.026666667,3.373333333,0.601,0.04,0.04,1,0.96,1.24,0.774,1.373333333,2.92,4.293333333,0.84,0.36,0.813333333,0.813333333,1.533333333,5.053333333,Forward-Center,0.464469481,0.749072003,-0.720393654,0.169725362,-0.73449756,-0.818385302,0.927567241,-1.170120988,0.866350357,-0.07942445,0.42735837,-1.131820624,,,,,,,,
Drew Eubanks,1629234,2024-25,0,0,TOT,28,61,4,12.2295082,1.885245902,3.180327869,0.593,0.049180328,0.098360656,0.5,0.770491803,1.163934426,0.662,0.983606557,2.721311475,3.704918033,0.885245902,0.196721311,0.639344262,0.672131148,1.032786885,4.590163934,Forward-Center,0.463967508,0.746487041,-0.79024726,-0.072781353,-0.710739727,-1.238049145,0.502929868,-1.159988357,0.763223149,-0.637735029,0.597361402,-2.746026452,,,,,,,,
Duane Washington Jr.,1630613,2021-22,0,1610612754,IND,22,48,7,20.16666667,3.604166667,8.895833333,0.405,1.6875,4.479166667,0.377,0.958333333,1.270833333,0.754,0.083333333,1.645833333,1.729166667,1.770833333,0.541666667,0.0625,1.1875,1.375,9.854166667,Guard,0.455381957,0.748591261,0.003651413,-0.88705823,-0.245733232,-0.35146012,-0.904915065,0.648279137,-1.000623873,-0.183257108,-0.02312664,-2.944243718,,,,,,,,
Duane Washington Jr.,1630613,2022-23,0,1610612756,PHX,23,31,3,12.70967742,3.032258065,8.258064516,0.367,1.290322581,3.580645161,0.36,0.516129032,0.774193548,0.667,0.064516129,1.096774194,1.161290323,2.032258065,0.193548387,0.129032258,1.096774194,0.741935484,7.870967742,Guard,0.452780078,0.7472118,-0.295447785,-1.121100116,-0.10846367,-1.24620429,-0.742536572,0.209901311,-1.535163454,-0.481198768,0.086104404,-5.234108941,,,,,,,,
Duncan Robinson,1629130,2020-21,0,1610612748,MIA,27,72,72,31.41666667,4.375,9.958333333,0.439,3.472222222,8.513888889,0.408,0.861111111,1.041666667,0.827,0.097222222,3.375,3.472222222,1.763888889,0.597222222,0.277777778,1.125,2.513888889,13.08333333,Forward,0.457974325,0.750056773,0.490663153,-0.16868351,-0.249379638,-0.208669546,-0.379508558,2.618135958,-0.468038242,0.133270091,0.052121413,1.819911121,,,,,,,,
Duncan Robinson,1629130,2021-22,0,1610612748,MIA,28,79,68,25.86075949,3.670886076,9.189873418,0.399,2.936708861,7.898734177,0.372,0.64556962,0.772151899,0.836,0.303797468,2.265822785,2.569620253,1.632911392,0.53164557,0.17721519,0.759493671,2.544303797,10.92405063,Forward,0.454741297,0.749785207,0.16500761,-0.540677641,-0.318153635,-0.377216647,-0.624941406,2.027072187,-1.132243351,0.074616252,0.492179646,-0.234356985,,,,,,,,
Duncan Robinson,1629130,2022-23,0,1610612748,MIA,29,42,1,16.42857143,2.095238095,5.642857143,0.371,1.5,4.571428571,0.328,0.69047619,0.761904762,0.906,0.19047619,1.452380952,1.642857143,1.095238095,0.333333333,0,0.666666667,1.833333333,6.380952381,Forward,0.455117236,0.75081846,-0.520166744,-0.922629432,-0.600476494,-0.886924779,-1.057452438,0.441329199,-1.055009033,0.29778239,0.603940467,-3.699606864,,,,,,,,
Duncan Robinson,1629130,2023-24,0,1610612748,MIA,30,68,36,28.02941176,4.470588235,9.926470588,0.45,2.75,6.955882353,0.395,1.176470588,1.323529412,0.889,0.220588235,2.323529412,2.544117647,2.823529412,0.676470588,0.235294118,1.397058824,2.397058824,12.86764706,Forward,0.458973136,0.75207819,0.458134096,-0.551188165,0.307019096,-0.00498299,-0.483194092,1.820995455,-0.262838892,0.569863953,-0.275428936,1.578379525,,,,,,,,
Duncan Robinson,1629130,2024-25,0,1610612748,MIA,31,74,37,24.13513514,3.918918919,8.959459459,0.437,2.567567568,6.527027027,0.393,0.635135135,0.716216216,0.887,0.243243243,2.013513514,2.256756757,2.378378378,0.540540541,0.081081081,1.162162162,1.824324324,11.04054054,Forward,0.457983815,0.750410343,0.182576215,-0.669619731,0.073278062,-0.354354523,-0.859566117,1.619638758,-0.466088556,0.209635717,0.007379327,-0.257120848,,,,,,,,
Dwayne Bacon,1628407,2020-21,0,1610612753,ORL,25,72,50,25.73611111,4.055555556,10.08333333,0.402,0.819444444,2.875,0.285,2.013888889,2.444444444,0.824,0.430555556,2.680555556,3.111111111,1.291666667,0.625,0.069444444,0.638888889,1.430555556,10.94444444,Guard-Forward,0.454563681,0.751975011,0.168083334,-0.317510145,-0.497335281,-0.137274257,-0.887966469,-0.30982243,-1.16873353,0.547578899,0.637384046,-1.965595834,,,,,,,,
Dwight Howard,2730,2020-21,0,1610612755,PHI,35,69,6,17.33333333,2.579710145,4.391304348,0.587,0.072463768,0.289855072,0.25,1.753623188,3.043478261,0.576,2.753623188,5.652173913,8.405797101,0.884057971,0.434782609,0.898550725,1.623188406,2.898550725,6.985507246,Forward-Center,0.465211936,0.738558899,-0.428989872,1.864616842,-0.711363489,-0.62617677,1.135548634,-1.134289656,1.018883034,-2.350087407,-0.547681908,-1.779540591,,,,,,,,
Dwight Howard,2730,2021-22,0,1610612747,LAL,36,60,27,16.18333333,2.233333333,3.65,0.612,0.133333333,0.25,0.533,1.6,2.433333333,0.658,1.966666667,3.966666667,5.933333333,0.583333333,0.566666667,0.6,0.783333333,1.916666667,6.2,Forward-Center,0.465221275,0.744255997,-0.547457356,0.845627251,-0.869268745,-0.287204361,0.406906342,-1.067105908,1.020801656,-1.119605065,0.463477436,-1.153828751,,,,,,,,
Dwight Powell,203939,2020-21,0,1610612742,DAL,29,58,19,16.65517241,2.068965517,3.344827586,0.619,0.086206897,0.362068966,0.238,1.672413793,2.137931034,0.782,1.379310345,2.655172414,4.034482759,1.086206897,0.620689655,0.517241379,0.689655172,2.327586207,5.896551724,Forward-Center,0.465014404,0.749829361,-0.593222375,0.063043904,-0.605218618,-0.148352837,0.20492582,-1.119120911,0.978301367,0.084152776,0.576263023,-0.559227851,,,,,,,,
Dwight Powell,203939,2021-22,0,1610612742,DAL,30,82,71,21.92682927,3.280487805,4.890243902,0.671,0.158536585,0.451219512,0.351,2.024390244,2.585365854,0.783,2.109756098,2.817073171,4.926829268,1.182926829,0.451219512,0.475609756,0.780487805,2.682926829,8.743902439,Forward-Center,0.469707544,0.750152258,-0.163794795,0.430811398,-0.554432671,-0.583930143,0.103319765,-1.039288247,1.942477076,0.153893273,0.466903363,0.75595902,,,,,,,,
Dwight Powell,203939,2022-23,0,1610612742,DAL,31,76,64,19.18421053,2.592105263,3.539473684,0.732,0,0.065789474,0,1.473684211,2.210526316,0.667,1.960526316,2.171052632,4.131578947,0.907894737,0.631578947,0.342105263,0.855263158,2.75,6.657894737,Forward-Center,0.469166765,0.745005141,-0.478399257,0.10306067,-0.69884722,-0.120364848,-0.222511029,-1.214270308,1.831377487,-0.957801995,0.376876167,-1.380880332,,,,,,,,
Dwight Powell,203939,2023-24,0,1610612742,DAL,32,63,9,13.26984127,1.142857143,1.682539683,0.679,0.015873016,0.047619048,0.333,1,1.412698413,0.708,1.53968254,1.857142857,3.396825397,1.333333333,0.412698413,0.317460317,0.507936508,1.793650794,3.301587302,Forward-Center,0.463489895,0.747342215,-0.984585928,-0.199757203,-0.475456842,-0.682938241,-0.282659434,-1.196750737,0.665100535,-0.453031107,0.795046634,-2.815032323,,,,,,,,
Dwight Powell,203939,2024-25,0,1610612742,DAL,33,55,3,10.01818182,0.763636364,1.109090909,0.689,0.036363636,0.090909091,0.4,0.509090909,0.781818182,0.651,0.854545455,1.290909091,2.145454545,1,0.327272727,0.381818182,0.327272727,1.363636364,2.072727273,Forward-Center,0.462377304,0.746953426,-1.169918344,-0.715491302,-0.650484354,-0.902501932,-0.12558776,-1.174134563,0.436525709,-0.53700333,1.012560198,-3.826035679,,,,,,,,
Dylan Windler,1629685,2020-21,0,1610612739,CLE,24,31,0,16.5483871,1.838709677,4.193548387,0.438,0.838709677,2.483870968,0.338,0.677419355,0.870967742,0.778,0.64516129,2.806451613,3.451612903,1.064516129,0.612903226,0.387096774,1.032258065,1.193548387,5.193548387,Guard-Forward,0.458983883,0.748959653,-0.699246905,-0.177177338,-0.616608062,-0.168365753,-0.112704839,-0.288558757,-0.260631103,-0.103690306,0.163779813,-2.263203249,,,,,,,,
Dylan Windler,1629685,2021-22,0,1610612739,CLE,25,50,0,9.18,0.74,1.96,0.378,0.42,1.4,0.3,0.3,0.36,0.833,0.42,1.36,1.78,0.68,0.28,0.06,0.32,0.94,2.2,Guard-Forward,0.458290165,0.74905817,-1.150723512,-0.866108019,-0.818510766,-1.02400373,-0.91101656,-0.750702446,-0.403151056,-0.082412189,1.021316334,-4.985311945,,,,,,,,
Taze Moore,,2024-25,,,,26,2,0,10,1,5,0.2,0.5,,,0.5,1,0.5,2,2,4,0.5,1,0,1,0,3,Guard,0.447489383,0.743582146,-1.030070281,0.048832342,-0.913025623,0.826562126,-1.057452438,-0.662403806,-2.622103168,-1.26514616,0.202617519,-6.47218949,468,POR,2,0.25,0.5,3,0.167,0.25
Dylan Windler,1629685,2023-24,0,0,TOT,27,17,0,6.352941176,0.882352941,1.764705882,0.5,0.764705882,1.588235294,0.481,0,0,0,0.176470588,0.764705882,0.941176471,0.588235294,0.117647059,0,0.117647059,0.352941176,2.529411765,Guard-Forward,0.460559854,0.748453789,-1.10104277,-1.211816804,-0.866694811,-1.441288188,-1.057452438,-0.370239188,0.063142311,-0.212948896,1.264942971,-4.933397811,,,,,,,,
Dyson Daniels,1630700,2022-23,0,1610612740,NOP,20,59,11,17.66101695,1.474576271,3.525423729,0.418,0.457627119,1.457627119,0.314,0.440677966,0.677966102,0.65,0.610169492,2.576271186,3.186440678,2.271186441,0.728813559,0.186440678,0.966101695,1.677966102,3.847457627,Guard,0.458438233,0.747136681,-0.902259654,-0.286464172,0.016993447,0.129550503,-0.602425699,-0.709172153,-0.372731389,-0.497423143,0.243430022,-2.980502238,,,,,,,,
Dyson Daniels,1630700,2023-24,0,1610612740,NOP,21,61,16,22.27868852,2.278688525,5.098360656,0.447,0.68852459,2.213114754,0.311,0.557377049,0.868852459,0.642,1.016393443,2.852459016,3.868852459,2.68852459,1.393442623,0.409836066,0.967213115,1.655737705,5.803278689,Guard,0.459239822,0.746635532,-0.607289491,-0.005218189,0.236130422,1.837800299,-0.057207369,-0.454322994,-0.208050055,-0.605663397,0.242091907,0.378271133,,,,,,,,
Dyson Daniels,1630700,2024-25,0,1610612737,ATL,22,76,76,33.82894737,5.986842105,12.14473684,0.493,1.052631579,3.092105263,0.34,1.092105263,1.842105263,0.593,1.631578947,4.276315789,5.907894737,4.381578947,3.013157895,0.723684211,2.039473684,2.302631579,14.11842105,Guard,0.463452338,0.74293005,0.646771501,0.835143107,1.125123699,6.00084166,0.708769776,-0.052446093,0.657384646,-1.405988459,-1.048876414,7.466723423,,,,,,,,
Dāvis Bertāns,202722,2020-21,0,1610612764,WAS,28,57,7,25.68421053,3.385964912,8.385964912,0.404,2.964912281,7.50877193,0.395,1.754385965,2.01754386,0.87,0.315789474,2.631578947,2.947368421,0.859649123,0.578947368,0.228070175,0.578947368,2.385964912,11.49122807,Forward,0.455541592,0.75316806,0.250547348,-0.384994288,-0.724180149,-0.25564013,-0.500824833,2.058201232,-0.967827855,0.805258598,0.70955177,0.990091693,,,,,,,,
Dāvis Bertāns,202722,2021-22,0,0,TOT,29,56,0,14.39285714,1.767857143,4.910714286,0.36,1.375,4.107142857,0.335,0.642857143,0.714285714,0.9,0.214285714,1.875,2.089285714,0.553571429,0.303571429,0.214285714,0.339285714,1.517857143,5.553571429,Forward,0.455189374,0.750588243,-0.644949476,-0.73864046,-0.884896201,-0.963419728,-0.53446716,0.303362573,-1.040188881,0.248059097,0.998096935,-3.2570433,,,,,,,,
Dāvis Bertāns,202722,2022-23,0,1610612742,DAL,30,45,1,10.93333333,1.533333333,3.555555556,0.431,1.222222222,3.133333333,0.39,0.288888889,0.333333333,0.867,0.222222222,0.955555556,1.177777778,0.466666667,0.244444444,0.177777778,0.222222222,1.177777778,4.577777778,Forward,0.458872818,0.749238863,-0.792115297,-1.114305054,-0.930528374,-1.1153897,-0.623568355,0.134736697,-0.283448553,-0.043385365,1.139037733,-3.628966267,,,,,,,,
Dāvis Bertāns,202722,2023-24,0,0,TOT,31,43,1,15.6744186,2.139534884,5.441860465,0.393,1.76744186,4.651162791,0.38,0.697674419,0.76744186,0.909,0.209302326,1.209302326,1.418604651,0.813953488,0.604651163,0.279069767,0.418604651,1.302325581,6.744186047,Forward,0.456413005,0.750880736,-0.4653851,-1.015051799,-0.748174129,-0.189575456,-0.376355332,0.736513606,-0.788801667,0.311232962,0.902599406,-1.632997509,,,,,,,,
E'Twaun Moore,202734,2020-21,0,1610612756,PHX,32,27,1,14.40740741,2.037037037,4.481481481,0.455,0.407407407,1.296296296,0.314,0.444444444,0.518518519,0.857,0.518518519,1.148148148,1.666666667,1.481481481,0.555555556,0.185185185,0.851851852,1.185185185,4.925925926,Guard,0.459655229,0.7495679,-0.739608798,-0.912816686,-0.397666837,-0.315762475,-0.605489852,-0.764601307,-0.122707315,0.027681262,0.380983273,-3.449988735,,,,,,,,
Edmond Sumner,1628410,2020-21,0,1610612754,IND,25,53,24,16.24528302,2.79245283,5.320754717,0.525,0.660377358,1.660377358,0.398,1.283018868,1.566037736,0.819,0.339622642,1.433962264,1.773584906,0.924528302,0.622641509,0.188679245,0.962264151,1.660377358,7.528301887,Guard,0.463154499,0.750596246,-0.347127463,-0.868751906,-0.690113225,-0.143336123,-0.596962256,-0.485390023,0.596195629,0.24978773,0.248050305,-2.037647332,,,,,,,,
Edmond Sumner,1628410,2022-23,0,1610612751,BKN,27,53,12,13.88679245,2.339622642,5.075471698,0.461,0.58490566,1.641509434,0.356,1.867924528,2.037735849,0.917,0.245283019,1.245283019,1.490566038,1.283018868,0.58490566,0.188679245,0.943396226,1.566037736,7.132075472,Guard,0.459918731,0.755053858,-0.406884959,-0.985393972,-0.501876089,-0.240325947,-0.596962256,-0.568690627,-0.068572358,1.212560908,0.270766699,-1.885378601,,,,,,,,
Elfrid Payton,203901,2020-21,0,1610612752,NYK,27,63,63,23.55555556,4.26984127,9.873015873,0.432,0.444444444,1.555555556,0.286,1.158730159,1.698412698,0.682,1.015873016,2.412698413,3.428571429,3.222222222,0.746031746,0.142857143,1.634920635,1.841269841,10.14285714,Guard,0.45736005,0.746270628,0.047190711,-0.186673543,0.516365728,0.17380521,-0.708795585,-0.723722307,-0.594237186,-0.684476896,-0.561807146,-2.722351013,,,,,,,,
Elfrid Payton,203901,2021-22,0,1610612756,PHX,28,50,1,10.98,1.34,3.5,0.383,0.08,0.36,0.222,0.24,0.64,0.375,0.42,1.34,1.76,1.98,0.5,0.12,0.94,0.76,3,Guard,0.457264591,0.743733994,-1.030070281,-0.874350725,-0.135903468,-0.458553052,-0.764580682,-1.125971668,-0.613848617,-1.232349455,0.274855649,-5.960772298,,,,,,,,
Elfrid Payton,203901,2024-25,0,0,TOT,31,24,9,21.29166667,1.666666667,5.083333333,0.328,0.041666667,0.25,0.167,0.166666667,0.291666667,0.571,0.625,2.666666667,3.291666667,6.916666667,1,0.458333333,2.458333333,1.5,3.541666667,Guard,0.453485029,0.747424645,-0.948377989,-0.243096827,2.456253992,0.826562126,0.061154962,-1.168281433,-1.390335575,-0.435227554,-1.553170382,-2.39451868,,,,,,,,
Enes Freedom,202683,2020-21,0,1610612757,POR,29,72,35,24.40277778,4.708333333,7.791666667,0.604,0.013888889,0.055555556,0.25,1.763888889,2.277777778,0.774,3.944444444,7.097222222,11.04166667,1.166666667,0.458333333,0.666666667,1.083333333,2.333333333,11.19444444,Center,0.470282661,0.749566854,0.205787468,2.950951732,-0.562970598,-0.565645984,0.569612874,-1.198940683,2.060631268,0.027455526,0.102286782,3.589168384,,,,,,,,
Enes Freedom,202683,2021-22,0,1610612738,BOS,30,35,1,11.74285714,1.457142857,2.771428571,0.526,0.057142857,0.142857143,0.4,0.685714286,0.8,0.857,1.742857143,2.828571429,4.571428571,0.228571429,0.142857143,0.4,0.571428571,1.2,3.657142857,Center,0.46164734,0.750163178,-0.930962269,0.284338226,-1.055548026,-1.376492464,-0.081213252,-1.151199851,0.286559295,0.15625193,0.718604168,-3.149662243,,,,,,,,
Eric Bledsoe,202339,2020-21,0,1610612740,NOP,31,71,70,29.74647887,4.323943662,10.28169014,0.421,1.704225352,5,0.341,1.887323944,2.746478873,0.687,0.408450704,3.028169014,3.436619718,3.774647887,0.774647887,0.338028169,1.605633803,1.577464789,12.23943662,Guard,0.45624053,0.745253925,0.363389572,-0.183356559,0.806434798,0.247355285,-0.232461576,0.66673946,-0.82423553,-0.904068439,-0.526546713,-0.586749701,,,,,,,,
Eric Bledsoe,202339,2021-22,0,1610612746,LAC,32,54,29,25.2037037,3.648148148,8.666666667,0.421,0.944444444,3.018518519,0.313,1.648148148,2.166666667,0.761,0.518518519,2.851851852,3.37037037,4.166666667,1.277777778,0.351851852,2.148148148,1.574074074,9.888888889,Guard,0.456764281,0.748974878,0.008888099,-0.210660253,1.012277014,1.540515003,-0.198723524,-0.171855804,-0.716634196,-0.10040205,-1.179717083,-0.016312794,,,,,,,,
Eric Gordon,201569,2020-21,0,1610612745,HOU,32,27,13,29.22222222,5.888888889,13.59259259,0.433,2.555555556,7.777777778,0.329,3.481481481,4.222222222,0.825,0.296296296,1.851851852,2.148148148,2.62962963,0.518518519,0.481481481,1.888888889,1.62962963,17.81481481,Guard,0.456649299,0.754414354,1.204248814,-0.714381173,0.205205707,-0.410956192,0.117650285,1.606380704,-0.740256488,1.074438326,-0.867577012,1.474752971,,,,,,,,
Eric Gordon,201569,2021-22,0,1610612745,HOU,33,57,46,29.29824561,4.701754386,9.894736842,0.475,2.175438596,5.280701754,0.412,1.842105263,2.368421053,0.778,0.263157895,1.719298246,1.98245614,2.701754386,0.49122807,0.315789474,1.877192982,1.105263158,13.42105263,Guard,0.461226685,0.74979005,0.541596809,-0.782668698,0.243077156,-0.481098933,-0.28673729,1.18683307,0.200138447,0.075662152,-0.853495504,-0.15669279,,,,,,,,
Eric Gordon,201569,2022-23,0,0,TOT,34,69,58,28.49275362,4.217391304,9.463768116,0.446,1.913043478,5.15942029,0.371,2.057971014,2.507246377,0.821,0.231884058,1.710144928,1.942028986,2.652173913,0.623188406,0.362318841,1.507246377,1.130434783,12.4057971,Guard,0.458665243,0.751917905,0.388479484,-0.799330155,0.217043316,-0.141930471,-0.173177812,0.897218918,-0.326093654,0.535245111,-0.408091317,0.189363421,,,,,,,,
Eric Gordon,201569,2023-24,0,1610612756,PHX,35,68,24,27.83823529,4.029411765,9.088235294,0.443,2.205882353,5.838235294,0.378,0.75,0.941176471,0.797,0.235294118,1.558823529,1.794117647,2.044117647,0.970588235,0.441176471,1.073529412,1.161764706,11.01470588,Guard,0.45845891,0.749350717,0.178679921,-0.860289639,-0.102236411,0.750967115,0.01928196,1.220434849,-0.368483438,-0.019226803,0.114090397,0.933217951,,,,,,,,
Eric Gordon,201569,2024-25,0,1610612755,PHI,36,39,13,19.71794872,2.230769231,5.230769231,0.426,1.435897436,3.512820513,0.409,0.923076923,1.230769231,0.75,0.205128205,0.974358974,1.179487179,1.666666667,0.666666667,0.307692308,0.717948718,0.820512821,6.820512821,Guard,0.458180561,0.748490935,-0.45387376,-1.11360055,-0.300429329,-0.030181325,-0.306499217,0.370577083,-0.425668431,-0.204925905,0.542198475,-1.922402959,,,,,,,,
Eric Paschall,1629672,2020-21,0,1610612744,GSW,24,40,2,17.375,3.7,7.45,0.497,0.45,1.35,0.333,1.675,2.35,0.713,0.7,2.5,3.2,1.275,0.3,0.175,1.075,1.7,9.525,Forward,0.462438671,0.746862263,-0.045992364,-0.280875896,-0.506086657,-0.972599123,-0.630347794,-0.717590456,0.449133231,-0.556693232,0.112319855,-3.148732436,,,,,,,,
Eric Paschall,1629672,2021-22,0,1610612762,UTA,25,58,3,12.70689655,1.965517241,4.051724138,0.485,0.689655172,1.862068966,0.37,1.137931034,1.482758621,0.767,0.517241379,1.310344828,1.827586207,0.620689655,0.155172414,0.086206897,0.465517241,0.879310345,5.75862069,Forward,0.460842641,0.74898794,-0.614024656,-0.846496064,-0.849653593,-1.344839381,-0.847056061,-0.453075133,0.121239099,-0.097580841,0.846118109,-4.085368521,,,,,,,,
Evan Fournier,203095,2020-21,0,0,TOT,28,42,36,29.97619048,5.880952381,12.88095238,0.457,2.785714286,6.738095238,0.413,2.571428571,3.261904762,0.788,0.238095238,2.80952381,3.047619048,3.428571429,1.119047619,0.452380952,1.738095238,2.285714286,17.11904762,Guard-Forward,0.459537055,0.750875707,1.099315614,-0.343677466,0.624716094,1.13254193,0.046627593,1.860414491,-0.146985338,0.310146846,-0.686026154,3.897073611,,,,,,,,
Evan Fournier,203095,2021-22,0,1610612752,NYK,29,80,80,29.475,5.025,12.0625,0.417,3.0125,7.7375,0.389,1,1.4125,0.708,0.425,2.2,2.625,2.1375,0.9875,0.25,1.3125,2.25,14.0625,Guard-Forward,0.455249951,0.747342367,0.638337681,-0.517853693,-0.053202968,0.794434247,-0.447302946,2.110725368,-1.02774356,-0.452998314,-0.173622746,0.870773069,,,,,,,,
Evan Fournier,203095,2022-23,0,1610612752,NYK,30,27,7,17,2.074074074,6.148148148,0.337,1.296296296,4.222222222,0.307,0.666666667,0.777777778,0.857,0.148148148,1.666666667,1.814814815,1.333333333,0.592592593,0.111111111,0.814814815,1.703703704,6.111111111,Guard-Forward,0.452747523,0.750116422,-0.560863271,-0.851759605,-0.475456842,-0.220568759,-0.786274887,0.216494697,-1.541851675,0.14615344,0.425574712,-3.648552189,,,,,,,,
Evan Fournier,203095,2023-24,0,0,TOT,31,32,0,18.125,2.46875,6.90625,0.357,1.03125,4.0625,0.254,0.90625,1.125,0.806,0.15625,1.65625,1.8125,1.5,0.90625,0.21875,0.65625,1.5,6.875,Guard-Forward,0.453218745,0.749720087,-0.445656192,-0.852713622,-0.387943086,0.58560303,-0.523571633,-0.076045647,-1.445042083,0.06055131,0.61648181,-2.468336113,,,,,,,,
Evan Mobley,1630596,2021-22,0,1610612739,CLE,21,69,69,33.7826087,6.115942029,12.02898551,0.508,0.333333333,1.333333333,0.25,2.420289855,3.652173913,0.663,2.072463768,6.188405797,8.260869565,2.52173913,0.811594203,1.666666667,1.927536232,2.130434783,14.98550725,Center,0.465032416,0.742636837,0.77754244,1.804887089,0.148554289,0.342315827,3.01021084,-0.846359307,0.982001767,-1.469317775,-0.914107209,3.835727962,,,,,,,,
Evan Mobley,1630596,2022-23,0,1610612739,CLE,22,79,79,34.36708861,6.64556962,11.98734177,0.554,0.278481013,1.291139241,0.216,2.594936709,3.848101266,0.674,2.367088608,6.632911392,9,2.835443038,0.759493671,1.506329114,1.848101266,2.759493671,16.16455696,Center,0.469940367,0.743133161,0.955362637,2.109508831,0.313274733,0.208405459,2.618891334,-0.906901623,1.990309167,-1.362119801,-0.818469984,5.108260752,,,,,,,,
Evan Mobley,1630596,2023-24,0,1610612739,CLE,23,50,50,30.64,6.4,11.04,0.58,0.44,1.18,0.373,2.46,3.42,0.719,2.22,7.14,9.36,3.2,0.9,1.44,1.8,2.68,15.7,Center,0.471808224,0.746568129,0.885299764,2.257877538,0.504697228,0.569539091,2.457008634,-0.728627786,2.374048458,-0.62022142,-0.760557559,6.939063947,,,,,,,,
Evan Mobley,1630596,2024-25,0,1610612739,CLE,24,71,71,30.52112676,7.112676056,12.76056338,0.557,1.197183099,3.23943662,0.37,3.112676056,4.295774648,0.725,2.309859155,6.971830986,9.281690141,3.183098592,0.85915493,1.591549296,2.042253521,1.985915493,18.53521127,Center,0.470856276,0.746598171,1.312896515,2.225603281,0.495822593,0.464557852,2.826879537,0.107100191,2.17847686,-0.613732723,-1.052223251,7.945380854,,,,,,,,
Facundo Campazzo,1630267,2020-21,0,1610612743,DEN,30,65,19,21.92307692,1.846153846,4.846153846,0.381,1.169230769,3.323076923,0.352,1.230769231,1.4,0.879,0.338461538,1.723076923,2.061538462,3.569230769,1.215384615,0.215384615,1.123076923,2.030769231,6.092307692,Guard,0.456218641,0.752009522,-0.563699137,-0.750076082,0.698573857,1.380150202,-0.531785185,0.076248281,-0.828732482,0.555032871,0.054436738,0.090149063,,,,,,,,
Facundo Campazzo,1630267,2021-22,0,1610612743,DEN,31,65,4,18.21538462,1.646153846,4.553846154,0.361,0.892307692,2.969230769,0.301,0.923076923,1.2,0.769,0.353846154,1.446153846,1.8,3.384615385,0.969230769,0.353846154,1.030769231,1.907692308,5.107692308,Guard,0.455557834,0.748935341,-0.712195422,-0.857865313,0.601635542,0.747478115,-0.193856234,-0.229400858,-0.964491132,-0.108941373,0.165572323,-1.552064352,,,,,,,,
Quincy Olivari,,2024-25,,,,23,2,0,5,0.5,2.5,0.2,0.5,,,0,0,,0,0,0,0.5,0,0,0.5,0,1.5,Guard,0.453525709,,-1.256295089,-1.59970885,-0.913025623,-1.74366823,-1.057452438,-0.662403806,-1.381978208,,0.804601942,-7.809930302,531,LAL,2.5,0.2,0,0,,0.3
Frank Jackson,1628402,2020-21,0,1610612765,DET,23,40,6,18.45,3.35,7.325,0.457,1.525,3.75,0.407,1.525,1.875,0.813,0.375,1.775,2.15,0.9,0.375,0.025,0.85,1.325,9.75,Guard,0.459668392,0.750786784,-0.012058643,-0.713617959,-0.702992608,-0.779831846,-0.996437489,0.468922524,-0.12000296,0.290940986,0.383212846,-2.18186515,,,,,,,,
Frank Jackson,1628402,2021-22,0,1610612765,DET,24,53,7,21.96226415,3.660377358,9.113207547,0.402,1.622641509,5.264150943,0.308,1.622641509,1.962264151,0.827,0.358490566,1.283018868,1.641509434,1.037735849,0.509433962,0.169811321,0.716981132,1.679245283,10.56603774,Guard,0.455031024,0.751419949,0.111013345,-0.92318487,-0.630669919,-0.434305596,-0.643011273,0.57669268,-1.07272071,0.427694517,0.543363419,-2.045128409,,,,,,,,
Yuri Collins,,2024-25,,,,23,2,0,8,0.5,1.5,0.333,0,,,0,0,,1,0.5,1.5,2,1,0,0,2.5,1,Guard,0.457989017,,-1.331703359,-0.981505903,-0.125401817,0.826562126,-1.057452438,-1.214270308,-0.465020006,,1.406586365,-2.94220534,540,GSW,0,,0.5,1.5,0.333,0.333
Frank Kaminsky,1626163,2020-21,0,1610612756,PHX,28,47,13,15.21276596,2.574468085,5.468085106,0.471,0.659574468,1.808510638,0.365,0.787234043,1.276595745,0.617,0.765957447,3.234042553,4,1.680851064,0.29787234,0.361702128,0.468085106,1.489361702,6.595744681,Forward-Center,0.460441215,0.74518108,-0.487772513,0.048832342,-0.29298135,-0.978067699,-0.17468296,-0.486276199,0.038768635,-0.919801783,0.84302648,-2.408955048,,,,,,,,
Jesse Edwards,,2024-25,,,,24,2,0,2.5,0,0,,0,,,0,0,,0,0,0,0.5,0,0,0,1,0,Center,,,-1.482519897,-1.59970885,-0.913025623,-1.74366823,-1.057452438,-1.214270308,,,1.406586365,-6.604058981,562,MIN,0,,0,0,,
Frank Kaminsky,1626163,2022-23,0,0,TOT,30,36,0,6.527777778,0.861111111,1.75,0.492,0.361111111,0.916666667,0.394,0.388888889,0.444444444,0.875,0.194444444,1.25,1.444444444,0.888888889,0.166666667,0.111111111,0.25,0.611111111,2.472222222,Forward-Center,0.460416562,0.749568733,-1.109667898,-1.004402308,-0.708826858,-1.315296503,-0.786274887,-0.815700057,0.033703796,0.027861375,1.105594154,-4.573009187,,,,,,,,
Mac McClung,,2024-25,,,,26,2,0,5,0,1,0,0,,,0,0,,0,0.5,0.5,1.5,0,0,0,1,0,Guard,0.455310744,,-1.482519897,-1.393641201,-0.387943086,-1.74366823,-1.057452438,-1.214270308,-1.015254035,,1.406586365,-6.888162831,563,ORL,0.5,0,0,0.5,0,0
Franz Wagner,1630532,2021-22,0,1610612753,ORL,20,79,79,30.74683544,5.772151899,12.34177215,0.468,1.215189873,3.430379747,0.354,2.392405063,2.772151899,0.863,1.063291139,3.443037975,4.506329114,2.924050633,0.860759494,0.430379747,1.506329114,2.075949367,15.15189873,Forward,0.460757682,0.754470968,0.802637027,0.257508442,0.359801034,0.468681951,-0.007068503,0.126974861,0.103784777,1.086665965,-0.406986961,2.791998594,,,,,,,,
Franz Wagner,1630532,2022-23,0,1610612753,ORL,21,80,80,32.6125,6.775,13.975,0.485,1.625,4.5,0.361,3.3875,4.025,0.842,0.875,3.2375,4.1125,3.5375,0.9625,0.2125,2.0875,2.2875,18.5625,Forward,0.462945911,0.75542322,1.317012107,0.095197563,0.681912584,0.730178488,-0.53882537,0.579295824,0.55334246,1.292337137,-1.106698602,3.60375219,,,,,,,,
Franz Wagner,1630532,2023-24,0,1610612753,ORL,22,72,72,32.45833333,7.333333333,15.22222222,0.482,1.305555556,4.638888889,0.281,3.763888889,4.430555556,0.85,1,4.291666667,5.291666667,3.736111111,1.055555556,0.388888889,1.902777778,2.333333333,19.73611111,Forward,0.4627883,0.756719479,1.494012072,0.581173768,0.78619981,0.969352703,-0.108331006,0.226714448,0.520962232,1.572308595,-0.884298802,5.15809382,,,,,,,,
Franz Wagner,1630532,2024-25,0,1610612753,ORL,23,60,60,33.71666667,8.95,19.35,0.463,1.733333333,5.866666667,0.295,4.516666667,5.183333333,0.871,0.933333333,4.766666667,5.7,4.733333333,1.25,0.35,2.3,2.45,24.15,Forward,0.46037231,0.759964472,2.159699518,0.749462348,1.309823785,1.469119715,-0.20324315,0.698866899,0.024612479,2.273175282,-1.362541982,7.118974895,,,,,,,,
Fred VanVleet,1627832,2020-21,0,1610612761,TOR,27,52,52,36.51923077,6.5,16.73076923,0.389,3.346153846,9.153846154,0.366,3.25,3.673076923,0.885,0.615384615,3.615384615,4.230769231,6.307692308,1.673076923,0.711538462,1.826923077,2.288461538,19.59615385,Guard,0.449707089,0.757798227,1.472904203,0.143940488,2.13649219,2.556524866,0.679126885,2.47899013,-2.166489502,1.805300844,-0.792972105,8.313817999,,,,,,,,
Fred VanVleet,1627832,2021-22,0,1610612761,TOR,28,65,65,37.87692308,6.8,16.87692308,0.403,3.723076923,9.876923077,0.377,2.984615385,3.415384615,0.874,0.676923077,3.769230769,4.446153846,6.676923077,1.707692308,0.538461538,2.615384615,2.492307692,20.30769231,Guard,0.451652762,0.756481225,1.580215971,0.23270809,2.330368819,2.645494379,0.256715697,2.895012571,-1.766763198,1.52084947,-1.742255233,7.952346564,,,,,,,,
Fred VanVleet,1627832,2022-23,0,1610612761,TOR,29,69,69,36.73913043,6.333333333,16.11594203,0.393,3,8.782608696,0.342,3.68115942,4.101449275,0.898,0.434782609,3.623188406,4.057971014,7.173913043,1.782608696,0.550724638,2.028985507,2.797101449,19.34782609,Guard,0.450583697,0.759790938,1.435452269,0.072724243,2.591329571,2.838046754,0.286644993,2.096928706,-1.986395997,2.235694717,-1.036248975,8.534176281,,,,,,,,
Fred VanVleet,1627832,2023-24,0,1610612745,HOU,30,73,73,36.76712329,5.794520548,13.94520548,0.416,3.109589041,8.02739726,0.387,2.698630137,3.136986301,0.86,0.452054795,3.356164384,3.808219178,8.068493151,1.383561644,0.808219178,1.726027397,2.506849315,17.39726027,Guard,0.454495566,0.755039012,1.141274683,-0.030207304,3.061057964,1.812403907,0.915085644,2.217885747,-1.182727252,1.209354499,-0.671496849,8.472631039,,,,,,,,
Fred VanVleet,1627832,2024-25,0,1610612745,HOU,31,60,60,35.18333333,4.783333333,12.65,0.378,2.65,7.683333333,0.345,1.85,2.283333333,0.81,0.533333333,3.15,3.683333333,5.55,1.566666667,0.416666667,1.45,2.333333333,14.06666667,Guard,0.450670974,0.751141653,0.638966084,-0.081677169,1.73864119,2.283025996,-0.040536618,1.710622154,-1.968465491,0.367587018,-0.339168462,4.308994701,,,,,,,,
Freddie Gillespie,1630273,2020-21,0,1610612761,TOR,24,20,2,19.6,2.2,4.2,0.524,0,0,0,1.15,1.65,0.697,2.1,2.75,4.85,0.45,0.65,1,0.6,2.15,5.55,Center,0.462448994,0.746810057,-0.645488106,0.399147345,-0.93927975,-0.073018498,1.383145528,-1.214270308,0.451254072,-0.567968797,0.684205057,-0.522273457,,,,,,,,
Braxton Key,1630296,2022-23,0,1610612765,DET,26,3,0,3,0.333333333,0.333333333,1,0,0,0,0.666666667,0.666666667,1,0,0.333333333,0.333333333,0,0,0,0,0,1.333333333,Forward,0.461658324,0.751763607,-1.281431179,-1.462330417,-1.175566892,-1.74366823,-1.057452438,-1.214270308,0.288815938,0.50191919,1.406586365,-5.737397972,,,,,,,,
Furkan Korkmaz,1627788,2020-21,0,1610612755,PHI,23,55,11,19.30909091,3.090909091,7.709090909,0.401,1.836363636,4.890909091,0.375,1.090909091,1.490909091,0.732,0.309090909,1.745454545,2.054545455,1.490909091,0.890909091,0.163636364,0.836363636,1.163636364,9.109090909,Guard-Forward,0.455650774,0.747977373,-0.108718334,-0.752958147,-0.392716563,0.54617336,-0.658081861,0.812584845,-0.945397112,-0.315847206,0.399630603,-1.415330414,,,,,,,,
Furkan Korkmaz,1627788,2021-22,0,1610612755,PHI,24,67,19,21.10447761,2.71641791,7.014925373,0.387,1.149253731,3.970149254,0.289,1.014925373,1.253731343,0.81,0.328358209,2.28358209,2.611940299,1.895522388,0.492537313,0.134328358,0.71641791,0.865671642,7.597014925,Guard-Forward,0.45508756,0.749959287,-0.3367644,-0.523236056,-0.180261187,-0.477733877,-0.729610921,0.054198965,-1.061105792,0.11221479,0.54404152,-2.598256956,,,,,,,,
Furkan Korkmaz,1627788,2022-23,0,1610612755,PHI,25,37,0,9.540540541,1.297297297,3,0.432,0.486486486,1.243243243,0.391,0.702702703,0.972972973,0.722,0.162162162,0.972972973,1.135135135,0.594594595,0.27027027,0.081081081,0.648648649,0.486486486,3.783783784,Guard-Forward,0.459052283,0.747948839,-0.911862723,-1.131879593,-0.863355653,-1.049011378,-0.859566117,-0.677319117,-0.246578599,-0.322010132,0.625633599,-5.435949712,,,,,,,,
Furkan Korkmaz,1627788,2023-24,0,1610612755,PHI,26,35,0,8.571428571,0.857142857,2.171428571,0.395,0.4,1.142857143,0.35,0.4,0.571428571,0.7,0.114285714,0.742857143,0.857142857,0.714285714,0.4,0.085714286,0.285714286,0.485714286,2.514285714,Guard-Forward,0.458485314,0.747906288,-1.103324028,-1.246450023,-0.800507937,-0.715576088,-0.848258326,-0.772777107,-0.363058934,-0.331200269,1.062595266,-5.118557445,,,,,,,,
Gabe Vincent,1629216,2020-21,0,1610612748,MIA,25,50,7,13.1,1.76,4.66,0.378,0.92,2.98,0.309,0.4,0.46,0.87,0.2,0.92,1.12,1.34,0.42,0.04,0.68,1.58,4.84,Guard,0.456218853,0.74956182,-0.752567849,-1.138117316,-0.471956292,-0.66417148,-0.959828519,-0.198835944,-0.828688827,0.026368204,0.58788755,-4.399910474,,,,,,,,
Gabe Vincent,1629216,2021-22,0,1610612748,MIA,26,68,27,23.36764706,3.147058824,7.544117647,0.417,1.75,4.75,0.368,0.647058824,0.794117647,0.815,0.323529412,1.529411765,1.852941176,3.088235294,0.911764706,0.176470588,1.441176471,2.323529412,8.691176471,Guard,0.456856993,0.749494175,-0.171746743,-0.836046386,0.446011532,0.599777095,-0.62675868,0.71726245,-0.697586994,0.011758042,-0.328545208,-0.885874892,,,,,,,,
Gabe Vincent,1629216,2022-23,0,1610612748,MIA,27,68,34,25.86764706,3.352941176,8.338235294,0.402,1.720588235,5.147058824,0.334,1,1.147058824,0.872,0.397058824,1.735294118,2.132352941,2.455882353,0.911764706,0.073529412,1.352941176,2.264705882,9.426470588,Guard,0.45541037,0.75122452,-0.060852229,-0.720890935,0.113974046,0.599777095,-0.877996705,0.684799714,-0.994786678,0.38548499,-0.222312662,-1.092803364,,,,,,,,
Braxton Key,1630296,2024-25,0,1610612744,GSW,28,3,0,3.666666667,0,1.333333333,0,0,0.333333333,0,1,2,0.5,0.333333333,0.333333333,0.666666667,0,0.666666667,0,0.333333333,0,1,Forward,0.453813012,0.738897874,-1.331703359,-1.324951984,-1.175566892,-0.030181325,-1.057452438,-1.214270308,-1.322953718,-2.2768743,1.005263417,-8.728690906,,,,,,,,
Gabe Vincent,1629216,2024-25,0,1610612747,LAL,29,72,11,21.20833333,2.333333333,5.833333333,0.4,1.513888889,4.291666667,0.353,0.208333333,0.291666667,0.714,0.277777778,1,1.277777778,1.361111111,0.708333333,0.180555556,0.569444444,2.111111111,6.388888889,Guard,0.456564269,0.748253974,-0.518969788,-1.073091524,-0.460871216,0.076911605,-0.616788915,0.456658824,-0.757725265,-0.25610572,0.720992995,-2.428989005,,,,,,,,
Daishen Nix,1630227,2024-25,0,1610612750,MIN,23,3,0,4.333333333,0,0.333333333,0,0,0.333333333,0,0.333333333,0.666666667,0.5,0,1.333333333,1.333333333,1,0,0,1.333333333,0.333333333,0.333333333,Guard,0.458336065,0.74518466,-1.432247718,-1.050195119,-0.650484354,-1.74366823,-1.057452438,-1.214270308,-0.393721121,-0.919028639,-0.19870543,-8.659773359,,,,,,,,
Dylan Windler,1629685,2022-23,0,1610612739,CLE,26,3,0,3.333333333,0.666666667,1,0.667,0.333333333,0.666666667,0.5,0,0,0,0,0,0,0.333333333,0.333333333,0,0.333333333,0,1.666666667,Guard-Forward,0.461914705,0.748453789,-1.231158999,-1.59970885,-1.000539379,-0.886924779,-1.057452438,-0.846359307,0.341487726,-0.212948896,1.005263417,-5.488341505,,,,,,,,
Garrett Temple,202066,2020-21,0,1610612741,CHI,35,56,25,27.28571429,2.821428571,6.803571429,0.415,1.196428571,3.571428571,0.335,0.714285714,0.892857143,0.8,0.517857143,2.339285714,2.857142857,2.214285714,0.767857143,0.535714286,1.035714286,2.25,7.553571429,Guard-Forward,0.457005947,0.749358108,-0.343316398,-0.422179427,-0.012884131,0.229901508,0.250010759,0.106267393,-0.666985371,-0.017630291,0.159618631,-0.717197327,,,,,,,,
Garrett Temple,202066,2021-22,0,1610612740,NOP,36,59,16,18.61016949,1.881355932,5,0.376,1,3.13559322,0.319,0.474576271,0.694915254,0.683,0.491525424,1.93220339,2.423728814,1.254237288,0.728813559,0.389830508,0.711864407,1.372881356,5.237288136,Guard-Forward,0.455870335,0.747556562,-0.692650227,-0.600804653,-0.516988794,0.129550503,-0.106032893,-0.110537304,-0.900289678,-0.40673559,0.549523796,-2.65496484,,,,,,,,
Garrett Temple,202066,2022-23,0,1610612740,NOP,37,25,0,6.48,0.72,1.8,0.4,0.44,1.04,0.423,0.12,0.16,0.75,0.2,0.48,0.68,0.52,0.36,0.08,0.16,0.6,2,Guard-Forward,0.458805355,0.748458721,-1.18088682,-1.319456847,-0.902523972,-0.818385302,-0.862204601,-0.728627786,-0.297308369,-0.211883642,1.21395135,-5.107325989,,,,,,,,
Garrett Temple,202066,2023-24,0,1610612761,TOR,38,27,2,10.7037037,1.074074074,2.888888889,0.372,0.444444444,1.481481481,0.3,0.666666667,0.814814815,0.818,0.666666667,1,1.666666667,1.037037037,0.444444444,0.111111111,0.518518519,1.037037037,3.259259259,Guard-Forward,0.457396832,0.749568961,-0.990969697,-0.912816686,-0.631036853,-0.601343628,-0.786274887,-0.723722307,-0.586680523,0.027910596,0.782306222,-4.422627763,,,,,,,,
Garrett Temple,202066,2024-25,0,1610612761,TOR,39,28,0,8.107142857,0.642857143,2.142857143,0.3,0.214285714,1,0.214,0.392857143,0.428571429,0.917,0.321428571,0.714285714,1.035714286,1.107142857,0.607142857,0.071428571,0.357142857,0.821428571,1.892857143,Guard-Forward,0.456510065,0.749886193,-1.197045734,-1.172854434,-0.594225511,-0.183171228,-0.883124013,-0.977756093,-0.768861281,0.096427564,0.976597492,-4.70401324,,,,,,,,
Garrison Mathews,1629726,2020-21,0,1610612764,WAS,24,64,24,16.21875,1.515625,3.703125,0.409,1.1875,3.09375,0.384,1.3125,1.484375,0.884,0.25,1.109375,1.359375,0.40625,0.453125,0.109375,0.15625,1.65625,5.53125,Guard,0.458047559,0.752361798,-0.648315916,-1.039462429,-0.962252111,-0.5790326,-0.790512036,0.096412635,-0.452992756,0.63111882,1.218466233,-2.526570161,,,,,,,,
Garrison Mathews,1629726,2021-22,0,1610612745,HOU,25,65,33,26.33846154,2.830769231,7.092307692,0.399,2.138461538,5.938461538,0.36,2.2,2.769230769,0.794,0.492307692,2.430769231,2.923076923,0.984615385,0.876923077,0.369230769,0.630769231,2.584615385,10,Guard,0.455833075,0.750843969,0.025645492,-0.395005671,-0.658562547,0.510226083,-0.156308574,1.14602027,-0.907944471,0.303291947,0.647159862,0.51452239,,,,,,,,
Garrison Mathews,1629726,2022-23,0,0,TOT,26,54,0,12.7037037,1.351851852,3.722222222,0.363,1.166666667,3.333333333,0.35,0.888888889,0.981481481,0.906,0.203703704,1.148148148,1.351851852,0.481481481,0.444444444,0.092592593,0.351851852,1.148148148,4.759259259,Guard,0.456387752,0.751486825,-0.764744888,-1.042562984,-0.922749374,-0.601343628,-0.831471144,0.073418197,-0.79398962,0.442138648,0.982967697,-3.458337096,,,,,,,,
Garrison Mathews,1629726,2023-24,0,1610612737,ATL,27,66,5,15.03030303,1.560606061,3.424242424,0.456,1.287878788,2.924242424,0.44,0.515151515,0.636363636,0.81,0.257575758,1.136363636,1.393939394,0.560606061,0.303030303,0.121212121,0.287878788,1.742424242,4.924242424,Guard,0.459735925,0.74922726,-0.739862698,-1.025217222,-0.881202439,-0.964810546,-0.761622382,0.207204016,-0.106128815,-0.04589143,1.059989273,-3.257542244,,,,,,,,
Garrison Mathews,1629726,2024-25,0,1610612737,ATL,28,47,2,17.65957447,2.170212766,5.468085106,0.397,1.808510638,4.638297872,0.39,1.361702128,1.659574468,0.821,0.276595745,1.574468085,1.85106383,1.276595745,0.553191489,0.319148936,0.659574468,1.723404255,7.510638298,Guard,0.45660462,0.750784351,-0.349791424,-0.836820107,-0.505248759,-0.321838672,-0.278538194,0.781842572,-0.749435406,0.290415364,0.612479254,-1.356935372,,,,,,,,
Gary Harris,203914,2020-21,0,0,TOT,26,39,38,27.69230769,3.538461538,8.846153846,0.4,1.230769231,3.615384615,0.34,1.641025641,2,0.821,0.538461538,1.487179487,2.025641026,2,0.717948718,0.282051282,0.948717949,1.820512821,9.948717949,Guard,0.454998592,0.751244028,0.01791131,-0.764870682,-0.125401817,0.101625359,-0.369078653,0.144170313,-1.079383806,0.389698256,0.26435951,-1.420970209,,,,,,,,
Gary Harris,203914,2021-22,0,1610612753,ORL,27,61,30,28.36065574,3.93442623,9.06557377,0.434,1.901639344,4.950819672,0.384,1.360655738,1.557377049,0.874,0.590163934,1.409836066,2,1.770491803,0.967213115,0.147540984,1,1.836065574,11.13114754,Guard,0.457714038,0.752246123,0.196241249,-0.775438254,-0.245912563,0.742292279,-0.697364213,0.884631799,-0.521512569,0.606134811,0.202617519,0.391690057,,,,,,,,
Gary Harris,203914,2022-23,0,1610612753,ORL,28,48,42,24.66666667,2.875,6.395833333,0.45,1.958333333,4.541666667,0.431,0.5625,0.625,0.9,0.4375,1.604166667,2.041666667,1.229166667,0.9375,0.25,0.583333333,1.9375,8.270833333,Guard,0.4592709,0.75032473,-0.23514144,-0.75826595,-0.530152939,0.665922729,-0.447302946,0.947206825,-0.201665091,0.19114453,0.704271205,0.336016923,,,,,,,,
Gary Harris,203914,2023-24,0,1610612753,ORL,29,54,27,24.01851852,2.425925926,5.5,0.441,1.407407407,3.796296296,0.371,0.62962963,0.833333333,0.756,0.444444444,1.240740741,1.685185185,1.611111111,0.907407407,0.259259259,0.574074074,1.685185185,6.888888889,Guard,0.458880428,0.748577497,-0.443561518,-0.905184551,-0.329600582,0.588577833,-0.424704818,0.339131698,-0.28188513,-0.186229856,0.715419064,-0.92803786,,,,,,,,
Gary Harris,203914,2024-25,0,1610612753,ORL,30,48,3,14.8125,1.0625,2.770833333,0.383,0.75,2.104166667,0.356,0.145833333,0.25,0.583,0.416666667,0.916666667,1.333333333,0.625,0.541666667,0.25,0.354166667,0.9375,3.020833333,Guard,0.457791504,0.747630636,-1.026928269,-1.050195119,-0.847390306,-0.35146012,-0.447302946,-0.386470555,-0.505597732,-0.390736869,0.980180732,-4.025901185,,,,,,,,
Gary Payton II,1627780,2021-22,0,1610612744,GSW,29,71,16,17.57746479,2.985915493,4.845070423,0.616,0.605633803,1.690140845,0.358,0.492957746,0.816901408,0.603,1.014084507,2.464788732,3.478873239,0.901408451,1.352112676,0.309859155,0.563380282,1.845070423,7.070422535,Guard,0.467079171,0.746115563,-0.416183242,-0.165942391,-0.702253055,1.731572815,-0.301210815,-0.545812291,1.402494517,-0.717968484,0.728294057,1.012991111,,,,,,,,
Gary Payton II,1627780,2022-23,0,0,TOT,30,22,1,16.72727273,1.863636364,3.136363636,0.594,0.590909091,1.181818182,0.5,0.272727273,0.318181818,0.857,1.090909091,2.045454545,3.136363636,1.363636364,1,0.227272727,0.727272727,1.954545455,4.590909091,Guard,0.463942915,0.74914017,-0.790134878,-0.307102688,-0.45954525,0.826562126,-0.502771083,-0.562064442,0.758170637,-0.06470159,0.530972659,-0.570614509,,,,,,,,
Gary Payton II,1627780,2023-24,0,1610612744,GSW,31,44,0,15.45454545,2.340909091,4.159090909,0.563,0.454545455,1.25,0.364,0.318181818,0.522727273,0.609,1.045454545,1.522727273,2.568181818,1.090909091,0.886363636,0.409090909,0.613636364,1.75,5.454545455,Guard,0.463982096,0.747010947,-0.65988423,-0.541270471,-0.602749578,0.534490494,-0.059025997,-0.712573488,0.766220228,-0.524579723,0.6677873,-1.131585466,,,,,,,,
Gary Payton II,1627780,2024-25,0,1610612744,GSW,32,62,11,14.9516129,2.758064516,4.806451613,0.574,0.5,1.532258065,0.326,0.435483871,0.612903226,0.711,0.85483871,2.129032258,2.983870968,1.338709677,0.838709677,0.274193548,0.629032258,1.741935484,6.451612903,Guard,0.465098166,0.748000238,-0.509509969,-0.369950299,-0.472633818,0.412008842,-0.388256222,-0.662403806,0.995509593,-0.310908751,0.649251123,-0.656893308,,,,,,,,
Gary Trent Jr.,1629018,2020-21,0,0,TOT,22,58,38,31.06896552,5.517241379,13.53448276,0.408,2.844827586,7.396551724,0.385,1.431034483,1.827586207,0.783,0.465517241,2.155172414,2.620689655,1.379310345,0.965517241,0.172413793,0.74137931,1.586206897,15.31034483,Guard,0.453681145,0.749671985,0.82653332,-0.519630138,-0.451315116,0.737933492,-0.636659686,1.925659791,-1.350044864,0.050162121,0.513988772,1.096627693,,,,,,,,
Gary Trent Jr.,1629018,2021-22,0,1610612761,TOR,23,70,69,34.97142857,6.428571429,15.51428571,0.414,2.985714286,7.785714286,0.383,2.485714286,2.914285714,0.853,0.371428571,2.357142857,2.728571429,2.014285714,1.742857143,0.271428571,1.042857143,2.057142857,18.32857143,Guard,0.453704052,0.754211734,1.281731809,-0.475168251,-0.117900638,2.735876105,-0.39500442,2.081161092,-1.345338833,1.030675429,0.151018854,4.947051148,,,,,,,,
Gary Trent Jr.,1629018,2022-23,0,1610612761,TOR,24,66,44,32.09090909,6.136363636,14.16666667,0.433,2.515151515,6.818181818,0.369,2.606060606,3.106060606,0.839,0.454545455,2.166666667,2.621212121,1.606060606,1.575757576,0.212121212,0.833333333,1.545454545,17.39393939,Guard,0.456530381,0.753749644,1.14077384,-0.519414811,-0.332252514,2.306391726,-0.539749839,1.561785431,-0.764687397,0.930871514,0.403278993,4.186996942,,,,,,,,
Gary Trent Jr.,1629018,2023-24,0,1610612761,TOR,25,71,41,28.08450704,5.084507042,11.92957746,0.426,2.507042254,6.38028169,0.393,1.042253521,1.352112676,0.771,0.352112676,2.295774648,2.647887324,1.676056338,1.084507042,0.14084507,0.661971831,1.352112676,13.71830986,Guard,0.456254605,0.749047436,0.586428116,-0.508421019,-0.295498977,1.043764691,-0.713706247,1.552834972,-0.821343807,-0.084730641,0.609592903,1.368919991,,,,,,,,
Gary Trent Jr.,1629018,2024-25,0,1610612749,MIL,26,74,9,25.58108108,3.824324324,8.878378378,0.431,2.432432432,5.851351351,0.416,1.054054054,1.243243243,0.848,0.27027027,2,2.27027027,1.175675676,0.972972973,0.054054054,0.567567568,1.675675676,11.13513514,Guard,0.457510178,0.75086894,0.196842645,-0.664050336,-0.558240125,0.757096441,-0.925528224,1.470485649,-0.56339437,0.30868518,0.723252695,0.745149556,,,,,,,,
George Hill,201588,2020-21,0,0,TOT,35,30,17,22.4,3.166666667,6.566666667,0.482,1.033333333,2.666666667,0.388,1.333333333,1.666666667,0.8,0.533333333,1.5,2.033333333,2.433333333,0.766666667,0.166666667,1.033333333,1.033333333,8.7,Guard,0.461227887,0.75011657,-0.170416009,-0.761700411,0.102133949,0.226841711,-0.65068611,-0.073746204,0.200385419,0.146185313,0.162485224,-0.818517117,,,,,,,,
George Hill,201588,2021-22,0,1610612749,MIL,36,54,17,23.2037037,2.185185185,5.092592593,0.429,0.759259259,2.481481481,0.306,1.055555556,1.148148148,0.919,0.703703704,2.166666667,2.87037037,2.222222222,0.777777778,0.111111111,0.759259259,1.296296296,6.185185185,Guard,0.458368247,0.752282125,-0.549691675,-0.416727902,-0.008716809,0.255399825,-0.786274887,-0.376250805,-0.38710959,0.613910777,0.492461871,-1.162999194,,,,,,,,
George Hill,201588,2022-23,0,0,TOT,37,46,1,18.10869565,1.695652174,3.608695652,0.47,0.739130435,2.065217391,0.358,0.913043478,1.195652174,0.764,0.326086957,1.52173913,1.847826087,2.391304348,0.565217391,0.130434783,0.739130435,1.195652174,5.043478261,Guard,0.460216894,0.748816864,-0.721879962,-0.838154495,0.080065263,-0.290929334,-0.739113572,-0.398467653,-0.007316657,-0.134530481,0.516696348,-2.533630542,,,,,,,,
Georges Niang,1627777,2020-21,0,1610612762,UTA,28,72,10,16.02777778,2.458333333,5.625,0.437,1.722222222,4.055555556,0.425,0.305555556,0.319444444,0.957,0.388888889,2.055555556,2.444444444,0.819444444,0.347222222,0.111111111,0.708333333,1.611111111,6.944444444,Forward,0.45864625,0.749777709,-0.435182822,-0.592267011,-0.745290924,-0.851227135,-0.786274887,0.686603199,-0.329995518,0.072996775,0.553775099,-2.426863221,,,,,,,,
Georges Niang,1627777,2021-22,0,1610612755,PHI,29,76,7,22.84210526,3.236842105,7.407894737,0.437,2.052631579,5.092105263,0.403,0.684210526,0.776315789,0.881,0.328947368,2.342105263,2.671052632,1.342105263,0.394736842,0.171052632,0.776315789,2.5,9.210526316,Forward,0.458286938,0.750480279,-0.093420197,-0.498873778,-0.470850855,-0.729103616,-0.639981732,1.051286912,-0.403813966,0.224740749,0.47192634,-1.088090142,,,,,,,,
Georges Niang,1627777,2022-23,0,1610612755,PHI,30,78,1,19.38461538,2.846153846,6.435897436,0.442,1.974358974,4.923076923,0.401,0.5,0.576923077,0.867,0.243589744,2.128205128,2.371794872,0.987179487,0.384615385,0.179487179,0.692307692,1.858974359,8.166666667,Forward,0.458783672,0.749806027,-0.250851496,-0.622208464,-0.657216182,-0.755118092,-0.619396394,0.964894854,-0.301763109,0.079113004,0.573069472,-1.589476407,,,,,,,,
Georges Niang,1627777,2023-24,0,1610612739,CLE,31,82,10,22.32926829,3.463414634,7.707317073,0.449,1.817073171,4.829268293,0.376,0.62195122,0.731707317,0.85,0.268292683,3.12195122,3.390243902,1.195121951,0.365853659,0.219512195,0.87804878,2.341463415,9.365853659,Forward,0.459086457,0.749918398,-0.069994264,-0.202469669,-0.548029225,-0.80334005,-0.521711421,0.791293322,-0.23955791,0.103383277,0.349442988,-1.140982952,,,,,,,,
Georges Niang,1627777,2024-25,0,0,TOT,32,79,3,21.48101266,3.620253165,7.848101266,0.461,2.101265823,5.17721519,0.406,0.582278481,0.734177215,0.793,0.594936709,2.848101266,3.443037975,1.405063291,0.35443038,0.17721519,1.037974684,2.544303797,9.924050633,Forward,0.459946529,0.74909842,0.014191071,-0.180711368,-0.437792694,-0.832700508,-0.624941406,1.104966132,-0.062861442,-0.073718912,0.156897182,-0.936671945,,,,,,,,
Giannis Antetokounmpo,203507,2020-21,0,1610612749,MIL,26,61,61,33,10.26229508,18.03278689,0.569,1.098360656,3.62295082,0.303,6.524590164,9.524590164,0.685,1.590163934,9.409836066,11,5.852459016,1.180327869,1.196721311,3.393442623,2.754098361,28.14754098,Forward,0.47653743,0.738300484,2.762594813,2.933779427,1.897457138,1.290046289,1.86326316,-0.001973401,3.345633848,-2.405901085,-2.679012836,9.005887353,,,,,,,,
Giannis Antetokounmpo,203507,2021-22,0,1610612749,MIL,27,67,67,32.89552239,10.28358209,18.58208955,0.553,1.059701493,3.611940299,0.293,8.253731343,11.43283582,0.722,2,9.611940299,11.6119403,5.791044776,1.074626866,1.358208955,3.268656716,3.164179104,29.88059701,Forward,0.474458503,0.743530659,3.023968325,3.185981624,1.865209593,1.018370363,2.257389576,-0.044642795,2.918531505,-1.276266507,-2.528774491,10.41976719,,,,,,,,
Giannis Antetokounmpo,203507,2022-23,0,1610612749,MIL,28,63,63,32.12698413,11.22222222,20.28571429,0.553,0.746031746,2.714285714,0.275,7.904761905,12.25396825,0.645,2.174603175,9.603174603,11.77777778,5.698412698,0.825396825,0.80952381,3.904761905,3.126984127,31.0952381,Forward,0.475570898,0.728090116,3.20715629,3.254329104,1.816570106,0.377791746,0.918269726,-0.390850448,3.147066017,-4.61117784,-3.294625322,4.424529379,,,,,,,,
Giannis Antetokounmpo,203507,2023-24,0,1610612749,MIL,29,73,73,35.16438356,11.46575342,18.75342466,0.611,0.465753425,1.698630137,0.274,7.04109589,10.71232877,0.657,2.684931507,8.835616438,11.52054795,6.520547945,1.191780822,1.082191781,3.424657534,2.876712329,30.43835616,Forward,0.483731124,0.732317313,3.10808763,3.148315611,2.248258968,1.319483017,1.583742622,-0.700202881,4.823532736,-3.698170718,-2.716594616,9.116452368,,,,,,,,
Giannis Antetokounmpo,203507,2024-25,0,1610612749,MIL,30,67,67,34.1641791,11.8358209,19.68656716,0.601,0.208955224,0.940298507,0.222,6.507462687,10.55223881,0.617,2.194029851,9.71641791,11.91044776,6.462686567,0.865671642,1.164179104,3.074626866,2.313432836,30.3880597,Forward,0.483078539,0.725545771,3.100502092,3.309007085,2.217876969,0.481307303,1.783840716,-0.983639531,4.68946326,-5.160715843,-2.295168596,7.142473454,,,,,,,,
Glenn Robinson III,203922,2020-21,0,1610612758,SAC,27,23,2,16.04347826,1.826086957,4.304347826,0.424,0.695652174,1.913043478,0.364,0.913043478,1,0.913,0.47826087,1.47826087,1.956521739,0.869565217,0.173913043,0.130434783,0.47826087,1,5.260869565,Forward,0.458383851,0.751680185,-0.689093758,-0.79335718,-0.718973381,-1.296671648,-0.739113572,-0.446456044,-0.383903724,0.483901308,0.830775177,-3.752892821,,,,,,,,
Goga Bitadze,1629048,2020-21,0,1610612754,IND,21,45,3,12.46666667,1.844444444,4.311111111,0.428,0.444444444,1.755555556,0.253,1,1.355555556,0.738,1.333333333,2,3.333333333,0.822222222,0.2,1.333333333,0.377777778,2.088888889,5.133333333,Center,0.458546939,0.748177856,-0.708328331,-0.225924524,-0.743832361,-1.229622159,2.196678183,-0.723722307,-0.350398317,-0.272546024,0.95175369,-1.105942149,,,,,,,,
Goga Bitadze,1629048,2021-22,0,1610612754,IND,22,50,16,14.58,2.62,5.04,0.52,0.46,1.6,0.288,1.28,1.88,0.681,1.58,1.96,3.54,1.1,0.42,0.84,0.92,2.14,6.98,Center,0.462749288,0.746009434,-0.429820456,-0.140749895,-0.597976101,-0.66417148,0.992649854,-0.706553126,0.512947497,-0.740890577,0.298935026,-1.475629258,,,,,,,,
Goga Bitadze,1629048,2022-23,0,0,TOT,23,38,1,12.02631579,1.815789474,3.289473684,0.552,0.157894737,0.684210526,0.231,0.605263158,1.105263158,0.548,1.605263158,2,3.605263158,1.026315789,0.421052632,0.684210526,0.578947368,1.684210526,4.394736842,Center,0.462798124,0.744118537,-0.819720897,-0.113852644,-0.636666393,-0.661465974,0.61243038,-1.039996676,0.522980613,-1.149294239,0.70955177,-2.57603406,,,,,,,,
Goga Bitadze,1629048,2023-24,0,1610612753,ORL,24,62,33,15.43548387,2.032258065,3.370967742,0.603,0.032258065,0.225806452,0.143,0.919354839,1.403225806,0.655,1.758064516,2.85483871,4.612903226,1.274193548,0.516129032,1.161290323,0.709677419,1.725806452,5.016129032,Center,0.464531578,0.74590265,-0.726004678,0.301431395,-0.50651011,-0.417097724,1.776790363,-1.178666017,0.879107659,-0.763954255,0.552156862,-0.082746506,,,,,,,,
Goga Bitadze,1629048,2024-25,0,1610612753,ORL,25,70,42,20.41428571,2.957142857,4.842857143,0.611,0.042857143,0.4,0.107,1.214285714,1.9,0.639,2.385714286,4.228571429,6.614285714,1.957142857,0.7,1.4,1.028571429,2.142857143,7.171428571,Center,0.466845069,0.74444681,-0.400949861,1.126271763,-0.147905354,0.055493019,2.359384715,-1.166967465,1.354399812,-1.078392481,0.168218408,2.269552555,,,,,,,,
Gordon Hayward,202330,2020-21,0,1610612766,CHA,31,44,44,34,7.068181818,14.95454545,0.473,1.931818182,4.659090909,0.415,3.545454545,4.204545455,0.843,0.840909091,5.022727273,5.863636364,4.113636364,1.181818182,0.318181818,2.068181818,1.681818182,19.61363636,Forward,0.461572746,0.755787562,1.475540854,0.81690267,0.984431728,1.293876737,-0.28089854,0.917941178,0.271234416,1.371029286,-1.083440113,5.766618216,,,,,,,,
Gordon Hayward,202330,2021-22,0,1610612766,CHA,32,49,48,31.91836735,5.775510204,12.59183673,0.459,1.755102041,4.489795918,0.391,2.571428571,3.040816327,0.846,0.775510204,3.795918367,4.571428571,3.612244898,0.959183673,0.448979592,1.653061224,1.734693878,15.87755102,Forward,0.459767242,0.754046088,0.912077394,0.284338226,0.721159825,0.721654763,0.038326241,0.722893741,-0.099694882,0.994898632,-0.58364785,3.712006091,,,,,,,,
Gordon Hayward,202330,2022-23,0,1610612766,CHA,33,50,50,31.54,5.52,11.62,0.475,1.04,3.2,0.325,2.58,3.18,0.811,0.66,3.64,4.3,4.12,0.84,0.24,1.98,1.4,14.66,Forward,0.461439573,0.752193859,0.728450563,0.172472931,0.987773162,0.415325269,-0.471708926,-0.066387984,0.243874999,0.594846762,-0.977271951,1.627374826,,,,,,,,
Gordon Hayward,202330,2023-24,0,0,TOT,34,51,28,24.41176471,3.666666667,7.901960784,0.464,0.725490196,1.764705882,0.411,1.745098039,2.352941176,0.742,0.745098039,2.803921569,3.549019608,3.098039216,0.784313725,0.254901961,1.294117647,1.31372549,9.803921569,Forward,0.460166753,0.748163731,-0.003926378,-0.137032596,0.451159401,0.272198715,-0.43533923,-0.413522835,-0.01761778,-0.275596787,-0.151490966,-0.711168457,,,,,,,,
Gorgui Dieng,203476,2020-21,0,0,TOT,31,38,1,14.55263158,2.236842105,4.289473684,0.521,0.789473684,1.842105263,0.429,1.526315789,1.763157895,0.866,1.052631579,2.631578947,3.684210526,1.263157895,0.684210526,0.421052632,0.842105263,1.473684211,6.789473684,Center,0.462378409,0.752457651,-0.458554975,-0.081315647,-0.512304739,0.014910434,-0.029832241,-0.342902147,0.436752924,0.65182147,0.392717863,0.071292941,,,,,,,,
Gorgui Dieng,203476,2021-22,0,1610612737,ATL,32,44,3,8.431818182,1.204545455,2.545454545,0.473,0.659090909,1.545454545,0.426,0.431818182,0.590909091,0.731,0.727272727,2.022727273,2.75,0.772727273,0.25,0.295454545,0.454545455,1.181818182,3.5,Center,0.460189926,0.748249926,-0.954662011,-0.466336781,-0.769821295,-1.101110641,-0.336366676,-0.486809919,-0.012857043,-0.256980005,0.859327798,-3.525616572,,,,,,,,
Gorgui Dieng,203476,2022-23,0,1610612759,SAS,33,31,1,11.5483871,1.451612903,3.774193548,0.385,0.677419355,2.419354839,0.28,0.322580645,0.419354839,0.769,0.870967742,2.580645161,3.451612903,1.709677419,0.129032258,0.451612903,1.032258065,1.838709677,3.903225806,Center,0.457141107,0.748624679,-0.893848891,-0.177177338,-0.277845135,-1.412025604,0.044753095,-0.466580208,-0.639217685,-0.176039423,0.163779813,-3.834201374,,,,,,,,
Grant Williams,1629684,2021-22,0,1610612738,BOS,23,77,21,24.35064935,2.662337662,5.61038961,0.475,1.376623377,3.350649351,0.411,1.116883117,1.233766234,0.905,0.831168831,2.727272727,3.558441558,1.012987013,0.493506494,0.74025974,0.805194805,2.415584416,7.818181818,Forward,0.460667936,0.752223596,-0.303408775,-0.133149478,-0.643665101,-0.475242858,0.749223978,0.305154348,0.08534708,0.601269442,0.437156905,0.622685541,,,,,,,,
Grant Williams,1629684,2022-23,0,1610612738,BOS,24,79,23,25.88607595,2.734177215,6.025316456,0.454,1.455696203,3.683544304,0.395,1.189873418,1.544303797,0.77,1.101265823,3.493670886,4.594936709,1.658227848,0.518987342,0.392405063,1.037974684,2.430379747,8.113924051,Forward,0.459530615,0.749099329,-0.258805955,0.29402676,-0.304860406,-0.409751209,-0.099749439,0.392429636,-0.148308436,-0.073522599,0.156897182,-0.451644467,,,,,,,,
Grant Williams,1629684,2023-24,0,0,TOT,25,76,43,28.02631579,3.631578947,7.960526316,0.456,1.657894737,4.421052632,0.375,1.394736842,1.842105263,0.757,1.131578947,3.052631579,4.184210526,2.289473684,0.578947368,0.513157895,1.434210526,2.973684211,10.31578947,Forward,0.459578949,0.748757461,0.073271767,0.124752002,0.026595759,-0.25564013,0.194959677,0.615602831,-0.138378545,-0.147360478,-0.320158428,0.173644456,,,,,,,,
Grant Williams,1629684,2024-25,0,1610612766,CHA,26,16,7,29.9375,3.375,7.6875,0.439,1.6875,4.625,0.365,1.9375,2.3125,0.838,1.125,4,5.125,2.3125,1.125,0.8125,1.75,2.875,10.375,Forward,0.458374442,0.752412224,0.082201694,0.512484552,0.038686476,1.147840921,0.92553341,0.648279137,-0.385836875,0.642009933,-0.700359116,2.910840131,,,,,,,,
Grayson Allen,1628960,2020-21,0,1610612763,MEM,25,50,38,25.2,3.46,8.28,0.418,2.14,5.48,0.391,1.58,1.82,0.868,0.38,2.82,3.2,2.16,0.92,0.16,0.96,1.42,10.64,Guard,0.456662589,0.75265244,0.122168077,-0.280875896,-0.041388611,0.620943698,-0.666956763,1.147718322,-0.737526049,0.693892875,0.250776272,1.108751924,,,,,,,,
Grayson Allen,1628960,2021-22,0,1610612749,MIL,26,66,61,27.34848485,3.863636364,8.621212121,0.448,2.409090909,5.893939394,0.409,0.96969697,1.121212121,0.865,0.484848485,2.878787879,3.363636364,1.515151515,0.696969697,0.272727273,0.651515152,1.454545455,11.10606061,Guard,0.458922224,0.75100993,0.192457725,-0.213435575,-0.37998729,0.047704443,-0.39183481,1.444722839,-0.273298514,0.339136834,0.622182419,1.387648071,,,,,,,,
Grayson Allen,1628960,2022-23,0,1610612749,MIL,27,72,70,27.38888889,3.402777778,7.736111111,0.44,2.027777778,5.083333333,0.399,1.583333333,1.75,0.905,0.847222222,2.444444444,3.291666667,2.263888889,0.861111111,0.194444444,1,1.625,10.41666667,Guard,0.458437506,0.753747622,0.088485717,-0.243096827,0.01316163,0.469585688,-0.582891723,1.023854951,-0.372880723,0.93043475,0.202617519,1.529270981,,,,,,,,
Grayson Allen,1628960,2023-24,0,1610612756,PHX,28,75,74,33.50666667,4.533333333,9.093333333,0.499,2.733333333,5.933333333,0.461,1.72,1.96,0.878,0.64,3.293333333,3.933333333,3.026666667,0.92,0.6,1.266666667,2.093333333,13.52,Guard,0.463125995,0.753340443,0.556519709,0.021356655,0.413682921,0.620943698,0.406906342,1.802599904,0.590339557,0.842490656,-0.118440841,5.136398602,,,,,,,,
Grayson Allen,1628960,2024-25,0,1610612756,PHX,29,64,7,24.125,3.421875,7.640625,0.448,2.328125,5.46875,0.426,1.453125,1.78125,0.816,0.53125,2.5,3.03125,2.140625,0.84375,0.296875,1.171875,1.484375,10.625,Guard,0.459021723,0.750777346,0.119905829,-0.350423728,-0.051562085,0.424963633,-0.332899917,1.355358093,-0.252856966,0.288902413,-0.004314627,1.197072645,,,,,,,,
P.J. Tucker,200782,2024-25,0,1610612752,NYK,40,3,1,19.33333333,1,2.333333333,0.429,1,2,0.5,0,0,0,1.333333333,1.333333333,2.666666667,0,0.333333333,0.333333333,0.333333333,2.666666667,3,Forward,0.459160116,0.748453789,-1.030070281,-0.500681389,-1.175566892,-0.886924779,-0.243919783,-0.110537304,-0.224425103,-0.212948896,1.005263417,-3.379811009,,,,,,,,
Hamidou Diallo,1628977,2020-21,0,0,TOT,22,52,9,23.57692308,4.307692308,9.038461538,0.477,0.538461538,1.576923077,0.341,2.461538462,3.846153846,0.64,1.134615385,4.096153846,5.230769231,1.942307692,0.788461538,0.461538462,1.461538462,2.576923077,11.61538462,Guard,0.461284309,0.74070709,0.269272209,0.556075785,-0.155695041,0.28285955,0.068977394,-0.619952537,0.211976822,-1.886112518,-0.353060411,-1.625658747,,,,,,,,
Hamidou Diallo,1628977,2021-22,0,1610612765,DET,23,58,29,21.87931034,4.5,9.068965517,0.496,0.396551724,1.603448276,0.247,1.568965517,2.413793103,0.65,1.189655172,3.586206897,4.775862069,1.25862069,1.224137931,0.293103448,1,2.465517241,10.96551724,Guard,0.462868533,0.743919733,0.17126146,0.368592487,-0.514687146,1.40264824,-0.342104759,-0.776583083,0.53744571,-1.192232778,0.202617519,-0.14304235,,,,,,,,
Hamidou Diallo,1628977,2022-23,0,1610612765,DET,24,56,0,17.78571429,3.839285714,6.696428571,0.573,0.089285714,0.375,0.238,1.553571429,2.642857143,0.588,1.017857143,2.446428571,3.464285714,0.982142857,0.946428571,0.285714286,1.267857143,2.214285714,9.321428571,Guard,0.466964447,0.740398443,-0.076694302,-0.171954425,-0.659860828,0.688871213,-0.360138733,-1.115722719,1.378925205,-1.952775364,-0.119874137,-2.38922409,,,,,,,,
Terry Taylor,1630678,2024-25,0,1610612758,SAC,25,3,0,2,0,0.333333333,0,0,0,0,0,0,0,0.333333333,0,0.333333333,0.666666667,0,0,0,0,0,Forward,0.458336065,0.748453789,-1.482519897,-1.462330417,-0.825511867,-1.74366823,-1.057452438,-1.214270308,-0.393721121,-0.212948896,1.406586365,-6.985836809,,,,,,,,
Harrison Barnes,203084,2020-21,0,1610612758,SAC,29,58,58,36.24137931,5.5,11.06896552,0.497,1.724137931,4.413793103,0.391,3.362068966,4.051724138,0.83,1.103448276,5.534482759,6.637931034,3.465517241,0.74137931,0.189655172,1.603448276,1.293103448,16.0862069,Forward,0.463564784,0.754566503,0.943546152,1.136016834,0.644115694,0.161847378,-0.594580411,0.688717631,0.680486099,1.107300037,-0.523915406,4.243534008,,,,,,,,
Harrison Barnes,203084,2021-22,0,1610612758,SAC,30,77,77,33.5974026,5.077922078,10.83116883,0.469,1.844155844,4.675324675,0.394,4.428571429,5.363636364,0.826,1.064935065,4.545454545,5.61038961,2.415584416,0.688311688,0.181818182,1.532467532,1.220779221,16.42857143,Forward,0.460756698,0.755966476,0.995180385,0.712530743,0.092814303,0.025451365,-0.613707353,0.821185362,0.103582541,1.409671845,-0.438456802,3.10825239,,,,,,,,
Harrison Barnes,203084,2022-23,0,1610612758,SAC,31,82,82,32.46341463,4.56097561,9.646341463,0.473,1.609756098,4.304878049,0.374,4.268292683,5.036585366,0.847,1.06097561,3.402439024,4.463414634,1.56097561,0.695121951,0.12195122,1.048780488,1.256097561,15,Forward,0.461019529,0.757472088,0.779728187,0.23982187,-0.355925858,0.04295531,-0.759818539,0.562470626,0.157579537,1.734860113,0.143887331,2.545558577,,,,,,,,
Harrison Barnes,203084,2023-24,0,1610612758,SAC,32,82,82,29.03658537,4.231707317,8.926829268,0.474,1.817073171,4.695121951,0.387,1.914634146,2.390243902,0.801,0.817073171,2.219512195,3.036585366,1.207317073,0.658536585,0.146341463,0.707317073,1.195121951,12.19512195,Forward,0.461022345,0.750851149,0.356706187,-0.348224835,-0.54162578,-0.051077509,-0.700291761,0.791293322,0.158158059,0.304842615,0.554998645,0.524778943,,,,,,,,
Harrison Barnes,203084,2024-25,0,1610612759,SAS,33,82,82,27.19512195,4.231707317,8.329268293,0.508,1.902439024,4.390243902,0.433,1.963414634,2.426829268,0.809,1.182926829,2.597560976,3.780487805,1.658536585,0.475609756,0.170731707,0.609756098,0.914634146,12.32926829,Forward,0.463564965,0.751256463,0.376937674,-0.041636382,-0.304698293,-0.521241597,-0.640764981,0.885514432,0.680523239,0.392384066,0.672459019,1.499477175,,,,,,,,
Hassan Whiteside,202355,2020-21,0,1610612758,SAC,32,36,4,15.16666667,3.5,6.222222222,0.563,0,0.027777778,0,1.138888889,2.194444444,0.519,1.694444444,4.277777778,5.972222222,0.555555556,0.25,1.277777778,1.111111111,2.027777778,8.138888889,Center,0.4659053,0.738806716,-0.255040844,0.861654735,-0.883854371,-1.101110641,2.061089409,-1.214270308,1.161330161,-2.296562887,0.068843202,-1.597921545,,,,,,,,
Hassan Whiteside,202355,2021-22,0,1610612762,UTA,33,65,8,17.87692308,3.307692308,5.076923077,0.652,0,0,0,1.6,2.569230769,0.623,2.553846154,5.046153846,7.6,0.4,0.338461538,1.584615385,0.815384615,2.753846154,8.215384615,Center,0.46914715,0.742322451,-0.243504024,1.532519414,-0.965533877,-0.873744111,2.809956648,-1.214270308,1.827347779,-1.537220281,0.424888691,1.760439931,,,,,,,,
Haywood Highsmith,1629312,2022-23,0,1610612748,MIA,26,54,11,17.94444444,1.722222222,4,0.431,0.685185185,2.018518519,0.339,0.240740741,0.518518519,0.464,1.055555556,2.425925926,3.481481481,0.796296296,0.666666667,0.314814815,0.833333333,1.518518519,4.37037037,Forward,0.458753704,0.745534175,-0.823395764,-0.164867442,-0.757445612,-0.030181325,-0.289116041,-0.458008805,-0.307919893,-0.843538939,0.403278993,-3.271194829,,,,,,,,
Haywood Highsmith,1629312,2023-24,0,1610612748,MIA,27,66,26,20.6969697,2.318181818,4.984848485,0.465,1.151515152,2.909090909,0.396,0.348484848,0.545454545,0.639,0.984848485,2.196969697,3.181818182,1.060606061,0.803030303,0.454545455,0.515151515,1.772727273,6.136363636,Forward,0.460107724,0.747272633,-0.557054772,-0.288369265,-0.61866117,0.320304632,0.051910275,0.05669497,-0.029744936,-0.468059774,0.78635999,-0.746620052,,,,,,,,
Haywood Highsmith,1629312,2024-25,0,1610612748,MIA,28,74,42,24.56756757,2.418918919,5.283783784,0.458,1.202702703,3.148648649,0.382,0.418918919,0.581081081,0.721,0.972972973,2.432432432,3.405405405,1.513513514,0.918918919,0.5,0.72972973,2.216216216,6.459459459,Forward,0.459770312,0.748138397,-0.508326578,-0.196221079,-0.380847376,0.61816507,0.162846545,0.11319236,-0.099064092,-0.281068582,0.528014504,-0.043309227,,,,,,,,
Wes Iwundu,1628411,2021-22,0,1610612737,ATL,27,3,1,27.33333333,2.666666667,6,0.444,1,1.666666667,0.6,1,1.333333333,0.75,1,3.333333333,4.333333333,0,0.333333333,0,0.333333333,2.666666667,7.333333333,Forward,0.458965898,0.74849395,-0.376531945,0.186210774,-1.175566892,-0.886924779,-1.057452438,-0.110537304,-0.264325927,-0.204274688,1.005263417,-2.884139782,,,,,,,,
Herbert Jones,1630529,2021-22,0,1610612740,NOP,23,78,69,29.93589744,3.512820513,7.384615385,0.476,0.730769231,2.166666667,0.337,1.756410256,2.08974359,0.84,1.256410256,2.538461538,3.794871795,2.141025641,1.666666667,0.769230769,1.282051282,3.051282051,9.512820513,Forward,0.460973501,0.752126453,-0.047829232,-0.035708232,-0.051351716,2.540049031,0.819930612,-0.407696189,0.148123379,0.580287947,-0.136963438,3.408842162,,,,,,,,
Herbert Jones,1630529,2022-23,0,1610612740,NOP,24,66,66,29.56060606,3.560606061,7.590909091,0.469,0.848484848,2.53030303,0.335,1.863636364,2.439393939,0.764,1.46969697,2.606060606,4.075757576,2.454545455,1.560606061,0.636363636,1.333333333,3.151515152,9.833333333,Forward,0.460508439,0.749176973,0.000509402,0.080054713,0.113272064,2.267448842,0.495655358,-0.277769578,0.05257925,-0.056752661,-0.19870543,2.47629196,,,,,,,,
Herbert Jones,1630529,2023-24,0,1610612740,NOP,25,76,76,30.53947368,3.855263158,7.736842105,0.498,1.5,3.592105263,0.418,1.802631579,2.078947368,0.867,0.973684211,2.605263158,3.578947368,2.618421053,1.381578947,0.815789474,1.223684211,2.947368421,11.01315789,Forward,0.4626025,0.753186053,0.178446458,-0.12469831,0.199320279,1.807307919,0.933561693,0.441329199,0.482790988,0.809144767,-0.066691303,4.66051169,,,,,,,,
Herbert Jones,1630529,2024-25,0,1610612740,NOP,26,20,20,32.4,3.75,8.6,0.436,1.1,3.6,0.306,1.65,2,0.825,1.1,2.8,3.9,3.25,1.85,0.45,1.75,3.3,10.25,Forward,0.457974081,0.751397874,0.063349627,0.007618812,0.530951355,3.011257929,0.040816647,-0.000164003,-0.468088452,0.422926574,-0.700359116,2.908309372,,,,,,,,
RaiQuan Gray,,2023-24,,,,24,3,0,13,3.3,5.7,0.588,1,,,0,0,,0.7,1.7,2.3,2,0.3,0.3,0.3,0,7.7,Forward-Center,0.466773748,,-0.321232548,-0.651797665,-0.125401817,-0.972599123,-0.325273048,-0.110537304,1.339747363,,1.045395711,-0.12169843,236,SAS,2.3,0.429,2.3,3.3,0.7,0.676
Ignas Brazdeikis,1629649,2021-22,0,1610612753,ORL,23,42,1,12.76190476,1.928571429,4.476190476,0.431,0.642857143,2.071428571,0.31,0.5,0.761904762,0.656,0.547619048,1.166666667,1.714285714,0.880952381,0.238095238,0.071428571,0.404761905,1.142857143,5,Forward,0.458627205,0.747066115,-0.728437203,-0.893191196,-0.71299418,-1.131708622,-0.883124013,-0.504727662,-0.333908144,-0.512664402,0.919265641,-4.781489781,,,,,,,,
Immanuel Quickley,1630193,2020-21,0,1610612752,NYK,22,64,3,19.4375,3.578125,9.0625,0.395,1.84375,4.734375,0.389,2.421875,2.71875,0.891,0.390625,1.75,2.140625,1.984375,0.46875,0.1875,0.90625,1.78125,11.421875,Guard,0.454474019,0.755805016,0.240087758,-0.717481728,-0.133606232,-0.538872751,-0.599840319,0.820737419,-1.187153983,1.374799084,0.315489598,-0.425841153,,,,,,,,
Immanuel Quickley,1630193,2021-22,0,1610612752,NYK,23,78,3,23.1025641,3.641025641,9.282051282,0.392,1.756410256,5.076923077,0.346,2.269230769,2.576923077,0.881,0.397435897,2.769230769,3.166666667,3.525641026,0.692307692,0.038461538,1.269230769,2.141025641,11.30769231,Guard,0.454099724,0.754950202,0.22286712,-0.29461374,0.675685644,0.035722016,-0.963583287,0.724337661,-1.264050564,1.190172757,-0.12152794,0.205009667,,,,,,,,
Immanuel Quickley,1630193,2022-23,0,1610612752,NYK,24,81,21,28.9382716,5.172839506,11.55555556,0.448,2.074074074,5.604938272,0.37,2.50617284,3.061728395,0.819,0.716049383,3.444444444,4.160493827,3.444444444,0.987654321,0.172839506,1.234567901,2.049382716,14.92592593,Guard,0.458634927,0.752524394,0.768556592,0.114977513,0.633050737,0.794830887,-0.635620691,1.074953701,-0.332321821,0.666236943,-0.079794927,3.004868934,,,,,,,,
Immanuel Quickley,1630193,2023-24,0,0,TOT,25,68,38,29.19117647,5.705882353,13.14705882,0.434,2.514705882,6.367647059,0.395,3.073529412,3.602941176,0.853,0.25,3.558823529,3.808823529,4.867647059,0.735294118,0.147058824,1.485294118,1.75,17,Guard,0.456858616,0.7554809,1.081361264,-0.02995823,1.380349577,0.146207033,-0.698540971,1.561293571,-0.697253607,1.304795264,-0.381661481,3.666592419,,,,,,,,
Immanuel Quickley,1630193,2024-25,0,1610612761,TOR,26,33,33,27.81818182,5.575757576,13.27272727,0.42,2.575757576,6.818181818,0.378,3.363636364,3.878787879,0.867,0.484848485,3.060606061,3.545454545,5.787878788,0.696969697,0.121212121,1.757575758,1.848484848,17.09090909,Guard,0.455192807,0.756988049,1.095071859,-0.138501885,1.863547188,0.047704443,-0.761622382,1.62867834,-1.039483606,1.630315403,-0.709480093,3.616229267,,,,,,,,
Isaac Okoro,1630171,2020-21,0,1610612739,CLE,20,67,67,32.43283582,3.507462687,8.343283582,0.42,0.925373134,3.194029851,0.29,1.701492537,2.343283582,0.726,1.014925373,2.059701493,3.074626866,1.910447761,0.925373134,0.358208955,1.28358209,2.76119403,9.641791045,Guard-Forward,0.456794022,0.747448586,-0.028378343,-0.33254659,-0.172424134,0.63475389,-0.183208391,-0.192905439,-0.710524016,-0.430056603,-0.138806483,-1.55409611,,,,,,,,
Isaac Okoro,1630171,2021-22,0,1610612739,CLE,21,67,61,29.56716418,3.089552239,6.432835821,0.48,0.820895522,2.343283582,0.35,1.776119403,2.313432836,0.768,1.074626866,1.925373134,3,1.805970149,0.835820896,0.328358209,0.865671642,2.447761194,8.776119403,Guard-Forward,0.461080887,0.749318172,-0.158935944,-0.363302956,-0.227283504,0.404584009,-0.256062061,-0.308220827,0.170185213,-0.026255918,0.364344677,-0.400947311,,,,,,,,
Isaac Okoro,1630171,2022-23,0,1610612739,CLE,22,76,46,21.75,2.302631579,4.657894737,0.494,0.815789474,2.25,0.363,1.026315789,1.355263158,0.757,0.684210526,1.776315789,2.460526316,1.144736842,0.736842105,0.394736842,0.552631579,2.078947368,6.447368421,Guard-Forward,0.461383112,0.748679323,-0.510150107,-0.585639103,-0.574485566,0.150185716,-0.094058504,-0.313856541,0.23227539,-0.164237114,0.74123516,-1.11873067,,,,,,,,
Isaac Okoro,1630171,2023-24,0,1610612739,CLE,23,69,42,27.34782609,3.405797101,6.956521739,0.49,1.217391304,3.115942029,0.391,1.347826087,1.985507246,0.679,0.971014493,2.014492754,2.985507246,1.913043478,0.826086957,0.492753623,0.782608696,2.028985507,9.376811594,Guard-Forward,0.461823926,0.745801107,-0.068341627,-0.369275932,-0.171061168,0.379565544,0.145161052,0.129404653,0.322837906,-0.785885874,0.464349876,0.046754431,,,,,,,,
Isaac Okoro,1630171,2024-25,0,1610612739,CLE,24,55,22,19.14545455,2.254545455,4.854545455,0.464,1.018181818,2.745454545,0.371,0.6,0.836363636,0.717,0.890909091,1.472727273,2.363636364,1.236363636,0.581818182,0.290909091,0.418181818,1.890909091,6.127272727,Guard-Forward,0.460055347,0.747936309,-0.558425832,-0.625570873,-0.526373937,-0.248261477,-0.347460302,-0.090469431,-0.040505571,-0.324716348,0.903108484,-1.858675286,,,,,,,,
Isaiah Hartenstein,1628392,2020-21,0,0,TOT,23,46,2,12.15217391,2.043478261,3.717391304,0.55,0.043478261,0.130434783,0.333,1,1.543478261,0.648,1.413043478,2.52173913,3.934782609,1.195652174,0.413043478,0.847826087,0.956521739,2.260869565,5.130434783,Center,0.46309447,0.745445683,-0.70876548,0.021953953,-0.547750814,-0.682051344,1.011750186,-1.166281917,0.583863093,-0.862651843,0.25496399,-2.094970177,,,,,,,,
Isaiah Hartenstein,1628392,2021-22,0,1610612746,LAC,24,68,0,17.88235294,3.367647059,5.382352941,0.626,0.205882353,0.441176471,0.467,1.338235294,1.941176471,0.689,1.720588235,3.161764706,4.882352941,2.352941176,0.735294118,1.132352941,1.235294118,2.455882353,8.279411765,Center,0.468349176,0.746231847,-0.233847671,0.412481134,0.059921431,0.146207033,1.706165847,-0.98703116,1.663408932,-0.692853032,-0.080669269,1.993783245,,,,,,,,
Isaiah Hartenstein,1628392,2022-23,0,1610612752,NYK,25,82,8,19.85365854,2.134146341,3.987804878,0.535,0.097560976,0.451219512,0.216,0.585365854,0.865853659,0.676,2.548780488,3.987804878,6.536585366,1.243902439,0.646341463,0.780487805,0.804878049,2.597560976,4.951219512,Center,0.462745231,0.747220459,-0.735794107,1.094248707,-0.522415443,-0.082421781,0.847404512,-1.106589039,0.512114075,-0.479328507,0.437538269,-0.035243315,,,,,,,,
Isaiah Hartenstein,1628392,2023-24,0,1610612752,NYK,26,75,49,25.28,3.133333333,4.866666667,0.644,0.013333333,0.04,0.333,1.48,2.093333333,0.707,3.253333333,5.093333333,8.346666667,2.506666667,1.16,1.133333333,1.24,2.8,7.76,Center,0.468409267,0.746787998,-0.312183555,1.840247103,0.140640002,1.237798983,1.70855859,-1.199553869,1.675754425,-0.572733183,-0.086335005,4.432193491,,,,,,,,
Isaiah Hartenstein,1628392,2024-25,0,1610612760,OKC,27,57,53,27.89473684,4.894736842,8.421052632,0.581,0,0.333333333,0,1.385964912,2.052631579,0.675,2.859649123,7.859649123,10.71929825,3.842105263,0.824561404,1.087719298,1.684210526,3,11.1754386,Center,0.469272485,0.745557229,0.202921073,2.818092327,0.841855488,0.375644521,1.597233069,-1.214270308,1.853096926,-0.838559697,-0.621150639,5.01486276,,,,,,,,
Isaiah Jackson,1630543,2021-22,0,1610612754,IND,20,36,15,15.02777778,3.222222222,5.722222222,0.563,0.138888889,0.444444444,0.313,1.666666667,2.444444444,0.682,1.666666667,2.472222222,4.138888889,0.277777778,0.694444444,1.444444444,1.111111111,2.555555556,8.25,Forward,0.465446103,0.745356367,-0.238283451,0.106073355,-1.029710631,0.041213961,2.467855735,-1.060974058,1.066991007,-0.881942784,0.068843202,0.540066336,,,,,,,,
Isaiah Jackson,1630543,2022-23,0,1610612754,IND,21,63,12,16.53968254,2.841269841,5.047619048,0.563,0.031746032,0.222222222,0.143,1.507936508,2.317460317,0.651,1.793650794,2.682539683,4.476190476,0.80952381,0.492063492,1.476190476,0.80952381,2.444444444,7.222222222,Forward,0.464819623,0.744136964,-0.393289339,0.245087245,-0.750500076,-0.478951706,2.545335036,-1.179231165,0.93828479,-1.145314195,0.431944917,0.213365508,,,,,,,,
Isaiah Jackson,1630543,2023-24,0,1610612754,IND,22,60,3,12.85,2.583333333,3.883333333,0.665,0,0.066666667,0,1.216666667,1.7,0.716,1.566666667,2.4,3.966666667,0.833333333,0.566666667,1.016666667,0.65,2.283333333,6.383333333,Forward,0.467532185,0.747386643,-0.519807657,0.035094499,-0.737998111,-0.287204361,1.423822162,-1.214270308,1.495563456,-0.443435402,0.624006615,0.375770892,,,,,,,,
Drew Peterson,,2023-24,,,,24,3,0,7.7,1.3,2,0.667,1,,,0,0,,0,0.3,0.3,0.3,0.7,0,0.3,0.3,3.7,Forward-Center,0.463925345,,-0.924498703,-1.47606826,-1.018042131,0.055493019,-1.057452438,-0.110537304,0.754560987,,1.045395711,-2.731149118,416,BOS,1.7,0.6,0.3,0.3,1,0.917
Isaiah Joe,1630198,2022-23,0,1610612760,OKC,23,73,10,19.10958904,3.068493151,6.95890411,0.441,2.205479452,5.397260274,0.409,1.123287671,1.369863014,0.82,0.369863014,2.02739726,2.397260274,1.205479452,0.657534247,0.109589041,0.534246575,1.438356164,9.465753425,Guard,0.458636542,0.750361688,-0.054927727,-0.611713273,-0.542590682,-0.053653748,-0.789989647,1.219990154,-0.331990059,0.199126888,0.763370133,-0.202377963,,,,,,,,
Isaiah Joe,1630198,2023-24,0,1610612760,OKC,24,78,1,18.52564103,2.846153846,6.217948718,0.458,1.884615385,4.525641026,0.416,0.576923077,0.666666667,0.865,0.41025641,1.897435897,2.307692308,1.269230769,0.58974359,0.282051282,0.602564103,1.115384615,8.153846154,Guard,0.459754743,0.749987292,-0.252785041,-0.648627393,-0.509115979,-0.227891353,-0.369078653,0.865841893,-0.102262753,0.118263276,0.681117957,-0.444538046,,,,,,,,
Isaiah Joe,1630198,2024-25,0,1610612760,OKC,25,74,16,21.67567568,3.5,7.945945946,0.44,2.594594595,6.297297297,0.412,0.621621622,0.756756757,0.821,0.554054054,2.094594595,2.648648649,1.608108108,0.648648649,0.121621622,0.513513514,1.527027027,10.21621622,Guard,0.458401665,0.749535415,0.058254474,-0.50810725,-0.331177406,-0.076491782,-0.760622955,1.64946938,-0.380243916,0.020665123,0.788332092,0.46007776,,,,,,,,
Isaiah Livers,1630587,2021-22,0,1610612765,DET,23,19,5,20.15789474,2.157894737,4.736842105,0.456,1.421052632,3.368421053,0.422,0.631578947,0.736842105,0.857,0.789473684,2.210526316,3,1.105263158,0.684210526,0.368421053,0.789473684,1.947368421,6.368421053,Forward,0.459689105,0.750030186,-0.522056676,-0.363302956,-0.595212508,0.014910434,-0.158284765,0.354192383,-0.115747676,0.1275278,0.456084644,-0.801889321,,,,,,,,
Isaiah Livers,1630587,2022-23,0,1610612765,DET,24,52,22,23.05769231,2.307692308,5.538461538,0.417,1.423076923,3.903846154,0.365,0.615384615,0.75,0.821,0.538461538,2.211538462,2.75,0.788461538,0.538461538,0.538461538,0.576923077,1.980769231,6.653846154,Forward,0.457614437,0.7495259,-0.47900985,-0.466336781,-0.761559507,-0.359698039,0.256715697,0.35642666,-0.541975032,0.018610108,0.711988954,-1.26483779,,,,,,,,
Isaiah Livers,1630587,2023-24,0,1610612765,DET,25,23,6,20.39130435,1.739130435,5.043478261,0.345,0.956521739,3.347826087,0.286,0.52173913,0.782608696,0.667,0.652173913,1.434782609,2.086956522,1.086956522,0.565217391,0.217391304,0.695652174,1.869565217,4.956521739,Forward,0.454348866,0.747198508,-0.734994444,-0.739600402,-0.604825003,-0.290929334,-0.526887664,-0.158525695,-1.212865936,-0.484069593,0.56904282,-4.183655251,,,,,,,,
Isaiah Roby,1629676,2020-21,0,1610612760,OKC,23,61,34,23.36065574,3.393442623,7.032786885,0.483,0.524590164,1.786885246,0.294,1.426229508,1.918032787,0.744,1.459016393,4.131147541,5.590163934,1.754098361,0.852459016,0.606557377,1.852459016,2.655737705,8.737704918,Forward,0.461384055,0.74828925,-0.164729483,0.704195028,-0.254520474,0.44734781,0.422910263,-0.63526283,0.232469129,-0.248486581,-0.82371658,-0.319793718,,,,,,,,
Isaiah Roby,1629676,2021-22,0,1610612760,OKC,24,45,28,21.06666667,3.688888889,7.177777778,0.514,0.977777778,2.2,0.444,1.733333333,2.577777778,0.672,1.666666667,3.155555556,4.822222222,1.577777778,0.8,0.755555556,0.955555556,2.422222222,10.08888889,Forward,0.463489391,0.744705421,0.039051407,0.387699142,-0.347103333,0.312516055,0.786554915,-0.135064704,0.664997038,-1.022536747,0.256127245,0.942241018,,,,,,,,
Isaiah Roby,1629676,2022-23,0,1610612759,SAS,25,42,2,11.28571429,1.595238095,3.69047619,0.432,0.428571429,1.428571429,0.3,0.476190476,0.976190476,0.488,0.5,2.047619048,2.547619048,0.904761905,0.428571429,0.166666667,0.738095238,1.261904762,4.095238095,Forward,0.458872142,0.743466117,-0.864890262,-0.549745114,-0.700492215,-0.642140933,-0.65068611,-0.741241877,-0.283587526,-1.290206552,0.517942693,-5.205047897,,,,,,,,
Isaiah Stewart,1630191,2020-21,0,1610612765,DET,20,68,14,21.39705882,3.323529412,6.014705882,0.553,0.308823529,0.926470588,0.333,0.941176471,1.352941176,0.696,2.338235294,4.323529412,6.661764706,0.867647059,0.573529412,1.264705882,0.985294118,2.705882353,7.897058824,Forward-Center,0.465147897,0.747071845,-0.291512818,1.145839532,-0.719980572,-0.269565525,2.029186166,-0.873411587,1.005726638,-0.511426793,0.220322942,1.735177982,,,,,,,,
Isaiah Stewart,1630191,2021-22,0,1610612765,DET,21,71,71,25.57746479,3.521126761,6.901408451,0.51,0.211267606,0.647887324,0.326,1.042253521,1.450704225,0.718,3.183098592,5.507042254,8.690140845,1.154929577,0.309859155,1.098591549,1.197183099,2.971830986,8.295774648,Forward-Center,0.463100573,0.747595114,-0.231379877,1.981804936,-0.569133539,-0.947258824,1.623767862,-0.981087279,0.585116799,-0.398409045,-0.03478479,1.028636243,,,,,,,,
Isaiah Stewart,1630191,2022-23,0,1610612765,DET,22,50,47,28.28,3.9,8.82,0.442,1.34,4.1,0.327,2.2,2.98,0.738,2.3,5.76,8.06,1.4,0.4,0.68,1.36,2.66,11.34,Forward-Center,0.458415964,0.747865788,0.227739654,1.722101651,-0.440451339,-0.715576088,0.602154179,0.264731918,-0.377306404,-0.339947736,-0.230811266,0.712634569,,,,,,,,
Isaiah Stewart,1630191,2023-24,0,1610612765,DET,23,46,45,30.93478261,4.043478261,8.304347826,0.487,1.456521739,3.804347826,0.383,1.391304348,1.847826087,0.753,1.608695652,5.02173913,6.630434783,1.586956522,0.369565217,0.826086957,1.434782609,2.152173913,10.93478261,Forward-Center,0.461944544,0.748615813,0.16662617,1.132927364,-0.342283735,-0.793800491,0.958693709,0.393340807,0.347618013,-0.177954229,-0.320847198,1.364320412,,,,,,,,
Isaiah Stewart,1630191,2024-25,0,1610612765,DET,24,72,4,19.91666667,2.444444444,4.375,0.559,0.236111111,0.736111111,0.321,0.916666667,1.208333333,0.759,1.805555556,3.736111111,5.541666667,1.708333333,0.388888889,1.402777778,0.944444444,2.541666667,6.041666667,Forward-Center,0.464019259,0.748702642,-0.571336641,0.684207593,-0.278550891,-0.744134202,2.366164154,-0.953666682,0.773855086,-0.159200649,0.269504677,1.386842444,,,,,,,,
Isaiah Thomas,202738,2021-22,0,0,TOT,33,22,1,15.13636364,3.045454545,7.590909091,0.401,1.272727273,3.772727273,0.337,1,1.181818182,0.846,0.181818182,1.136363636,1.318181818,1.545454545,0.318181818,0.227272727,0.681818182,1.545454545,8.363636364,Guard,0.455710804,0.750706188,-0.221145208,-1.056439593,-0.364075698,-0.925867663,-0.502771083,0.190480789,-0.933064242,0.273533449,0.585698515,-2.953650734,,,,,,,,
Lindell Wigginton,,2023-24,,,,25,3,0,2.7,0.7,1.7,0.4,0,,,0.7,0.7,1,0,0,0,0,0,0,0.3,0.3,2,Guard,0.458863178,0.751926813,-1.18088682,-1.59970885,-1.175566892,-1.74366823,-1.057452438,-1.214270308,-0.285429129,0.537169095,1.045395711,-6.67441786,505,MIL,0.7,0,0.7,1,0.667,0.4
Ish Smith,202397,2020-21,0,1610612764,WAS,32,44,1,21,2.931818182,6.75,0.434,0.409090909,1.113636364,0.367,0.431818182,0.75,0.576,0.5,2.909090909,3.409090909,3.909090909,0.727272727,0.295454545,0.931818182,1.409090909,6.704545455,Guard,0.458228433,0.745905211,-0.471363557,-0.194702152,0.877028481,0.12559021,-0.336366676,-0.76274317,-0.415833498,-0.763401179,0.284706303,-1.657085238,,,,,,,,
Ish Smith,202397,2021-22,0,0,TOT,33,65,1,17.32307692,2.846153846,6.615384615,0.43,0.384615385,1.030769231,0.373,0.230769231,0.369230769,0.625,0.384615385,1.769230769,2.153846154,3.753846154,0.723076923,0.353846154,1.2,1.2,6.307692308,Guard,0.458010828,0.747548813,-0.531215575,-0.712032823,0.795512172,0.114806027,-0.193856234,-0.789757614,-0.460539022,-0.408409263,-0.038176251,-2.223668583,,,,,,,,
Ish Smith,202397,2022-23,0,1610612743,DEN,34,43,0,9.255813953,1.209302326,3.046511628,0.397,0.046511628,0.279069767,0.167,0.046511628,0.093023256,0.5,0.11627907,1.139534884,1.255813953,2.325581395,0.186046512,0.162790698,1.023255814,0.76744186,2.511627907,Guard,0.458005318,0.747992408,-1.103724869,-1.082143592,0.045555288,-1.265485837,-0.660145792,-1.16293389,-0.461671038,-0.31259989,0.174618243,-5.828531377,,,,,,,,
Ish Smith,202397,2023-24,0,1610612766,CHA,35,43,5,17.23255814,1.534883721,3.674418605,0.418,0.093023256,0.186046512,0.5,0.069767442,0.093023256,0.75,0.255813953,1.511627907,1.76744186,3.372093023,0.395348837,0.093023256,1.093023256,1.139534884,3.23255814,Guard,0.458380117,0.74845666,-0.994996667,-0.871283672,0.595060269,-0.727530648,-0.830420069,-1.111597471,-0.384670848,-0.212328734,0.090620416,-4.447147423,,,,,,,,
Ivica Zubac,1627826,2020-21,0,1610612746,LAC,24,72,33,22.34722222,3.569444444,5.472222222,0.652,0.013888889,0.055555556,0.25,1.875,2.375,0.789,2.625,4.583333333,7.208333333,1.25,0.333333333,0.861111111,1.125,2.597222222,9.027777778,Center,0.469832464,0.7502924,-0.120981699,1.371099755,-0.51921372,-0.886924779,1.044173588,-1.198940683,1.968141162,0.184161792,0.052121413,1.89363683,,,,,,,,
Ivica Zubac,1627826,2021-22,0,1610612746,LAC,25,76,76,24.36842105,4.078947368,6.513157895,0.626,0,0,0,2.171052632,2.986842105,0.727,2.855263158,5.618421053,8.473684211,1.578947368,0.473684211,1.013157895,1.5,2.671052632,10.32894737,Center,0.470022887,0.747244449,0.075256196,1.892595516,-0.346489201,-0.526190692,1.41525866,-1.214270308,2.00726241,-0.474146958,-0.399366905,2.429908718,,,,,,,,
Ivica Zubac,1627826,2022-23,0,1610612746,LAC,26,76,76,28.53947368,4.289473684,6.763157895,0.634,0,0.026315789,0,2.184210526,3.131578947,0.697,3.105263158,6.842105263,9.947368421,1.013157895,0.381578947,1.289473684,1.539473684,2.881578947,10.76315789,Center,0.470894907,0.745421099,0.140742324,2.499952797,-0.643575373,-0.762922437,2.089634413,-1.214270308,2.186413256,-0.867961599,-0.446891991,2.98112108,,,,,,,,
Ivica Zubac,1627826,2023-24,0,1610612746,LAC,27,68,68,26.39705882,4.955882353,7.632352941,0.649,0,0,0,1.764705882,2.441176471,0.723,2.882352941,6.323529412,9.205882353,1.367647059,0.323529412,1.220588235,1.161764706,2.647058824,11.67647059,Center,0.473275747,0.747268896,0.278484984,2.194360216,-0.457439304,-0.912123114,1.921512726,-1.214270308,2.675541769,-0.468866939,0.007857852,4.025057881,,,,,,,,
Ivica Zubac,1627826,2024-25,0,1610612746,LAC,28,80,80,32.8,7.4,11.775,0.628,0,0,0,1.95,2.95,0.661,3.75,8.875,12.625,2.675,0.6875,1.125,1.5875,2.1,16.75,Center,0.477576249,0.743581481,1.04365713,3.603499286,0.229028896,0.02336514,1.688220274,-1.214270308,3.559052525,-1.265289679,-0.504714179,7.162549083,,,,,,,,
Ja Morant,1629630,2020-21,0,1610612763,MEM,21,63,63,32.58730159,6.825396825,15.19047619,0.449,1.158730159,3.825396825,0.303,4.301587302,5.904761905,0.728,0.936507937,3.063492063,4,7.380952381,0.904761905,0.206349206,3.222222222,1.380952381,19.11111111,Guard,0.458431207,0.746293423,1.399751735,0.048832342,2.700042312,0.581778283,-0.553836986,0.064658412,-0.374174865,-0.679553562,-2.472868807,0.714628865,,,,,,,,
Ja Morant,1629630,2021-22,0,1610612763,MEM,22,57,57,33.14035088,10.1754386,20.64912281,0.493,1.543859649,4.49122807,0.344,5.543859649,7.280701754,0.761,1.350877193,4.350877193,5.701754386,6.736842105,1.157894737,0.385964912,3.438596491,1.50877193,27.43859649,Guard,0.465535111,0.750048483,2.655674258,0.750185392,2.361831254,1.232387972,-0.115467259,0.489738541,1.085277127,0.131479718,-2.733376686,5.857730318,,,,,,,,
Ja Morant,1629630,2022-23,0,1610612763,MEM,23,61,59,31.93442623,9.278688525,19.90163934,0.466,1.508196721,4.918032787,0.307,6.098360656,8.147540984,0.748,1,4.852459016,5.852459016,8.081967213,1.081967213,0.262295082,3.37704918,1.639344262,26.16393443,Guard,0.460882348,0.748390205,2.463434138,0.81229609,3.068132959,1.037236745,-0.417295594,0.45037619,0.129396658,-0.226682065,-2.659275641,4.657619481,,,,,,,,
Filip Petrušev,,2023-24,,,,23,3,0,3.3,0.3,0.7,0.5,0,,,0.3,0.7,0.5,0,0.3,0.3,0,0,0,0,0.3,1,Center,0.460142852,0.74502346,-1.331703359,-1.47606826,-1.175566892,-1.74366823,-1.057452438,-1.214270308,-0.022528213,-0.953845194,1.406586365,-7.568516529,544,2TM,0,,0.3,0.7,0.5,0.5
Ja Morant,1629630,2024-25,0,1610612763,MEM,25,50,50,30.38,8.08,17.78,0.454,1.76,5.7,0.309,5.26,6.38,0.824,0.68,3.42,4.1,7.28,1.22,0.24,3.7,2.26,23.18,Guard,0.458978648,0.757002651,2.013407475,0.090045872,2.64703398,1.392012805,-0.471708926,0.72829978,-0.261706472,1.633469064,-3.048098367,4.72275521,,,,,,,,
JaMychal Green,203210,2020-21,0,1610612743,DEN,31,58,5,19.31034483,2.982758621,6.448275862,0.463,1.362068966,3.413793103,0.399,0.793103448,0.982758621,0.807,1.465517241,3.310344828,4.775862069,0.913793103,0.448275862,0.379310345,0.913793103,2.482758621,8.120689655,Forward-Center,0.460053829,0.749582343,-0.25778559,0.368592487,-0.695750091,-0.591496002,-0.131708381,0.289090164,-0.040817383,0.03080078,0.306407937,-0.722666079,,,,,,,,
JaMychal Green,203210,2021-22,0,1610612743,DEN,32,67,8,16.19402985,2.373134328,4.880597015,0.486,0.492537313,1.850746269,0.266,1.208955224,1.388059701,0.871,1.208955224,2.985074627,4.194029851,0.880597015,0.641791045,0.388059701,0.850746269,2.358208955,6.447761194,Forward-Center,0.461080092,0.751763925,-0.51009087,0.128798892,-0.713180777,-0.094117404,-0.110354721,-0.67064062,0.170021849,0.501987711,0.382314361,-0.915261579,,,,,,,,
JaMychal Green,203210,2022-23,0,1610612744,GSW,33,57,1,13.98245614,2.385964912,4.421052632,0.54,0.736842105,1.947368421,0.378,0.912280702,1.175438596,0.776,1.263157895,2.333333333,3.596491228,0.894736842,0.438596491,0.403508772,0.912280702,1.842105263,6.421052632,Forward-Center,0.463256713,0.749086492,-0.514118963,-0.117467866,-0.7057562,-0.616374215,-0.07264975,-0.400993358,0.617194788,-0.076295016,0.308228821,-1.578231759,,,,,,,,
JaVale McGee,201580,2020-21,0,0,TOT,33,46,2,14.73913043,3.130434783,6.130434783,0.511,0.108695652,0.52173913,0.208,0.956521739,1.456521739,0.657,1.673913043,3.52173913,5.195652174,0.847826087,0.413043478,1.173913043,1.304347826,2.630434783,7.326086957,Forward-Center,0.46281764,0.74586511,-0.377624819,0.541602807,-0.730388219,-0.682051344,1.807597347,-1.09429933,0.526990035,-0.772062382,-0.163807782,-0.944043687,,,,,,,,
JaVale McGee,201580,2021-22,0,1610612756,PHX,34,74,17,15.83783784,3.891891892,6.189189189,0.629,0.027027027,0.121621622,0.222,1.378378378,1.972972973,0.699,2.202702703,4.5,6.702702703,0.567567568,0.297297297,1.094594595,1.324324324,2.445945946,9.189189189,Forward-Center,0.469721876,0.746576448,-0.096638188,1.162711525,-0.877547073,-0.979545692,1.614012905,-1.184439687,1.945421568,-0.618424628,-0.187858864,0.777691865,,,,,,,,
JaVale McGee,201580,2022-23,0,1610612742,DAL,35,42,7,8.452380952,1.904761905,2.976190476,0.64,0.047619048,0.119047619,0.4,0.571428571,0.976190476,0.585,0.714285714,1.833333333,2.547619048,0.261904762,0.095238095,0.619047619,0.857142857,1.285714286,4.428571429,Forward-Center,0.465070099,0.74532366,-0.814618082,-0.549745114,-1.038045275,-1.498884387,0.453393922,-1.161711594,0.989743424,-0.889006811,0.374613068,-4.134260848,,,,,,,,
JaVale McGee,201580,2023-24,0,1610612758,SAC,36,46,0,7.369565217,1.717391304,2.869565217,0.598,0.02173913,0.152173913,0.143,0.565217391,0.97826087,0.578,0.913043478,1.826086957,2.739130435,0.369565217,0.304347826,0.434782609,0.739130435,1,4.02173913,Forward-Center,0.463717185,0.745182821,-0.875975121,-0.470816512,-0.98151465,-0.961424209,0.003677113,-1.190276113,0.711795807,-0.919425927,0.516696348,-4.167263264,,,,,,,,
Shaquille Harrison,,2023-24,,,,30,3,0,2,0.3,0.7,0.5,0,,,0,0,,0,0.7,0.7,0,0,0.3,0,0,0.7,Guard,0.460142852,,-1.37694832,-1.311214141,-1.175566892,-1.74366823,-0.325273048,-1.214270308,-0.022528213,,1.406586365,-5.762882787,552,MEM,0,,0.3,0.7,0.5,0.5
Quenton Jackson,,2023-24,,,,25,3,0,3.7,0,0.3,0,0,,,0.7,0.7,1,0,1.3,1.3,0.7,0.3,0,0,0.3,0.7,Guard,0.458488387,0.751926813,-1.37694832,-1.063932962,-0.808009116,-0.972599123,-1.057452438,-1.214270308,-0.36242759,0.537169095,1.406586365,-4.911884398,553,IND,0,,0,0.3,0,0
Jabari Smith Jr.,1631095,2022-23,0,1610612745,HOU,20,79,79,31.02531646,4.607594937,11.29113924,0.408,1.518987342,4.949367089,0.307,2.050632911,2.607594937,0.786,1.544303797,5.658227848,7.202531646,1.278481013,0.544303797,0.936708861,1.316455696,2.873417722,12.78481013,Forward,0.45460196,0.750314838,0.445640917,1.368708675,-0.504258837,-0.344682088,1.228677303,0.462286155,-1.160869356,0.189008034,-0.178385281,1.506125522,,,,,,,,
Jabari Smith Jr.,1631095,2023-24,0,1610612745,HOU,21,76,76,31.89473684,4.973684211,10.96052632,0.454,1.815789474,5,0.363,1.973684211,2.434210526,0.811,1.828947368,6.276315789,8.105263158,1.592105263,0.684210526,0.802631579,1.171052632,2.631578947,13.73684211,Forward,0.459284629,0.75135744,0.589223085,1.740756196,-0.339580221,0.014910434,0.901448561,0.789876464,-0.198844715,0.414193455,-0.003324521,3.908658739,,,,,,,,
Jabari Smith Jr.,1631095,2024-25,0,1610612745,HOU,22,57,39,30.10526316,4.350877193,9.929824561,0.438,1.719298246,4.859649123,0.354,1.824561404,2.210526316,0.825,1.842105263,5.157894737,7,1.052631579,0.438596491,0.719298246,1.070175439,2.157894737,12.24561404,Forward,0.457888917,0.751694657,0.364321229,1.285238235,-0.622848431,-0.616374215,0.698065398,0.683375911,-0.48558478,0.487026924,0.118128476,1.911348748,,,,,,,,
Jabari Walker,1631133,2022-23,0,1610612757,POR,20,56,0,11.05357143,1.482142857,3.535714286,0.419,0.285714286,1,0.286,0.607142857,0.803571429,0.756,0.857142857,1.482142857,2.339285714,0.607142857,0.178571429,0.232142857,0.517857143,1.232142857,3.857142857,Forward,0.458468363,0.748573149,-0.900798962,-0.635606635,-0.85676678,-1.284698522,-0.490885053,-0.898918021,-0.36654127,-0.187169014,0.783102498,-4.83828176,,,,,,,,
Jabari Walker,1631133,2023-24,0,1610612757,POR,21,72,23,23.625,3.25,7.069444444,0.46,0.569444444,1.930555556,0.295,1.791666667,2.375,0.754,2.097222222,4.958333333,7.055555556,0.986111111,0.583333333,0.305555556,0.916666667,2.402777778,8.861111111,Forward,0.459872841,0.748705288,-0.146117789,1.308134641,-0.657777167,-0.24436719,-0.311714169,-0.585755681,-0.078000181,-0.158629154,0.302948255,-0.571278435,,,,,,,,
Jabari Walker,1631133,2024-25,0,1610612757,POR,22,60,1,12.48333333,1.966666667,3.816666667,0.515,0.466666667,1.2,0.389,0.816666667,1.183333333,0.69,0.983333333,2.533333333,3.516666667,0.616666667,0.55,0.1,0.566666667,1.45,5.216666667,Forward,0.461890851,0.747102366,-0.695760286,-0.150366385,-0.851765994,-0.330041534,-0.813392641,-0.699194906,0.336587122,-0.504834663,0.724337352,-2.984431936,,,,,,,,
Jaden Hardy,1630702,2022-23,0,1610612742,DAL,20,48,5,14.75,3.041666667,6.9375,0.438,1.3125,3.25,0.404,1.354166667,1.645833333,0.823,0.229166667,1.625,1.854166667,1.354166667,0.354166667,0.145833333,0.958333333,1.333333333,8.75,Guard,0.458445449,0.750829404,-0.162875182,-0.835541318,-0.464517622,-0.833378311,-0.701531902,0.23437926,-0.371248899,0.300146196,0.252782888,-2.581784891,,,,,,,,
Jaden Hardy,1630702,2023-24,0,1610612742,DAL,21,73,7,13.54794521,2.671232877,6.561643836,0.407,1.109589041,3.068493151,0.362,0.808219178,1.04109589,0.776,0.273972603,1.520547945,1.794520548,1.493150685,0.301369863,0.054794521,0.849315068,1.095890411,7.260273973,Guard,0.456608705,0.749015655,-0.387550505,-0.860123589,-0.391539541,-0.96907826,-0.923721042,0.010419738,-0.748596205,-0.091594829,0.384037482,-3.977746751,,,,,,,,
Jaden Hardy,1630702,2024-25,0,1610612742,DAL,22,57,3,15.9122807,3.157894737,7.263157895,0.435,1.333333333,3.456140351,0.386,1.052631579,1.50877193,0.698,0.157894737,1.403508772,1.561403509,1.421052632,0.49122807,0.087719298,1.438596491,1.578947368,8.701754386,Guard,0.458180235,0.746975919,-0.170151418,-0.956199349,-0.42939697,-0.481098933,-0.843364898,0.257373697,-0.425735441,-0.532145238,-0.325438993,-3.906157542,,,,,,,,
Jaden Ivey,1631093,2022-23,0,1610612765,DET,21,74,73,31.13513514,5.527027027,13.28378378,0.416,1.621621622,4.72972973,0.343,3.594594595,4.810810811,0.747,0.986486486,2.905405405,3.891891892,5.22972973,0.824324324,0.22972973,3.202702703,3.27027027,16.27027027,Guard,0.454720327,0.748326188,0.971305952,0.004277174,1.570472864,0.375035171,-0.496774526,0.575566997,-1.136551484,-0.240508635,-2.449367914,-0.826544401,,,,,,,,
Jaden Ivey,1631093,2023-24,0,1610612765,DET,22,77,61,28.80519481,5.415584416,12.63636364,0.429,1.61038961,4.792207792,0.336,2.948051948,3.935064935,0.749,1.116883117,2.311688312,3.428571429,3.844155844,0.74025974,0.532467532,2.467532468,2.649350649,15.38961039,Guard,0.456401321,0.74849364,0.838487877,-0.186673543,0.842932213,0.158969825,0.242086738,0.563169855,-0.79120194,-0.204341674,-1.564245854,-0.100816504,,,,,,,,
Jaden Ivey,1631093,2024-25,0,1610612765,DET,23,30,30,29.93333333,6.333333333,13.76666667,0.46,2.1,5.133333333,0.409,2.833333333,3.866666667,0.733,1.333333333,2.8,4.133333333,3.966666667,0.933333333,0.366666667,2.966666667,2.233333333,17.6,Guard,0.459880327,0.747344482,1.171851188,0.103783715,0.907260506,0.655213435,-0.162566516,1.103569001,-0.076462314,-0.452541456,-2.16518788,1.084919679,,,,,,,,
Jaden McDaniels,1630183,2020-21,0,1610612750,MIN,20,63,27,23.98412698,2.603174603,5.825396825,0.447,1.142857143,3.142857143,0.364,0.428571429,0.714285714,0.6,0.825396825,2.857142857,3.682539683,1.126984127,0.555555556,0.952380952,0.746031746,2.73015873,6.777777778,Forward,0.459155732,0.74636289,-0.460318911,-0.082004261,-0.583807207,-0.315762475,1.266926577,0.04713884,-0.225325686,-0.664549649,0.508387384,-0.509315388,,,,,,,,
Jaden McDaniels,1630183,2021-22,0,1610612750,MIN,21,70,31,25.75714286,3.642857143,7.914285714,0.46,1.142857143,3.6,0.317,0.814285714,1.014285714,0.803,1.085714286,3.1,4.185714286,1.128571429,0.742857143,0.771428571,1.071428571,3.2,9.242857143,Forward,0.459873837,0.749538298,-0.088544173,0.125371754,-0.582973742,0.165645749,0.825294564,0.04713884,-0.077795661,0.021287733,0.116619744,0.552044808,,,,,,,,
Jaden McDaniels,1630183,2022-23,0,1610612750,MIN,22,79,79,30.59493671,4.683544304,9.063291139,0.517,1.35443038,3.405063291,0.398,1.341772152,1.82278481,0.736,1.164556962,2.721518987,3.886075949,1.873417722,0.936708861,0.962025316,1.417721519,3.443037975,12.06329114,Forward,0.464611935,0.748015746,0.33682392,0.001880219,-0.191867961,0.663889319,1.290464592,0.280659205,0.895616501,-0.307559077,-0.300306177,2.669600543,,,,,,,,
Jaden McDaniels,1630183,2023-24,0,1610612750,MIN,23,72,71,29.23611111,4.263888889,8.722222222,0.489,1.194444444,3.541666667,0.337,0.791666667,1.097222222,0.722,0.777777778,2.333333333,3.111111111,1.402777778,0.875,0.583333333,1.208333333,3.041666667,10.51388889,Forward,0.462201294,0.747885741,0.103148436,-0.317510145,-0.438992777,0.505283332,0.366229708,0.104077447,0.400365761,-0.335638257,-0.048209324,0.33875418,,,,,,,,
Jaden McDaniels,1630183,2024-25,0,1610612750,MIN,24,82,82,31.87804878,4.853658537,10.17073171,0.477,1.219512195,3.695121951,0.33,1.268292683,1.56097561,0.813,1.573170732,4.158536585,5.731707317,1.987804878,1.341463415,0.902439024,1.158536585,2.743902439,12.19512195,Forward,0.461445825,0.750407884,0.356706187,0.762530053,-0.131805263,1.704201761,1.145038409,0.131745551,0.245159395,0.209104565,0.011744409,4.434425067,,,,,,,,
Jae Crowder,203109,2020-21,0,1610612756,PHX,30,60,42,27.46666667,3.316666667,8.2,0.404,2.466666667,6.333333333,0.389,0.95,1.25,0.76,0.533333333,4.166666667,4.7,2.116666667,0.8,0.45,0.916666667,2.083333333,10.05,Forward,0.455630177,0.748735404,0.033186319,0.33732705,-0.064142188,0.312516055,0.040816647,1.508271104,-0.949628571,-0.152124562,0.302948255,1.369170109,,,,,,,,
Jae Crowder,203109,2021-22,0,1610612756,PHX,31,67,67,28.14925373,3.23880597,8.119402985,0.399,1.895522388,5.447761194,0.348,1.059701493,1.343283582,0.789,0.447761194,4.835820896,5.28358209,1.850746269,1.417910448,0.447761194,0.820895522,2.582089552,9.432835821,Forward,0.455293182,0.749514591,-0.059892247,0.577841829,-0.203772345,1.900688246,0.035352621,0.877880312,-1.018862205,0.016167445,0.41825373,2.543657388,,,,,,,,
Jae Crowder,203109,2022-23,0,1610612749,MIL,32,18,3,18.88888889,2.5,5.222222222,0.479,1.333333333,3.055555556,0.436,0.555555556,0.666666667,0.833,0.944444444,2.888888889,3.833333333,1.5,0.666666667,0.333333333,0.388888889,1.5,6.888888889,Forward,0.460813587,0.749566239,-0.443561518,-0.019856875,-0.387943086,-0.030181325,-0.243919783,0.257373697,0.115270012,0.027322615,0.938376258,0.212879996,,,,,,,,
Jae Crowder,203109,2023-24,0,1610612749,MIL,33,50,25,23.12,2.28,5.4,0.422,1.16,3.32,0.349,0.52,0.72,0.722,0.62,2.6,3.22,1.32,0.76,0.18,0.46,1.48,6.24,Forward,0.457923958,0.748078262,-0.541424695,-0.272633191,-0.482457942,0.209706841,-0.618144804,0.066059977,-0.47838586,-0.294056739,0.852760696,-1.558575717,,,,,,,,
Taylor Hendricks,,2024-25,,,,21,3,3,25,1.3,6,0.222,1,,,1,1.3,0.75,1.7,3.3,5,0.7,1.7,1.3,0.7,2.7,4.7,Forward-Center,0.44639986,0.748492972,-0.773682164,0.46096764,-0.808009116,2.625723375,2.115324918,-0.110537304,-2.845938648,-0.204486048,0.563808173,1.023170826,389,UTA,4,0.25,0.3,2,0.167,0.306
Jae'Sean Tate,1630256,2020-21,0,1610612745,HOU,25,70,58,29.18571429,4.514285714,8.928571429,0.506,0.857142857,2.785714286,0.308,1.457142857,2.1,0.694,1.885714286,3.457142857,5.342857143,2.542857143,1.214285714,0.514285714,1.4,3.171428571,11.34285714,Forward,0.463645503,0.746258914,0.228170558,0.60227117,0.159642989,1.377325773,0.19771223,-0.268213447,0.697069304,-0.687006803,-0.27897002,2.028001754,,,,,,,,
Jae'Sean Tate,1630256,2021-22,0,1610612745,HOU,26,78,77,26.35897436,4.653846154,9.346153846,0.498,0.807692308,2.58974359,0.312,1.666666667,2.358974359,0.707,1.730769231,3.653846154,5.384615385,2.846153846,0.923076923,0.525641026,1.782051282,3.666666667,11.78205128,Forward,0.463123466,0.746586135,0.294408298,0.619481216,0.318898791,0.628852099,0.225425981,-0.32279365,0.589820116,-0.616332313,-0.738947861,0.998812676,,,,,,,,
Jae'Sean Tate,1630256,2022-23,0,1610612745,HOU,27,31,7,21.83870968,3.548387097,7.387096774,0.48,0.419354839,1.483870968,0.283,1.612903226,2.225806452,0.725,1.322580645,2.483870968,3.806451613,2.709677419,0.677419355,0.225806452,1.516129032,3.419354839,9.129032258,Forward,0.461249006,0.747454214,-0.105710848,-0.03093578,0.247237403,-0.00254444,-0.506349671,-0.751414532,0.204724117,-0.428841107,-0.418785757,-1.792620615,,,,,,,,
Jae'Sean Tate,1630256,2023-24,0,1610612745,HOU,28,65,9,15.86153846,1.661538462,3.523076923,0.472,0.353846154,1.184615385,0.299,0.4,0.6,0.667,0.938461538,2.092307692,3.030769231,0.984615385,0.646153846,0.230769231,0.569230769,2.107692308,4.076923077,Forward,0.460276867,0.747487934,-0.867652469,-0.35062187,-0.658562547,-0.082904,-0.494237522,-0.82371863,0.005004311,-0.421558233,0.721250253,-2.973000708,,,,,,,,
Jae'Sean Tate,1630256,2024-25,0,1610612745,HOU,29,52,2,11.30769231,1.346153846,2.846153846,0.473,0.307692308,0.884615385,0.348,0.615384615,0.903846154,0.681,0.961538462,1.288461538,2.25,0.903846154,0.5,0.134615385,0.423076923,1.576923077,3.615384615,Forward,0.46022738,0.747256083,-0.937260103,-0.672404429,-0.70097306,-0.458553052,-0.728910403,-0.874660153,-0.005162395,-0.471634336,0.89721493,-3.952343001,,,,,,,,
Jahlil Okafor,1626143,2020-21,0,1610612765,DET,25,27,2,12.85185185,2.333333333,3.777777778,0.618,0.074074074,0.333333333,0.222,0.62962963,0.888888889,0.708,0.851851852,1.592592593,2.444444444,0.481481481,0.222222222,0.185185185,0.777777778,1.444444444,5.37037037,Forward-Center,0.465620414,0.747747172,-0.672579225,-0.592267011,-0.922749374,-1.172505929,-0.605489852,-1.132512308,1.102802166,-0.365566781,0.470166151,-3.890702164,,,,,,,,
Miles Norris,,2024-25,,,,24,3,0,11.7,0.7,3,0.222,0.7,,,0.3,0.7,0.5,0.7,2.3,3,0,0.7,0.3,0,0,2.3,Forward-Center,0.452935778,0.74502346,-1.135641858,-0.363302956,-1.175566892,0.055493019,-0.325273048,-0.441657205,-1.503175712,-0.953845194,1.406586365,-4.436383481,493,BOS,2.3,0.286,0,0.7,0,0.333
Jake Layman,1627774,2020-21,0,1610612750,MIN,27,45,11,13.93333333,2.022222222,4.088888889,0.495,0.511111111,1.733333333,0.295,0.577777778,0.822222222,0.703,0.288888889,1.2,1.488888889,0.622222222,0.644444444,0.422222222,0.577777778,0.977777778,5.133333333,Forward,0.461244093,0.747718419,-0.708328331,-0.986085184,-0.848848869,-0.087297557,-0.026977742,-0.650140106,0.203714862,-0.371777006,0.71095992,-2.764780013,,,,,,,,
Jake Layman,1627774,2021-22,0,1610612750,MIN,28,34,1,6.794117647,0.882352941,2.147058824,0.411,0.235294118,1.029411765,0.229,0.382352941,0.529411765,0.722,0.176470588,0.882352941,1.058823529,0.264705882,0.205882353,0.147058824,0.294117647,0.352941176,2.382352941,Forward,0.458836768,0.748176625,-1.123221672,-1.163330299,-1.036574456,-1.214503156,-0.698540971,-0.954568425,-0.2908548,-0.272811961,1.052477881,-5.701927859,,,,,,,,
Jakob Poeltl,1627751,2020-21,0,1610612759,SAS,25,69,51,26.73913043,3.84057971,6.231884058,0.616,0,0,0,0.913043478,1.797101449,0.508,3.173913043,4.753623188,7.927536232,1.942028986,0.68115942,1.782608696,1.202898551,2.492753623,8.594202899,Center,0.469023271,0.74011124,-0.186371961,1.667508656,-0.155841384,0.007068389,3.29317872,-1.214270308,1.801897586,-2.014806563,-0.041666016,3.156697119,,,,,,,,
Jakob Poeltl,1627751,2021-22,0,1610612759,SAS,26,68,67,28.97058824,6.029411765,9.75,0.618,0.014705882,0.014705882,1,1.382352941,2.794117647,0.495,3.852941176,5.470588235,9.323529412,2.779411765,0.661764706,1.735294118,1.602941176,3.117647059,13.45588235,Center,0.473912393,0.7350398,0.546849707,2.242846721,0.28385369,-0.042780494,3.177702858,-1.198038941,2.806336742,-3.110156796,-0.523304874,4.183308614,,,,,,,,
Jakob Poeltl,1627751,2022-23,0,0,TOT,27,72,71,26.47222222,5.402777778,8.583333333,0.629,0,0.013888889,0,1.652777778,2.791666667,0.592,3.277777778,5.791666667,9.069444444,2.736111111,0.916666667,1.194444444,1.736111111,2.708333333,12.45833333,Center,0.473233785,0.740180384,0.396402816,2.138129338,0.261117273,0.612376264,1.857706243,-1.214270308,2.666920992,-1.999872532,-0.683637327,4.034872759,,,,,,,,
Jakob Poeltl,1627751,2023-24,0,1610612761,TOR,28,50,50,26.38,4.96,7.56,0.656,0,0,0,1.18,2.14,0.551,2.92,5.66,8.58,2.54,0.7,1.52,1.54,2.98,11.1,Center,0.473649546,0.740349625,0.191543685,1.936412006,0.158142753,0.055493019,2.652256471,-1.214270308,2.752336427,-1.963319208,-0.447525659,4.121069186,,,,,,,,
Jakob Poeltl,1627751,2024-25,0,1610612761,TOR,29,57,56,29.57894737,6.368421053,10.15789474,0.627,0.01754386,0.052631579,0.333,1.701754386,2.526315789,0.674,3.315789474,6.280701754,9.596491228,2.771929825,1.157894737,1.245614035,1.947368421,3.087719298,14.45614035,Center,0.475275833,0.744872845,0.697705157,2.355343921,0.279925054,1.232387972,1.982590643,-1.194906571,3.086446745,-0.986375701,-0.937984547,6.515132672,,,,,,,,
Jalen Brunson,1628973,2020-21,0,1610612742,DAL,24,68,12,24.95588235,4.823529412,9.220588235,0.523,1.191176471,2.941176471,0.405,1.764705882,2.220588235,0.795,0.397058824,3,3.397058824,3.514705882,0.514705882,0.014705882,1.176470588,1.602941176,12.60294118,Guard,0.465193913,0.750433084,0.418212072,-0.199660999,0.669943791,-0.420755548,-1.021561292,0.100470477,1.015180265,0.214547375,-0.009847572,0.766528569,,,,,,,,
Jalen Brunson,1628973,2021-22,0,1610612742,DAL,25,79,61,31.94936709,6.405063291,12.75949367,0.502,1.189873418,3.189873418,0.373,2.265822785,2.696202532,0.84,0.544303797,3.367088608,3.911392405,4.772151899,0.835443038,0.037974684,1.569620253,1.911392405,16.26582278,Guard,0.46463184,0.753137753,0.970635197,0.012314024,1.330206736,0.403612827,-0.964771502,0.099032254,0.899705888,0.798712756,-0.48318752,3.066260661,,,,,,,,
Jalen Brunson,1628973,2022-23,0,1610612752,NYK,26,68,68,34.98529412,8.632352941,17.57352941,0.491,1.970588235,4.735294118,0.416,4.779411765,5.764705882,0.829,0.588235294,2.955882353,3.544117647,6.191176471,0.897058824,0.220588235,2.088235294,2.235294118,24.01470588,Guard,0.464517723,0.756780296,2.139294927,-0.139052868,2.075311759,0.561979591,-0.51908524,0.960732965,0.876261228,1.585443987,-1.107583873,6.433302476,,,,,,,,
Jalen Brunson,1628973,2023-24,0,1610612752,NYK,27,77,77,35.4025974,10.25974026,21.4025974,0.479,2.74025974,6.831168831,0.401,5.467532468,6.454545455,0.847,0.558441558,3.051948052,3.61038961,6.74025974,0.909090909,0.168831169,2.415584416,1.87012987,28.72727273,Guard,0.463237447,0.759720747,2.850027949,-0.111739852,2.363625795,0.592904821,-0.64540343,1.810244808,0.613236823,2.220534574,-1.501702018,8.191729469,,,,,,,,
Jalen Brunson,1628973,2024-25,0,1610612752,NYK,28,65,65,35.4,9,18.46153846,0.487,2.338461538,6.107692308,0.383,5.661538462,6.892307692,0.821,0.415384615,2.461538462,2.876923077,7.307692308,0.923076923,0.123076923,2.523076923,2.123076923,26,Guard,0.464092862,0.757242513,2.438710115,-0.4140273,2.661574727,0.628852099,-0.75707115,1.366766871,0.788976294,1.685275555,-1.631119648,6.767937563,,,,,,,,
Jalen Duren,1631105,2022-23,0,1610612765,DET,19,67,31,24.92537313,3.850746269,5.940298507,0.648,0,0.029850746,0,1.432835821,2.343283582,0.611,3.417910448,5.462686567,8.880597015,1.119402985,0.656716418,0.880597015,1.373134328,2.71641791,9.134328358,Center,0.470413047,0.742300312,-0.104912109,2.060298646,-0.587787932,-0.055755757,1.091730846,-1.214270308,2.087418203,-1.542001964,-0.246624588,1.488095037,,,,,,,,
Jalen Duren,1631105,2023-24,0,1610612765,DET,20,61,60,29.13114754,5.721311475,9.245901639,0.619,0,0.06557377,0,2.344262295,2.967213115,0.79,3.147540984,8.475409836,11.62295082,2.409836066,0.540983607,0.770491803,2.114754098,3.147540984,13.78688525,Center,0.473332157,0.7507812,0.596770419,3.190519448,0.089795944,-0.353215741,0.82300829,-1.214270308,2.687130901,0.289734756,-1.139511687,4.969962021,,,,,,,,
Jalen Duren,1631105,2024-25,0,1610612765,DET,21,78,78,26.07692308,4.846153846,7,0.692,0,0,0,2.076923077,3.102564103,0.669,3.551282051,6.794871795,10.34615385,2.679487179,0.692307692,1.141025641,1.743589744,3.217948718,11.76923077,Center,0.475050329,0.743811631,0.292474753,2.664306349,0.231385035,0.035722016,1.727332421,-1.214270308,3.040118339,-1.215580994,-0.692641368,4.868846242,,,,,,,,
Jalen Green,1630224,2021-22,0,1610612745,HOU,20,67,67,31.91044776,6.059701493,14.23880597,0.426,2.343283582,6.835820896,0.343,2.805970149,3.52238806,0.797,0.492537313,2.880597015,3.373134328,2.626865672,0.656716418,0.268656716,2.014925373,1.537313433,17.26865672,Guard,0.455643037,0.751648687,1.121879141,-0.209521129,0.203754401,-0.055755757,-0.401769403,1.37208912,-0.94698657,0.477098274,-1.019321012,0.541467065,,,,,,,,
Jalen Green,1630224,2022-23,0,1610612745,HOU,21,76,76,34.23684211,7.447368421,17.88157895,0.416,2.460526316,7.289473684,0.338,4.789473684,6.092105263,0.786,0.565789474,3.171052632,3.736842105,3.697368421,0.776315789,0.236842105,2.631578947,1.723684211,22.14473684,Guard,0.453210099,0.752531644,1.857272668,-0.059624316,0.7658567,0.251642177,-0.479416078,1.501493796,-1.44681837,0.667802818,-1.761752704,1.296456691,,,,,,,,
Jalen Green,1630224,2023-24,0,1610612745,HOU,22,82,82,31.7195122,6.865853659,16.24390244,0.423,2.451219512,7.37804878,0.332,3.451219512,4.292682927,0.804,0.5,4.658536585,5.158536585,3.548780488,0.804878049,0.341463415,2.329268293,1.402439024,19.63414634,Guard,0.454712504,0.752845583,1.478634099,0.526306162,0.687835771,0.325053765,-0.224077522,1.491221569,-1.138158793,0.735608619,-1.397780095,2.484643575,,,,,,,,
Jalen Green,1630224,2024-25,0,1610612745,HOU,23,82,82,32.8902439,7.414634146,17.52439024,0.423,2.853658537,8.06097561,0.354,3.329268293,4.097560976,0.813,0.548780488,4.048780488,4.597560976,3.43902439,0.865853659,0.329268293,2.475609756,1.548780488,21.01219512,Guard,0.45436698,0.753342772,1.686466646,0.295108313,0.630204761,0.481775128,-0.253840912,1.935406803,-1.209144466,0.84299347,-1.573970657,2.834999086,,,,,,,,
Jalen Johnson,1630552,2022-23,0,1610612737,ATL,21,70,6,14.88571429,2.257142857,4.6,0.491,0.428571429,1.485714286,0.288,0.7,1.114285714,0.628,0.728571429,3.3,4.028571429,1.185714286,0.542857143,0.485714286,0.585714286,1.614285714,5.642857143,Forward,0.461233128,0.74582791,-0.631483713,0.060607636,-0.552969026,-0.348400322,0.127980861,-0.741241877,0.20146209,-0.780096957,0.701404612,-1.962736698,,,,,,,,
Jalen Johnson,1630552,2023-24,0,1610612737,ATL,22,56,52,33.73214286,6.410714286,12.53571429,0.511,1.267857143,3.571428571,0.355,1.910714286,2.625,0.728,1.321428571,7.392857143,8.714285714,3.625,1.196428571,0.839285714,1.803571429,2.375,16,Forward,0.465560071,0.747433529,0.930544726,1.991755889,0.727857306,1.331428802,0.990906569,0.185105466,1.090405179,-0.433308857,-0.764857448,6.04983763,,,,,,,,
Jalen Johnson,1630552,2024-25,0,1610612737,ATL,23,36,36,35.66666667,7.527777778,15.05555556,0.5,1.222222222,3.916666667,0.312,2.611111111,3.5,0.746,1.722222222,8.25,9.972222222,5.027777778,1.555555556,1,2.944444444,1.861111111,18.88888889,Forward,0.465115854,0.748293261,1.366236949,2.510195926,1.464431421,2.254467881,1.383145528,0.134736697,0.999143489,-0.247620439,-2.138433016,7.726304437,,,,,,,,
Jalen McDaniels,1629667,2020-21,0,1610612766,CHA,23,47,18,19.23404255,2.829787234,6.042553191,0.468,0.744680851,2.234042553,0.333,0.957446809,1.361702128,0.703,0.957446809,2.638297872,3.595744681,1.127659574,0.595744681,0.404255319,0.957446809,2.021276596,7.361702128,Forward,0.460327469,0.747248717,-0.372253462,-0.117775545,-0.583452541,-0.212467166,-0.070827729,-0.392341475,0.015400128,-0.473225133,0.253850235,-1.953092688,,,,,,,,
Jalen McDaniels,1629667,2021-22,0,1610612766,CHA,24,55,2,16.27272727,2.236363636,4.618181818,0.484,0.745454545,1.963636364,0.38,0.963636364,1.309090909,0.736,0.672727273,2.418181818,3.090909091,1.054545455,0.472727273,0.4,0.654545455,1.690909091,6.181818182,Forward,0.460929299,0.748136045,-0.550199475,-0.325836111,-0.621843488,-0.528650243,-0.081213252,-0.391487524,0.139042312,-0.281576479,0.618534029,-2.023230231,,,,,,,,
Jalen McDaniels,1629667,2022-23,0,0,TOT,25,80,24,23.9125,3.5125,7.7125,0.455,0.9625,2.9,0.332,1.45,1.725,0.841,0.7875,3.5375,4.325,1.625,1.0375,0.425,1.1625,2.6125,9.4375,Forward,0.459515587,0.751540154,-0.059188811,0.182776314,-0.322307769,0.922945765,-0.020198302,-0.151927291,-0.151395765,0.453656714,0.006972581,0.861333435,,,,,,,,
Jalen McDaniels,1629667,2023-24,0,1610612761,TOR,26,50,1,10.76,1.3,3.78,0.344,0.24,1.42,0.169,0.54,0.74,0.73,0.36,1.22,1.58,0.74,0.38,0.12,0.6,1.04,3.38,Forward,0.455643719,0.748184656,-0.972759996,-0.948535079,-0.787005814,-0.766980695,-0.764580682,-0.949374387,-0.946846464,-0.271077316,0.684205057,-5.722955376,,,,,,,,
Zyon Pullin,,2024-25,,,,23,3,0,1,0,0.3,0,0,,,0,0,,0,0,0,0,0,0,0,0,0,Guard,0.458488387,,-1.482519897,-1.59970885,-1.175566892,-1.74366823,-1.057452438,-1.214270308,-0.36242759,,1.406586365,-7.22902784,567,MEM,0,,0,0.3,0,0
Jalen Smith,1630188,2021-22,0,0,TOT,22,51,8,18.11764706,3.450980392,6.862745098,0.503,0.784313725,2.392156863,0.328,1.529411765,2,0.765,1.980392157,4.039215686,6.019607843,0.470588235,0.294117647,0.803921569,0.823529412,1.882352941,9.215686275,Forward-Center,0.462634063,0.749090182,-0.09264199,0.881184022,-0.928469227,-0.987718125,0.904596908,-0.348597364,0.489275345,-0.075498202,0.415082609,0.257213975,,,,,,,,
Jalen Smith,1630188,2022-23,0,1610612754,IND,23,68,31,18.80882353,3.558823529,7.470588235,0.476,0.794117647,2.808823529,0.283,1.529411765,2.014705882,0.759,1.897058824,3.897058824,5.794117647,0.970588235,0.308823529,0.882352941,1.058823529,2.25,9.441176471,Forward-Center,0.460985522,0.748862279,-0.058634339,0.788251553,-0.665927959,-0.949920621,1.096016355,-0.337776452,0.150592954,-0.124721453,0.131795822,0.029675861,,,,,,,,
Jalen Smith,1630188,2023-24,0,1610612754,IND,24,61,14,17.16393443,3.836065574,6.475409836,0.592,1,2.360655738,0.424,1.180327869,1.704918033,0.692,1.836065574,3.68852459,5.524590164,1.032786885,0.278688525,0.62295082,0.721311475,2.032786885,9.852459016,Forward-Center,0.467899845,0.746592282,0.003393871,0.677169763,-0.633268534,-1.027374523,0.462920066,-0.110537304,1.5710969,-0.61500482,0.538149821,0.866545242,,,,,,,,
Jalen Smith,1630188,2024-25,0,1610612741,CHI,25,64,2,15.03125,2.96875,6.375,0.466,1.125,3.46875,0.324,1.125,1.390625,0.809,1.390625,4.1875,5.578125,1.015625,0.265625,0.6875,0.578125,1.484375,8.1875,Forward-Center,0.460231588,0.750092163,-0.247709485,0.699233359,-0.64227994,-1.060950792,0.620458664,0.027429322,-0.004297919,0.140913835,0.710541876,0.24333892,,,,,,,,
Jalen Suggs,1630591,2021-22,0,1610612753,ORL,21,48,45,27.22916667,4.125,11.41666667,0.361,0.875,4.083333333,0.214,2.625,3.395833333,0.773,0.541666667,3.020833333,3.5625,4.354166667,1.229166667,0.395833333,2.979166667,2.958333333,11.75,Guard,0.44973345,0.750014863,0.289574435,-0.131476851,1.11072999,1.41557325,-0.091382411,-0.248503929,-2.161073849,0.124218199,-2.180237491,-1.872578656,,,,,,,,
Jalen Suggs,1630591,2022-23,0,1610612753,ORL,22,53,19,23.50943396,3.509433962,8.377358491,0.419,1.245283019,3.811320755,0.327,1.622641509,2.245283019,0.723,1.037735849,2,3.037735849,2.924528302,1.264150943,0.509433962,1.773584906,2.264150943,9.886792453,Guard,0.456705156,0.747359892,0.008571921,-0.347750681,0.36005185,1.505490898,0.185871054,0.16018966,-0.728781065,-0.449213228,-0.728754608,-0.034324199,,,,,,,,
Jalen Suggs,1630591,2023-24,0,1610612753,ORL,23,75,75,27,4.48,9.52,0.471,2.04,5.133333333,0.397,1.573333333,2.08,0.756,0.64,2.413333333,3.053333333,2.733333333,1.413333333,0.626666667,1.76,2.733333333,12.57333333,Guard,0.460831859,0.748755174,0.413746718,-0.341322407,0.25965871,1.888924006,0.471988955,1.037345021,0.119023904,-0.147854585,-0.712398805,2.989111518,,,,,,,,
Jalen Suggs,1630591,2024-25,0,1610612753,ORL,24,35,35,28.62857143,5.628571429,13.74285714,0.41,2.171428571,6.914285714,0.314,2.771428571,3.142857143,0.882,0.657142857,3.371428571,4.028571429,3.685714286,1.457142857,0.942857143,2.914285714,2.8,16.2,Guard,0.453839106,0.756351683,0.960708033,0.060607636,0.759737317,2.001524574,1.243682788,1.182407073,-1.317592782,1.492870439,-2.102122845,4.281822235,,,,,,,,
Jalen Williams,1631114,2022-23,0,1610612760,OKC,22,75,62,30.34666667,5.52,10.58666667,0.521,0.973333333,2.733333333,0.356,2.066666667,2.546666667,0.812,1.12,3.373333333,4.493333333,3.306666667,1.373333333,0.466666667,1.64,2.546666667,14.08,Guard-Forward,0.465716529,0.751533547,0.640976971,0.252152422,0.560706032,1.786114792,0.08149328,-0.139970184,1.122548321,0.452229774,-0.567922543,4.188328864,,,,,,,,
Jalen Williams,1631114,2023-24,0,1610612760,OKC,23,71,71,31.32394366,7.549295775,13.98591549,0.54,1.450704225,3.394366197,0.427,2.535211268,3.112676056,0.814,0.521126761,3.450704225,3.971830986,4.535211268,1.126760563,0.633802817,1.732394366,2.464788732,19.08450704,Guard-Forward,0.469696447,0.752295134,1.395739402,0.037222897,1.205793348,1.152365973,0.489405428,0.386919825,1.940197352,0.616720469,-0.679162482,6.545202213,,,,,,,,
Jalen Williams,1631114,2024-25,0,1610612760,OKC,24,69,69,32.42028986,8.188405797,16.92753623,0.484,1.797101449,4.927536232,0.365,3.420289855,4.333333333,0.789,0.855072464,4.492753623,5.347826087,5.130434783,1.608695652,0.666666667,2.173913043,2.289855072,21.5942029,Guard-Forward,0.463358029,0.751687536,1.774243045,0.604319048,1.518334822,2.391050169,0.569612874,0.769249874,0.638009521,0.485488921,-1.210737214,7.539571058,,,,,,,,
Jamal Cain,1631288,2022-23,0,1610612748,MIA,24,18,0,13.33333333,2.055555556,3.666666667,0.561,0.388888889,1.111111111,0.35,0.944444444,1.222222222,0.773,0.833333333,2.055555556,2.888888889,0.666666667,0.611111111,0.055555556,0.333333333,1.166666667,5.444444444,Forward,0.463441015,0.74903949,-0.66140763,-0.409095767,-0.825511867,-0.172971902,-0.921863661,-0.785040806,0.6550584,-0.086446734,1.005263417,-2.20201655,,,,,,,,
Jamal Cain,1631288,2023-24,0,1610612748,MIA,25,26,1,9.961538462,1.307692308,3.038461538,0.43,0.423076923,1.192307692,0.355,0.692307692,0.884615385,0.783,0.576923077,0.846153846,1.423076923,0.384615385,0.384615385,0.192307692,0.307692308,0.846153846,3.730769231,Forward,0.458983208,0.749054365,-0.919858194,-1.013208618,-0.973612069,-0.755118092,-0.588106676,-0.747306345,-0.260769647,-0.083233915,1.036134412,-4.305079145,,,,,,,,
Jamal Cain,1631288,2024-25,0,1610612740,NOP,26,37,0,13.56756757,1.837837838,4.27027027,0.43,0.702702703,2.162162162,0.325,0.918918919,1.351351351,0.68,0.72972973,1.567567568,2.297297297,0.594594595,0.621621622,0.243243243,0.594594595,1.243243243,5.297297297,Forward,0.458640812,0.746652373,-0.683599853,-0.652911544,-0.863355653,-0.145957467,-0.463793474,-0.438674143,-0.331112822,-0.602025946,0.690712996,-3.490717906,,,,,,,,
Jamal Murray,1627750,2020-21,0,1610612743,DEN,24,48,48,35.5,7.875,16.5,0.477,2.6875,6.583333333,0.408,2.770833333,3.1875,0.869,0.770833333,3.270833333,4.041666667,4.8125,1.333333333,0.270833333,2.25,1.979166667,21.20833333,Guard,0.46229086,0.755678062,1.716047532,0.066004646,1.351392819,1.683305577,-0.396457156,1.752012142,0.418766418,1.347379102,-1.30234354,6.63610754,,,,,,,,
Jamal Murray,1627750,2022-23,0,1610612743,DEN,26,65,65,32.81538462,7.276923077,16.01538462,0.454,2.646153846,6.646153846,0.398,2.769230769,3.323076923,0.833,0.738461538,3.215384615,3.953846154,6.153846154,1.015384615,0.246153846,2.230769231,1.584615385,19.96923077,Guard,0.459054374,0.753722681,1.529170373,0.029810713,2.055710261,0.866104131,-0.456689862,1.706377027,-0.246149014,0.925047963,-1.279190293,5.130191298,,,,,,,,
Jamal Murray,1627750,2023-24,0,1610612743,DEN,27,59,59,31.54237288,8.033898305,16.71186441,0.481,2.457627119,5.779661017,0.425,2.661016949,3.118644068,0.853,0.711864407,3.389830508,4.101694915,6.508474576,0.966101695,0.661016949,2.118644068,1.762711864,21.18644068,Guard,0.462890317,0.754591792,1.712745758,0.090744406,2.241919453,0.739435674,0.555824183,1.498293856,0.541921155,1.112762073,-1.14419509,7.349451468,,,,,,,,
Jamal Murray,1627750,2024-25,0,1610612743,DEN,28,67,67,36.08955224,7.925373134,16.73134328,0.474,2.328358209,5.925373134,0.393,3.253731343,3.671641791,0.886,0.671641791,3.223880597,3.895522388,6.014925373,1.358208955,0.492537313,2.059701493,1.910447761,21.43283582,Guard,0.461890015,0.757863235,1.749906221,0.00577343,1.982765385,1.747241656,0.144633126,1.355615494,0.336415367,1.819341554,-1.073230066,8.068462167,,,,,,,,
James Ennis III,203516,2020-21,0,1610612753,ORL,30,41,37,24.04878049,2.804878049,5.926829268,0.473,1.097560976,2.536585366,0.433,1.707317073,2.12195122,0.805,1.048780488,3,4.048780488,1.512195122,0.780487805,0.170731707,0.87804878,2.048780488,8.414634146,Forward,0.460598847,0.750755857,-0.213453899,0.068936503,-0.38153964,0.262365219,-0.640764981,-0.002856035,0.071153093,0.284261227,0.349442988,-0.202455525,,,,,,,,
Isaiah Stevens,,2024-25,,,,24,3,0,2,0,0.7,0,0,,,0,0,,0,0.7,0.7,0,0.3,0,0,0,0,Guard,0.456667182,,-1.482519897,-1.311214141,-1.175566892,-0.972599123,-1.057452438,-1.214270308,-0.736582625,,1.406586365,-6.543619059,568,MIA,0.3,0,0,0.3,0,0
James Harden,201935,2020-21,0,0,TOT,31,44,43,36.56818182,7.772727273,16.68181818,0.466,2.75,7.590909091,0.362,6.318181818,7.340909091,0.861,0.795454545,7.113636364,7.909090909,10.79545455,1.204545455,0.75,4.022727273,2.25,24.61363636,Guard,0.460741127,0.762862202,2.229623549,1.659906688,4.492937775,1.352291064,0.772996037,1.820995455,0.1003837,2.899038802,-3.43665195,11.89152112,,,,,,,,
James Harden,201935,2021-22,0,0,TOT,32,65,65,37.23076923,6.261538462,15.26153846,0.41,2.276923077,6.892307692,0.33,7.230769231,8.246153846,0.877,0.846153846,6.846153846,7.692307692,10.26153846,1.261538462,0.553846154,4.369230769,2.353846154,22.03076923,Guard,0.453261484,0.766652619,1.840084468,1.570562672,4.21258776,1.49877622,0.294263359,1.298844841,-1.436261612,3.717708406,-3.853831364,9.14273475,,,,,,,,
James Harden,201935,2022-23,0,1610612755,PHI,33,58,58,36.81034483,6.396551724,14.51724138,0.441,2.775862069,7.206896552,0.385,5.396551724,6.224137931,0.867,0.689655172,5.413793103,6.103448276,10.65517241,1.224137931,0.534482759,3.362068966,1.931034483,20.96551724,Guard,0.457472499,0.76157712,1.67942685,0.915737623,4.419278073,1.40264824,0.247005097,1.849540274,-0.571135195,2.621481533,-2.64123993,9.922742564,,,,,,,,
James Harden,201935,2023-24,0,1610612746,LAC,34,72,72,34.30555556,4.888888889,11.41666667,0.428,2.583333333,6.777777778,0.381,4.194444444,4.777777778,0.878,0.472222222,4.652777778,5.125,8.527777778,1.069444444,0.791666667,2.569444444,1.763888889,16.55555556,Guard,0.45659882,0.759752951,1.014331692,0.512484552,3.302220302,1.005050344,0.87468762,1.637039953,-0.750627095,2.227490193,-1.686944699,8.135732862,,,,,,,,
James Harden,201935,2024-25,0,1610612746,LAC,35,79,79,35.30379747,6.721518987,16.39240506,0.41,2.974683544,8.455696203,0.352,6.392405063,7.316455696,0.874,0.696202532,5.075949367,5.772151899,8.696202532,1.493670886,0.696202532,4.316455696,2.050632911,22.81012658,Guard,0.452841156,0.764479785,1.957624446,0.779198692,3.390657199,2.095410023,0.641698046,2.068986098,-1.522615298,3.248410952,-3.790291821,8.869078337,,,,,,,,
James Johnson,201949,2020-21,0,0,TOT,34,51,12,20.45098039,2.862745098,6.411764706,0.446,0.607843137,2.352941176,0.258,0.882352941,1.490196078,0.592,0.62745098,2.843137255,3.470588235,1.921568627,0.823529412,0.823529412,1.078431373,2.352941176,7.215686275,Forward,0.459028495,0.743925804,-0.394275067,-0.169356934,-0.166584761,0.372992064,0.95245177,-0.543373776,-0.251465686,-1.19092147,0.108188589,-1.282345272,,,,,,,,
James Johnson,201949,2021-22,0,1610612751,BKN,35,62,10,19.20967742,2.322580645,4.951612903,0.469,0.370967742,1.370967742,0.271,0.467741935,0.887096774,0.527,0.822580645,2.64516129,3.467741935,2.096774194,0.483870968,0.548387097,0.774193548,2.612903226,5.483870968,Forward,0.460294895,0.744593263,-0.655461458,-0.170529994,-0.074587378,-0.50000838,0.280939996,-0.804820968,0.008708071,-1.046760935,0.474481452,-2.488039593,,,,,,,,
James Johnson,201949,2022-23,0,1610612754,IND,36,18,1,9,1.222222222,2.722222222,0.449,0.166666667,0.833333333,0.2,0.222222222,0.444444444,0.5,0.222222222,1.444444444,1.666666667,0.833333333,0.388888889,0.333333333,0.444444444,1.777777778,2.833333333,Forward,0.459575951,0.746264769,-1.055206371,-0.912816686,-0.737998111,-0.744134202,-0.243919783,-1.030314807,-0.138994411,-0.68574238,0.871489101,-4.67763765,,,,,,,,
Alize Johnson,1628993,2022-23,0,1610612759,SAS,27,4,0,7.5,0.75,1.5,0.5,0,0.5,0,0.25,0.5,0.5,0.5,2,2.5,0.25,0.25,0,1,0.75,1.75,Forward,0.460456997,0.74599385,-1.218590954,-0.569370605,-1.044296257,-1.101110641,-1.057452438,-1.214270308,0.042010886,-0.744256425,0.202617519,-6.704719225,,,,,,,,
Carsen Edwards,1629035,2021-22,0,1610612765,DET,24,4,0,19.75,2.25,7.5,0.3,1,4,0.25,0.25,0.25,1,0.5,1,1.5,3.5,0.5,0,1.25,1,5.75,Guard,0.44871056,0.749705263,-0.615324799,-0.981505903,0.662221989,-0.458553052,-1.057452438,-0.110537304,-2.371220072,0.057349485,-0.098374693,-4.973396786,,,,,,,,
James Wiseman,1630164,2020-21,0,1610612744,GSW,20,39,27,21.43589744,4.897435897,9.435897436,0.519,0.307692308,0.974358974,0.316,1.384615385,2.205128205,0.628,1.41025641,4.384615385,5.794871795,0.666666667,0.282051282,0.923076923,1.538461538,3.102564103,11.48717949,Center,0.464962751,0.743365859,0.249936755,0.788562364,-0.825511867,-1.018731463,1.195407223,-0.874660153,0.967689524,-1.311860763,-0.445673398,-1.274841777,,,,,,,,
James Wiseman,1630164,2022-23,0,0,TOT,22,45,22,19.26666667,4.2,7.533333333,0.558,0.088888889,0.444444444,0.2,1.511111111,2.155555556,0.701,1.622222222,4.311111111,5.933333333,0.666666667,0.155555556,0.6,1.133333333,2.4,10,Center,0.466738858,0.746492554,0.025645492,0.845627251,-0.825511867,-1.343854618,0.406906342,-1.116160708,1.33257937,-0.636544319,0.042088339,-1.269224718,,,,,,,,
James Wiseman,1630164,2023-24,0,1610612765,DET,23,63,6,17.31746032,2.968253968,4.841269841,0.613,0,0.031746032,0,1.142857143,1.619047619,0.706,1.746031746,3.587301587,5.333333333,0.857142857,0.19047619,0.619047619,1.047619048,2.238095238,7.079365079,Center,0.466935241,0.747122212,-0.414834558,0.598346072,-0.725496146,-1.254100544,0.453393922,-1.214270308,1.372925029,-0.500548187,0.145285668,-1.539299052,,,,,,,,
D.J. Wilson,1628391,2021-22,0,1610612761,TOR,26,4,1,13.5,2.75,3.75,0.733,0,0.5,0,2,2.5,0.8,0.25,3.75,4,1.25,1.25,0.25,0.5,1.5,7.5,Forward,0.469736243,0.75090837,-0.351395855,0.048832342,-0.51921372,1.469119715,-0.447302946,-1.214270308,1.94837307,0.317201603,0.804601942,2.055945841,,,,,,,,
Frank Mason III,1628412,2020-21,0,1610612753,ORL,27,4,1,19.75,2.25,6,0.375,0.5,1.25,0.4,1.25,1.75,0.714,0.75,2.25,3,3,0,0,1.25,1.75,6.25,Guard,0.455060238,0.747288685,-0.539916529,-0.363302956,0.39968072,-1.74366823,-1.057452438,-0.662403806,-1.06671907,-0.464592793,-0.098374693,-5.596749795,,,,,,,,
Jalen McDaniels,1629667,2024-25,0,1610612764,WAS,27,4,0,1.75,0,0,0,0,0,0,0,0,0,0,0,0,0.25,0.25,0,0,0,0,Forward,0.459863852,0.748453789,-1.482519897,-1.59970885,-1.044296257,-1.101110641,-1.057452438,-1.214270308,-0.079847,-0.212948896,1.406586365,-6.385567923,,,,,,,,
Jaren Jackson Jr.,1628991,2021-22,0,1610612763,MEM,22,78,78,27.25641026,5.512820513,13.28205128,0.415,1.641025641,5.141025641,0.319,3.641025641,4.423076923,0.823,1.525641026,4.294871795,5.820512821,1.102564103,0.935897436,2.269230769,1.666666667,3.487179487,16.30769231,Forward-Center,0.454603672,0.754512315,0.976949815,0.799129935,-0.596629735,0.66180377,4.480827562,0.596983853,-1.160517605,1.095596206,-0.60002838,6.254115422,,,,,,,,
Jaren Jackson Jr.,1628991,2022-23,0,1610612763,MEM,23,63,63,28.38095238,6.603174603,13.04761905,0.506,1.587301587,4.476190476,0.355,3.825396825,4.857142857,0.788,1.714285714,5.047619048,6.761904762,0.952380952,1.031746032,3,1.698412698,3.603174603,18.61904762,Forward-Center,0.465188748,0.751955276,1.325540423,1.187110783,-0.675488285,0.908156741,6.264341461,0.537686842,1.014119227,0.543316613,-0.638249612,10.46653419,,,,,,,,
Jaren Jackson Jr.,1628991,2023-24,0,1610612763,MEM,24,66,66,32.18181818,7.818181818,17.60606061,0.444,1.772727273,5.545454545,0.32,5.106060606,6.318181818,0.808,1.287878788,4.242424242,5.53030303,2.333333333,1.212121212,1.606060606,2.424242424,3.560606061,22.51515152,Forward-Center,0.457488975,0.755134114,1.913137328,0.679524237,0.049625695,1.371762504,2.862295811,0.742347291,-0.567750425,1.229895003,-1.51212599,6.768711455,,,,,,,,
Jaren Jackson Jr.,1628991,2024-25,0,1610612763,MEM,25,74,74,29.82432432,8,16.39189189,0.488,1.972972973,5.256756757,0.375,4.202702703,5.378378378,0.781,1.22972973,4.405405405,5.635135135,2,1.243243243,1.527027027,2.067567568,3.472972973,22.17567568,Forward-Center,0.463826367,0.751614695,1.861938757,0.722729248,-0.125401817,1.451753293,2.669406619,0.963365079,0.734226709,0.469756407,-1.082700575,7.66507372,,,,,,,,
Jarred Vanderbilt,1629020,2020-21,0,1610612750,MIN,22,64,30,17.796875,2.234375,3.6875,0.606,0.015625,0.078125,0.2,0.890625,1.59375,0.559,1.84375,3.90625,5.75,1.1875,1,0.71875,0.828125,1.921875,5.375,Forward,0.465060978,0.742601491,-0.671881001,0.770069113,-0.552031379,0.826562126,0.69672735,-1.19702448,0.987869649,-1.476951936,0.409549664,-0.207110893,,,,,,,,
Jarred Vanderbilt,1629020,2021-22,0,1610612750,MIN,23,74,67,25.41891892,2.864864865,4.878378378,0.587,0.027027027,0.189189189,0.143,1.162162162,1.77027027,0.656,2.905405405,5.527027027,8.432432432,1.27027027,1.337837838,0.621621622,0.986486486,2.445945946,6.918918919,Forward,0.465777542,0.745292357,-0.439032493,1.875594202,-0.508570155,1.694883193,0.459676028,-1.184439687,1.135083125,-0.895767865,0.218887368,2.356313717,,,,,,,,
Jarred Vanderbilt,1629020,2022-23,0,0,TOT,24,78,65,24.1025641,3.166666667,5.782051282,0.548,0.371794872,1.153846154,0.322,1.230769231,1.782051282,0.691,2.179487179,5.282051282,7.461538462,2.358974359,1.064102564,0.269230769,1.243589744,2.435897436,7.935897436,Forward,0.464681377,0.746476548,-0.285655313,1.475454527,0.06308935,0.991320482,-0.400368371,-0.803908037,0.909883045,-0.640001467,-0.090656945,1.219157271,,,,,,,,
Jarred Vanderbilt,1629020,2023-24,0,1610612747,LAL,25,29,6,20.03448276,2.034482759,3.931034483,0.518,0.275862069,0.931034483,0.296,0.827586207,1.24137931,0.667,1.413793103,3.344827586,4.75862069,1.24137931,1.24137931,0.172413793,0.965517241,1.482758621,5.172413793,Forward,0.462062764,0.74648048,-0.702434351,0.361486706,-0.523740294,1.446962556,-0.636659686,-0.909792238,0.371905527,-0.639152092,0.244133686,-0.987290186,,,,,,,,
Jarred Vanderbilt,1629020,2024-25,0,1610612747,LAL,26,36,2,16.13888889,1.638888889,3.361111111,0.488,0.25,0.888888889,0.281,0.555555556,1,0.556,1.888888889,3.166666667,5.055555556,1.138888889,0.972222222,0.277777778,0.805555556,1.861111111,4.083333333,Forward,0.460778787,0.744680185,-0.866685697,0.483864045,-0.577556224,0.755166838,-0.379508558,-0.938337057,0.108120634,-1.027987182,0.436722572,-2.006200629,,,,,,,,
Jarrett Allen,1628386,2020-21,0,0,TOT,23,63,45,29.58730159,4.73015873,7.650793651,0.618,0.095238095,0.301587302,0.316,3.238095238,4.603174603,0.703,3.111111111,6.904761905,10.01587302,1.682539683,0.507936508,1.428571429,1.587301587,1.523809524,12.79365079,Center,0.471102664,0.744621929,0.446974235,2.528185961,-0.292094686,-0.438154398,2.429116087,-1.10915288,2.229095629,-1.040569637,-0.504475296,4.248925015,,,,,,,,
Jarrett Allen,1628386,2021-22,0,1610612739,CLE,24,56,56,32.32142857,6.589285714,9.732142857,0.677,0.017857143,0.178571429,0.1,2.946428571,4.160714286,0.708,3.428571429,7.321428571,10.75,1.642857143,0.785714286,1.339285714,1.678571429,1.732142857,16.14285714,Center,0.479121655,0.745346063,0.952089945,2.830745602,-0.312931295,0.275798479,2.211205552,-1.19456079,3.876546481,-0.884168194,-0.614361342,7.140364437,,,,,,,,
Jarrett Allen,1628386,2022-23,0,1610612739,CLE,25,68,68,32.64705882,5.926470588,9.205882353,0.644,0.014705882,0.147058824,0.1,2.382352941,3.25,0.733,3.25,6.544117647,9.794117647,1.661764706,0.794117647,1.235294118,1.367647059,2.25,14.25,Center,0.475386236,0.7475106,0.666615782,2.436792744,-0.303003263,0.297397053,1.957403874,-1.198038941,3.109128447,-0.416662693,-0.240018087,6.309614916,,,,,,,,
Jarrett Allen,1628386,2023-24,0,1610612739,CLE,26,77,77,31.71428571,6.74025974,10.63636364,0.634,0,0.077922078,0,3.025974026,4.077922078,0.742,3.155844156,7.376623377,10.53246753,2.727272727,0.688311688,1.051948052,1.571428571,1.909090909,16.50649351,Center,0.476604961,0.74796712,1.006932324,2.741092793,0.256476392,0.025451365,1.509929838,-1.214270308,3.35950757,-0.318061646,-0.485364679,6.881693648,,,,,,,,
Jarrett Allen,1628386,2024-25,0,1610612739,CLE,27,82,82,28,5.512195122,7.804878049,0.706,0,0.06097561,0,2.426829268,3.37804878,0.718,2.634146341,7.097560976,9.731707317,1.926829268,0.93902439,0.890243902,1.182926829,1.548780488,13.45121951,Center,0.477683663,0.74652651,0.546146474,2.411071244,-0.163822491,0.669840762,1.115275019,-1.214270308,3.581120234,-0.629210425,-0.017620685,6.298529824,,,,,,,,
Jarrett Culver,1629633,2020-21,0,1610612750,MIN,22,34,7,14.67647059,2.029411765,4.941176471,0.411,0.382352941,1.558823529,0.245,0.852941176,1.411764706,0.604,1,2.058823529,3.058823529,0.705882353,0.5,0.264705882,0.823529412,1.705882353,5.294117647,Guard-Forward,0.457563087,0.744487094,-0.684079397,-0.339059703,-0.804920395,-0.458553052,-0.411411801,-0.792254748,-0.552524432,-1.069691703,0.415082609,-4.697412622,,,,,,,,
Jarrett Culver,1629633,2021-22,0,1610612763,MEM,23,37,0,9.135135135,1.378378378,3.648648649,0.378,0.324324324,1.27027027,0.255,0.432432432,0.918918919,0.471,0.351351351,0.945945946,1.297297297,0.891891892,0.540540541,0.135135135,0.540540541,1.135135135,3.513513514,Guard-Forward,0.456982073,0.743446661,-0.95262395,-1.065046842,-0.707250034,-0.354354523,-0.727641902,-0.856302848,-0.671890079,-1.294408742,0.755792394,-5.873726525,,,,,,,,
Joshua Primo,1630563,2022-23,0,1610612759,SAS,20,4,0,23.25,2.25,6.5,0.346,0.75,3,0.25,1.75,2.25,0.778,0.5,2.75,3.25,4.5,0.25,0.5,2.75,2,7,Guard,0.452914415,0.749726114,-0.426804125,-0.260269132,1.187304526,-1.101110641,0.162846545,-0.386470555,-1.507564731,0.061853011,-1.904327963,-4.174543064,,,,,,,,
Javonte Green,1629750,2021-22,0,1610612741,CHI,28,65,45,23.36923077,2.707692308,5,0.542,0.553846154,1.553846154,0.356,1.230769231,1.476923077,0.833,1.4,2.846153846,4.246153846,0.923076923,1.030769231,0.492307692,0.461538462,2.030769231,7.2,Guard,0.463775097,0.750879502,-0.396640817,0.15028103,-0.690875319,0.905646138,0.144072714,-0.602972029,0.7236935,0.310966507,0.850908435,1.39508016,,,,,,,,
Javonte Green,1629750,2022-23,0,1610612741,CHI,29,32,1,15,1.90625,3.375,0.565,0.40625,1.09375,0.371,0.9375,1.40625,0.667,0.84375,1.90625,2.75,0.71875,0.75,0.65625,0.625,1.625,5.15625,Guard,0.46329635,0.74622557,-0.704872119,-0.466336781,-0.798163818,0.184004537,0.544189977,-0.765878775,0.625337973,-0.694208736,0.654105836,-1.421821904,,,,,,,,
Malachi Flynn,1630201,2024-25,0,1610612766,CHA,26,4,0,11,1.25,3.25,0.385,0.25,1,0.25,1.25,1.5,0.833,0.75,1,1.75,1.75,0.75,0,1,1,4,Guard,0.457507363,0.7509163,-0.879253742,-0.878472078,-0.256672451,0.184004537,-1.057452438,-0.938337057,-0.563972771,0.318914253,0.202617519,-3.868624229,,,,,,,,
Javonte Green,1629750,2024-25,0,0,TOT,31,68,19,18.5,1.808823529,4.220588235,0.429,0.676470588,2.073529412,0.326,0.808823529,1.117647059,0.724,0.867647059,2.338235294,3.205882353,0.823529412,0.955882353,0.455882353,0.470588235,1.441176471,5.102941176,Guard,0.458613968,0.747919126,-0.712911971,-0.278451571,-0.743145978,0.713169611,0.055173106,-0.467627394,-0.336627667,-0.328427547,0.840012791,-1.258836621,,,,,,,,
Jaxson Hayes,1629637,2020-21,0,1610612740,NOP,21,60,3,16.06666667,2.916666667,4.666666667,0.625,0.1,0.233333333,0.429,1.55,2,0.775,1.533333333,2.75,4.283333333,0.583333333,0.416666667,0.633333333,0.65,1.683333333,7.483333333,Forward-Center,0.46722661,0.749474797,-0.353909464,0.165604009,-0.869268745,-0.672738914,0.488259607,-1.103897008,1.432784956,0.007572594,0.624006615,-0.281586352,,,,,,,,
Jaxson Hayes,1629637,2021-22,0,1610612740,NOP,22,70,28,19.97142857,3.5,5.685714286,0.616,0.285714286,0.814285714,0.351,2.057142857,2.685714286,0.766,1.642857143,2.857142857,4.5,0.614285714,0.471428571,0.785714286,0.771428571,2.214285714,9.342857143,Forward-Center,0.468263715,0.749348227,-0.073462519,0.254899991,-0.85301619,-0.531988206,0.860160251,-0.898918021,1.645851571,-0.019764516,0.477810398,0.861572758,,,,,,,,
Jaxson Hayes,1629637,2022-23,0,1610612740,NOP,23,47,2,12.9787234,1.829787234,3.319148936,0.551,0.063829787,0.617021277,0.103,1.234042553,1.765957447,0.699,0.829787234,1.978723404,2.808510638,0.723404255,0.425531915,0.404255319,0.659574468,1.425531915,4.957446809,Forward-Center,0.462791619,0.746766709,-0.734854928,-0.442222481,-0.79571995,-0.649953185,-0.070827729,-1.143819266,0.521644262,-0.577331197,0.612479254,-3.280605219,,,,,,,,
Jaxson Hayes,1629637,2023-24,0,1610612747,LAL,24,70,5,12.52857143,1.8,2.5,0.72,0,0.114285714,0,0.728571429,1.171428571,0.622,0.985714286,2.028571429,3.014285714,0.471428571,0.485714286,0.414285714,0.614285714,1.757142857,4.328571429,Forward-Center,0.466208636,0.745558979,-0.829699736,-0.357415309,-0.928027981,-0.495270628,-0.046347567,-1.214270308,1.223648636,-0.838181817,0.667005503,-2.818559208,,,,,,,,
Jaxson Hayes,1629637,2024-25,0,1610612747,LAL,25,56,35,19.51785714,2.875,3.982142857,0.722,0,0.053571429,0,1.089285714,1.75,0.622,1.392857143,3.410714286,4.803571429,1.035714286,0.553571429,0.910714286,0.767857143,2.428571429,6.839285714,Forward-Center,0.469902725,0.744177574,-0.451042497,0.380012492,-0.631731406,-0.320862139,1.165234996,-1.214270308,1.982575887,-1.136543233,0.482110286,0.255484078,,,,,,,,
Mason Jones,1630222,2021-22,0,1610612747,LAL,23,4,0,12.75,1.75,3.75,0.467,0.25,1,0.25,3,3.75,0.8,0.25,2.25,2.5,1,0.5,0,0.25,2,6.75,Guard,0.460121785,0.752050036,-0.46450826,-0.569370605,-0.650484354,-0.458553052,-1.057452438,-0.938337057,-0.026856288,0.56378323,1.105594154,-2.496184671,,,,,,,,
Jay Huff,1630643,2023-24,0,1610612743,DEN,26,20,0,2.45,0.45,0.75,0.6,0.15,0.45,0.333,0.1,0.1,1,0.1,0.45,0.55,0.1,0.1,0.15,0.05,0.45,1.15,Center,0.460907049,0.748955877,-1.309080878,-1.373034436,-1.123058638,-1.486645194,-0.691362743,-1.048710358,0.134471232,-0.104505833,1.346387923,-5.655538925,,,,,,,,
Jay Huff,1630643,2024-25,0,1610612763,MEM,27,64,2,11.6875,2.453125,4.765625,0.515,1.265625,3.125,0.405,0.6875,0.875,0.786,0.46875,1.546875,2.015625,0.59375,0.25,0.875,0.53125,1.21875,6.859375,Center,0.462371909,0.749099547,-0.448012701,-0.76899864,-0.863799135,-1.101110641,1.078070783,0.182641776,0.435417489,-0.073475469,0.766977915,-0.792288623,,,,,,,,
Jaylen Brown,1627759,2020-21,0,1610612738,BOS,24,58,58,34.46551724,9.275862069,19.15517241,0.484,2.810344828,7.086206897,0.397,3.293103448,4.310344828,0.764,1.224137931,4.75862069,5.982758621,3.362068966,1.24137931,0.551724138,2.724137931,2.896551724,24.65517241,Guard-Forward,0.463743936,0.749687615,2.235887872,0.865997157,0.589796812,1.446962556,0.289084371,1.887600033,0.717291642,0.053537926,-1.873190838,6.212967531,,,,,,,,
Jaylen Brown,1627759,2021-22,0,1610612738,BOS,25,66,66,33.63636364,8.727272727,18.43939394,0.473,2.515151515,7.03030303,0.358,3.651515152,4.818181818,0.758,0.803030303,5.318181818,6.121212121,3.5,1.060606061,0.272727273,2.696969697,2.46969697,23.62121212,Guard-Forward,0.46190897,0.749292842,2.07994956,0.923058731,0.662221989,0.982333664,-0.39183481,1.561785431,0.340309647,-0.031726731,-1.84048113,4.28561635,,,,,,,,
Jaylen Brown,1627759,2022-23,0,1610612738,BOS,26,67,67,35.89552239,10.13432836,20.64179104,0.491,2.432835821,7.268656716,0.335,3.925373134,5.134328358,0.765,1.164179104,5.686567164,6.850746269,3.462686567,1.119402985,0.388059701,2.940298507,2.567164179,26.62686567,Guard-Forward,0.465191242,0.749994638,2.533251826,1.223725504,0.642629357,1.133455303,-0.110354721,1.470930882,1.014631463,0.119849967,-2.133441437,5.894678144,,,,,,,,
Jaylen Brown,1627759,2023-24,0,1610612738,BOS,27,70,70,33.47142857,8.957142857,17.94285714,0.499,2.071428571,5.857142857,0.354,3.014285714,4.285714286,0.703,1.2,4.328571429,5.528571429,3.557142857,1.185714286,0.528571429,2.371428571,2.642857143,23,Guard-Forward,0.465817704,0.744865332,1.986260498,0.678810583,0.692226705,1.303890622,0.232577917,1.072033772,1.143334117,-0.987998447,-1.448539756,4.672596011,,,,,,,,
Jaylen Brown,1627759,2024-25,0,1610612738,BOS,28,63,63,34.25396825,8.222222222,17.74603175,0.463,1.841269841,5.682539683,0.324,3.904761905,5.111111111,0.764,1.301587302,4.53968254,5.841269841,4.53968254,1.158730159,0.301587302,2.571428571,2.444444444,22.19047619,Guard-Forward,0.460336515,0.749895575,1.864170919,0.807684636,1.208141135,1.234535199,-0.321399082,0.817999986,0.017258602,0.09845385,-1.689333526,4.037511719,,,,,,,,
Jaylen Hoard,1629658,2020-21,0,1610612760,OKC,22,19,0,16.84210526,2.315789474,4.631578947,0.5,0,0.578947368,0,1.473684211,2.157894737,0.683,1.105263158,2.315789474,3.421052632,1.263157895,0.684210526,0.263157895,0.894736842,1,6.105263158,Forward,0.461640502,0.745745812,-0.561745239,-0.189772304,-0.512304739,0.014910434,-0.415189815,-1.214270308,0.285154556,-0.797828819,0.329351082,-3.061695152,,,,,,,,
Michael Carter-Williams,203487,2022-23,0,1610612753,ORL,31,4,0,11,1.5,3.5,0.429,0.25,0.75,0.333,1,1.75,0.571,0.25,1,1.25,1.75,0.25,0.25,1,1.25,4.25,Guard,0.458820147,0.742452936,-0.841549607,-1.084539727,-0.256672451,-1.101110641,-0.447302946,-0.938337057,-0.294269598,-1.509037498,0.202617519,-6.270202008,,,,,,,,
Jaylen Nowell,1629669,2020-21,0,1610612750,MIN,21,42,0,18.07142857,3.380952381,7.976190476,0.424,1.19047619,3.571428571,0.333,1.071428571,1.30952381,0.818,0.452380952,1.80952381,2.261904762,1.476190476,0.523809524,0.285714286,0.666666667,1.714285714,9.023809524,Guard,0.457214593,0.75022875,-0.121580177,-0.667498057,-0.400445051,-0.397357091,-0.360138733,0.099697554,-0.624120488,0.170414471,0.603940467,-1.697087104,,,,,,,,
Jaylen Nowell,1629669,2021-22,0,1610612750,MIN,22,62,1,15.72580645,3.161290323,6.661290323,0.475,1.016129032,2.580645161,0.394,1.161290323,1.483870968,0.783,0.35483871,1.629032258,1.983870968,2.096774194,0.435483871,0.161290323,0.580645161,1.177419355,8.5,Guard,0.460809146,0.749449482,-0.200579317,-0.782085597,-0.074587378,-0.624374365,-0.663807604,-0.092735159,0.114357654,0.002104888,0.70750768,-1.614199197,,,,,,,,
Jaylen Nowell,1629669,2022-23,0,1610612750,MIN,23,65,2,19.26153846,4.307692308,9.615384615,0.448,1.030769231,3.569230769,0.289,1.184615385,1.523076923,0.778,0.553846154,2.061538462,2.615384615,2.030769231,0.646153846,0.076923077,1,1.553846154,10.83076923,Guard,0.458823163,0.749327206,0.150939232,-0.521816532,-0.109245431,-0.082904,-0.869714133,-0.076576288,-0.293649902,-0.024304649,0.202617519,-1.624654185,,,,,,,,
Sterling Brown,1628425,2022-23,0,1610612747,LAL,28,4,0,6,0,1,0,0,0.5,0,0,0,0,0.75,1.25,2,0.5,0.75,0,0,1,0,Guard-Forward,0.455310744,0.748453789,-1.482519897,-0.775438254,-0.913025623,0.184004537,-1.057452438,-1.214270308,-1.015254035,-0.212948896,1.406586365,-5.08031855,,,,,,,,
T.J. Warren,203933,2020-21,0,1610612754,IND,27,4,4,29.25,6.75,12.75,0.529,0,1.75,0,2,2.5,0.8,0.5,3,3.5,1.25,0.5,0,1,4,15.5,Forward,0.467681908,0.75090837,0.855136456,-0.157235307,-0.51921372,-0.458553052,-1.057452438,-1.214270308,1.526323137,0.317201603,0.202617519,-0.505446111,,,,,,,,
Jaylin Williams,1631119,2022-23,0,1610612760,OKC,21,49,36,18.65306122,2.081632653,4.775510204,0.436,0.93877551,2.306122449,0.407,0.775510204,1.102040816,0.704,0.897959184,4.020408163,4.918367347,1.551020408,0.571428571,0.244897959,0.755102041,2.265306122,5.87755102,Forward,0.458776173,0.747495121,-0.596087995,0.427323942,-0.36115316,-0.27496517,-0.459754977,-0.178112794,-0.303303643,-0.420005906,0.497467032,-1.668592672,,,,,,,,
Jaylin Williams,1631119,2023-24,0,1610612760,OKC,22,69,1,13,1.376811594,3.304347826,0.417,0.768115942,2.086956522,0.368,0.47826087,0.594202899,0.805,0.52173913,2.869565217,3.391304348,1.594202899,0.405797101,0.391304348,0.492753623,1.420289855,4,Forward,0.458492786,0.749117895,-0.879253742,-0.202032622,-0.338478789,-0.700676203,-0.102435842,-0.366475392,-0.361523804,-0.069512541,0.813326354,-2.207062579,,,,,,,,
Jaylin Williams,1631119,2024-25,0,1610612760,OKC,23,47,9,16.68085106,2.063829787,4.70212766,0.439,1.29787234,3.255319149,0.399,0.489361702,0.638297872,0.767,1.021276596,4.553191489,5.574468085,2.553191489,0.468085106,0.617021277,0.744680851,1.680851064,5.914893617,Forward,0.458926865,0.748687565,-0.590456114,0.697726215,0.165069374,-0.540581681,0.448448436,0.218234229,-0.27234496,-0.162457053,0.51001382,0.473652265,,,,,,,,
Jayson Tatum,1628369,2020-21,0,1610612738,BOS,23,64,64,35.78125,9.453125,20.59375,0.459,2.921875,7.578125,0.386,4.609375,5.3125,0.868,0.78125,6.59375,7.375,4.3125,1.171875,0.484375,2.671875,1.90625,26.4375,Guard-Forward,0.459716332,0.759935628,2.504692351,1.439788972,1.08885155,1.268320469,0.124712202,2.010699565,-0.110153976,2.266945527,-1.810267897,8.783588762,,,,,,,,
Jayson Tatum,1628369,2021-22,0,1610612738,BOS,24,76,76,35.93421053,9.315789474,20.57894737,0.453,3.026315789,8.565789474,0.353,5.263157895,6.171052632,0.853,1.118421053,6.894736842,8.013157895,4.394736842,0.986842105,0.644736842,2.855263158,2.289473684,26.92105263,Guard-Forward,0.458692413,0.759939423,2.577620085,1.702796366,1.13203268,0.792743305,0.516090987,2.125974311,-0.320511647,2.267765156,-2.031061526,8.763449716,,,,,,,,
Jayson Tatum,1628369,2022-23,0,1610612738,BOS,25,74,74,36.91891892,9.824324324,21.06756757,0.466,3.243243243,9.27027027,0.35,7.175675676,8.405405405,0.854,1.054054054,7.716216216,8.77027027,4.621621622,1.054054054,0.689189189,2.878378378,2.162162162,30.06756757,Guard-Forward,0.460931633,0.763643456,3.052166578,2.0148291,1.251165916,0.965493497,0.624581295,2.365404301,0.139521948,3.067777331,-2.058891531,11.42204843,,,,,,,,
Jayson Tatum,1628369,2023-24,0,1610612738,BOS,26,74,74,35.74324324,9.081081081,19.27027027,0.471,3.094594595,8.22972973,0.376,5.594594595,6.716216216,0.833,0.905405405,7.216216216,8.121621622,4.918918919,1.013513514,0.581081081,2.540540541,1.959459459,26.85135135,Guard-Forward,0.461663098,0.758465575,2.567107979,1.747498096,1.407271535,0.86129497,0.360732867,2.201335882,0.289796724,1.949437448,-1.6521453,9.732330202,,,,,,,,
Jayson Tatum,1628369,2024-25,0,1610612738,BOS,27,72,72,36.44444444,9.194444444,20.34722222,0.452,3.472222222,10.11111111,0.343,4.972222222,6.111111111,0.814,0.666666667,7.986111111,8.652777778,5.986111111,1.055555556,0.527777778,2.902777778,2.180555556,26.83333333,Guard-Forward,0.458534303,0.755592485,2.564390564,1.966406297,1.967635519,0.969352703,0.230640934,2.618135958,-0.352994425,1.328895777,-2.088267648,9.204195677,,,,,,,,
Jeff Dowtin Jr.,1630288,2022-23,0,1610612761,TOR,26,25,0,10.36,1,2.28,0.439,0.2,0.64,0.313,0.24,0.36,0.667,0.24,0.68,0.92,1.24,0.36,0.12,0.2,0.52,2.44,Guard,0.45939876,0.747871514,-1.114527542,-1.220544376,-0.524464545,-0.818385302,-0.764580682,-0.993523708,-0.175397145,-0.338710998,1.165792596,-4.784341703,,,,,,,,
Xavier Moon,1629875,2022-23,0,1610612746,LAC,28,4,0,5,0.75,2.25,0.333,0.25,0.75,0.333,0,0,0,0,0.75,0.75,1.25,0,0,0.25,0.5,1.75,Guard,0.457072227,0.748453789,-1.218590954,-1.290607376,-0.51921372,-1.74366823,-1.057452438,-0.938337057,-0.653368665,-0.212948896,1.105594154,-6.528593182,,,,,,,,
Jeff Dowtin Jr.,1630288,2024-25,0,1610612755,PHI,28,41,3,15.14634146,2.731707317,5.609756098,0.487,0.682926829,1.707317073,0.4,0.804878049,1.097560976,0.733,0.292682927,1.170731707,1.463414634,1.902439024,0.585365854,0.292682927,0.365853659,0.707317073,6.951219512,Guard,0.461305264,0.748121846,-0.434161029,-0.996584024,-0.176629382,-0.239143143,-0.343131082,-0.460501427,0.216281955,-0.284643287,0.966109957,-1.75240146,,,,,,,,
Jeff Green,201145,2020-21,0,1610612751,BKN,34,68,38,26.98529412,3.838235294,7.794117647,0.492,1.514705882,3.676470588,0.412,1.838235294,2.367647059,0.776,0.5,3.367647059,3.867647059,1.588235294,0.529411765,0.397058824,0.794117647,1.794117647,11.02941176,Forward,0.462187475,0.749699209,0.180897811,-0.005714977,-0.341612274,-0.382958041,-0.08839148,0.457560566,0.397526657,0.056041947,0.450493458,0.723843667,,,,,,,,
Jeff Green,201145,2021-22,0,1610612743,DEN,35,75,63,24.65333333,3.693333333,7.053333333,0.524,0.706666667,2.24,0.315,2.2,2.64,0.833,0.546666667,2.533333333,3.08,1.28,0.373333333,0.36,0.946666667,2.013333333,10.29333333,Forward,0.464089536,0.752693948,0.069885009,-0.330332132,-0.503461244,-0.784115565,-0.17883717,-0.434298985,0.788293108,0.702858016,0.26682919,-0.403179772,,,,,,,,
Jeff Green,201145,2022-23,0,1610612743,DEN,36,56,4,19.48214286,2.857142857,5.857142857,0.488,0.535714286,1.857142857,0.288,1.553571429,2.089285714,0.744,0.678571429,1.892857143,2.571428571,1.232142857,0.321428571,0.303571429,0.821428571,1.767857143,7.803571429,Forward,0.461420643,0.748275149,-0.305612263,-0.53993237,-0.528590194,-0.917522759,-0.316556626,-0.62298477,0.239985818,-0.251532321,0.417611956,-2.825133529,,,,,,,,
Jeff Green,201145,2023-24,0,1610612745,HOU,37,78,6,16.75641026,2.141025641,4.692307692,0.456,0.679487179,2.051282051,0.331,1.564102564,1.91025641,0.819,0.58974359,1.692307692,2.282051282,0.897435897,0.205128205,0.397435897,0.58974359,1.282051282,6.525641026,Forward,0.459690674,0.751049834,-0.498345304,-0.659194965,-0.704338974,-1.216441491,-0.087471196,-0.464297883,-0.115425277,0.347755429,0.696553455,-2.701206203,,,,,,,,
Jeff Green,201145,2024-25,0,1610612745,HOU,38,32,3,12.375,1.90625,3.78125,0.504,0.90625,2.46875,0.367,0.65625,0.8125,0.808,0.34375,1.46875,1.8125,0.625,0.1875,0.125,0.28125,1,5.375,Forward,0.461471944,0.749405942,-0.671881001,-0.852713622,-0.847390306,-1.261750038,-0.752377692,-0.214012273,0.250525323,-0.007298921,1.067970127,-3.288928403,,,,,,,,
Jerami Grant,203924,2020-21,0,1610612765,DET,27,54,54,33.87037037,7.407407407,17.25925926,0.429,2.12962963,6.092592593,0.35,5.37037037,6.351851852,0.845,0.648148148,3.981481481,4.62962963,2.814814815,0.648148148,1.074074074,2.018518519,2.314814815,22.31481481,Forward,0.455321036,0.759336257,1.882923239,0.308324937,0.302443213,-0.077778185,1.563930563,1.136272202,-1.01313969,2.137490855,-1.023647048,5.216820086,,,,,,,,
Jerami Grant,203924,2021-22,0,1610612765,DET,28,47,47,31.91489362,6.340425532,14.87234043,0.426,1.936170213,5.404255319,0.358,4.617021277,5.510638298,0.838,0.595744681,3.468085106,4.063829787,2.361702128,0.936170213,1.042553191,1.808510638,2.276595745,19.23404255,Forward,0.455479552,0.757343198,1.41829183,0.07513885,0.064521654,0.66250487,1.48700076,0.922744658,-0.980573492,1.707021889,-0.770804102,4.585846918,,,,,,,,
Jerami Grant,203924,2022-23,0,1610612757,POR,29,63,63,35.65079365,6.888888889,14.49206349,0.475,2.285714286,5.698412698,0.401,4.412698413,5.428571429,0.813,0.841269841,3.650793651,4.492063492,2.380952381,0.80952381,0.841269841,1.841269841,2.412698413,20.47619048,Forward,0.46177974,0.754775325,1.605628281,0.251629076,0.074629626,0.336994441,0.995749025,1.308547988,0.313760123,1.152402208,-0.810245162,5.229095607,,,,,,,,
Jerami Grant,203924,2023-24,0,1610612757,POR,30,54,54,33.88888889,7.092592593,15.74074074,0.451,2.055555556,5.111111111,0.402,4.722222222,5.777777778,0.817,0.685185185,2.851851852,3.537037037,2.814814815,0.833333333,0.62962963,2.148148148,2.166666667,20.96296296,Forward,0.458658368,0.755554193,1.679041622,-0.141971037,0.302443213,0.398190399,0.479220357,1.054514202,-0.327506007,1.320625332,-1.179717083,3.584840998,,,,,,,,
Jerami Grant,203924,2024-25,0,1610612757,POR,31,47,47,32.42553191,4.553191489,12.21276596,0.373,2.29787234,6.29787234,0.365,3,3.531914894,0.849,0.553191489,2.914893617,3.468085106,2.14893617,0.872340426,0.978723404,1.382978723,2.319148936,14.40425532,Forward,0.450409955,0.755087601,0.689880036,-0.170388561,-0.047198035,0.498447614,1.331217911,1.321967234,-2.022090083,1.219848824,-0.258476933,2.563208007,,,,,,,,
Jeremiah Robinson-Earl,1630526,2021-22,0,1610612760,OKC,21,49,36,22.18367347,2.734693878,6.612244898,0.414,1.183673469,3.367346939,0.352,0.816326531,1.102040816,0.741,1.530612245,4.06122449,5.591836735,1,0.591836735,0.306122449,0.795918367,1.530612245,7.469387755,Forward,0.45701931,0.748293044,-0.356012688,0.704884449,-0.650484354,-0.222511488,-0.310330612,0.092189166,-0.664240128,-0.247667179,0.448325447,-1.205847388,,,,,,,,
Jeremiah Robinson-Earl,1630526,2022-23,0,1610612760,OKC,22,43,20,18.93023256,2.558139535,5.76744186,0.444,0.860465116,2.581395349,0.333,0.813953488,0.976744186,0.833,1.651162791,2.534883721,4.186046512,1,0.558139535,0.255813953,0.441860465,1.651162791,6.790697674,Forward,0.458998804,0.750073744,-0.458370377,0.125508676,-0.650484354,-0.309121054,-0.433113425,-0.26454656,-0.257565485,0.13693553,0.874600131,-1.236156919,,,,,,,,
Jeremiah Robinson-Earl,1630526,2023-24,0,1610612740,NOP,23,39,1,8.564102564,1.153846154,2.435897436,0.474,0.333333333,1,0.333,0.307692308,0.41025641,0.75,0.58974359,1.358974359,1.948717949,0.538461538,0.256410256,0.102564103,0.41025641,0.615384615,2.948717949,Forward,0.460200006,0.748466372,-1.037804462,-0.796573397,-0.892830141,-1.084634806,-0.807134697,-0.846359307,-0.010786353,-0.210231036,0.912650428,-4.773703772,,,,,,,,
Jeremiah Robinson-Earl,1630526,2024-25,0,1610612740,NOP,24,66,9,18.77272727,2.393939394,5.257575758,0.455,0.848484848,2.484848485,0.341,0.696969697,0.833333333,0.836,1.666666667,3.106060606,4.772727273,1.333333333,0.590909091,0.106060606,0.772727273,1.196969697,6.333333333,Forward,0.459620904,0.749888973,-0.527348484,0.367300527,-0.475456842,-0.224895747,-0.798601139,-0.277769578,-0.129759031,0.09702794,0.476246802,-1.493255552,,,,,,,,
Jeremy Lamb,203087,2020-21,0,1610612754,IND,29,36,8,21.25,3.333333333,7.666666667,0.435,1.444444444,3.555555556,0.406,1.972222222,2.083333333,0.947,0.694444444,2.944444444,3.638888889,1.472222222,0.944444444,0.638888889,0.611111111,2,10.08333333,Guard-Forward,0.458093361,0.756395637,0.038213536,-0.099994294,-0.402528712,0.68377155,0.501818485,0.380010698,-0.443583142,1.502363854,0.670827626,2.830899602,,,,,,,,
Jeremy Lamb,203087,2021-22,0,0,TOT,30,56,0,16.71428571,2.375,6.196428571,0.383,0.982142857,3.035714286,0.324,1.589285714,1.892857143,0.84,0.464285714,2.285714286,2.75,1.446428571,0.553571429,0.392857143,0.660714286,1.053571429,7.321428571,Guard-Forward,0.455378942,0.751793052,-0.37832738,-0.466336781,-0.416072508,-0.320862139,-0.098646094,-0.130246822,-1.001243193,0.508278725,0.611106948,-1.692349242,,,,,,,,
Jeremy Sochan,1631110,2022-23,0,1610612759,SAS,20,56,53,26.03571429,4.464285714,9.857142857,0.453,0.589285714,2.392857143,0.246,1.446428571,2.071428571,0.698,1.696428571,3.571428571,5.267857143,2.535714286,0.767857143,0.410714286,1.732142857,2.464285714,10.96428571,Forward,0.45924798,0.746446711,0.171075725,0.571361023,0.155892399,0.229901508,-0.055063987,-0.563856217,-0.20637405,-0.646445775,-0.678859673,-1.022369045,,,,,,,,
Jeremy Sochan,1631110,2023-24,0,1610612759,SAS,21,74,73,29.63513514,4.594594595,10.48648649,0.438,0.945945946,3.067567568,0.308,1.5,1.945945946,0.771,1.851351351,4.581081081,6.432432432,3.364864865,0.837837838,0.540540541,1.891891892,2.27027027,11.63513514,Forward,0.457788711,0.749298392,0.272250914,1.051323607,0.591264889,0.409768015,0.261789707,-0.170198547,-0.506171456,-0.030528076,-0.871192534,1.008306519,,,,,,,,
Jeremy Sochan,1631110,2024-25,0,1610612759,SAS,22,54,23,25.25925926,4.648148148,8.685185185,0.535,0.518518519,1.685185185,0.308,1.611111111,2.314814815,0.696,2.351851852,4.166666667,6.518518519,2.37037037,0.833333333,0.5,1.555555556,2.425925926,11.42592593,Forward,0.465868086,0.746132825,0.240698705,1.086802722,0.069073197,0.398190399,0.162846545,-0.641964305,1.153684924,-0.71424017,-0.466254063,1.288837953,,,,,,,,
Jerome Robinson,1629010,2020-21,0,1610612764,WAS,24,17,6,17.94117647,1.647058824,5.588235294,0.295,0.647058824,2.470588235,0.262,0.941176471,1.176470588,0.8,0.235294118,2,2.235294118,1.470588235,0.705882353,0.352941176,1.117647059,1.823529412,4.882352941,Guard,0.451138467,0.749638759,-0.746180325,-0.678465242,-0.40338669,0.070612022,-0.196064922,-0.500090128,-1.872421969,0.042985828,0.060974125,-4.222037302,,,,,,,,
Jerome Robinson,1629010,2023-24,0,1610612744,GSW,27,22,0,3.681818182,0.5,1.5,0.333,0.090909091,0.772727273,0.118,0.318181818,0.5,0.636,0.045454545,0.227272727,0.272727273,0.227272727,0.045454545,0.136363636,0.090909091,0.227272727,1.409090909,Guard,0.457989017,0.747340385,-1.270005684,-1.487308314,-1.056229952,-1.626839579,-0.724643625,-1.113930944,-0.465020006,-0.453426391,1.297134652,-6.900269842,,,,,,,,
Jevon Carter,1628975,2022-23,0,1610612749,MIL,27,81,39,22.37037037,2.950617284,6.975308642,0.423,1.75308642,4.160493827,0.421,0.382716049,0.469135802,0.816,0.432098765,2.061728395,2.49382716,2.432098765,0.814814815,0.358024691,0.962962963,1.950617284,8.037037037,Guard,0.45746015,0.749081665,-0.270401788,-0.57191465,0.101485699,0.350593542,-0.183658105,0.720669033,-0.573672288,-0.077337738,0.247208957,-0.257027338,,,,,,,,
Jevon Carter,1628975,2023-24,0,1610612741,CHI,28,72,0,13.94444444,1.916666667,5.069444444,0.378,1.069444444,3.25,0.329,0.055555556,0.097222222,0.571,0.152777778,0.680555556,0.833333333,1.305555556,0.513888889,0.222222222,0.5,0.986111111,4.958333333,Guard,0.455914043,0.748109409,-0.734721225,-1.256262768,-0.490042468,-0.422855408,-0.515097335,-0.033889179,-0.89131022,-0.287329361,0.804601942,-3.826906023,,,,,,,,
Jevon Carter,1628975,2024-25,0,1610612741,CHI,29,36,1,8.916666667,1.527777778,4.055555556,0.377,0.972222222,2.916666667,0.333,0.222222222,0.277777778,0.8,0.111111111,0.972222222,1.083333333,1.111111111,0.361111111,0.083333333,0.305555556,0.416666667,4.25,Guard,0.456634241,0.748738575,-0.841549607,-1.153228944,-0.59214185,-0.815529491,-0.854069275,-0.141196554,-0.743350064,-0.151439722,1.038706995,-4.253798512,,,,,,,,
Jock Landale,1629111,2022-23,0,1610612756,PHX,27,69,4,14.1884058,2.579710145,4.884057971,0.528,0.304347826,1.217391304,0.25,1.144927536,1.52173913,0.752,1.724637681,2.333333333,4.057971014,0.985507246,0.231884058,0.434782609,0.855072464,1.826086957,6.608695652,Center,0.463036697,0.748558529,-0.485819292,0.072724243,-0.658094246,-1.147672785,0.003677113,-0.878351568,0.571993949,-0.190326635,0.377105757,-2.334763464,,,,,,,,
Jock Landale,1629111,2023-24,0,1610612745,HOU,28,56,3,13.64285714,1.892857143,3.678571429,0.515,0.178571429,0.714285714,0.25,0.928571429,1.160714286,0.8,1.571428571,1.5,3.071428571,1.160714286,0.357142857,0.589285714,0.553571429,1.321428571,4.892857143,Center,0.461820112,0.749623249,-0.744596118,-0.333864721,-0.566096089,-0.825728817,0.380757077,-1.017175129,0.322054239,0.039635897,0.74010361,-2.004910051,,,,,,,,
Jock Landale,1629111,2024-25,0,1610612745,HOU,29,42,3,11.9047619,1.928571429,3.619047619,0.533,0.261904762,0.619047619,0.423,0.642857143,0.952380952,0.675,1.333333333,1.928571429,3.261904762,0.880952381,0.30952381,0.238095238,0.5,1.166666667,4.761904762,Center,0.462418239,0.747080821,-0.764345903,-0.255362759,-0.71299418,-0.948120738,-0.476357684,-0.925197379,0.44493571,-0.509488115,0.804601942,-3.342329106,,,,,,,,
Joe Harris,203925,2020-21,0,1610612751,BKN,29,69,65,31.04347826,5.173913043,10.24637681,0.505,3.057971014,6.434782609,0.475,0.710144928,0.913043478,0.778,0.623188406,2.971014493,3.594202899,1.884057971,0.666666667,0.202898551,0.898550725,2.043478261,14.11594203,Guard-Forward,0.464058838,0.748983653,0.646397623,-0.118410967,-0.186280952,-0.030181325,-0.562258647,2.160913227,0.78198621,-0.09850677,0.324759285,2.918417685,,,,,,,,
David Duke Jr.,,2023-24,,,,24,4,0,12.8,2.5,4.5,0.556,0.8,,,0.8,0.8,1,0.5,2,2.5,1.3,0.5,0,0.8,1,6.5,Guard,0.464003686,0.752415147,-0.502212394,-0.569370605,-0.492959593,-0.458553052,-1.057452438,-0.331283905,0.770655655,0.642641253,0.443411288,-1.555123791,283,SAS,1.5,0.5,1.8,3,0.583,0.639
Joe Harris,203925,2022-23,0,1610612751,BKN,31,74,33,20.63513514,2.716216216,5.945945946,0.457,1.918918919,4.5,0.426,0.243243243,0.378378378,0.643,0.310810811,1.905405405,2.216216216,1.364864865,0.459459459,0.175675676,0.554054054,1.891891892,7.594594595,Guard-Forward,0.459703125,0.747661754,-0.337129426,-0.686327919,-0.458900185,-0.562751581,-0.628698741,0.903703836,-0.112867215,-0.384015815,0.739522545,-1.527464501,,,,,,,,
Joe Harris,203925,2023-24,0,1610612765,DET,32,16,0,10.625,0.875,2.4375,0.359,0.625,1.875,0.333,0.0625,0.125,0.5,0.1875,0.625,0.8125,0.625,0.1875,0.125,0.25,1.1875,2.4375,Guard-Forward,0.457463797,0.747834203,-1.114904584,-1.26484892,-0.847390306,-1.261750038,-0.752377692,-0.52443718,-0.572923081,-0.346769495,1.105594154,-5.579807144,,,,,,,,
Joe Ingles,204060,2020-21,0,1610612762,UTA,33,67,30,27.86567164,4.104477612,8.388059701,0.489,2.731343284,6.059701493,0.451,1.134328358,1.343283582,0.844,0.402985075,3.23880597,3.641791045,4.746268657,0.671641791,0.179104478,1.746268657,1.791044776,12.07462687,Guard-Forward,0.462118674,0.750953544,0.338533536,-0.098798213,1.316615897,-0.01739411,-0.620330413,1.800403421,0.383391814,0.326958476,-0.695866696,2.733513713,,,,,,,,
Joe Ingles,204060,2021-22,0,1610612762,UTA,34,45,15,24.93333333,2.555555556,6.333333333,0.404,1.733333333,5,0.347,0.377777778,0.488888889,0.773,0.266666667,2.644444444,2.911111111,3.511111111,0.511111111,0.111111111,1.022222222,1.822222222,7.222222222,Guard-Forward,0.456536538,0.748691472,-0.393289339,-0.399937205,0.668056239,-0.429994937,-0.786274887,0.698866899,-0.763422562,-0.161613071,0.175862656,-1.391746206,,,,,,,,
Joe Ingles,204060,2022-23,0,1610612749,MIL,35,46,0,22.69565217,2.347826087,5.391304348,0.435,1.804347826,4.413043478,0.409,0.391304348,0.456521739,0.857,0.282608696,2.5,2.782608696,3.260869565,0.717391304,0.130434783,1.195652174,1.608695652,6.891304348,Guard-Forward,0.458591939,0.749435896,-0.443197227,-0.452897586,0.536658773,0.100192677,-0.739113572,0.777247939,-0.341153499,-0.000829421,-0.032941604,-0.596033519,,,,,,,,
Joe Ingles,204060,2023-24,0,1610612753,ORL,36,68,0,17.19117647,1.455882353,3.338235294,0.436,1.029411765,2.367647059,0.435,0.411764706,0.5,0.824,0.264705882,1.823529412,2.088235294,2.985294118,0.632352941,0.073529412,0.985294118,1.294117647,4.352941176,Guard-Forward,0.459092955,0.749201771,-0.826024375,-0.739073375,0.391958918,-0.118375505,-0.877996705,-0.078074568,-0.238222931,-0.051396637,0.220322942,-2.316882235,,,,,,,,
Joe Ingles,204060,2024-25,0,1610612750,MIN,37,19,1,6,0.315789474,1.210526316,0.261,0.157894737,0.789473684,0.2,0,0,0,0.105263158,0.473684211,0.578947368,1.210526316,0.105263158,0,0.473684211,0.631578947,0.789473684,Guard-Forward,0.457485345,0.748453789,-1.363454209,-1.361104204,-0.539940662,-1.473117666,-1.057452438,-1.039996676,-0.568496133,-0.212948896,0.836285332,-6.780225551,,,,,,,,
Joel Embiid,203954,2020-21,0,1610612755,PHI,27,51,51,31.07843137,9.039215686,17.62745098,0.513,1.137254902,3.019607843,0.377,9.235294118,10.74509804,0.859,2.215686275,8.352941176,10.56862745,2.843137255,0.980392157,1.352941176,3.117647059,2.411764706,28.45098039,Forward-Center,0.467826745,0.768008122,2.808358494,2.755995572,0.317314832,0.776165453,2.244533045,0.040955462,1.556078915,4.010475535,-2.346963569,12.16291374,,,,,,,,
Joel Embiid,203954,2021-22,0,1610612755,PHI,28,68,68,33.76470588,9.794117647,19.61764706,0.499,1.367647059,3.691176471,0.371,9.617647059,11.80882353,0.814,2.147058824,9.558823529,11.70588235,4.176470588,1.132352941,1.455882353,3.147058824,2.661764706,30.57352941,Forward-Center,0.466282296,0.760976655,3.128473991,3.224698459,1.017424882,1.166739673,2.495771072,0.295246889,1.23878155,2.491790759,-2.382374417,12.67655286,,,,,,,,
Joel Embiid,203954,2022-23,0,1610612755,PHI,29,66,66,34.60606061,11.03030303,20.12121212,0.548,1,3.03030303,0.33,10.01515152,11.68181818,0.857,1.712121212,8.439393939,10.15151515,4.151515152,1,1.696969697,3.424242424,3.106060606,33.07575758,Forward-Center,0.474627324,0.769011177,3.505851384,2.58408887,1.004321218,0.826562126,3.084168354,-0.110537304,2.953214617,4.227119549,-2.716094837,15.35869398,,,,,,,,
Joel Embiid,203954,2023-24,0,1610612755,PHI,30,39,39,33.56410256,11.53846154,21.82051282,0.529,1.384615385,3.564102564,0.388,10.23076923,11.58974359,0.883,2.435897436,8.58974359,11.02564103,5.615384615,1.179487179,1.692307692,3.846153846,2.871794872,34.69230769,Forward-Center,0.472247531,0.773772227,3.749653876,2.944347,1.77297351,1.287885522,3.072790274,0.313975391,2.464301415,5.255430329,-3.224063045,17.63729427,,,,,,,,
Joel Embiid,203954,2024-25,0,1610612755,PHI,31,19,19,30.21052632,7.368421053,16.57894737,0.444,1.210526316,4.052631579,0.299,7.842105263,8.894736842,0.882,1.894736842,6.263157895,8.157894737,4.473684211,0.736842105,0.947368421,3.263157895,2.210526316,23.78947368,Forward-Center,0.457607819,0.768622966,2.105326186,1.762447528,1.173486565,0.150185716,1.254693004,0.12182754,-0.543334686,4.143272159,-2.522154082,7.645749928,,,,,,,,
John Collins,1628381,2020-21,0,1610612737,ATL,23,63,63,29.33333333,6.80952381,12.23809524,0.556,1.317460317,3.301587302,0.399,2.698412698,3.238095238,0.833,1.873015873,5.53968254,7.412698413,1.238095238,0.53968254,1,1.333333333,3.063492063,17.63492063,Forward-Center,0.47034624,0.753596134,1.177117796,1.455325819,-0.525464703,-0.356559783,1.383145528,0.239854126,2.073693241,0.897715831,-0.19870543,6.146122426,,,,,,,,
John Collins,1628381,2021-22,0,1610612737,ATL,24,54,53,30.7962963,6.277777778,11.92592593,0.526,1.185185185,3.259259259,0.364,2.481481481,3.12962963,0.793,1.722222222,6.092592593,7.814814815,1.814814815,0.611111111,1.037037037,1.111111111,3.037037037,16.22222222,Forward-Center,0.466910788,0.751077808,0.964059512,1.621052182,-0.222639324,-0.172971902,1.473538046,0.093857697,1.36790123,0.353797345,0.068843202,5.547437988,,,,,,,,
John Collins,1628381,2022-23,0,1610612737,ATL,25,71,71,30,5.056338028,9.957746479,0.508,0.985915493,3.38028169,0.292,2.014084507,2.507042254,0.803,1.084507042,5.422535211,6.507042254,1.197183099,0.591549296,1.028169014,1.112676056,3.098591549,13.11267606,Forward-Center,0.46422305,0.751058195,0.495088522,1.082072948,-0.546946952,-0.223250272,1.451894767,-0.126082839,0.815722517,0.349561313,0.066959057,3.36501906,,,,,,,,
John Collins,1628381,2023-24,0,1610612762,UTA,26,68,66,27.95588235,5.838235294,10.97058824,0.532,1.264705882,3.411764706,0.371,2.161764706,2.720588235,0.795,2.308823529,6.147058824,8.455882353,1.132352941,0.588235294,0.897058824,1.441176471,2.808823529,15.10294118,Forward-Center,0.466995255,0.750855755,0.795253419,1.885258742,-0.580988136,-0.231768021,1.131907504,0.181627315,1.385254485,0.305837554,-0.328545208,4.543837654,,,,,,,,
John Collins,1628381,2024-25,0,1610612762,UTA,27,40,31,30.525,7,13.275,0.527,1.475,3.7,0.399,3.475,4.1,0.848,2.225,5.95,8.175,2,0.975,1,2.575,2.9,18.95,Forward-Center,0.467731716,0.755997956,1.375453515,1.76949721,-0.125401817,0.762306367,1.383145528,0.413735874,1.536555869,1.416471121,-1.693633415,6.838130253,,,,,,,,
John Konchar,1629723,2022-23,0,1610612763,MEM,27,72,23,20.75,1.916666667,4.444444444,0.431,0.833333333,2.458333333,0.339,0.388888889,0.5,0.778,0.888888889,3.416666667,4.305555556,1.388888889,1.069444444,0.347222222,0.513888889,1.555555556,5.055555556,Guard,0.458635603,0.748746326,-0.720058506,0.174762572,-0.44628559,1.005050344,-0.210022589,-0.294492805,-0.332182967,-0.149765619,0.787880152,-0.185115007,,,,,,,,
John Konchar,1629723,2023-24,0,1610612763,MEM,28,55,23,21.34545455,1.6,3.781818182,0.423,0.690909091,2.181818182,0.317,0.381818182,0.454545455,0.84,1.309090909,3.363636364,4.672727273,2,0.927272727,0.927272727,0.836363636,1.381818182,4.272727273,Guard,0.45852053,0.74927853,-0.838121958,0.326086997,-0.125401817,0.639636281,1.205647494,-0.451691141,-0.355823953,-0.034818055,0.399630603,0.76514445,,,,,,,,
John Konchar,1629723,2024-25,0,1610612763,MEM,29,46,4,12.13043478,0.891304348,1.97826087,0.451,0.5,1.347826087,0.371,0.152173913,0.173913043,0.875,0.804347826,2.47826087,3.282608696,0.913043478,0.652173913,0.304347826,0.347826087,0.695652174,2.434782609,Guard,0.459691903,0.748892424,-1.115314411,-0.246829937,-0.696143706,-0.067431041,-0.314661753,-0.662403806,-0.115172733,-0.118210713,0.987814592,-2.348353508,,,,,,,,
John Wall,202322,2020-21,0,1610612745,HOU,30,40,40,32.2,7.325,18.15,0.404,1.975,6.225,0.317,3.95,5.275,0.749,0.425,2.8,3.225,6.875,1.05,0.775,3.525,1.15,20.575,Guard,0.451282143,0.748505915,1.620530391,-0.270572514,2.434375552,0.955073644,0.834010986,0.965602376,-1.842904649,-0.201690514,-2.837403819,1.657021453,,,,,,,,
John Wall,202322,2022-23,0,1610612746,LAC,32,34,3,22.20588235,4.058823529,9.941176471,0.408,0.970588235,3.205882353,0.303,2.264705882,3.323529412,0.681,0.411764706,2.294117647,2.705882353,5.235294118,0.794117647,0.352941176,2.352941176,1.735294118,11.35294118,Guard,0.455174183,0.744249554,0.229691398,-0.48451922,1.573394627,0.297397053,-0.196064922,-0.143000039,-1.043309696,-1.120996692,-1.426281509,-2.313689,,,,,,,,
Johnny Davis,1631098,2022-23,0,1610612764,WAS,21,28,5,15.10714286,2.357142857,6.107142857,0.386,0.607142857,2.5,0.243,0.5,0.964285714,0.519,0.357142857,1.964285714,2.321428571,1,0.357142857,0.285714286,0.607142857,1.714285714,5.821428571,Guard,0.455612516,0.744112337,-0.604552189,-0.642966194,-0.650484354,-0.825728817,-0.360138733,-0.544146699,-0.953256966,-1.150633412,0.67560528,-5.056302084,,,,,,,,
Johnny Davis,1631098,2023-24,0,1610612764,WAS,22,50,6,12.28,1.24,3.08,0.403,0.28,0.8,0.35,0.28,0.48,0.583,0.36,1.08,1.44,0.64,0.36,0.2,0.26,1.14,3.04,Guard,0.458164777,0.746880536,-1.024037619,-1.006234021,-0.839514068,-0.818385302,-0.569332845,-0.905225067,-0.428911204,-0.552746512,1.093554465,-5.050832172,,,,,,,,
Johnny Davis,1631098,2024-25,0,1610612764,WAS,22,34,0,7.117647059,0.941176471,2.294117647,0.41,0.205882353,0.852941176,0.241,0.264705882,0.441176471,0.6,0.294117647,0.823529412,1.117647059,0.323529412,0.441176471,0.176470588,0.205882353,0.529411765,2.352941176,Guard,0.458745571,0.747155359,-1.127657453,-1.139087046,-1.005687247,-0.609743072,-0.62675868,-0.98703116,-0.309590685,-0.493389014,1.158710426,-5.140233931,,,,,,,,
Johnny Juzang,1630548,2022-23,0,1610612762,UTA,22,18,0,12.88888889,1.944444444,5.777777778,0.337,0.833333333,3.5,0.238,0.111111111,0.222222222,0.5,0.444444444,1.722222222,2.166666667,0.444444444,0.222222222,0.166666667,0.166666667,0.722222222,4.833333333,Guard,0.453152801,0.747354436,-0.753573293,-0.706749037,-0.942196875,-1.172505929,-0.65068611,-0.294492805,-1.458589791,-0.450391641,1.20592489,-5.223260591,,,,,,,,
Johnny Juzang,1630548,2023-24,0,1610612762,UTA,23,20,5,18.6,2.55,5.5,0.464,1.6,3.85,0.416,0.5,0.7,0.714,0.35,1.45,1.8,1.15,0.2,0.1,0.65,1.45,7.2,Guard,0.46007948,0.747978096,-0.396640817,-0.857865313,-0.571721974,-1.229622159,-0.813392641,0.551702499,-0.035547477,-0.315691079,0.624006615,-3.044772346,,,,,,,,
Johnny Juzang,1630548,2024-25,0,1610612762,UTA,24,64,18,19.84375,3.1875,7.421875,0.429,1.84375,4.90625,0.376,0.703125,0.828125,0.849,0.65625,2.21875,2.875,1.0625,0.609375,0.125,0.5625,1.96875,8.921875,Guard,0.45773144,0.750091953,-0.136953589,-0.414819868,-0.617666696,-0.177434107,-0.752377692,0.820737419,-0.517937429,0.140868545,0.729353889,-0.926229528,,,,,,,,
Jonas Valančiūnas,202685,2020-21,0,1610612763,MEM,29,62,61,28.30645161,7.096774194,11.98387097,0.592,0.338709677,0.919354839,0.368,2.532258065,3.274193548,0.773,4.080645161,8.435483871,12.51612903,1.806451613,0.564516129,0.919354839,1.612903226,2.887096774,17.06451613,Center,0.474004304,0.749962381,1.091091364,3.558629716,-0.227030695,-0.292731739,1.186323112,-0.840425259,2.82521914,0.112883041,-0.535298872,6.878659809,,,,,,,,
Jonas Valančiūnas,202685,2021-22,0,1610612740,NOP,30,74,74,30.27027027,6.891891892,12.67567568,0.544,0.77027027,2.135135135,0.361,3.202702703,3.905405405,0.82,3.054054054,8.337837838,11.39189189,2.567567568,0.554054054,0.810810811,2.418918919,3.337837838,17.75675676,Center,0.469328916,0.753637257,1.1954927,3.095291907,0.172618002,-0.319621681,0.921410778,-0.364097589,1.864690427,0.906597682,-1.505716656,5.96666557,,,,,,,,
Jonas Valančiūnas,202685,2022-23,0,1610612740,NOP,31,79,79,24.91139241,5.64556962,10.32911392,0.547,0.481012658,1.379746835,0.349,2.341772152,2.835443038,0.826,2.848101266,7.329113924,10.17721519,1.772151899,0.253164557,0.658227848,2.012658228,3.101265823,14.11392405,Center,0.468021619,0.752615349,0.646093279,2.594680764,-0.245040876,-1.092977,0.549017109,-0.683360762,1.596114463,0.685881763,-1.01659144,3.033817299,,,,,,,,
Jonas Valančiūnas,202685,2023-24,0,1610612740,NOP,32,82,82,23.47560976,4.902439024,8.768292683,0.559,0.451219512,1.463414634,0.308,1.963414634,2.5,0.785,2.268292683,6.524390244,8.792682927,2.109756098,0.390243902,0.829268293,1.353658537,2.658536585,12.2195122,Center,0.467855655,0.750194085,0.36038464,2.024066147,-0.067770807,-0.740651507,0.966458071,-0.716244441,1.562018209,0.162927267,-0.223176342,3.328011239,,,,,,,,
Jonas Valančiūnas,202685,2024-25,0,0,TOT,33,81,21,18.81481481,4.259259259,7.740740741,0.55,0.098765432,0.456790123,0.216,1.790123457,2.037037037,0.879,2.345679012,5.395061728,7.740740741,2.024691358,0.456790123,0.567901235,1.481481481,2.234567901,10.40740741,Center,0.466339773,0.753564139,0.087089267,1.590523641,-0.112436816,-0.569612389,0.328566161,-1.105259641,1.250589935,0.890805275,-0.377071185,1.983194248,,,,,,,,
Dexter Dennis,,2023-24,,,,24,4,0,7.5,2.5,4.8,0.526,0.3,,,0.3,0.8,0.333,0.3,2,2.3,1,0,0.3,0.8,0.3,5.5,Guard,0.462892988,0.74191121,-0.653028933,-0.651797665,-0.650484354,-1.74366823,-0.325273048,-0.883150407,0.542469886,-1.626041812,0.443411288,-5.547563275,316,DAL,2,0.125,2.3,2.8,0.818,0.553
Jonathan Isaac,1628371,2023-24,0,1610612753,ORL,26,58,2,15.77586207,2.517241379,4.931034483,0.51,0.724137931,1.931034483,0.375,1.017241379,1.413793103,0.72,1.25862069,3.224137931,4.482758621,0.517241379,0.74137931,1.206896552,0.465517241,1.103448276,6.775862069,Forward,0.462219905,0.747671357,-0.460607832,0.24779421,-0.903972476,0.161847378,1.888096832,-0.415015374,0.404189134,-0.381941632,0.846118109,1.38650835,,,,,,,,
Jonathan Isaac,1628371,2024-25,0,1610612753,ORL,27,71,1,15.35211268,1.887323944,4.563380282,0.414,0.549295775,2.126760563,0.258,1.028169014,1.507042254,0.682,1.690140845,2.732394366,4.422535211,0.563380282,0.85915493,1.126760563,0.464788732,1.267605634,5.352112676,Forward,0.45786225,0.74650942,-0.675332788,0.222974017,-0.879745744,0.464557852,1.692517101,-0.607994432,-0.491063285,-0.632901506,0.846995212,-0.059993574,,,,,,,,
Jonathan Kuminga,1630228,2021-22,0,1610612744,GSW,19,70,12,16.92857143,3.371428571,6.571428571,0.513,0.714285714,2.128571429,0.336,1.857142857,2.714285714,0.684,0.771428571,2.571428571,3.342857143,0.914285714,0.442857143,0.314285714,1.057142857,2.085714286,9.314285714,Forward,0.463140344,0.74513503,-0.077771563,-0.221999425,-0.695491429,-0.605423358,-0.290407364,-0.425889591,0.593287433,-0.929747923,0.133819299,-2.519623922,,,,,,,,
Jonathan Kuminga,1630228,2022-23,0,1610612744,GSW,20,67,16,20.80597015,3.895522388,7.417910448,0.525,0.805970149,2.179104478,0.37,1.343283582,2.059701493,0.652,1.044776119,2.402985075,3.447761194,1.865671642,0.611940299,0.462686567,1.417910448,2.343283582,9.940298507,Forward,0.46436193,0.74463767,0.016641519,-0.178764763,-0.195935292,-0.170840697,0.071779456,-0.324694454,0.844254536,-1.037169796,-0.300533641,-1.275263132,,,,,,,,
Jonathan Kuminga,1630228,2023-24,0,1610612744,GSW,21,74,46,26.33783784,6.162162162,11.64864865,0.529,0.716216216,2.22972973,0.321,3.013513514,4.040540541,0.746,1.243243243,3.554054054,4.797297297,2.202702703,0.743243243,0.486486486,1.648648649,2.283783784,16.05405405,Forward,0.46707704,0.748270322,0.93869697,0.377426701,-0.018966167,0.166638115,0.12986549,-0.423758832,1.402056719,-0.252574755,-0.578335247,1.741048994,,,,,,,,
Jonathan Kuminga,1630228,2024-25,0,1610612744,GSW,22,47,10,24.34042553,5.489361702,12.08510638,0.454,0.978723404,3.212765957,0.305,3.340425532,5,0.668,1.191489362,3.425531915,4.617021277,2.212765957,0.808510638,0.446808511,1.510638298,1.914893617,15.29787234,Forward,0.459231607,0.741139808,0.824652262,0.30312859,-0.013682129,0.334390355,0.033027505,-0.134020985,-0.209737769,-1.792652237,-0.412175084,-1.067069492,,,,,,,,
Jordan Clarkson,203903,2020-21,0,1610612762,UTA,29,68,1,26.73529412,6.720588235,15.80882353,0.425,3.058823529,8.808823529,0.347,1.897058824,2.117647059,0.896,0.691176471,3.338235294,4.029411765,2.470588235,0.897058824,0.147058824,1.691176471,1.617647059,18.39705882,Guard,0.455104659,0.754448895,1.29206084,0.060953968,0.121695847,0.561979591,-0.698540971,2.161854176,-1.057592896,1.081898421,-0.62953742,2.894771557,,,,,,,,
Jordan Clarkson,203903,2021-22,0,1610612762,UTA,30,79,1,27.10126582,5.898734177,14.08860759,0.419,2.405063291,7.556962025,0.318,1.82278481,2.202531646,0.828,0.848101266,2.607594937,3.455696203,2.455696203,0.835443038,0.202531646,1.632911392,1.886075949,16.02531646,Guard,0.454817644,0.751810006,0.934362866,-0.175494466,0.113876301,0.403612827,-0.563154115,1.440277424,-1.116558287,0.511940607,-0.55938808,0.98947508,,,,,,,,
Jordan Clarkson,203903,2022-23,0,1610612762,UTA,31,61,61,32.59016393,7.508196721,16.90163934,0.444,2.540983607,7.524590164,0.338,3.278688525,4.016393443,0.816,1.180327869,2.852459016,4.032786885,4.426229508,0.540983607,0.213114754,3.049180328,1.967213115,20.83606557,Guard,0.457570256,0.753476193,1.659903397,0.062344974,1.148568929,-0.353215741,-0.537325003,1.590297163,-0.551051692,0.871810397,-2.264531757,1.626800667,,,,,,,,
Jordan Clarkson,203903,2023-24,0,1610612762,UTA,32,55,19,30.58181818,6.127272727,14.83636364,0.413,1.654545455,5.618181818,0.294,3.218181818,3.654545455,0.881,0.890909091,2.527272727,3.418181818,5.036363636,0.636363636,0.109090909,2.654545455,1.472727273,17.12727273,Guard,0.453809244,0.757481843,1.100556097,-0.190955468,1.468939705,-0.108067095,-0.791205387,0.611906118,-1.323727763,1.73696703,-1.789403665,0.715009572,,,,,,,,
Jordan Clarkson,203903,2024-25,0,1610612762,UTA,33,37,9,26,5.432432432,13.32432432,0.408,2.27027027,6.27027027,0.362,3.081081081,3.864864865,0.797,0.675675676,2.513513514,3.189189189,3.72972973,0.837837838,0.243243243,2.324324324,1.405405405,16.21621622,Guard,0.45376586,0.751937034,0.963153708,-0.285331413,0.782849058,0.409768015,-0.463793474,1.291501918,-1.33264069,0.539376634,-1.39182771,0.513056045,,,,,,,,
Jordan McLaughlin,1629162,2020-21,0,1610612750,MIN,25,51,2,18.39215686,1.960784314,4.745098039,0.413,0.647058824,1.803921569,0.359,0.450980392,0.588235294,0.767,0.411764706,1.705882353,2.117647059,3.784313725,1,0.117647059,1,0.862745098,5.019607843,Guard,0.457740854,0.748669442,-0.725480016,-0.726951748,0.811510161,0.826562126,-0.770323265,-0.500090128,-0.516003347,-0.166371149,0.202617519,-1.564529848,,,,,,,,
Jordan McLaughlin,1629162,2021-22,0,1610612750,MIN,26,62,3,14.5483871,1.419354839,3.225806452,0.44,0.435483871,1.370967742,0.318,0.483870968,0.64516129,0.75,0.35483871,1.161290323,1.516129032,2.903225806,0.919354839,0.161290323,0.612903226,0.870967742,3.758064516,Guard,0.459243106,0.748473486,-0.915741614,-0.974858559,0.348866281,0.619285485,-0.663807604,-0.733612387,-0.207375198,-0.208694667,0.668669975,-2.067268287,,,,,,,,
Jordan McLaughlin,1629162,2022-23,0,1610612750,MIN,27,43,0,15.79069767,1.418604651,3.372093023,0.421,0.558139535,1.813953488,0.308,0.348837209,0.418604651,0.833,0.348837209,1.093023256,1.441860465,3.441860465,0.744186047,0.093023256,0.76744186,0.651162791,3.744186047,Guard,0.458596077,0.749155741,-0.917834717,-1.005467257,0.631693934,0.169061339,-0.830420069,-0.598233282,-0.340303267,-0.061338459,0.482610274,-2.470231504,,,,,,,,
Jordan McLaughlin,1629162,2023-24,0,1610612750,MIN,28,56,0,11.17857143,1.25,2.589285714,0.483,0.75,1.589285714,0.472,0.232142857,0.321428571,0.722,0.321428571,0.964285714,1.285714286,1.964285714,0.625,0.125,0.339285714,0.553571429,3.482142857,Guard,0.460447793,0.748284815,-0.957355164,-1.069820609,-0.144154765,-0.137274257,-0.752377692,-0.386470555,0.040119989,-0.249444547,0.998096935,-2.658680665,,,,,,,,
Jordan McLaughlin,1629162,2024-25,0,0,TOT,29,46,0,6.826086957,0.673913043,1.565217391,0.431,0.413043478,1,0.413,0.369565217,0.47826087,0.773,0.130434783,0.52173913,0.652173913,1.108695652,0.347826087,0.02173913,0.347826087,0.391304348,2.130434783,Guard,0.459419032,0.748686354,-1.161215097,-1.33092496,-0.593410166,-0.849675063,-1.004395962,-0.758380589,-0.171232372,-0.162718494,0.987814592,-5.044138109,,,,,,,,
Jordan Nwora,1629670,2020-21,0,1610612749,MIL,22,30,2,9.133333333,2.066666667,4.5,0.459,0.933333333,2.066666667,0.452,0.633333333,0.833333333,0.76,0.3,1.7,2,0.233333333,0.566666667,0.266666667,0.8,0.733333333,5.7,Forward,0.459826652,0.748643071,-0.622865626,-0.775438254,-1.053047633,-0.287204361,-0.406626313,-0.184119504,-0.087489373,-0.172066967,0.443411288,-3.145446742,,,,,,,,
Jordan Nwora,1629670,2021-22,0,1610612749,MIL,23,62,13,19.11290323,3,7.451612903,0.403,1.274193548,3.661290323,0.348,0.580645161,0.693548387,0.837,0.596774194,2.967741935,3.564516129,0.951612903,0.403225806,0.274193548,0.919354839,1.258064516,7.85483871,Forward,0.455920426,0.749665207,-0.297880309,-0.130645933,-0.675891574,-0.707285023,-0.388256222,0.192099165,-0.889998713,0.048698115,0.29971178,-2.549448714,,,,,,,,
Jordan Nwora,1629670,2022-23,0,0,TOT,24,62,14,19.16129032,3.129032258,7.177419355,0.436,1.387096774,3.403225806,0.408,1.096774194,1.387096774,0.791,0.822580645,2.870967742,3.693548387,1.419354839,0.387096774,0.225806452,1.064516129,1.193548387,8.741935484,Forward,0.458265746,0.749602243,-0.164091444,-0.077467185,-0.430288451,-0.748740351,-0.506349671,0.316714182,-0.408167728,0.035098854,0.124942109,-1.858349685,,,,,,,,
Jordan Nwora,1629670,2023-24,0,0,TOT,25,52,1,13.67307692,2.653846154,5.75,0.462,0.846153846,2.519230769,0.336,0.846153846,1.019230769,0.83,0.538461538,2.326923077,2.865384615,1.192307692,0.5,0.25,1.019230769,0.923076923,7,Forward,0.459980002,0.750082869,-0.426804125,-0.418782708,-0.549506944,-0.458553052,-0.447302946,-0.280342382,-0.05598474,0.138906429,0.179464272,-2.318906195,,,,,,,,
Jordan Poole,1629673,2020-21,0,1610612744,GSW,22,51,7,19.37254902,4.019607843,9.294117647,0.432,1.901960784,5.411764706,0.351,2.058823529,2.333333333,0.882,0.294117647,1.509803922,1.803921569,1.941176471,0.509803922,0.176470588,1,1.68627451,12,Guard,0.457494375,0.754408079,0.32727857,-0.856249096,-0.156289025,-0.433354714,-0.62675868,0.884986583,-0.566641051,1.07308282,0.202617519,-0.151327075,,,,,,,,
Jordan Poole,1629673,2021-22,0,1610612744,GSW,23,76,51,30.03947368,6.236842105,13.92105263,0.448,2.776315789,7.631578947,0.364,3.236842105,3.5,0.925,0.447368421,2.973684211,3.421052632,4,0.789473684,0.302631579,2.460526316,2.710526316,18.48684211,Guard,0.4584141,0.760003541,1.305601645,-0.189772304,0.924763258,0.285460998,-0.318850422,1.850041059,-0.377689407,2.281613576,-1.555810666,4.205357738,,,,,,,,
Jordan Poole,1629673,2022-23,0,1610612744,GSW,24,82,43,29.97560976,6.707317073,15.58536585,0.43,2.609756098,7.768292683,0.336,4.402439024,5.06097561,0.87,0.390243902,2.353658537,2.743902439,4.5,0.768292683,0.256097561,3.073170732,2.609756098,20.42682927,Guard,0.455837053,0.75962581,1.598183795,-0.468849801,1.187304526,0.231020946,-0.432421252,1.666203631,-0.907127341,2.200029803,-2.293415456,2.780928852,,,,,,,,
Jordan Poole,1629673,2023-24,0,1610612764,WAS,25,78,66,30.07692308,6.282051282,15.20512821,0.413,2.358974359,7.230769231,0.326,2.461538462,2.807692308,0.877,0.41025641,2.307692308,2.717948718,4.397435897,1.102564103,0.320512821,2.41025641,3.128205128,17.38461538,Guard,0.453678616,0.755288365,1.139367625,-0.479546245,1.133449907,1.090175497,-0.275209499,1.389407549,-1.350564435,1.263210734,-1.495287265,2.415003867,,,,,,,,
Jordan Poole,1629673,2024-25,0,1610612764,WAS,26,68,68,29.42647059,6.720588235,15.54411765,0.432,3.455882353,9.147058824,0.378,3.558823529,4.029411765,0.883,0.455882353,2.529411765,2.985294118,4.455882353,1.264705882,0.397058824,3,2.955882353,20.45588235,Guard,0.456115336,0.758487992,1.602565479,-0.369363769,1.16413912,1.50691722,-0.08839148,2.600101105,-0.849955858,1.954279108,-2.205320175,5.314970751,,,,,,,,
Jose Alvarado,1630631,2021-22,0,1610612740,NOP,24,54,1,15.44444444,2.425925926,5.444444444,0.446,0.592592593,2.037037037,0.291,0.666666667,0.981481481,0.679,0.462962963,1.388888889,1.851851852,2.814814815,1.314814815,0.12962963,0.740740741,1.351851852,6.111111111,Guard,0.459148015,0.747116684,-0.560863271,-0.836495335,0.302443213,1.63570872,-0.741078627,-0.560206305,-0.226911046,-0.501742334,0.51475759,-0.974387393,,,,,,,,
Jose Alvarado,1630631,2022-23,0,1610612740,NOP,25,61,10,21.47540984,3.295081967,8.016393443,0.411,1.360655738,4.049180328,0.336,1.06557377,1.31147541,0.813,0.459016393,1.852459016,2.31147541,3.049180328,1.098360656,0.163934426,1.327868852,2.049180328,9.016393443,Guard,0.456237441,0.750103532,-0.122698645,-0.647068243,0.425504452,1.07937167,-0.657354411,0.287530338,-0.824870176,0.143369402,-0.192126365,-0.508341979,,,,,,,,
Jose Alvarado,1630631,2023-24,0,1610612740,NOP,26,56,0,18.35714286,2.535714286,6.160714286,0.412,1.392857143,3.696428571,0.377,0.625,0.928571429,0.673,0.446428571,1.839285714,2.285714286,2.089285714,1.053571429,0.267857143,0.714285714,1.589285714,7.089285714,Guard,0.457086219,0.747078054,-0.413338363,-0.657685312,-0.078519448,0.964253039,-0.40372084,0.323072091,-0.6504941,-0.510085801,0.546608618,-0.879910114,,,,,,,,
Jose Alvarado,1630631,2024-25,0,1610612740,NOP,27,56,23,24.39285714,3.642857143,9.303571429,0.392,1.982142857,5.517857143,0.359,1.071428571,1.321428571,0.811,0.482142857,1.946428571,2.428571429,4.625,1.321428571,0.25,1.535714286,1.625,10.33928571,Guard,0.454087497,0.750064234,0.076815388,-0.59880884,1.252939843,1.652707597,-0.447302946,0.973486183,-1.266562412,0.134881622,-0.442365792,1.335790642,,,,,,,,
Josh Christopher,1630528,2021-22,0,1610612745,HOU,20,74,2,18.02702703,3.027027027,6.756756757,0.448,0.756756757,2.554054054,0.296,1.121621622,1.527027027,0.735,0.702702703,1.810810811,2.513513514,2.027027027,0.878378378,0.175675676,1.540540541,1.310810811,7.932432432,Guard,0.459112975,0.74805508,-0.286177893,-0.563801209,-0.111210397,0.513966541,-0.628698741,-0.379012899,-0.234109853,-0.299063729,-0.448176453,-2.436284633,,,,,,,,
Josh Christopher,1630528,2022-23,0,1610612745,HOU,21,64,2,12.28125,2.390625,5.140625,0.465,0.328125,1.390625,0.236,0.703125,0.9375,0.75,0.3125,0.796875,1.109375,1.140625,0.515625,0.234375,0.9375,0.921875,5.8125,Guard,0.460114973,0.748482247,-0.605898765,-1.142496254,-0.576644623,-0.418393203,-0.48543729,-0.852107916,-0.028255798,-0.206802448,0.277865572,-4.038170724,,,,,,,,
Kobi Simmons,,2023-24,,,,26,4,0,16.8,2.3,5.3,0.429,0.5,,,0,0,,0.3,1.5,1.8,3,1.5,0.5,0.3,1.3,5,Guard,0.458310401,,-0.728437203,-0.857865313,0.39968072,2.111677304,0.162846545,-0.662403806,-0.398993699,,1.045395711,1.07190026,347,TOR,2,0.25,1.8,3.3,0.538,0.476
Josh Giddey,1630581,2021-22,0,1610612760,OKC,19,54,54,31.48148148,5.203703704,12.40740741,0.419,1.037037037,3.944444444,0.263,1.037037037,1.462962963,0.709,1.814814815,5.981481481,7.796296296,6.388888889,0.944444444,0.37037037,3.166666667,1.62962963,12.48148148,Guard,0.455353344,0.747332217,0.39989394,1.613420046,2.179127097,0.68377155,-0.153527266,-0.069658304,-1.006502153,-0.455190638,-2.40598165,0.785352622,,,,,,,,
Josh Giddey,1630581,2022-23,0,1610612760,OKC,20,76,76,31.14473684,7.092105263,14.71052632,0.482,1,3.078947368,0.325,1.394736842,1.907894737,0.731,1.947368421,5.934210526,7.881578947,6.171052632,0.75,0.407894737,2.776315789,1.881578947,16.57894737,Guard,0.462702601,0.747812268,1.017859564,1.648568037,2.064745082,0.184004537,-0.061945372,-0.110537304,0.503355968,-0.35150716,-1.936011353,2.958532,,,,,,,,
Josh Giddey,1630581,2023-24,0,1610612760,OKC,21,80,80,25.15,5.025,10.5875,0.475,1.025,3.0375,0.337,1.25,1.55,0.806,1.3875,5.0375,6.425,4.825,0.6375,0.55,2.1,1.3875,12.325,Guard,0.461312966,0.750184082,0.376293945,1.048260439,1.357956351,-0.105146378,0.284876443,-0.082943979,0.217864415,0.160766926,-1.121748213,2.13617995,,,,,,,,
Josh Giddey,1630581,2024-25,0,1610612741,CHI,22,70,69,30.24285714,5.3,11.4,0.465,1.5,3.971428571,0.378,2.5,3.2,0.781,1.814285714,6.271428571,8.085714286,7.185714286,1.2,0.642857143,2.885714286,1.742857143,14.6,Guard,0.460389454,0.750411456,0.719401571,1.732699416,2.597526198,1.340608197,0.511503398,0.441329199,0.028134645,0.209875955,-2.067723735,5.513354843,,,,,,,,
Josh Green,1630182,2022-23,0,1610612742,DAL,22,60,21,25.65,3.416666667,6.366666667,0.537,1.133333333,2.816666667,0.402,1.133333333,1.566666667,0.723,0.916666667,2.116666667,3.033333333,1.716666667,0.7,0.083333333,1.2,2.6,9.1,Guard,0.464480901,0.747680468,-0.110089393,-0.349565113,-0.274175202,0.055493019,-0.854069275,0.036627097,0.868696483,-0.379973981,-0.038176251,-1.045232617,,,,,,,,
Josh Green,1630182,2023-24,0,1610612742,DAL,23,57,33,26.40350877,3.140350877,6.561403509,0.479,1.263157895,3.280701754,0.385,0.684210526,1,0.684,0.701754386,2.526315789,3.228070175,2.280701754,0.824561404,0.157894737,1.052631579,1.877192982,8.228070175,Guard,0.461042139,0.747189989,-0.241590832,-0.269307187,0.021989772,0.375644521,-0.672094864,0.17991875,0.162224729,-0.485909516,0.139250737,-0.789873888,,,,,,,,
Josh Green,1630182,2024-25,0,1610612766,CHA,24,68,67,27.76470588,2.647058824,6.191176471,0.428,1.426470588,3.647058824,0.391,0.720588235,1.058823529,0.681,0.823529412,1.705882353,2.529411765,1.588235294,1.088235294,0.220588235,1.029411765,2.426470588,7.441176471,Guard,0.45800612,0.747054978,-0.360267416,-0.557248978,-0.341612274,1.053347157,-0.51908524,0.36017236,-0.461506219,-0.515069851,0.16720667,-1.174063792,,,,,,,,
Josh Hart,1628404,2020-21,0,1610612740,NOP,26,47,4,28.72340426,3.212765957,7.319148936,0.439,1.340425532,4.106382979,0.326,1.468085106,1.893617021,0.775,1.127659574,6.893617021,8.021276596,2.319148936,0.808510638,0.255319149,1.042553191,2.361702128,9.234042553,Guard,0.45844094,0.74942247,-0.089873559,1.706142369,0.042177716,0.334390355,-0.434321042,0.265201592,-0.372175116,-0.003729246,0.151384802,1.599197871,,,,,,,,
Josh Hart,1628404,2021-22,0,0,TOT,27,54,53,33.16666667,5.314814815,10.53703704,0.504,1.351851852,3.944444444,0.343,2.962962963,3.907407407,0.758,1.148148148,6.037037037,7.185185185,4.148148148,1.12962963,0.240740741,2.111111111,2.777777778,14.94444444,Guard,0.464071168,0.749145733,0.771349489,1.361559587,1.002553263,1.159740136,-0.469901075,0.277813198,0.784519347,-0.063499898,-1.135125644,3.689008402,,,,,,,,
Josh Hart,1628404,2022-23,0,0,TOT,28,76,52,32.28947368,3.618421053,6.842105263,0.529,0.802631579,2.157894737,0.372,1.736842105,2.315789474,0.75,1.868421053,5.934210526,7.802631579,3.815789474,1.157894737,0.276315789,1.539473684,2.565789474,9.776315789,Guard,0.46429129,0.748522233,-0.008089787,1.61603104,0.828037527,1.232387972,-0.383076685,-0.328379344,0.829742058,-0.198166092,-0.446891991,3.141594699,,,,,,,,
Josh Hart,1628404,2023-24,0,1610612752,NYK,29,81,42,33.41975309,3.641975309,8.382716049,0.434,0.987654321,3.185185185,0.31,1.12345679,1.419753086,0.791,1.580246914,6.75308642,8.333333333,4.086419753,0.925925926,0.283950617,1.456790123,2.111111111,9.395061728,Guard,0.457863447,0.749628534,-0.065589205,1.834751966,0.970140761,0.636174693,-0.36444314,-0.124163637,-0.490817512,0.040777381,-0.347343559,2.089487747,,,,,,,,
Josh Hart,1628404,2024-25,0,1610612752,NYK,30,77,77,37.62337662,5.246753247,10,0.525,1.090909091,3.272727273,0.333,2.064935065,2.662337662,0.776,2.090909091,7.480519481,9.571428571,5.883116883,1.545454545,0.350649351,2.051948052,2.61038961,13.64935065,Guard,0.46578532,0.749846384,0.576027926,2.345014715,1.913555049,2.228505956,-0.201658345,-0.01019794,1.136681033,0.08782947,-1.063895164,7.011862699,,,,,,,,
Josh Jackson,1628367,2020-21,0,1610612765,DET,24,62,25,25.16129032,4.774193548,11.40322581,0.419,1.241935484,4.14516129,0.3,2.564516129,3.516129032,0.729,0.919354839,3.177419355,4.096774194,2.306451613,0.85483871,0.758064516,2.290322581,2.870967742,13.35483871,Guard-Forward,0.455681031,0.747175632,0.531610655,0.088716403,0.035510573,0.453464172,0.792678278,0.156494875,-0.939180993,-0.489010515,-1.350890671,-0.720607222,,,,,,,,
Josh Jackson,1628367,2021-22,0,0,TOT,25,51,3,16.2745098,2.352941176,5.882352941,0.4,0.647058824,2.549019608,0.254,1.078431373,1.509803922,0.714,0.411764706,2.352941176,2.764705882,1.058823529,0.509803922,0.431372549,0.921568627,1.725490196,6.431372549,Guard-Forward,0.456538082,0.747443914,-0.512562549,-0.460275967,-0.619597147,-0.433354714,-0.004645472,-0.500090128,-0.763105251,-0.431065818,0.297046448,-3.427650599,,,,,,,,
Taze Moore,,2023-24,,,,25,4,0,10,2,4.8,0.421,0.3,,,0.3,0.5,0.5,1,1,2,1.3,0.5,0,0.8,1,4.5,Guard,0.458083828,0.74599385,-0.803845472,-0.775438254,-0.492959593,-0.458553052,-1.057452438,-0.883150407,-0.445541585,-0.744256425,0.443411288,-5.217785939,365,POR,1.8,0.143,1.8,3,0.583,0.447
Josh Minott,1631169,2023-24,0,1610612750,MIN,21,32,0,2.84375,0.53125,1.125,0.472,0.125,0.3125,0.4,0.375,0.4375,0.857,0.125,0.40625,0.53125,0.25,0.15625,0.15625,0.0625,0.3125,1.5625,Forward,0.459998865,0.74939533,-1.246869055,-1.380761973,-1.044296257,-1.342069737,-0.676109006,-1.076303683,-0.052109483,-0.009591068,1.331338312,-5.496771949,,,,,,,,
Josh Minott,1631169,2024-25,0,1610612750,MIN,22,46,0,6,0.956521739,1.956521739,0.489,0.304347826,0.934782609,0.326,0.369565217,0.413043478,0.895,0.260869565,0.760869565,1.02173913,0.391304348,0.326086957,0.260869565,0.239130435,0.739130435,2.586956522,Forward,0.460422968,0.749654469,-1.092364068,-1.178614089,-0.970099812,-0.905549634,-0.420774708,-0.878351568,0.035019803,0.046378959,1.118680771,-4.245674346,,,,,,,,
Josh Okogie,1629006,2020-21,0,1610612750,MIN,22,59,37,20.28813559,1.728813559,4.305084746,0.402,0.491525424,1.830508475,0.269,1.406779661,1.830508475,0.769,1.06779661,1.576271186,2.644067797,1.06779661,0.915254237,0.474576271,0.728813559,2.084745763,5.355932203,Guard,0.457475581,0.749179424,-0.67475674,-0.509995181,-0.614885538,0.608745994,0.100797444,-0.671757475,-0.570502078,-0.056223368,0.529117545,-1.859459397,,,,,,,,
Josh Okogie,1629006,2021-22,0,1610612750,MIN,23,49,6,10.53061224,0.857142857,2.12244898,0.404,0.285714286,0.959183673,0.298,0.714285714,1.040816327,0.686,0.591836735,0.836734694,1.428571429,0.510204082,0.530612245,0.244897959,0.469387755,1.081632653,2.714285714,Guard,0.458702813,0.747180241,-1.07316072,-1.010944138,-0.907667638,-0.379872531,-0.459754977,-0.898918021,-0.318375155,-0.488014949,0.841458131,-4.695249998,,,,,,,,
Josh Okogie,1629006,2022-23,0,1610612756,PHX,24,72,26,18.76388889,2.25,5.75,0.391,0.916666667,2.736111111,0.335,1.930555556,2.666666667,0.724,1.513888889,1.972222222,3.486111111,1.458333333,0.777777778,0.472222222,0.875,1.583333333,7.347222222,Guard,0.456119482,0.747215622,-0.374437271,-0.162959409,-0.409821525,0.255399825,0.095052157,-0.202515054,-0.849104098,-0.480373141,0.353113624,-1.775644891,,,,,,,,
Josh Okogie,1629006,2023-24,0,1610612756,PHX,25,60,11,16,1.433333333,3.433333333,0.417,0.483333333,1.566666667,0.309,1.266666667,1.7,0.745,1.233333333,1.333333333,2.566666667,1.066666667,0.8,0.4,0.6,1.133333333,4.616666667,Guard,0.458441043,0.748340221,-0.786250209,-0.541894918,-0.615478852,0.312516055,-0.081213252,-0.680799357,-0.372154109,-0.237477672,0.684205057,-2.318547256,,,,,,,,
Josh Okogie,1629006,2024-25,0,0,TOT,26,40,7,15.625,2.35,5.3,0.443,0.8,2.3,0.348,1.575,2.125,0.741,1.125,1.7,2.825,0.825,1.2,0.475,0.775,1.175,7.075,Guard,0.459015054,0.748149917,-0.415492884,-0.435426633,-0.742373798,1.340608197,0.101831596,-0.331283905,-0.254227135,-0.278580296,0.473510509,-0.54143435,,,,,,,,
Josh Richardson,1626196,2020-21,0,1610612742,DAL,27,59,56,30.33898305,4.474576271,10.47457627,0.427,1.491525424,4.525423729,0.33,1.677966102,1.830508475,0.917,0.86440678,2.440677966,3.305084746,2.593220339,1.033898305,0.406779661,1.338983051,2.203389831,12.11864407,Guard,0.456747887,0.754406369,0.345172058,-0.237566763,0.186087824,0.913688579,-0.064666825,0.431975529,-0.720002256,1.072713642,-0.205507514,1.721894273,,,,,,,,
Josh Richardson,1626196,2021-22,0,0,TOT,28,65,7,24.61538462,3.6,8.215384615,0.438,1.569230769,3.784615385,0.415,1.476923077,1.661538462,0.889,0.646153846,2.2,2.846153846,1.769230769,0.861538462,0.446153846,1.015384615,1.784615385,10.24615385,Guard,0.458204014,0.752974036,0.062769564,-0.426708387,-0.24657471,0.470684078,0.031429731,0.517741483,-0.42085008,0.763352537,0.184094921,0.935939138,,,,,,,,
Josh Richardson,1626196,2022-23,0,0,TOT,29,65,10,23.53846154,3.676923077,8.523076923,0.431,1.646153846,4.507692308,0.365,1.061538462,1.246153846,0.852,0.630769231,2.061538462,2.692307692,2.676923077,1.061538462,0.307692308,1.323076923,1.8,10.06153846,Guard,0.457596971,0.750971724,0.034926509,-0.490113817,0.23003867,0.984730149,-0.306499217,0.602644022,-0.545563182,0.330885058,-0.186357032,0.654691161,,,,,,,,
Josh Richardson,1626196,2023-24,0,1610612748,MIA,30,43,6,25.65116279,3.581395349,8.069767442,0.444,1.534883721,4.418604651,0.347,1.186046512,1.255813953,0.944,0.418604651,2.395348837,2.813953488,2.441860465,0.558139535,0.325581395,0.837209302,1.76744186,9.88372093,Guard,0.458679269,0.753244848,0.008108685,-0.439979291,0.106611397,-0.309121054,-0.262839148,0.479831513,-0.323212034,0.82184366,0.398612448,0.479856176,,,,,,,,
D.J. Carton,,2023-24,,,,23,4,0,9,0.8,2,0.375,0.3,,,1,1.3,0.8,0.5,0.5,1,0.8,0.3,0,0.3,0.8,2.8,Guard,0.458199855,0.749760028,-1.060233588,-1.187573552,-0.755500862,-0.972599123,-1.057452438,-0.883150407,-0.421704645,0.069177978,1.045395711,-5.223640926,459,TOR,1,0.25,0.5,1,0.5,0.438
Joshua Primo,1630563,2021-22,0,1610612759,SAS,19,50,16,19.3,2.02,5.4,0.374,0.84,2.74,0.307,0.88,1.18,0.746,0.64,1.62,2.26,1.62,0.4,0.46,1.14,1.58,5.76,Guard,0.455464755,0.748397215,-0.613816633,-0.668283076,-0.324933181,-0.715576088,0.065222626,-0.287134584,-0.98361352,-0.225168035,0.03406188,-3.719240612,,,,,,,,
Henri Drell,,2023-24,,,,23,4,0,7.5,1,2.5,0.4,0.5,,,0.3,0.5,0.5,0.3,0.8,1,1,0.5,0.3,0.5,1.5,2.8,Forward,0.458403758,0.74599385,-1.060233588,-1.187573552,-0.650484354,-0.458553052,-0.325273048,-0.662403806,-0.379814037,-0.744256425,0.804601942,-4.663989921,460,CHI,1.5,0.333,0.5,1,0.5,0.5
Jack White,,2023-24,,,,26,4,0,16,0.5,4,0.125,0.5,,,0,0,,1,2,3,0.3,1,0.3,0.5,0.8,1.5,Forward,0.446984473,,-1.256295089,-0.363302956,-1.018042131,0.826562126,-0.325273048,-0.662403806,-2.725833679,,0.804601942,-4.719986641,527,MEM,2.5,0.2,0,1.5,0,0.188
Jrue Holiday,201950,2020-21,0,1610612749,MIL,31,59,56,32.3220339,7.016949153,13.94915254,0.503,1.881355932,4.796610169,0.392,1.813559322,2.305084746,0.787,1.237288136,3.305084746,4.542372881,6.050847458,1.627118644,0.627118644,2.152542373,1.661016949,17.72881356,Guard,0.465144389,0.75015252,1.191278403,0.272363351,2.001627444,2.438401502,0.473092049,0.862244327,1.005005813,0.153949999,-1.185007593,7.212955295,,,,,,,,
Jrue Holiday,201950,2021-22,0,1610612749,MIL,32,67,64,32.94029851,7.134328358,14.23880597,0.501,1.970149254,4.791044776,0.411,2.044776119,2.686567164,0.761,1.029850746,3.462686567,4.492537313,6.820895522,1.611940299,0.432835821,2.731343284,1.985074627,18.28358209,Guard,0.464991091,0.749093539,1.274946673,0.251824354,2.405966236,2.399389659,-0.001074214,0.960248447,0.973511669,-0.074773056,-1.881865858,6.30817391,,,,,,,,
Jrue Holiday,201950,2022-23,0,1610612749,MIL,33,67,65,32.58208955,7.313432836,15.26865672,0.479,2.358208955,6.134328358,0.384,2.268656716,2.641791045,0.859,1.179104478,3.910447761,5.089552239,7.388059701,1.179104478,0.373134328,2.940298507,1.731343284,19.25373134,Guard,0.462398654,0.754001472,1.421261225,0.497875278,2.703774242,1.286901892,-0.146781556,1.388562747,0.440912088,0.985262345,-2.133441437,6.444326824,,,,,,,,
Jrue Holiday,201950,2023-24,0,1610612738,BOS,34,69,69,32.79710145,4.797101449,9.985507246,0.48,2,4.666666667,0.429,0.869565217,1.043478261,0.833,1.217391304,4.188405797,5.405797101,4.826086957,0.884057971,0.768115942,1.797101449,1.565217391,12.46376812,Guard,0.461691999,0.750182161,0.397222473,0.628210949,1.358527093,0.528564404,0.817209768,0.993195701,0.295734162,0.160351986,-0.757067794,4.421948741,,,,,,,,
Jrue Holiday,201950,2024-25,0,1610612738,BOS,35,62,62,30.58064516,4.096774194,9.241935484,0.443,1.741935484,4.935483871,0.353,1.129032258,1.241935484,0.909,1.225806452,3.048387097,4.274193548,3.85483871,1.064516129,0.435483871,1.241935484,1.629032258,11.06451613,Guard,0.458437159,0.752344899,0.18619213,0.161837181,0.848541599,0.992383439,0.005388612,0.708361377,-0.372951885,0.627469,-0.088665267,3.068556188,,,,,,,,
Juan Toscano-Anderson,1629308,2020-21,0,1610612744,GSW,28,53,16,20.90566038,2.283018868,3.943396226,0.579,0.698113208,1.735849057,0.402,0.41509434,0.58490566,0.71,0.547169811,3.886792453,4.433962264,2.830188679,0.773584906,0.490566038,1.150943396,2.094339623,5.679245283,Forward,0.464383629,0.748009153,-0.62599578,0.227683509,0.310515761,0.244623178,0.139822037,-0.44373972,0.848712636,-0.308983055,0.020886372,0.413524939,,,,,,,,
Juan Toscano-Anderson,1629308,2021-22,0,1610612744,GSW,29,73,6,13.61643836,1.575342466,3.219178082,0.489,0.383561644,1.191780822,0.322,0.547945205,0.95890411,0.571,0.383561644,2.02739726,2.410958904,1.739726027,0.657534247,0.232876712,0.931506849,1.575342466,4.082191781,Forward,0.460772544,0.745114605,-0.866857862,-0.606067584,-0.262067135,-0.053653748,-0.489094008,-0.790920663,0.106838022,-0.934159489,0.285081139,-3.610901328,,,,,,,,
Juan Toscano-Anderson,1629308,2022-23,0,0,TOT,30,52,9,13.46153846,1.230769231,2.75,0.448,0.153846154,0.826923077,0.186,0.365384615,0.461538462,0.792,0.538461538,1.846153846,2.384615385,1.25,0.307692308,0.192307692,0.653846154,1.538461538,2.980769231,Forward,0.459546328,0.748852077,-1.032970599,-0.616924678,-0.51921372,-0.95282812,-0.588106676,-1.044465231,-0.145080294,-0.126924921,0.619375965,-4.407138272,,,,,,,,
Marcus Garrett,,2024-25,,,,26,4,0,19.8,2.8,6.8,0.407,0.8,,,0.8,1,0.75,0.3,1.3,1.5,3.3,0.8,0.5,1.5,2.5,7,Guard,0.456497989,0.748484107,-0.426804125,-0.981505903,0.557205481,0.312516055,0.162846545,-0.331283905,-0.771342243,-0.20640072,-0.399366905,-2.084135718,297,CHO,2,0.375,2,4.8,0.421,0.463
Julius Randle,203944,2020-21,0,1610612752,NYK,26,71,71,37.56338028,8.478873239,18.6056338,0.456,2.253521127,5.478873239,0.411,4.901408451,6.042253521,0.811,1.183098592,9.014084507,10.1971831,6.014084507,0.901408451,0.253521127,3.394366197,3.169014085,24.11267606,Forward-Center,0.45925773,0.755197273,2.15407045,2.602910244,1.982323861,0.573159134,-0.438709291,1.273015336,-0.204370794,1.243536318,-2.68012479,6.505810469,,,,,,,,
Julius Randle,203944,2021-22,0,1610612752,NYK,27,72,72,35.33333333,7.111111111,17.30555556,0.411,1.666666667,5.416666667,0.308,4.208333333,5.569444444,0.756,1.736111111,8.208333333,9.944444444,5.138888889,0.736111111,0.541666667,3.402777778,2.847222222,20.09722222,Forward-Center,0.45265519,0.749210107,1.5484736,2.498747723,1.522773925,0.148306893,0.264538128,0.6252847,-1.560820872,-0.049596129,-2.690252072,2.307455896,,,,,,,,
Julius Randle,203944,2022-23,0,1610612752,NYK,28,77,77,35.54545455,8.545454545,18.5974026,0.459,2.831168831,8.25974026,0.343,5.220779221,6.896103896,0.757,1.831168831,8.12987013,9.961038961,4.103896104,0.636363636,0.272727273,2.805194805,3.025974026,25.14285714,Forward-Center,0.45972839,0.749489634,2.309438795,2.505586909,0.979317287,-0.108067095,-0.39183481,1.910584172,-0.107676736,0.010777181,-1.970780789,5.137344915,,,,,,,,
Julius Randle,203944,2023-24,0,1610612752,NYK,29,46,46,35.43478261,8.586956522,18.17391304,0.472,1.652173913,5.304347826,0.311,5.130434783,6.565217391,0.781,2.152173913,7.043478261,9.195652174,4.97826087,0.543478261,0.260869565,3.456521739,2.717391304,23.95652174,Forward-Center,0.461730265,0.752231251,2.130519796,2.190143998,1.438430957,-0.346803906,-0.420774708,0.609288569,0.303595664,0.602922691,-2.754958126,3.752364935,,,,,,,,
Julius Randle,203944,2024-25,0,1610612750,MIN,30,69,69,32.26086957,6.594202899,13.60869565,0.485,1.565217391,4.550724638,0.344,3.913043478,4.855072464,0.806,2.086956522,4.971014493,7.057971014,4.68115942,0.68115942,0.231884058,2.84057971,2.536231884,18.66666667,Forward-Center,0.462874803,0.753547047,1.332722163,1.309130136,1.282428174,0.007068389,-0.491516678,0.513311786,0.538733733,0.887113651,-2.013383112,3.365608242,,,,,,,,
Justin Anderson,1626147,2021-22,0,0,TOT,28,16,6,19.75,2.25,5.9375,0.379,0.9375,3.6875,0.254,0.9375,1.1875,0.789,0.25,2.625,2.875,2.0625,0.5,0.375,0.5,1.375,6.375,Guard-Forward,0.45533166,0.749394421,-0.521064462,-0.414819868,-0.092584158,-0.458553052,-0.142228201,-0.179520617,-1.010957148,-0.009787261,0.804601942,-2.024912826,,,,,,,,
Justin Holiday,203200,2020-21,0,1610612754,IND,32,72,52,30.31944444,3.583333333,8.680555556,0.413,2.402777778,6.291666667,0.382,0.930555556,1.180555556,0.788,0.444444444,3.111111111,3.555555556,1.652777778,1.027777778,0.569444444,0.75,1.875,10.5,Guard-Forward,0.456120733,0.749365981,0.101053761,-0.134338902,-0.307722142,0.897957414,0.332332514,1.437754828,-0.84884708,-0.01592993,0.50360973,1.965870194,,,,,,,,
Justin Holiday,203200,2021-22,0,0,TOT,33,74,65,27.7972973,3.527027027,8.945945946,0.394,2.391891892,6.513513514,0.367,0.675675676,0.837837838,0.806,0.391891892,2.175675676,2.567567568,1.72972973,0.77027027,0.445945946,0.945945946,2.081081081,10.12162162,Guard-Forward,0.454455533,0.749402185,0.043988044,-0.541523625,-0.267316016,0.2361038,0.030922331,1.425739716,-1.190951877,-0.008110506,0.267696916,-0.003451217,,,,,,,,
Justin Holiday,203200,2022-23,0,0,TOT,34,46,2,15.34782609,1.673913043,4.434782609,0.377,1,3.108695652,0.322,0.108695652,0.173913043,0.625,0.108695652,1.086956522,1.195652174,0.891304348,0.413043478,0.413043478,0.47826087,1.47826087,4.456521739,Guard-Forward,0.45634507,0.748025873,-0.810402713,-1.106938385,-0.707558543,-0.682051344,-0.049379366,-0.110537304,-0.802758309,-0.305371952,0.830775177,-3.744222738,,,,,,,,
Justin Holiday,203200,2023-24,0,1610612743,DEN,35,58,9,14.86206897,1.517241379,3.344827586,0.454,0.948275862,2.344827586,0.404,0.051724138,0.068965517,0.75,0.155172414,1.068965517,1.224137931,1.155172414,0.620689655,0.155172414,0.24137931,1.189655172,4.034482759,Guard-Forward,0.459674064,0.748455919,-0.874053171,-1.095198399,-0.56900603,-0.148352837,-0.67873896,-0.167626942,-0.118837671,-0.2124889,1.115973196,-2.748329714,,,,,,,,
Justin Jackson,1628382,2020-21,0,0,TOT,26,34,3,16.97058824,2.617647059,6.5,0.403,1.058823529,3.441176471,0.308,0.911764706,1.088235294,0.838,0.470588235,1.794117647,2.264705882,1.529411765,0.441176471,0.058823529,0.941176471,0.941176471,7.205882353,Forward,0.456393288,0.750361221,-0.395753661,-0.666343616,-0.372499482,-0.609743072,-0.913887853,-0.045611833,-0.792852297,0.199026084,0.273439215,-3.324226515,,,,,,,,
N'Faly Dante,,2024-25,,,,23,4,0,12.8,2.5,3.3,0.769,0,,,1,1.3,0.8,1.5,3.8,5.3,0.5,0.3,1.3,0.5,2.3,6,Center,0.46973945,0.749760028,-0.577620664,0.584608229,-0.913025623,-0.972599123,2.115324918,-1.214270308,1.94903198,0.069177978,0.804601942,1.845229328,340,HOU,0,,2.5,3.3,0.769,0.769
Justin Jackson,1628382,2022-23,0,1610612738,BOS,28,23,0,4.652173913,0.304347826,1.173913043,0.259,0.217391304,0.869565217,0.25,0.043478261,0.086956522,0.5,0.086956522,0.652173913,0.739130435,0.391304348,0.173913043,0.173913043,0.086956522,0.304347826,0.869565217,Forward,0.457533244,0.748022445,-1.351375081,-1.295087108,-0.970099812,-1.296671648,-0.633000619,-0.974328351,-0.558655554,-0.306112195,1.301893422,-6.083436946,,,,,,,,
Adama Sanogo,,2024-25,,,,22,4,0,5.3,1,1.8,0.571,0,,,0,0,,1.3,0.3,1.5,0.3,0,0,0.3,0.3,2,Center,0.461828931,,-1.18088682,-0.981505903,-1.018042131,-1.74366823,-1.057452438,-1.214270308,0.323866061,,1.045395711,-5.826564057,505,CHI,0,,1,1.8,0.571,0.571
Kevin McCullar Jr.,,2024-25,,,,23,4,0,7.3,0.5,1.8,0.286,0,,,0.5,0.5,1,0,2,2,0.5,0.3,0.3,0,1.5,1.5,Forward,0.456789638,0.750944345,-1.256295089,-0.775438254,-0.913025623,-0.972599123,-0.325273048,-1.214270308,-0.711424656,0.324971644,1.406586365,-4.436768093,529,NYK,0.3,0,0.5,1.5,0.333,0.286
Justise Winslow,1626159,2020-21,0,1610612763,MEM,25,26,1,19.5,2.846153846,8.076923077,0.352,0.384615385,2.076923077,0.185,0.769230769,1.346153846,0.571,0.692307692,3.846153846,4.538461538,1.923076923,0.576923077,0.461538462,1.423076923,1.807692308,6.846153846,Guard-Forward,0.451802852,0.743801442,-0.450006669,0.270751348,-0.165792782,-0.260843024,0.068977394,-0.789757614,-1.735928222,-1.217781632,-0.306753916,-4.587135118,,,,,,,,
Justise Winslow,1626159,2021-22,0,0,TOT,26,48,11,16.14583333,2.291666667,5.354166667,0.428,0.3125,1.375,0.227,0.8125,1.375,0.591,1.041666667,3.166666667,4.208333333,1.75,0.729166667,0.520833333,1.020833333,1.395833333,5.708333333,Guard-Forward,0.45824451,0.744239697,-0.621608821,0.134693862,-0.256672451,0.130458072,0.213692335,-0.869353744,-0.412530435,-1.123125566,0.177534835,-2.626911913,,,,,,,,
Justise Winslow,1626159,2022-23,0,1610612757,POR,27,29,11,26.75862069,2.793103448,6.827586207,0.409,0.482758621,1.551724138,0.311,0.689655172,0.965517241,0.714,1.689655172,3.310344828,5,3.379310345,1.034482759,0.379310345,1.482758621,3.068965517,6.75862069,Guard-Forward,0.456613031,0.747801078,-0.463208117,0.46096764,0.598849959,0.91519076,-0.131708381,-0.681433685,-0.747707495,-0.353923961,-0.378608822,-0.781582103,,,,,,,,
Jusuf Nurkić,203994,2020-21,0,1610612757,POR,26,37,37,23.78378378,4.621621622,9,0.514,0.324324324,0.810810811,0.4,1.891891892,3.054054054,0.619,2.324324324,6.648648649,8.972972973,3.378378378,1.027027027,1.054054054,1.972972973,2.783783784,11.45945946,Center,0.464333809,0.741001788,0.245756116,2.098370039,0.598360599,0.896027811,1.515069743,-0.856302848,0.838477343,-1.82246242,-0.96881163,2.544484754,,,,,,,,
Jusuf Nurkić,203994,2021-22,0,1610612757,POR,27,56,56,28.17857143,5.732142857,10.71428571,0.535,0.267857143,1,0.268,3.303571429,4.785714286,0.69,2.982142857,8.071428571,11.05357143,2.803571429,1.107142857,0.607142857,2.553571429,3.375,15.03571429,Center,0.467135092,0.743347656,0.785114492,2.955858104,0.296539508,1.10194395,0.424339184,-0.918627539,1.413983152,-1.315792238,-1.667834083,3.075524529,,,,,,,,
Jusuf Nurkić,203994,2022-23,0,1610612757,POR,28,52,52,26.75,5.038461538,9.711538462,0.519,0.826923077,2.288461538,0.361,2.442307692,3.692307692,0.661,2.192307692,6.865384615,9.057692308,2.865384615,0.826923077,0.846153846,2.288461538,3.557692308,13.34615385,Center,0.465098515,0.742439775,0.530300834,2.133285867,0.328996532,0.381714565,1.007668918,-0.301568016,0.995581387,-1.511880145,-1.348650033,2.21544991,,,,,,,,
Jusuf Nurkić,203994,2023-24,0,1610612756,PHX,29,76,76,27.34210526,4.210526316,8.25,0.51,0.289473684,1.184210526,0.244,2.197368421,3.434210526,0.64,2.947368421,8.065789474,11.01315789,3.960526316,1.065789474,1.052631579,2.302631579,3.342105263,10.90789474,Center,0.463684852,0.741483476,0.162571034,2.939202257,0.904036315,0.995656229,1.511598053,-0.894768649,0.705153154,-1.718425349,-1.365710321,3.239312724,,,,,,,,
Jusuf Nurkić,203994,2024-25,0,0,TOT,30,51,32,20.84313725,3.294117647,6.901960784,0.477,0.62745098,2.058823529,0.305,1.666666667,2.509803922,0.664,1.666666667,6.137254902,7.803921569,2.254901961,0.784313725,0.666666667,1.901960784,2.549019608,8.882352941,Center,0.460970221,0.744417163,-0.142914169,1.616562691,0.008442751,0.272198715,0.569612874,-0.521731953,0.147449505,-1.084795852,-0.883315166,-0.018490605,,,,,,,,
KJ Martin,1630231,2020-21,0,1610612745,HOU,20,45,8,23.73333333,3.6,7.066666667,0.509,0.777777778,2.133333333,0.365,1.333333333,1.866666667,0.714,1.622222222,3.755555556,5.377777778,1.066666667,0.666666667,0.911111111,0.844444444,1.977777778,9.311111111,Forward,0.46310696,0.747213807,-0.078250346,0.616663197,-0.615478852,-0.030181325,1.166203487,-0.355811305,0.586428994,-0.48076528,0.389901562,1.198710132,,,,,,,,
KJ Martin,1630231,2021-22,0,1610612745,HOU,21,79,2,20.96202532,3.53164557,6.620253165,0.533,0.759493671,2.126582278,0.357,0.987341772,1.556962025,0.634,1.012658228,2.746835443,3.759493671,1.278481013,0.430379747,0.506329114,0.759493671,1.430379747,8.810126582,Forward,0.464405014,0.744997414,-0.153807099,-0.050288806,-0.504258837,-0.63749314,0.178293368,-0.375992077,0.85310587,-0.95947087,0.492179646,-1.157731944,,,,,,,,
KJ Martin,1630231,2022-23,0,1610612745,HOU,22,82,49,27.95121951,5,8.780487805,0.569,0.829268293,2.634146341,0.315,1.841463415,2.707317073,0.68,1.536585366,3.975609756,5.512195122,1.5,0.5,0.365853659,1.109756098,1.792682927,12.67073171,Forward,0.468673048,0.744937653,0.428436005,0.672061329,-0.387943086,-0.458553052,-0.164550742,-0.298979524,1.729946387,-0.972378326,0.070474596,0.618513587,,,,,,,,
KJ Martin,1630231,2023-24,0,0,TOT,23,60,2,12.45,1.616666667,3.016666667,0.536,0.133333333,0.466666667,0.286,0.366666667,0.683333333,0.537,0.683333333,1.5,2.183333333,0.85,0.366666667,0.2,0.533333333,1.666666667,3.733333333,Forward,0.462093369,0.745602883,-0.919471485,-0.699880116,-0.729246735,-0.801250432,-0.569332845,-1.067105908,0.378193063,-0.82869919,0.764469647,-4.472324001,,,,,,,,
KJ Martin,1630231,2024-25,0,0,TOT,24,43,16,21.20930233,2.581395349,4.674418605,0.552,0.348837209,1.348837209,0.259,0.860465116,1.093023256,0.787,0.697674419,2.209302326,2.906976744,1.11627907,0.395348837,0.511627907,0.558139535,2.348837209,6.372093023,Forward,0.463978352,0.749278401,-0.521502882,-0.401641123,-0.589428245,-0.727530648,0.191225591,-0.829247168,0.765450977,-0.034845903,0.734603753,-1.412915647,,,,,,,,
Karl-Anthony Towns,1626157,2020-21,0,1610612750,MIN,25,50,50,33.78,8.5,17.5,0.486,2.44,6.3,0.387,5.34,6.22,0.859,2.66,7.92,10.58,4.5,0.78,1.14,3.2,3.72,24.78,Forward-Center,0.46375647,0.760684266,2.254713937,2.760682601,1.187304526,0.261111448,1.724829244,1.478838223,0.719866632,2.428639366,-2.446113944,10.36987203,,,,,,,,
Karl-Anthony Towns,1626157,2021-22,0,1610612750,MIN,26,74,74,33.44594595,8.675675676,16.40540541,0.529,2.027027027,4.945945946,0.41,5.189189189,6.310810811,0.822,2.621621622,7.202702703,9.824324324,3.635135135,0.972972973,1.121621622,3.054054054,3.608108108,24.56756757,Forward-Center,0.469607442,0.756696189,2.222675614,2.449241982,0.733179088,0.757096441,1.679975012,1.023026323,1.921911735,1.567278192,-2.270399572,10.08398481,,,,,,,,
Karl-Anthony Towns,1626157,2022-23,0,1610612750,MIN,27,29,29,33,7.310344828,14.75862069,0.495,2.068965517,5.655172414,0.366,4.068965517,4.655172414,0.874,1.655172414,6.482758621,8.137931034,4.827586207,0.689655172,0.586206897,2.965517241,3.827586207,20.75862069,Forward-Center,0.464382563,0.759146999,1.648223428,1.754219781,1.359314323,0.028904428,0.373242923,1.069315218,0.848493579,2.09661421,-2.163804007,7.014523883,,,,,,,,
Karl-Anthony Towns,1626157,2023-24,0,1610612750,MIN,28,62,62,32.67741935,7.725806452,15.33870968,0.504,2.193548387,5.274193548,0.416,4.112903226,4.709677419,0.873,1.516129032,6.790322581,8.306451613,3.048387097,0.693548387,0.661290323,2.85483871,3.290322581,21.75806452,Forward-Center,0.465733447,0.759175338,1.798956087,1.82367306,0.42508794,0.038910888,0.556491379,1.206821444,1.126024139,2.102734857,-2.030550504,7.048149291,,,,,,,,
Karl-Anthony Towns,1626157,2024-25,0,1610612752,NYK,29,72,72,34.95833333,8.875,16.875,0.526,1.972222222,4.694444444,0.42,4.708333333,5.680555556,0.829,2.944444444,9.833333333,12.77777778,3.083333333,0.986111111,0.694444444,2.666666667,3.458333333,24.43055556,Forward-Center,0.469412921,0.75667115,2.202011936,3.666464401,0.443437598,0.790864482,0.63740726,0.962536451,1.881948746,1.561870183,-1.803997226,10.34254383,,,,,,,,
Kawhi Leonard,202695,2020-21,0,1610612746,LAC,30,52,52,34.07692308,8.942307692,17.46153846,0.512,1.942307692,4.884615385,0.398,5.019230769,5.673076923,0.885,1.057692308,5.423076923,6.480769231,5.173076923,1.557692308,0.403846154,2.019230769,1.576923077,24.84615385,Forward,0.467614281,0.762367824,2.264691032,1.071244908,1.540725465,2.259959826,-0.071826336,0.929518797,1.512429537,2.792261084,-1.024504575,11.27449974,,,,,,,,
Kawhi Leonard,202695,2022-23,0,1610612746,LAC,32,52,50,33.61538462,8.576923077,16.75,0.512,2,4.807692308,0.416,4.673076923,5.365384615,0.871,1.096153846,5.403846154,6.5,3.923076923,1.384615385,0.538461538,1.692307692,1.615384615,23.82692308,Forward,0.46734377,0.760329577,2.110974175,1.079170586,0.884372293,1.815112264,0.256715697,0.993195701,1.456854792,2.352032074,-0.630899375,10.31752821,,,,,,,,
Kawhi Leonard,202695,2023-24,0,1610612746,LAC,33,68,68,34.26470588,8.970588235,17.08823529,0.525,2.058823529,4.941176471,0.417,3.720588235,4.205882353,0.885,1.235294118,4.882352941,6.117647059,3.588235294,1.632352941,0.867647059,1.75,1.426470588,23.72058824,Forward,0.469370032,0.75904853,2.094937122,0.921589443,0.708552801,2.451854851,1.06012521,1.058121171,1.87313734,2.075346447,-0.700359116,11.54330527,,,,,,,,
Kawhi Leonard,202695,2024-25,0,1610612746,LAC,34,37,37,31.89189189,8.378378378,16.83783784,0.498,2.108108108,5.135135135,0.411,2.648648649,3.27027027,0.81,0.945945946,4.972972973,5.918918919,3.135135135,1.594594595,0.459459459,1.945945946,1.513513514,21.51351351,Forward,0.465359762,0.75223212,1.762073751,0.839686562,0.47063782,2.354807204,0.063903383,1.112518188,1.049252905,0.603110537,-0.936271931,7.319718418,,,,,,,,
Keegan Murray,1631099,2022-23,0,1610612758,SAC,22,80,78,29.775,4.425,9.775,0.453,2.575,6.2625,0.411,0.775,1.0125,0.765,1.1125,3.525,4.6375,1.225,0.7625,0.525,0.75,2.025,12.2,Forward,0.459252655,0.748782199,0.357441878,0.311568594,-0.532340783,0.216132417,0.223861494,1.627842179,-0.205413547,-0.142017467,0.50360973,2.360684494,,,,,,,,
Keegan Murray,1631099,2023-24,0,1610612758,SAC,23,77,77,33.62337662,5.753246753,12.66233766,0.454,2.376623377,6.636363636,0.358,1.337662338,1.61038961,0.831,1.376623377,4.077922078,5.454545455,1.675324675,1.025974026,0.766233766,0.831168831,2.662337662,15.22077922,Forward,0.459204802,0.751029463,0.813025344,0.648301866,-0.295883161,0.893321356,0.812616133,1.408887353,-0.215244564,0.34335575,0.405884986,4.814265064,,,,,,,,
Keegan Murray,1631099,2024-25,0,1610612758,SAC,24,76,76,34.34210526,4.789473684,10.78947368,0.444,2.026315789,5.907894737,0.343,0.789473684,0.947368421,0.833,1.921052632,4.75,6.671052632,1.434210526,0.802631579,0.907894737,0.789473684,2.447368421,12.39473684,Forward,0.458318916,0.750025929,0.386811414,1.149667414,-0.42248799,0.319279819,1.158353611,1.022241306,-0.397244234,0.126608363,0.456084644,3.799314347,,,,,,,,
Keita Bates-Diop,1628966,2021-22,0,1610612759,SAS,26,59,14,16.22033898,2.305084746,4.457627119,0.517,0.288135593,0.93220339,0.309,0.779661017,1.033898305,0.754,1.050847458,2.86440678,3.915254237,0.694915254,0.457627119,0.237288136,0.762711864,1.033898305,5.677966102,Forward,0.462302081,0.74856615,-0.626188702,0.013905621,-0.810679027,-0.567461117,-0.478327496,-0.896245545,0.421071732,-0.188680716,0.488305042,-2.644300206,,,,,,,,
Keita Bates-Diop,1628966,2022-23,0,1610612759,SAS,27,67,42,21.68656716,3.52238806,6.940298507,0.508,0.835820896,2.119402985,0.394,1.776119403,2.23880597,0.793,0.970149254,2.731343284,3.701492537,1.537313433,0.686567164,0.298507463,0.835820896,0.940298507,9.656716418,Forward,0.462987831,0.750362912,-0.02612735,-0.07419312,-0.368350454,0.020967536,-0.328915731,-0.291747199,0.561954646,0.199391332,0.400284045,0.093263705,,,,,,,,
Keita Bates-Diop,1628966,2023-24,0,0,TOT,28,53,8,12.54716981,1.358490566,3.132075472,0.434,0.396226415,1.301886792,0.304,0.603773585,0.79245283,0.762,0.58490566,1.490566038,2.075471698,0.716981132,0.471698113,0.41509434,0.283018868,0.660377358,3.716981132,Forward,0.459078378,0.748665134,-0.921937668,-0.744333703,-0.79909262,-0.531295421,-0.044374036,-0.776942137,-0.241217594,-0.167301732,1.065840465,-3.160654446,,,,,,,,
Kelan Martin,1629103,2021-22,0,0,TOT,26,30,1,15,2.333333333,5.7,0.409,0.733333333,2.5,0.293,0.3,0.433333333,0.692,0.566666667,1.266666667,1.833333333,0.7,0.433333333,0.3,0.466666667,1.2,5.7,Forward,0.457120957,0.747968727,-0.622865626,-0.84412747,-0.808009116,-0.629901743,-0.325273048,-0.404866105,-0.643357285,-0.317714625,0.844734236,-3.751380781,,,,,,,,
Keldon Johnson,1629640,2020-21,0,1610612759,SAS,21,69,67,28.52173913,4.898550725,10.2173913,0.479,0.869565217,2.623188406,0.331,2.101449275,2.84057971,0.74,1.347826087,4.623188406,5.971014493,1.753623188,0.579710145,0.347826087,1.130434783,2.057971014,12.76811594,Guard-Forward,0.461637814,0.747999334,0.443123157,0.861156987,-0.254769979,-0.253679618,-0.208548797,-0.254502479,0.284602331,-0.311103918,0.045578103,0.351855788,,,,,,,,
Keldon Johnson,1629640,2021-22,0,1610612759,SAS,22,75,74,31.89333333,6.28,13.48,0.466,2.12,5.32,0.398,2.36,3.12,0.756,1.066666667,5.026666667,6.093333333,2.106666667,0.773333333,0.186666667,1.226666667,1.973333333,17.04,Guard-Forward,0.460592749,0.748897015,1.087393926,0.911568898,-0.069393013,0.243976578,-0.60187415,1.125643662,0.069900347,-0.117219085,-0.070282087,2.579715076,,,,,,,,
Keldon Johnson,1629640,2022-23,0,1610612759,SAS,23,63,63,32.74603175,7.984126984,17.66666667,0.452,2.126984127,6.46031746,0.329,3.888888889,5.19047619,0.749,0.888888889,4.158730159,5.047619048,2.904761905,0.73015873,0.174603175,2.126984127,1.984126984,21.98412698,Guard-Forward,0.45868316,0.748505158,1.833050045,0.48059313,0.34967286,0.133007903,-0.631316284,1.133352273,-0.322412604,-0.201853946,-1.154236261,1.619857115,,,,,,,,
Keldon Johnson,1629640,2023-24,0,1610612759,SAS,24,69,27,29.53623188,5.666666667,12.49275362,0.454,1.84057971,5.31884058,0.346,2.536231884,3.202898551,0.792,1.376811594,4.086956522,5.463768116,2.826086957,0.739130435,0.289855072,1.449275362,2.15942029,15.71014493,Guard-Forward,0.459212648,0.75107534,0.886829787,0.65210285,0.308362018,0.156067251,-0.350032739,0.817238265,-0.213632593,0.353264296,-0.338296021,2.271903116,,,,,,,,
Keldon Johnson,1629640,2024-25,0,1610612759,SAS,25,77,0,23.87012987,4.818181818,10,0.482,1.12987013,3.558441558,0.318,1.948051948,2.519480519,0.773,1.454545455,3.363636364,4.818181818,1.623376623,0.636363636,0.285714286,1,1.493506494,12.71428571,Guard-Forward,0.461876229,0.749631327,0.435004668,0.386033949,-0.323160175,-0.108067095,-0.360138733,0.032804645,0.333583108,0.041380623,0.202617519,0.640058509,,,,,,,,
Kelly Olynyk,203482,2020-21,0,0,TOT,30,70,62,28.52857143,4.814285714,9.957142857,0.484,1.8,5.257142857,0.342,2.071428571,2.5,0.829,1.242857143,5.742857143,6.985714286,2.9,1.128571429,0.6,1.8,2.957142857,13.5,Forward-Center,0.462049495,0.752289323,0.553503378,1.279350588,0.347172467,1.157020316,0.406906342,0.7724491,0.369179516,0.615465318,-0.760557559,4.740489467,,,,,,,,
Kelly Olynyk,203482,2021-22,0,1610612765,DET,31,40,1,19.1,3.2,7.15,0.448,1,2.975,0.336,1.725,2.225,0.775,1.35,3.075,4.425,2.775,0.775,0.475,1.45,2.5,9.125,Forward-Center,0.45907219,0.749584767,-0.10631898,0.223989843,0.281537149,0.248260296,0.101831596,-0.110537304,-0.242488853,0.03132431,-0.339168462,0.088429596,,,,,,,,
Kelly Olynyk,203482,2022-23,0,1610612762,UTA,32,68,68,28.55882353,4.088235294,8.191176471,0.499,1.367647059,3.470588235,0.394,2.911764706,3.411764706,0.853,1.205882353,4.970588235,6.176470588,3.705882353,0.882352941,0.544117647,2.470588235,3.411764706,12.45588235,Forward-Center,0.462826858,0.755131851,0.396033168,0.945832696,0.770327217,0.524182084,0.270519985,0.295246889,0.528883766,1.229406102,-1.567924903,3.392507004,,,,,,,,
Kelly Olynyk,203482,2023-24,0,0,TOT,33,78,27,22.55128205,3.538461538,6.371794872,0.555,0.769230769,1.987179487,0.387,1.923076923,2.307692308,0.833,1.384615385,3.884615385,5.269230769,4.448717949,0.948717949,0.384615385,1.948717949,2.948717949,9.769230769,Forward-Center,0.465562618,0.752183769,-0.009158325,0.571927143,1.160377217,0.694755442,-0.118760912,-0.36524492,1.090928419,0.592667345,-0.939609336,2.677882072,,,,,,,,
Kelly Olynyk,203482,2024-25,0,0,TOT,34,44,22,20.25,3.045454545,6.090909091,0.5,0.75,1.795454545,0.418,1.886363636,2.454545455,0.769,1.409090909,3.272727273,4.681818182,2.909090909,0.75,0.431818182,1.727272727,2.795454545,8.727272727,Forward-Center,0.462168155,0.749415223,-0.16630283,0.329833681,0.351945944,0.184004537,-0.003557861,-0.386470555,0.393557488,-0.005294362,-0.672996188,0.024719855,,,,,,,,
Kelly Oubre Jr.,1626162,2020-21,0,1610612744,GSW,25,55,50,30.69090909,5.781818182,13.16363636,0.439,1.636363636,5.181818182,0.316,2.236363636,3.218181818,0.695,1.490909091,4.490909091,5.981818182,1.327272727,1.036363636,0.763636364,1.272727273,2.2,15.43636364,Guard-Forward,0.457436887,0.74522136,0.845539041,0.865609568,-0.478639161,0.920025047,0.806276919,0.591838244,-0.578451512,-0.911102137,-0.125737622,1.935358389,,,,,,,,
Kelly Oubre Jr.,1626162,2021-22,0,1610612766,CHA,26,76,13,26.30263158,5.394736842,12.26315789,0.44,2.513157895,7.276315789,0.345,1.657894737,2.486842105,0.667,1.039473684,2.934210526,3.973684211,1.105263158,1.013157895,0.407894737,0.881578947,2.486842105,14.96052632,Guard-Forward,0.457694008,0.744594484,0.773774903,0.037986676,-0.595212508,0.860380947,-0.061945372,1.559585006,-0.525627703,-1.046497213,0.345192777,1.347637513,,,,,,,,
Kelly Oubre Jr.,1626162,2022-23,0,1610612766,CHA,27,48,40,32.25,7.354166667,17.0625,0.431,2.25,7.0625,0.319,3.291666667,4.333333333,0.76,1.354166667,3.833333333,5.1875,1.125,1.416666667,0.375,1.333333333,2.9375,20.25,Guard-Forward,0.455656787,0.749374652,1.571515016,0.538243008,-0.584849037,1.897491442,-0.142228201,1.269128952,-0.944161679,-0.014057057,-0.19870543,3.392377015,,,,,,,,
Kelly Oubre Jr.,1626162,2023-24,0,1610612755,PHI,28,68,52,30.22058824,5.691176471,12.91176471,0.441,1.485294118,4.779411765,0.311,2.558823529,3.411764706,0.75,1.382352941,3.632352941,5.014705882,1.485294118,1.132352941,0.691176471,1.279411765,2.852941176,15.42647059,Guard-Forward,0.457706719,0.748552556,0.844047005,0.467028453,-0.395664888,1.166739673,0.629431452,0.425097831,-0.523016147,-0.191616842,-0.133785542,2.288260995,,,,,,,,
Kelly Oubre Jr.,1626162,2024-25,0,1610612755,PHI,29,60,57,34.63333333,5.8,12.35,0.47,1.183333333,4.033333333,0.293,2.316666667,3.083333333,0.751,1.616666667,4.516666667,6.133333333,1.8,1.533333333,0.5,1.333333333,3,15.1,Guard-Forward,0.460978061,0.748601685,0.79480984,0.92805431,-0.230418325,2.197351649,0.162846545,0.091813747,0.149060259,-0.181005695,-0.19870543,3.713806901,,,,,,,,
Kemba Walker,202689,2020-21,0,1610612738,BOS,31,43,43,31.8372093,6.604651163,15.72093023,0.42,2.953488372,8.209302326,0.36,3.11627907,3.465116279,0.899,0.372093023,3.581395349,3.953488372,4.930232558,1.11627907,0.279069767,2.046511628,1.418604651,19.27906977,Guard,0.454448264,0.758210807,1.425082679,0.029663258,1.413212129,1.125426122,-0.376355332,2.045592287,-1.192445107,1.894411663,-1.057349879,5.30723782,,,,,,,,
Kemba Walker,202689,2021-22,0,1610612752,NYK,32,37,37,25.62162162,4.027027027,10,0.403,1.972972973,5.378378378,0.367,1.621621622,1.918918919,0.845,0.378378378,2.621621622,3,3.540540541,0.702702703,0.189189189,1.297297297,1,11.64864865,Guard,0.454694411,0.752022129,0.274288975,-0.363302956,0.683509119,0.062439589,-0.595717688,0.963365079,-1.141875869,0.557755684,-0.155319165,0.285142768,,,,,,,,
Skal Labissière,,2024-25,,,,28,4,0,3,0.5,1,0.5,0.3,,,0,0,,0.3,0.5,0.8,0.3,0,0,0,0.3,1.3,Forward-Center,0.460261239,,-1.286458397,-1.270000611,-1.018042131,-1.74366823,-1.057452438,-0.883150407,0.001793762,,1.406586365,-5.850392087,538,SAC,0.3,1,0.3,0.8,0.333,0.625
Kendrick Nunn,1629134,2020-21,0,1610612748,MIA,25,56,44,29.46428571,5.696428571,11.75,0.485,2.178571429,5.714285714,0.381,1,1.071428571,0.933,0.375,2.821428571,3.196428571,2.642857143,0.928571429,0.25,1.428571429,1.928571429,14.57142857,Guard,0.462506802,0.752325388,0.715092527,-0.282347808,0.212151243,0.642974245,-0.447302946,1.190290881,0.463130453,0.623254778,-0.31336913,2.80387424,,,,,,,,
Kendrick Nunn,1629134,2022-23,0,0,TOT,27,70,2,13.75714286,2.728571429,6.428571429,0.424,1.128571429,3.185714286,0.354,0.5,0.585714286,0.854,0.214285714,1.342857143,1.557142857,1.285714286,0.4,0.1,0.942857143,0.942857143,7.085714286,Guard,0.457697579,0.749675872,-0.413876993,-0.957955314,-0.500460772,-0.715576088,-0.813392641,0.031371226,-0.524894028,0.051001489,0.271415738,-3.572367384,,,,,,,,
Kenrich Williams,1629026,2020-21,0,1610612760,OKC,26,66,13,21.60606061,3.318181818,6.227272727,0.533,0.787878788,1.772727273,0.444,0.545454545,0.954545455,0.571,1.272727273,2.863636364,4.136363636,2.303030303,0.833333333,0.257575758,1.151515152,2.166666667,7.96969697,Guard-Forward,0.464151251,0.745129498,-0.280557784,0.10503261,0.033714103,0.398190399,-0.428813567,-0.344662486,0.800971995,-0.930942671,0.020197996,-0.626869406,,,,,,,,
Kenrich Williams,1629026,2021-22,0,1610612760,OKC,27,49,0,21.87755102,2.979591837,6.469387755,0.461,0.836734694,2.469387755,0.339,0.612244898,1.12244898,0.545,1.530612245,2.959183673,4.489795918,2.204081633,0.897959184,0.204081633,0.93877551,1.653061224,7.408163265,Guard-Forward,0.459932887,0.74398674,-0.365246354,0.250694528,-0.018242115,0.564293723,-0.55937122,-0.29073861,-0.065664064,-1.177760375,0.276329897,-1.38570459,,,,,,,,
Kenrich Williams,1629026,2022-23,0,1610612760,OKC,28,53,10,22.75471698,3.377358491,6.528301887,0.517,0.943396226,2.528301887,0.373,0.320754717,0.735849057,0.436,1.830188679,3.094339623,4.924528302,1.981132075,0.849056604,0.264150943,0.603773585,2.113207547,8.018867925,Guard-Forward,0.463365288,0.743922105,-0.273141991,0.429863089,-0.135309035,0.438602828,-0.412766184,-0.173012757,0.639500796,-1.191720409,0.679661778,0.001678115,,,,,,,,
Kenrich Williams,1629026,2023-24,0,1610612760,OKC,29,69,1,14.91304348,1.898550725,4.057971014,0.468,0.811594203,2.043478261,0.397,0.101449275,0.202898551,0.5,0.884057971,2.144927536,3.028985507,1.347826087,0.550724638,0.130434783,0.463768116,1.463768116,4.710144928,Guard-Forward,0.460181139,0.747449645,-0.772152142,-0.351357005,-0.46784695,-0.328179048,-0.739113572,-0.318487,-0.014662375,-0.429827893,0.848224002,-2.573401984,,,,,,,,
Kenrich Williams,1629026,2024-25,0,1610612760,OKC,30,69,7,16.4057971,2.47826087,5.130434783,0.483,0.956521739,2.47826087,0.386,0.405797101,0.565217391,0.718,0.942028986,2.550724638,3.492753623,1.405797101,0.623188406,0.144927536,0.565217391,1.594202899,6.31884058,Guard-Forward,0.460992911,0.748113377,-0.529534231,-0.160221795,-0.437407383,-0.141930471,-0.703742588,-0.158525695,0.152111078,-0.286472483,0.726082235,-1.539641335,,,,,,,,
Kent Bazemore,203145,2020-21,0,1610612744,GSW,31,67,18,19.91044776,2.626865672,5.850746269,0.449,1.119402985,2.746268657,0.408,0.805970149,1.164179104,0.692,0.388059701,3.029850746,3.417910448,1.611940299,1.029850746,0.492537313,1.223880597,2.358208955,7.179104478,Guard-Forward,0.459263368,0.747169251,-0.399792207,-0.191067309,-0.32916519,0.90328542,0.144633126,0.021251712,-0.203212552,-0.490388594,-0.066927746,-0.61138334,,,,,,,,
Kent Bazemore,203145,2021-22,0,1610612747,LAL,32,39,14,13.97435897,1.153846154,3.564102564,0.324,0.743589744,2.051282051,0.363,0.333333333,0.435897436,0.765,0.333333333,1.435897436,1.769230769,0.871794872,0.641025641,0.230769231,0.538461538,1.794871795,3.384615385,Guard-Forward,0.455188171,0.748596791,-0.972063919,-0.8705464,-0.717802628,-0.096084668,-0.494237522,-0.393545766,-1.040435987,-0.18206267,0.758295448,-4.008484112,,,,,,,,
Kentavious Caldwell-Pope,203484,2020-21,0,1610612747,LAL,28,67,67,28.3880597,3.253731343,7.552238806,0.431,1.791044776,4.373134328,0.41,1.447761194,1.671641791,0.866,0.402985075,2.268656716,2.671641791,1.895522388,0.925373134,0.388059701,0.985074627,1.701492537,9.746268657,Guard,0.457837053,0.752256555,-0.012621391,-0.498630964,-0.180261187,0.63475389,-0.110354721,0.762564924,-0.496239864,0.608387967,0.220587203,0.928185856,,,,,,,,
Kentavious Caldwell-Pope,203484,2021-22,0,1610612764,WAS,29,77,77,30.24675325,4.688311688,10.76623377,0.435,2.064935065,5.298701299,0.39,1.779220779,2,0.89,0.532467532,2.857142857,3.38961039,1.883116883,1.077922078,0.337662338,1.25974026,1.805194805,13.22077922,Guard,0.45744714,0.753897874,0.511392267,-0.202730762,-0.186775101,1.026839816,-0.233354423,1.064866675,-0.576345062,0.962886749,-0.110101663,2.256678497,,,,,,,,
Kentavious Caldwell-Pope,203484,2022-23,0,1610612743,DEN,30,76,76,31.32894737,3.842105263,8.315789474,0.462,1.776315789,4.197368421,0.423,1.355263158,1.644736842,0.824,0.460526316,2.276315789,2.736842105,2.407894737,1.473684211,0.460526316,1.131578947,1.907894737,10.81578947,Guard,0.460027852,0.750859719,0.148680036,-0.471759613,0.088776586,2.044039665,0.066507152,0.746308055,-0.046154299,0.306693721,0.044200566,2.927291868,,,,,,,,
Kentavious Caldwell-Pope,203484,2023-24,0,1610612743,DEN,31,76,76,31.60526316,3.552631579,7.723684211,0.46,1.644736842,4.052631579,0.406,1.328947368,1.486842105,0.894,0.407894737,2,2.407894737,2.407894737,1.289473684,0.552631579,0.986842105,1.986842105,10.07894737,Guard,0.459873613,0.752656887,0.037552061,-0.607330435,0.088776586,1.570576176,0.29129907,0.601080028,-0.077841522,0.694853283,0.218459214,2.817424461,,,,,,,,
Kentavious Caldwell-Pope,203484,2024-25,0,1610612753,ORL,32,77,77,29.5974026,3.103896104,7.064935065,0.439,1.467532468,4.285714286,0.342,1.064935065,1.233766234,0.863,0.428571429,1.766233766,2.194805195,1.766233766,1.285714286,0.441558442,0.805194805,1.766233766,8.74025974,Guard,0.458487101,0.751212189,-0.164344174,-0.695152157,-0.248148384,1.560913657,0.020214198,0.405493712,-0.362691761,0.382821676,0.437156905,1.336263671,,,,,,,,
Keon Ellis,1631165,2022-23,0,1610612758,SAC,23,16,0,4.4375,0.4375,1,0.438,0.375,0.75,0.5,0.25,0.4375,0.571,0.25,0.25,0.5,0.375,0.3125,0.0625,0.0625,0.625,1.5,Guard,0.459647378,0.746914537,-1.256295089,-1.393641201,-0.97866094,-0.940471244,-0.904915065,-0.800370432,-0.124320165,-0.545402849,1.331338312,-5.612738673,,,,,,,,
Keon Ellis,1631165,2023-24,0,1610612758,SAC,24,57,21,17.1754386,1.877192982,4.070175439,0.461,1.228070175,2.947368421,0.417,0.456140351,0.614035088,0.743,0.561403509,1.614035088,2.175438596,1.49122807,0.894736842,0.50877193,0.649122807,1.964912281,5.438596491,Guard,0.459908286,0.748387625,-0.662289598,-0.703133816,-0.392549073,0.556011562,0.1842553,0.141191276,-0.070718182,-0.227239226,0.625062728,-0.549409029,,,,,,,,
Keon Ellis,1631165,2024-25,0,1610612758,SAC,25,80,28,24.35,2.8375,5.8,0.489,1.7375,4.0125,0.433,0.9125,1.075,0.849,0.75,1.9,2.65,1.5,1.5125,0.7875,0.8875,2.2,8.325,Guard,0.461461108,0.750570033,-0.226972211,-0.50755031,-0.387943086,2.143805184,0.864518461,0.703465787,0.248299061,0.244126159,0.338064014,3.419813058,,,,,,,,
Keon Johnson,1630553,2021-22,0,0,TOT,20,37,12,18.81081081,2.594594595,7.351351351,0.353,0.918918919,2.702702703,0.34,1.108108108,1.378378378,0.804,0.648648649,1.540540541,2.189189189,2.054054054,0.756756757,0.324324324,1.243243243,1.864864865,7.216216216,Guard,0.452545884,0.749943982,-0.394195144,-0.697466711,-0.097018977,0.201370959,-0.265907152,-0.200029169,-1.583277031,0.108909039,-0.090239768,-3.017853954,,,,,,,,
Keon Johnson,1630553,2022-23,0,1610612757,POR,21,40,0,10.4,1.675,4.45,0.376,0.7,2.025,0.346,0.675,1.025,0.659,0.275,0.825,1.1,1.475,0.475,0.15,1.075,1.075,4.725,Guard,0.456290906,0.746656824,-0.769911751,-1.146360022,-0.401070149,-0.522808811,-0.691362743,-0.441657205,-0.81388595,-0.601064686,0.112319855,-5.275801462,,,,,,,,
D.J. Carton,,2024-25,,,,24,4,0,8.3,0.3,1.8,0.143,0,,,0.3,0.3,1,0,1,1,0.8,0.5,0,1,0.3,0.8,Guard,0.454261151,0.749954064,-1.361866666,-1.187573552,-0.755500862,-0.458553052,-1.057452438,-1.214270308,-1.230886314,0.111086737,0.202617519,-6.952398937,549,TOR,0.8,0,0.3,1,0.25,0.143
Keon Johnson,1630553,2024-25,0,1610612751,BKN,23,79,56,24.36708861,3.835443038,9.860759494,0.389,1.594936709,5.075949367,0.314,1.35443038,1.759493671,0.77,0.797468354,2.962025316,3.759493671,2.215189873,1.037974684,0.379746835,1.46835443,2.64556962,10.62025316,Guard,0.453503333,0.749186223,0.119189927,-0.050288806,-0.012409373,0.924165812,-0.130643085,0.546113978,-1.38657518,-0.054754781,-0.361266624,-0.406468133,,,,,,,,
Kessler Edwards,1630556,2021-22,0,1610612751,BKN,21,48,23,20.5625,2.291666667,5.5625,0.412,1,2.833333333,0.353,0.333333333,0.395833333,0.842,0.916666667,2.666666667,3.583333333,0.645833333,0.604166667,0.5,0.875,1.770833333,5.916666667,Forward,0.457341719,0.749188546,-0.590188709,-0.122890699,-0.836451087,-0.190820722,0.162846545,-0.110537304,-0.598003243,-0.054253014,0.353113624,-1.987184609,,,,,,,,
Kessler Edwards,1630556,2022-23,0,0,TOT,22,36,4,10.72222222,1,2.583333333,0.387,0.472222222,1.527777778,0.309,0.305555556,0.416666667,0.733,0.638888889,1.055555556,1.694444444,0.638888889,0.388888889,0.166666667,0.361111111,1.111111111,2.777777778,Forward,0.458028938,0.748326072,-1.063585067,-0.901368484,-0.840097493,-0.744134202,-0.65068611,-0.693063056,-0.456818485,-0.24053379,0.971819837,-4.618466849,,,,,,,,
Kessler Edwards,1630556,2023-24,0,1610612758,SAC,23,54,0,5.092592593,0.62962963,1.518518519,0.415,0.37037037,0.962962963,0.385,0.092592593,0.166666667,0.556,0.166666667,0.611111111,0.777777778,0.277777778,0.185185185,0.074074074,0.074074074,0.481481481,1.722222222,Forward,0.459192776,0.747814408,-1.222780303,-1.279159173,-1.029710631,-1.267699646,-0.876667404,-0.805480307,-0.217715202,-0.351045084,1.317403488,-5.732854262,,,,,,,,
Kessler Edwards,1630556,2024-25,0,1610612742,DAL,24,40,18,15.2,1.675,3.375,0.496,0.55,1.35,0.407,0.3,0.325,0.923,0.55,2.325,2.875,1.05,0.475,0.5,0.4,1.55,4.2,Forward,0.461043629,0.749581012,-0.849090434,-0.414819868,-0.624230228,-0.522808811,0.162846545,-0.607217156,0.162530804,0.030513406,0.924998827,-1.737276915,,,,,,,,
Kevin Durant,201142,2020-21,0,1610612751,BKN,32,35,32,33.05714286,9.257142857,17.22857143,0.537,2.428571429,5.4,0.45,6,6.8,0.882,0.371428571,6.685714286,7.057142857,5.571428571,0.714285714,1.285714286,3.428571429,2,26.94285714,Forward,0.471200215,0.764441716,2.580908566,1.308788824,1.749892959,0.092210595,2.080459234,1.466224132,2.249136849,3.240188579,-2.721306824,12.04650291,,,,,,,,
Kevin Durant,201142,2021-22,0,1610612751,BKN,33,55,55,37.21818182,10.50909091,20.27272727,0.518,2.090909091,5.454545455,0.383,6.763636364,7.436363636,0.91,0.527272727,6.872727273,7.4,6.381818182,0.872727273,0.945454545,3.472727273,2.054545455,29.87272727,Forward,0.469663066,0.769369395,3.022781438,1.450092354,2.175414392,0.4994419,1.250022002,1.093535065,1.933339484,4.304488881,-2.774469084,12.95464643,,,,,,,,
Kevin Durant,201142,2022-23,0,0,TOT,34,47,47,35.57446809,10.27659574,18.34042553,0.56,1.978723404,4.893617021,0.404,6.531914894,7.106382979,0.919,0.361702128,6.29787234,6.659574468,5,0.723404255,1.425531915,3.319148936,2.106382979,29.06382979,Forward,0.475382974,0.769676753,2.90078632,1.144936857,1.449845795,0.115647346,2.421697855,0.96971202,3.108458264,4.370873176,-2.589565551,13.89239208,,,,,,,,
Kevin Durant,201142,2023-24,0,1610612756,PHX,35,75,75,37.21333333,10.01333333,19.14666667,0.523,2.24,5.426666667,0.413,4.826666667,5.64,0.856,0.546666667,6.053333333,6.6,5.04,0.92,1.213333333,3.253333333,1.773333333,27.09333333,Forward,0.470009723,0.75935531,2.603602864,1.120384116,1.470849096,0.620943698,1.903806427,1.258091622,2.00455795,2.141605987,-2.510325615,10.61351614,,,,,,,,
Kevin Durant,201142,2024-25,0,1610612756,PHX,36,62,62,36.53225806,9.548387097,18.12903226,0.527,2.580645161,6,0.43,4.887096774,5.822580645,0.839,0.370967742,5.661290323,6.032258065,4.241935484,0.806451613,1.241935484,3.064516129,1.677419355,26.56451613,Forward,0.470167106,0.757898222,2.523848484,0.886397625,1.051799355,0.329098187,1.973612779,1.634072929,2.036891113,1.826898157,-2.282995584,9.979623044,,,,,,,,
Kevin Huerter,1628989,2020-21,0,1610612737,ATL,22,69,49,30.8115942,4.579710145,10.5942029,0.432,2.028985507,5.594202899,0.363,0.724637681,0.927536232,0.781,0.550724638,2.797101449,3.347826087,3.492753623,1.188405797,0.260869565,1.144927536,2.391304348,11.91304348,Guard-Forward,0.457194677,0.749046549,0.314164088,-0.219951548,0.658417043,1.310808425,-0.420774708,1.025187962,-0.628212102,-0.084922248,0.02812928,1.982846193,,,,,,,,
Kevin Huerter,1628989,2021-22,0,1610612737,ATL,23,74,60,29.56756757,4.662162162,10.27027027,0.454,2.162162162,5.554054054,0.389,0.567567568,0.702702703,0.808,0.432432432,3,3.432432432,2.743243243,0.743243243,0.351351351,1.22972973,2.5,12.05405405,Guard-Forward,0.459317709,0.749279056,0.335430815,-0.185082287,0.264862231,0.166638115,-0.199945045,1.172179431,-0.192048627,-0.034704301,-0.073969919,1.253360412,,,,,,,,
Kevin Huerter,1628989,2022-23,0,1610612758,SAC,24,75,75,29.37333333,5.6,11.54666667,0.485,2.733333333,6.8,0.402,1.266666667,1.746666667,0.725,0.56,2.786666667,3.346666667,2.946666667,1.066666667,0.32,1.293333333,2.413333333,15.2,Guard-Forward,0.462465801,0.747662125,0.809891494,-0.220429386,0.371676318,0.997910817,-0.276461089,1.802599904,0.454706888,-0.383935617,-0.150546676,3.405412655,,,,,,,,
Kevin Huerter,1628989,2023-24,0,1610612758,SAC,25,64,59,24.40625,3.875,8.75,0.443,1.921875,5.328125,0.361,0.5625,0.734375,0.766,0.59375,2.90625,3.5,2.59375,0.703125,0.359375,0.828125,2.109375,10.234375,Guard-Forward,0.45850699,0.748707769,0.060993118,-0.157235307,0.186365939,0.063524989,-0.180362544,0.90696656,-0.358605615,-0.158093337,0.409549664,0.773103468,,,,,,,,
Kevin Huerter,1628989,2024-25,0,0,TOT,26,69,31,24.33333333,3.724637681,8.753623188,0.425,1.913043478,5.666666667,0.338,0.507246377,0.710144928,0.714,0.434782609,2.536231884,2.971014493,2.260869565,0.956521739,0.333333333,0.971014493,1.753623188,9.869565217,Guard-Forward,0.457057646,0.747971298,0.005973769,-0.375248907,0.011576236,0.71481298,-0.243919783,0.897218918,-0.656364126,-0.317159244,0.237515166,0.274405009,,,,,,,,
Kevin Love,201567,2020-21,0,1610612739,CLE,32,25,25,24.88,4.12,10.08,0.409,2.28,6.24,0.365,1.68,2.04,0.824,0.68,6.76,7.44,2.52,0.64,0.08,1.52,1.04,12.2,Forward-Center,0.455206261,0.751415247,0.357441878,1.466577766,0.147641102,-0.098720802,-0.862204601,1.302240942,-1.036719535,0.426678841,-0.423446282,1.27948931,,,,,,,,
Kevin Love,201567,2021-22,0,1610612739,CLE,33,74,4,22.5,4.418918919,10.28378378,0.43,2.527027027,6.445945946,0.392,2.243243243,2.675675676,0.838,1.175675676,6.067567568,7.243243243,2.162162162,0.351351351,0.243243243,1.324324324,1.364864865,13.60810811,Forward-Center,0.457079096,0.753002314,0.569807869,1.385487362,-0.040253298,-0.840614322,-0.463793474,1.574892825,-0.651957388,0.76946001,-0.187858864,2.115170721,,,,,,,,
Kevin Love,201567,2022-23,0,0,TOT,34,62,20,19.98387097,2.661290323,6.838709677,0.389,1.596774194,4.774193548,0.334,1.290322581,1.467741935,0.879,0.951612903,5.483870968,6.435483871,1.870967742,0.258064516,0.193548387,1.129032258,1.564516129,8.209677419,Forward-Center,0.455327881,0.752176667,-0.244364763,1.052581212,-0.193154403,-1.080382977,-0.585078638,0.548142071,-1.011733501,0.591133549,0.0472667,-0.87559075,,,,,,,,
Kevin Love,201567,2023-24,0,1610612748,MIA,35,55,5,16.8,2.872727273,6.527272727,0.44,1.527272727,4.436363636,0.344,1.545454545,1.963636364,0.787,1.072727273,5.072727273,6.145454545,2.090909091,0.327272727,0.181818182,0.872727273,1.763636364,8.818181818,Forward-Center,0.458646729,0.749910399,-0.152592236,0.93304989,-0.077667041,-0.902501932,-0.613707353,0.471431008,-0.329897168,0.101655617,0.355849917,-0.214379299,,,,,,,,
Kevin Love,201567,2024-25,0,1610612748,MIA,36,23,9,10.91304348,1.782608696,5,0.357,1.043478261,2.913043478,0.358,0.695652174,1,0.696,0.956521739,3.130434783,4.086956522,0.956521739,0.652173913,0.173913043,0.608695652,0.913043478,5.304347826,Forward-Center,0.454965573,0.747425283,-0.682536517,0.084670194,-0.67331403,-0.067431041,-0.633000619,-0.062548912,-1.086167271,-0.435089735,0.673735763,-2.881682168,,,,,,,,
Kevin Porter Jr.,1629645,2020-21,0,1610612745,HOU,21,26,23,32.15384615,6,14.11538462,0.425,1.923076923,6.192307692,0.311,2.653846154,3.615384615,0.734,0.769230769,3.038461538,3.807692308,6.307692308,0.730769231,0.307692308,3.5,2.346153846,16.57692308,Guard-Forward,0.455551404,0.747479143,1.017554268,-0.030424446,2.13649219,0.134577031,-0.306499217,0.908293162,-0.965812107,-0.423456848,-2.807304598,-0.336580565,,,,,,,,
Kevin Porter Jr.,1629645,2021-22,0,1610612745,HOU,22,61,61,31.26229508,5.491803279,13.24590164,0.415,2.540983607,6.770491803,0.375,2.032786885,3.163934426,0.642,0.704918033,3.672131148,4.37704918,6.163934426,1.131147541,0.360655738,3.147540984,2.557377049,15.55737705,Guard-Forward,0.454616314,0.742118426,0.863789864,0.204227618,2.061007437,1.163641517,-0.177236777,1.590297163,-1.157920379,-1.581286317,-2.382954923,0.583565202,,,,,,,,
Kevin Porter Jr.,1629645,2022-23,0,1610612745,HOU,23,59,59,34.30508475,6.627118644,14.98305085,0.442,2.389830508,6.525423729,0.366,3.508474576,4.474576271,0.784,1.288135593,4.033898305,5.322033898,5.728813559,1.389830508,0.288135593,3.186440678,2.644067797,19.15254237,Guard-Forward,0.457536074,0.751373577,1.406000255,0.593689176,1.832533068,1.828516332,-0.354229296,1.423464499,-0.558074192,0.417678874,-2.429788943,4.159789773,,,,,,,,
Kevin Porter Jr.,1629645,2024-25,0,0,TOT,25,75,4,19.76,3.906666667,8.693333333,0.449,0.733333333,2.36,0.311,1.733333333,2.253333333,0.769,0.56,3.146666667,3.706666667,3.413333333,1.08,0.173333333,1.813333333,1.586666667,10.28,Guard-Forward,0.458994957,0.749339808,0.067874123,-0.072060679,0.616714835,1.032180555,-0.634415458,-0.404866105,-0.258355948,-0.021582839,-0.776610476,-0.451121992,,,,,,,,
Kevon Looney,1626172,2021-22,0,1610612744,GSW,26,82,80,21.12195122,2.536585366,4.43902439,0.571,0,0.012195122,0,0.914634146,1.524390244,0.6,2.536585366,4.731707317,7.268292683,2.012195122,0.609756098,0.634146341,0.817073171,2.62195122,5.987804878,Forward,0.464587527,0.744061665,-0.57945989,1.39581112,-0.118998371,-0.176454597,0.490243832,-1.214270308,0.890602183,-1.161577698,0.422855722,-0.051248008,,,,,,,,
Kevon Looney,1626172,2022-23,0,1610612744,GSW,27,82,70,23.87804878,2.951219512,4.682926829,0.63,0,0.012195122,0,1.146341463,1.890243902,0.606,3.341463415,5.926829268,9.268292683,2.524390244,0.634146341,0.609756098,0.548780488,2.743902439,7.048780488,Forward,0.467474789,0.74326452,-0.419447221,2.220081716,0.149946343,-0.113766054,0.430717055,-1.214270308,1.48377166,-1.333748216,0.745871754,1.949156728,,,,,,,,
Kevon Looney,1626172,2023-24,0,1610612744,GSW,28,74,36,16.13513514,1.878378378,3.148648649,0.597,0,0.013513514,0,0.756756757,1.121621622,0.675,1.932432432,3.72972973,5.662162162,1.797297297,0.378378378,0.391891892,0.675675676,2.094594595,4.513513514,Forward,0.464049981,0.746842194,-0.801807411,0.733868039,-0.231837467,-0.771148637,-0.101001883,-1.214270308,0.780166639,-0.561027777,0.593093901,-1.573964904,,,,,,,,
Kevon Looney,1626172,2024-25,0,1610612744,GSW,29,76,6,15.02631579,1.881578947,3.657894737,0.514,0.026315789,0.065789474,0.4,0.736842105,1.302631579,0.566,2.434210526,3.644736842,6.078947368,1.552631579,0.605263158,0.486842105,0.513157895,2.026315789,4.526315789,Forward,0.461774216,0.743821082,-0.799876616,0.905639934,-0.360307163,-0.188002488,0.130733413,-1.185224704,0.312625204,-1.213539836,0.788760246,-1.609192008,,,,,,,,
Khem Birch,203920,2020-21,0,0,TOT,28,67,22,22.82089552,2.820895522,5.671641791,0.497,0.194029851,0.776119403,0.25,1.358208955,1.925373134,0.705,2.597014925,3.179104478,5.776119403,1.328358209,0.71641791,0.746268657,0.656716418,1.686567164,7.194029851,Center,0.461857035,0.746842539,-0.397541214,0.780833841,-0.478069193,0.09769083,0.763889329,-1.000113158,0.32963982,-0.560953229,0.615920257,0.151297282,,,,,,,,
Khem Birch,203920,2021-22,0,1610612761,TOR,29,55,28,18.01818182,1.763636364,3.636363636,0.485,0,0.254545455,0,0.963636364,1.290909091,0.746,2.218181818,2.127272727,4.345454545,1.018181818,0.545454545,0.472727273,0.527272727,1.890909091,4.490909091,Center,0.460745822,0.748392031,-0.805216532,0.191206354,-0.640937399,-0.341724401,0.096284783,-1.214270308,0.101348163,-0.226287616,0.771766428,-2.067830528,,,,,,,,
Khem Birch,203920,2022-23,0,1610612761,TOR,30,20,0,8.1,0.95,1.6,0.594,0.05,0.1,0.5,0.2,0.25,0.8,0.4,0.85,1.25,0.35,0.25,0.25,0.4,1.2,2.15,Center,0.461976232,0.748710238,-1.158264339,-1.084539727,-0.991788004,-1.101110641,-0.447302946,-1.159083658,0.354128127,-0.157560037,0.924998827,-4.8205224,,,,,,,,
Khris Middleton,203114,2020-21,0,1610612749,MIL,29,68,68,33.36764706,7.514705882,15.79411765,0.476,2.220588235,5.367647059,0.414,3.117647059,3.470588235,0.898,0.794117647,5.176470588,5.970588235,5.441176471,1.088235294,0.132352941,2.617647059,2.352941176,20.36764706,Forward,0.462064795,0.758160309,1.589258138,0.860981311,1.681499856,1.053347157,-0.734432119,1.236666216,0.372322722,1.883504745,-1.744979145,6.198168881,,,,,,,,
Khris Middleton,203114,2021-22,0,1610612749,MIL,30,66,66,32.43939394,6.848484848,15.46969697,0.443,2.454545455,6.575757576,0.373,3.924242424,4.409090909,0.89,0.621212121,4.772727273,5.393939394,5.424242424,1.151515152,0.272727273,2.878787879,2.424242424,20.07575758,Forward,0.457604569,0.759924117,1.545236377,0.623323969,1.672608083,1.215990969,-0.39183481,1.494892522,-0.544002275,2.264459204,-2.059384557,5.821289483,,,,,,,,
Khris Middleton,203114,2022-23,0,1610612749,MIL,31,33,19,24.27272727,5.363636364,12.3030303,0.436,1.545454545,4.909090909,0.315,2.787878788,3.090909091,0.902,0.848484848,3.393939394,4.242424242,4.939393939,0.696969697,0.151515152,2.151515152,2.060606061,15.06060606,Forward,0.457249517,0.757393123,0.788868583,0.148743929,1.418022611,0.047704443,-0.687664866,0.49149888,-0.616945445,1.717804889,-1.183770851,2.124262172,,,,,,,,
Khris Middleton,203114,2023-24,0,1610612749,MIL,32,55,55,27.03636364,5.763636364,11.69090909,0.493,1.709090909,4.490909091,0.381,1.818181818,2.181818182,0.833,0.727272727,3.945454545,4.672727273,5.309090909,0.927272727,0.272727273,2.309090909,2.563636364,15.05454545,Forward,0.463332278,0.751988822,0.787954543,0.326086997,1.612144034,0.639636281,-0.39183481,0.672109736,0.632719194,0.550561966,-1.373487153,3.455890787,,,,,,,,
Khris Middleton,203114,2024-25,0,0,TOT,33,37,21,22.78378378,4.324324324,9.108108108,0.475,1.297297297,3.594594595,0.361,1.945945946,2.27027027,0.857,0.351351351,3.351351351,3.702702703,4.054054054,0.945945946,0.216216216,1.513513514,2.027027027,11.89189189,Forward,0.461127385,0.753168309,0.310974079,-0.073694368,0.953146097,0.687630756,-0.529755581,0.217599535,0.179737798,0.805312328,-0.415636755,2.135313889,,,,,,,,
Killian Hayes,1630165,2020-21,0,1610612765,DET,19,26,18,25.76923077,2.730769231,7.730769231,0.353,0.769230769,2.769230769,0.278,0.538461538,0.653846154,0.824,0.230769231,2.423076923,2.653846154,5.307692308,1.038461538,0.384615385,3.192307692,2.192307692,6.769230769,Guard,0.452195293,0.749428949,-0.461607942,-0.505965174,1.611409653,0.925417139,-0.118760912,-0.36524492,-1.655303823,-0.002329891,-2.436852645,-3.009238516,,,,,,,,
Killian Hayes,1630165,2021-22,0,1610612765,DET,20,66,40,24.95454545,2.666666667,6.954545455,0.383,0.666666667,2.53030303,0.263,0.863636364,1.121212121,0.77,0.545454545,2.636363636,3.181818182,4.196969697,1.181818182,0.53030303,1.681818182,2.772727273,6.863636364,Guard,0.454865905,0.74892635,-0.447370017,-0.288369265,1.028188606,1.293876737,0.236804059,-0.478448305,-1.106643503,-0.110883324,-0.618270332,-0.491115344,,,,,,,,
Killian Hayes,1630165,2022-23,0,1610612765,DET,21,76,56,28.34210526,4.039473684,10.72368421,0.377,1.052631579,3.763157895,0.28,1.210526316,1.473684211,0.821,0.368421053,2.539473684,2.907894737,6.184210526,1.368421053,0.368421053,2.276315789,2.881578947,10.34210526,Guard,0.451838416,0.750530777,0.077240623,-0.401262786,2.071654063,1.7734891,-0.158284765,-0.052446093,-1.72862179,0.235647348,-1.33402693,0.48338877,,,,,,,,
Killian Hayes,1630165,2023-24,0,1610612765,DET,22,42,31,24,2.785714286,6.738095238,0.413,0.523809524,1.761904762,0.297,0.785714286,1.19047619,0.66,0.261904762,2.571428571,2.833333333,4.880952381,0.857142857,0.476190476,1.214285714,1.785714286,6.880952381,Guard,0.45690546,0.746396724,-0.444758475,-0.431992172,1.387335969,0.459386361,0.104737069,-0.636124449,-0.687629807,-0.657242135,-0.055375805,-0.961663445,,,,,,,,
Brandon Knight,202688,2021-22,0,1610612742,DAL,30,5,0,13,2,5,0.4,0.8,3.4,0.235,1.6,1.6,1,0,1.6,1.6,1.6,0.2,0,0.8,1,6.4,Guard,0.457013192,0.756253671,-0.517294048,-0.940292373,-0.335434832,-1.229622159,-1.057452438,-0.331283905,-0.66549693,1.471701475,0.443411288,-3.161763922,,,,,,,,
Kira Lewis Jr.,1630184,2020-21,0,1610612740,NOP,20,54,0,16.74074074,2.407407407,6.240740741,0.386,0.740740741,2.222222222,0.333,0.796296296,0.944444444,0.843,0.222222222,1.092592593,1.314814815,2.296296296,0.703703704,0.185185185,0.62962963,1.62962963,6.351851852,Guard,0.455524978,0.750206554,-0.524555585,-1.057827254,0.030178194,0.065012392,-0.605489852,-0.396690305,-0.971241059,0.165620442,0.648531906,-2.646461122,,,,,,,,
Kira Lewis Jr.,1630184,2021-22,0,1610612740,NOP,21,24,0,14.20833333,2.458333333,6.083333333,0.404,0.541666667,2.416666667,0.224,0.416666667,0.5,0.833,0.375,1.25,1.625,2.041666667,0.458333333,0.041666667,1.083333333,0.708333333,5.875,Guard,0.456660347,0.74929088,-0.596472731,-0.929988991,-0.103523378,-0.565645984,-0.955760855,-0.616414931,-0.737986666,-0.032150531,0.102286782,-4.435657285,,,,,,,,
Kira Lewis Jr.,1630184,2022-23,0,1610612740,NOP,22,25,0,9.4,1.6,3.52,0.455,0.6,1.36,0.441,0.76,0.88,0.864,0.2,1.12,1.32,0.92,0.4,0.08,0.4,0.96,4.56,Guard,0.459698466,0.75045223,-0.79479648,-1.055690256,-0.692490957,-0.715576088,-0.862204601,-0.552030506,-0.113824504,0.218682473,0.924998827,-3.642932092,,,,,,,,
Kira Lewis Jr.,1630184,2023-24,0,0,TOT,23,28,0,9.428571429,1.214285714,3.285714286,0.37,0.142857143,1.178571429,0.121,0.607142857,0.714285714,0.85,0.321428571,0.607142857,0.928571429,1.321428571,0.321428571,0.071428571,0.5,0.464285714,3.178571429,Guard,0.457005112,0.749884017,-1.003138756,-1.217011787,-0.481707825,-0.917522759,-0.883124013,-1.056594165,-0.667156873,0.095957639,0.804601942,-5.325696597,,,,,,,,
Klay Thompson,202691,2021-22,0,1610612744,GSW,32,32,32,29.40625,7.6875,17.90625,0.429,3.5625,9.25,0.385,1.4375,1.59375,0.902,0.46875,3.4375,3.90625,2.75,0.5,0.53125,1.34375,1.6875,20.375,Guard,0.455176604,0.753196888,1.590367083,0.010194658,0.268410086,-0.458553052,0.239115232,2.717778521,-1.042812382,0.811484972,-0.211246772,3.924738345,,,,,,,,
Klay Thompson,202691,2022-23,0,1610612744,GSW,33,69,69,33.02898551,7.913043478,18.14492754,0.436,4.362318841,10.5942029,0.412,1.68115942,1.913043478,0.879,0.565217391,3.579710145,4.144927536,2.362318841,0.710144928,0.420289855,1.782608696,1.884057971,21.86956522,Guard,0.456198795,0.753264537,1.815772237,0.108562095,0.064845479,0.081567821,-0.031693873,3.600564974,-0.83280965,0.826096069,-0.73961897,4.893286181,,,,,,,,
Klay Thompson,202691,2023-24,0,1610612744,GSW,34,77,63,29.66233766,6.363636364,14.71428571,0.432,3.480519481,8.987012987,0.387,1.649350649,1.779220779,0.927,0.454545455,2.844155844,3.298701299,2.285714286,0.649350649,0.454545455,1.519480519,1.649350649,17.85714286,Guard,0.456289784,0.754588936,1.210632584,-0.240197607,0.024621765,-0.07468748,0.051910275,2.627293916,-0.814116627,1.112145114,-0.422820843,3.474781098,,,,,,,,
Klay Thompson,202691,2024-25,0,1610612742,DAL,35,72,72,27.29166667,5.013888889,12.18055556,0.412,3,7.680555556,0.391,0.930555556,1.027777778,0.905,0.611111111,2.805555556,3.416666667,2.013888889,0.694444444,0.416666667,1.222222222,1.125,13.95833333,Guard,0.454666799,0.75160687,0.622627625,-0.191579915,-0.118109004,0.041213961,-0.040536618,2.096928706,-1.147548588,0.468066373,-0.064931114,1.666131425,,,,,,,,
Chaundee Brown Jr.,1630602,2021-22,0,0,TOT,23,5,2,20.8,2,6.4,0.313,1.2,3.6,0.333,1,1.2,0.833,0.2,3,3.2,0.8,0.4,0,0.2,1.4,6.2,Forward,0.451029936,0.750435341,-0.547457356,-0.280875896,-0.755500862,-0.715576088,-1.057452438,0.110209297,-1.894718971,0.215034732,1.165792596,-3.760544986,,,,,,,,
Kris Dunn,1627739,2022-23,0,1610612762,UTA,29,22,3,25.81818182,5.272727273,9.818181818,0.537,0.772727273,1.636363636,0.472,1.863636364,2.409090909,0.774,0.409090909,4.136363636,4.545454545,5.636363636,1.136363636,0.454545455,1.590909091,2.636363636,13.18181818,Guard,0.46676013,0.749628073,0.505516297,0.273633413,1.783989227,1.177048083,0.051910275,-0.361385714,1.336949589,0.040677693,-0.508818618,4.299520246,,,,,,,,
Kris Dunn,1627739,2023-24,0,1610612762,UTA,30,66,32,18.92424242,2.227272727,4.742424242,0.47,0.621212121,1.681818182,0.369,0.333333333,0.484848485,0.688,0.757575758,2.106060606,2.863636364,3.848484848,1.03030303,0.424242424,1.196969697,2.045454545,5.409090909,Guard,0.460322786,0.7478732,-0.666739528,-0.419503224,0.845205297,0.904447894,-0.022047241,-0.528617988,0.014438186,-0.338346786,-0.03452786,-0.245691249,,,,,,,,
Kris Dunn,1627739,2024-25,0,1610612746,LAC,31,74,58,24.09459459,2.594594595,5.905405405,0.439,1.013513514,3.027027027,0.335,0.202702703,0.297297297,0.682,0.716216216,2.675675676,3.391891892,2.837837838,1.72972973,0.364864865,1,2.662162162,6.405405405,Guard,0.45870046,0.748060994,-0.516478824,-0.201790474,0.314532201,2.70213563,-0.166963991,-0.095621992,-0.318858508,-0.297786379,0.202617519,1.62178518,,,,,,,,
Kristaps Porziņģis,204001,2020-21,0,1610612742,DAL,25,43,43,30.86046512,7.558139535,15.88372093,0.476,2.255813953,6,0.376,2.744186047,3.209302326,0.855,1.906976744,6.953488372,8.860465116,1.581395349,0.465116279,1.348837209,1.186046512,2.674418605,20.11627907,Forward-Center,0.462075569,0.75488009,1.551347688,2.05200158,-0.345203809,-0.548212251,2.234516911,1.275546004,0.374536365,1.175029791,-0.021376686,7.748185594,,,,,,,,
Kristaps Porziņģis,204001,2021-22,0,0,TOT,26,51,51,29.03921569,6.901960784,15.03921569,0.459,1.529411765,4.941176471,0.31,4.862745098,5.607843137,0.867,2,6.058823529,8.058823529,2.333333333,0.725490196,1.647058824,1.588235294,2.68627451,20.19607843,Forward-Center,0.459750919,0.760408731,1.563382751,1.721616786,0.049625695,0.121008695,2.962355978,0.473791934,-0.103048243,2.369128199,-0.50559945,8.652262346,,,,,,,,
Kristaps Porziņģis,204001,2022-23,0,1610612764,WAS,27,65,65,32.61538462,7.8,15.66153846,0.498,2.107692308,5.476923077,0.385,5.446153846,6.4,0.851,1.753846154,6.646153846,8.4,2.676923077,0.892307692,1.538461538,2.107692308,3.015384615,23.15384615,Forward-Center,0.465027805,0.760090238,2.009463042,1.862227652,0.23003867,0.549768087,2.697313663,1.112059256,0.981054384,2.300338824,-1.131009512,10.61125407,,,,,,,,
Kristaps Porziņģis,204001,2023-24,0,1610612738,BOS,28,57,57,29.64912281,6.807017544,13.19298246,0.516,1.929824561,5.140350877,0.375,4.543859649,5.298245614,0.858,1.701754386,5.473684211,7.175438596,2.01754386,0.736842105,1.947368421,1.561403509,2.736842105,20.0877193,Forward-Center,0.466406689,0.75894965,1.547040403,1.357542673,-0.116189843,0.150185716,3.69529097,0.915740753,1.26433732,2.05399001,-0.473294817,10.39464319,,,,,,,,
Kristaps Porziņģis,204001,2024-25,0,1610612738,BOS,29,42,42,28.80952381,6.595238095,13.66666667,0.483,2.452380952,5.952380952,0.412,3.833333333,4.738095238,0.809,1.619047619,5.142857143,6.761904762,2.071428571,0.738095238,1.5,1.261904762,2.761904762,19.47619048,Forward-Center,0.462645617,0.753694631,1.454811742,1.187110783,-0.087895922,0.153406556,2.603444512,1.492503488,0.491649096,0.918989513,-0.112707656,8.101312115,,,,,,,,
Kyle Anderson,203937,2020-21,0,1610612763,MEM,27,69,69,27.34782609,4.463768116,9.536231884,0.468,1.362318841,3.782608696,0.36,2.086956522,2.666666667,0.783,0.753623188,4.985507246,5.739130435,3.623188406,1.217391304,0.826086957,1.246376812,1.739130435,12.37681159,Guard-Forward,0.460572185,0.750202964,0.38410799,0.765589382,0.72690607,1.385307855,0.958693709,0.289365959,0.065675648,0.164845093,-0.094012488,4.646479218,,,,,,,,
Kyle Anderson,203937,2021-22,0,1610612763,MEM,28,69,11,21.50724638,3.028985507,6.797101449,0.446,0.52173913,1.579710145,0.33,0.971014493,1.52173913,0.638,1,4.333333333,5.333333333,2.652173913,1.115942029,0.652173913,1.028985507,1.565217391,7.550724638,Guard-Forward,0.458981487,0.745191441,-0.343745741,0.598346072,0.217043316,1.124559849,0.534241888,-0.638409611,-0.261123258,-0.917564136,0.167719871,0.48106825,,,,,,,,
Kyle Anderson,203937,2022-23,0,1610612750,MIN,29,69,46,28.36231884,3.652173913,7.173913043,0.509,0.623188406,1.52173913,0.41,1.449275362,1.971014493,0.735,0.956521739,4.376811594,5.333333333,4.855072464,1.130434783,0.913043478,1.492753623,2.115942029,9.376811594,Guard-Forward,0.463152884,0.74794355,-0.068341627,0.598346072,1.373746877,1.161809565,1.170919618,-0.526436697,0.595863803,-0.323152285,-0.390642493,3.592112834,,,,,,,,
Kyle Anderson,203937,2023-24,0,1610612750,MIN,30,79,10,22.55696203,2.518987342,5.481012658,0.46,0.139240506,0.607594937,0.229,1.227848101,1.734177215,0.708,0.759493671,2.696202532,3.455696203,4.189873418,0.898734177,0.594936709,1.151898734,1.620253165,6.405063291,Guard-Forward,0.459870926,0.747097741,-0.51653042,-0.175494466,1.024462474,0.566285634,0.394548884,-1.060585966,-0.07839358,-0.505833709,0.019736175,-0.331804975,,,,,,,,
Kyle Anderson,203937,2024-25,0,0,TOT,31,61,4,16.42622951,2.327868852,4.967213115,0.469,0.409836066,1.147540984,0.357,0.786885246,1.06557377,0.738,0.868852459,2.508196721,3.37704918,2.37704918,0.655737705,0.540983607,0.606557377,1.327868852,5.852459016,Guard-Forward,0.460296189,0.748235652,-0.599872284,-0.20790768,0.072580123,-0.058271275,0.262871053,-0.761920716,0.008973864,-0.260062979,0.67631018,-0.867299715,,,,,,,,
Kyle Kuzma,1628398,2020-21,0,1610612747,LAL,25,68,32,28.73529412,4.926470588,11.13235294,0.443,2.014705882,5.588235294,0.361,0.985294118,1.426470588,0.691,1.588235294,4.544117647,6.132352941,1.867647059,0.514705882,0.602941176,1.661764706,1.779411765,12.85294118,Forward,0.458174566,0.746860132,0.455916206,0.927650256,-0.194898035,-0.420755548,0.41408457,1.009427068,-0.426900131,-0.557153358,-0.594126571,0.613244457,,,,,,,,
Kyle Kuzma,1628398,2021-22,0,1610612764,WAS,26,66,66,33.39393939,6.409090909,14.18181818,0.452,1.939393939,5.681818182,0.341,2.363636364,3.318181818,0.712,1.060606061,7.439393939,8.5,3.53030303,0.636363636,0.863636364,2.560606061,1.939393939,17.12121212,Forward,0.458887131,0.746185139,1.099642057,1.903441182,0.678133581,-0.108067095,1.050336716,0.926302791,-0.280508019,-0.702941181,-1.676303561,2.890036471,,,,,,,,
Kyle Kuzma,1628398,2022-23,0,1610612764,WAS,27,64,64,34.984375,8,17.84375,0.448,2.5,7.515625,0.333,2.703125,3.703125,0.73,0.859375,6.375,7.234375,3.734375,0.5625,0.453125,2.96875,2.265625,21.203125,Forward,0.458067443,0.747181299,1.71526203,1.381832446,0.785288209,-0.297913655,0.048443515,1.545062203,-0.448907888,-0.487786454,-2.167696148,2.073584258,,,,,,,,
Kyle Kuzma,1628398,2023-24,0,1610612764,WAS,28,70,70,32.58571429,8.685714286,18.75714286,0.463,2.157142857,6.428571429,0.336,2.657142857,3.428571429,0.775,0.885714286,5.742857143,6.628571429,4.228571429,0.528571429,0.7,2.742857143,2.185714286,22.18571429,Forward,0.460359192,0.750157289,1.863452746,1.132159411,1.044782123,-0.385117898,0.650966138,1.166639459,0.021917489,0.154980006,-1.895728186,3.754051288,,,,,,,,
Kyle Kuzma,1628398,2024-25,0,0,TOT,29,65,62,29.78461538,5.692307692,13.04615385,0.436,1.476923077,4.815384615,0.307,1.969230769,3.107692308,0.634,0.830769231,4.861538462,5.692307692,2.338461538,0.553846154,0.292307692,2.246153846,1.830769231,14.83076923,Forward,0.457109831,0.741756319,0.754205388,0.746292076,0.052318426,-0.320156032,-0.344046879,0.415858437,-0.645643141,-1.659495656,-1.29771289,-2.298380272,,,,,,,,
Kyle Lowry,200768,2020-21,0,1610612761,TOR,35,46,46,34.82608696,5.652173913,12.95652174,0.436,2.847826087,7.195652174,0.396,3.043478261,3.47826087,0.875,0.760869565,4.608695652,5.369565217,7.347826087,0.97826087,0.304347826,2.739130435,3.108695652,17.19565217,Guard,0.457126582,0.756684437,1.110868848,0.61327851,2.682648274,0.770687554,-0.314661753,1.928969336,-0.642201784,1.564739931,-1.891241345,5.823087571,,,,,,,,
Kyle Lowry,200768,2021-22,0,1610612748,MIA,36,63,63,33.85714286,4.380952381,9.952380952,0.44,2.285714286,6.063492063,0.377,2.349206349,2.761904762,0.851,0.523809524,3.952380952,4.476190476,7.523809524,1.063492063,0.26984127,2.666666667,2.80952381,13.3968254,Guard,0.458065868,0.753821731,0.537942942,0.245087245,2.775054103,0.989751354,-0.398878383,1.308547988,-0.449231402,0.946441164,-1.803997226,4.150717785,,,,,,,,
Kyle Lowry,200768,2022-23,0,1610612748,MIA,37,55,44,31.23636364,3.563636364,8.818181818,0.404,1.945454545,5.636363636,0.345,2.109090909,2.454545455,0.859,0.781818182,3.309090909,4.090909091,5.109090909,1.036363636,0.381818182,1.872727273,2.6,11.18181818,Guard,0.455336873,0.753626662,0.203883219,0.086299187,1.507127526,0.920025047,-0.12558776,0.932992082,-1.009886071,0.904309261,-0.84811893,2.571043562,,,,,,,,
Kyle Lowry,200768,2023-24,0,0,TOT,38,60,55,28.16666667,2.716666667,6.283333333,0.432,1.633333333,4.166666667,0.392,1.05,1.25,0.84,0.566666667,2.666666667,3.233333333,4.216666667,0.983333333,0.35,1.416666667,2.433333333,8.116666667,Guard,0.458216577,0.750686623,-0.258392323,-0.267138053,1.038531141,0.783724953,-0.20324315,0.588493599,-0.41826918,0.269307769,-0.299036168,1.233978588,,,,,,,,
Kyle Lowry,200768,2024-25,0,1610612755,PHI,39,35,12,18.82857143,1.171428571,3.342857143,0.35,0.828571429,2.514285714,0.33,0.771428571,0.942857143,0.818,0.314285714,1.6,1.914285714,2.742857143,0.942857143,0.314285714,0.6,1.771428571,3.942857143,Guard,0.456310058,0.749740959,-0.88787183,-0.810764137,0.264659496,0.67969182,-0.290407364,-0.299748675,-0.809951302,0.065059424,0.684205057,-1.40512751,,,,,,,,
Kyrie Irving,202681,2020-21,0,1610612751,BKN,29,54,54,34.92592593,10.16666667,20.11111111,0.506,2.814814815,7,0.402,3.722222222,4.037037037,0.922,0.962962963,3.796296296,4.759259259,6,1.407407407,0.685185185,2.407407407,2.592592593,26.87037037,Guard,0.467588776,0.761419201,2.569976362,0.361749883,1.974928332,1.873693011,0.614809131,1.892533705,1.507189618,2.58737369,-1.491857154,11.89039658,,,,,,,,
Kyrie Irving,202681,2021-22,0,1610612751,BKN,30,29,29,37.65517241,9.965517241,21.24137931,0.469,3.448275862,8.24137931,0.418,4.068965517,4.448275862,0.915,0.551724138,3.827586207,4.379310345,5.75862069,1.413793103,0.586206897,2.517241379,2.793103448,27.44827586,Guard,0.461464497,0.762060161,2.657134068,0.205159524,1.848184272,1.890105721,0.373242923,2.59170557,0.248995328,2.725810685,-1.624093835,10.91624425,,,,,,,,
Kyrie Irving,202681,2022-23,0,0,TOT,31,60,60,37.35,9.9,20.05,0.494,3.133333333,8.266666667,0.379,4.116666667,4.55,0.905,0.983333333,4.083333333,5.066666667,5.516666667,1.1,0.75,2.133333333,2.75,27.05,Guard,0.465565058,0.761511264,2.597067481,0.488443326,1.721138439,1.083585162,0.772996037,2.244093106,1.091429584,2.607257695,-1.161880507,11.44413032,,,,,,,,
Kyrie Irving,202681,2023-24,0,1610612742,DAL,32,58,58,35,9.689655172,19.5,0.497,2.982758621,7.25862069,0.411,3.275862069,3.620689655,0.905,0.75862069,4.24137931,5,5.155172414,1.275862069,0.482758621,1.827586207,1.931034483,25.63793103,Guard,0.465923725,0.759024433,2.384104126,0.46096764,1.53132412,1.53559119,0.120767271,2.077898827,1.165115572,2.070141921,-0.793770493,10.55214017,,,,,,,,
Kyrie Irving,202681,2024-25,0,1610612742,DAL,33,50,50,36.08,8.94,18.9,0.473,2.88,7.18,0.401,3.92,4.28,0.916,1.2,3.6,4.8,4.62,1.32,0.46,2.22,2.02,24.68,Guard,0.461951936,0.761664876,2.239632284,0.37854058,1.250314431,1.64903584,0.065222626,1.964480745,0.349136632,2.640435368,-1.266224474,9.270574032,,,,,,,,
LaMarcus Aldridge,200746,2020-21,0,0,TOT,35,26,23,25.92307692,5.384615385,11.38461538,0.473,1.192307692,3.076923077,0.388,1.576923077,1.807692308,0.872,0.730769231,3.807692308,4.538461538,1.884615385,0.423076923,1.115384615,1.038461538,1.807692308,13.53846154,Forward-Center,0.461206497,0.752764607,0.559304015,0.270751348,-0.185988263,-0.656263079,1.664752985,0.101719043,0.195990892,0.718119133,0.156311025,2.824697098,,,,,,,,
LaMarcus Aldridge,200746,2021-22,0,1610612751,BKN,36,47,12,22.34042553,5.361702128,9.744680851,0.55,0.29787234,0.978723404,0.304,1.893617021,2.170212766,0.873,1.553191489,3.936170213,5.489361702,0.893617021,0.29787234,1,0.936170213,1.659574468,12.91489362,Forward-Center,0.467867411,0.753634749,0.465259659,0.66265087,-0.706344199,-0.978067699,1.383145528,-0.885498776,1.564433356,0.906055897,0.279466594,2.691101231,,,,,,,,
LaMelo Ball,1630163,2020-21,0,1610612766,CHA,19,51,31,28.80392157,5.745098039,13.17647059,0.436,1.803921569,5.117647059,0.352,2.450980392,3.235294118,0.758,1.235294118,4.68627451,5.921568627,6.137254902,1.588235294,0.352941176,2.843137255,2.666666667,15.74509804,Guard,0.457085524,0.749033945,0.892101294,0.8407786,2.046998484,2.338462335,-0.196064922,0.776777465,-0.650636831,-0.087644338,-2.016462316,3.944309772,,,,,,,,
LaMelo Ball,1630163,2021-22,0,1610612766,CHA,20,75,75,32.29333333,7.173333333,16.72,0.429,2.933333333,7.533333333,0.389,2.826666667,3.24,0.872,1.44,5.24,6.68,7.613333333,1.586666667,0.4,3.266666667,3.16,20.10666667,Guard,0.455442642,0.755972379,1.549897979,1.15335494,2.822061492,2.334430603,-0.081213252,2.023346505,-0.988156491,1.410946742,-2.526378534,7.698289984,,,,,,,,
LaMelo Ball,1630163,2022-23,0,1610612766,CHA,21,36,36,35.22222222,8.222222222,20.02777778,0.411,4,10.63888889,0.376,2.833333333,3.388888889,0.836,1.166666667,5.25,6.416666667,8.444444444,1.277777778,0.305555556,3.583333333,3.277777778,23.27777778,Guard,0.451710453,0.754010832,2.028153981,1.044825978,3.258463423,1.540515003,-0.311714169,3.20066171,-1.754911095,0.987283993,-2.907635335,7.085643491,,,,,,,,
LaMelo Ball,1630163,2023-24,0,1610612766,CHA,22,22,22,32.31818182,8.318181818,19.22727273,0.433,3.181818182,8.954545455,0.355,4.090909091,4.727272727,0.865,1.318181818,3.818181818,5.136363636,8,1.818181818,0.181818182,3.772727273,3.590909091,23.90909091,Guard,0.455531633,0.758520903,2.123366443,0.517167907,3.025093407,2.929477872,-0.613707353,2.297607434,-0.969873818,1.961387484,-3.135659738,8.134859638,,,,,,,,
LaMelo Ball,1630163,2024-25,0,1610612766,CHA,23,47,47,32.0212766,8.638297872,21.34042553,0.405,3.808510638,11.23404255,0.339,4.106382979,4.872340426,0.843,1,3.936170213,4.936170213,7.361702128,1.14893617,0.276595745,3.553191489,3.340425532,25.19148936,Guard,0.450214817,0.756848935,2.316773339,0.434661131,2.689934341,1.209362391,-0.382393425,2.989308582,-2.062179901,1.600268973,-2.871345494,5.924389937,,,,,,,,
Lamar Stevens,1630205,2021-22,0,1610612739,CLE,24,63,13,16.11111111,2.476190476,5.063492063,0.489,0.285714286,1.031746032,0.277,0.841269841,1.19047619,0.707,0.746031746,1.857142857,2.603174603,0.698412698,0.492063492,0.285714286,0.650793651,1.682539683,6.079365079,Forward,0.461268057,0.747489747,-0.565651097,-0.526848709,-0.80884258,-0.478951706,-0.360138733,-0.898918021,0.208637957,-0.421166524,0.623051084,-3.228828329,,,,,,,,
Lamar Stevens,1630205,2022-23,0,1610612739,CLE,25,62,25,18.08064516,2.080645161,4.64516129,0.448,0.483870968,1.532258065,0.316,0.64516129,0.919354839,0.702,0.774193548,2.564516129,3.338709677,0.532258065,0.435483871,0.306451613,0.435483871,1.274193548,5.290322581,Forward,0.45933722,0.74761506,-0.684651756,-0.223708742,-0.896087476,-0.624374365,-0.309527255,-0.680205951,-0.188040232,-0.394100897,0.882277351,-3.118419323,,,,,,,,
Lamar Stevens,1630205,2023-24,0,0,TOT,26,38,3,14.71052632,2.842105263,6.315789474,0.45,0.368421053,1.210526316,0.304,1.105263158,1.421052632,0.778,0.947368421,2.394736842,3.342105263,0.736842105,0.605263158,0.578947368,0.631578947,1.184210526,7.157894737,Forward,0.45927788,0.749270317,-0.402990987,-0.222309302,-0.78866397,-0.188002488,0.355525331,-0.807631833,-0.200231105,-0.036591889,0.646184989,-1.644711253,,,,,,,,
Lamar Stevens,1630205,2024-25,0,1610612763,MEM,27,17,1,9.176470588,1.705882353,3.705882353,0.46,0.470588235,1.588235294,0.296,0.470588235,0.647058824,0.727,0.235294118,2,2.235294118,0.470588235,0.294117647,0.176470588,0.588235294,0.882352941,4.352941176,Forward,0.459868717,0.748179699,-0.826024375,-0.678465242,-0.928469227,-0.987718125,-0.62675868,-0.694866542,-0.078847477,-0.272148016,0.698369397,-4.394928289,,,,,,,,
Landry Shamet,1629013,2020-21,0,1610612751,BKN,24,61,12,23,3.049180328,7.475409836,0.408,2.114754098,5.459016393,0.387,1.081967213,1.278688525,0.846,0.180327869,1.655737705,1.836065574,1.62295082,0.508196721,0.163934426,0.786885246,1.524590164,9.295081967,Guard,0.456256482,0.750886207,-0.080667806,-0.843001417,-0.323383757,-0.437485591,-0.657354411,1.119853586,-0.820958237,0.312414711,0.459201043,-1.27138188,,,,,,,,
Landry Shamet,1629013,2021-22,0,1610612756,PHX,25,69,14,20.82608696,2.768115942,7.028985507,0.394,1.782608696,4.84057971,0.368,0.985507246,1.173913043,0.84,0.231884058,1.594202899,1.826086957,1.565217391,0.405797101,0.130434783,0.594202899,1.333333333,8.304347826,Guard,0.455538331,0.750553829,-0.2300869,-0.847113958,-0.353698573,-0.700676203,-0.739113572,0.753253744,-0.96849772,0.240626404,0.691184586,-2.154122191,,,,,,,,
Landry Shamet,1629013,2022-23,0,1610612756,PHX,26,40,9,20.175,2.825,7.5,0.377,1.875,4.975,0.377,1.125,1.275,0.882,0.275,1.4,1.675,2.325,0.65,0.125,0.9,1.525,8.65,Guard,0.454082653,0.751774538,-0.177956836,-0.909382226,0.045250008,-0.073018498,-0.752377692,0.855229075,-1.267557646,0.504280048,0.323014403,-1.452519363,,,,,,,,
Landry Shamet,1629013,2023-24,0,1610612764,WAS,27,46,5,15.80434783,2.565217391,5.956521739,0.431,1.152173913,3.413043478,0.338,0.826086957,1,0.826,0.347826087,1,1.347826087,1.173913043,0.543478261,0.217391304,0.652173913,1.652173913,7.108695652,Guard,0.458241222,0.749974303,-0.410411023,-1.044222144,-0.559165652,-0.346803906,-0.526887664,0.057422067,-0.413205902,0.115457894,0.621389291,-2.506427038,,,,,,,,
Landry Shamet,1629013,2024-25,0,1610612752,NYK,28,50,0,15.24,2.12,4.6,0.461,1.24,3.12,0.397,0.24,0.36,0.667,0.22,1,1.22,0.54,0.46,0.04,0.44,1.04,5.72,Guard,0.459913816,0.747871514,-0.619849295,-1.096903786,-0.892022322,-0.561362266,-0.959828519,0.154358617,-0.069582121,-0.338710998,0.876840073,-3.507060617,,,,,,,,
Langston Galloway,204038,2020-21,0,1610612756,PHX,29,40,0,10.95,1.65,3.675,0.449,0.9,2.125,0.424,0.55,0.575,0.957,0.175,0.875,1.05,0.65,0.2,0,0.325,0.625,4.75,Guard,0.459478757,0.750824804,-0.766141338,-1.166966787,-0.834263242,-1.229622159,-1.057452438,-0.220910604,-0.158962188,0.299152522,1.01529649,-4.119869744,,,,,,,,
Devin Cannady,1629962,2021-22,0,1610612753,ORL,26,5,0,29,3,8.8,0.341,3,7.4,0.405,1,1.4,0.714,0.2,1,1.2,2,1,0.6,1,1.8,10,Guard,0.450249864,0.747515359,0.025645492,-1.105146492,-0.125401817,0.826562126,0.406906342,2.096928706,-2.054979837,-0.415634836,0.202617519,-0.142502799,,,,,,,,
Larry Nance Jr.,1626204,2020-21,0,1610612739,CLE,28,35,27,31.17142857,3.657142857,7.771428571,0.471,1.171428571,3.257142857,0.36,0.857142857,1.4,0.612,1.542857143,5.171428571,6.714285714,3.057142857,1.742857143,0.485714286,1.571428571,2.057142857,9.342857143,Forward-Center,0.460666883,0.744737149,-0.073462519,1.167485293,0.429685437,2.735876105,0.127980861,0.078674068,0.08513059,-1.015683964,-0.485364679,3.05032119,,,,,,,,
Larry Nance Jr.,1626204,2021-22,0,0,TOT,29,46,11,22.60869565,2.804347826,5.369565217,0.522,0.5,1.52173913,0.329,0.869565217,1.239130435,0.702,1.565217391,3.826086957,5.391304348,1.760869565,0.934782609,0.434782609,0.804347826,1.826086957,6.97826087,Forward-Center,0.46303027,0.747330384,-0.430082745,0.622237974,-0.250965033,0.658938408,0.003677113,-0.662403806,0.570673511,-0.455586515,0.438176641,0.494665548,,,,,,,,
Larry Nance Jr.,1626204,2022-23,0,1610612740,NOP,30,65,1,21.24615385,2.861538462,4.692307692,0.61,0.215384615,0.646153846,0.333,0.846153846,1.215384615,0.696,1.630769231,3.815384615,5.446153846,1.830769231,0.861538462,0.569230769,0.646153846,2.046153846,6.784615385,Forward-Center,0.466592952,0.747209016,-0.459287687,0.644843388,-0.214261939,0.470684078,0.331811019,-0.9765432,1.30260389,-0.481800034,0.628637265,1.246686779,,,,,,,,
Larry Nance Jr.,1626204,2023-24,0,1610612740,NOP,31,61,0,19.93442623,2.262295082,3.950819672,0.573,0.442622951,1.06557377,0.415,0.770491803,1,0.77,1.540983607,3.491803279,5.032786885,1.852459016,1,0.31147541,0.803278689,1.606557377,5.737704918,Forward-Center,0.464163775,0.748876264,-0.6171791,0.474480272,-0.202873011,0.826562126,-0.297266186,-0.725732749,0.803544896,-0.121701084,0.439463849,0.579299013,,,,,,,,
Larry Nance Jr.,1626204,2024-25,0,1610612737,ATL,32,24,3,19.29166667,3.333333333,6.458333333,0.516,1.416666667,3.166666667,0.447,0.375,0.541666667,0.692,0.958333333,3.333333333,4.291666667,1.583333333,0.833333333,0.541666667,0.666666667,1.541666667,8.458333333,Forward-Center,0.463269372,0.747848761,-0.206863339,0.16903847,-0.344186208,0.398190399,0.264538128,0.349351449,0.619795425,-0.343625357,0.603940467,1.510179434,,,,,,,,
Lauri Markkanen,1628374,2020-21,0,1610612741,CHI,24,51,26,25.82352941,4.901960784,10.21568627,0.48,2.333333333,5.803921569,0.402,1.490196078,1.803921569,0.826,0.68627451,4.568627451,5.254901961,0.882352941,0.509803922,0.294117647,1.019607843,1.470588235,13.62745098,Forward-Center,0.461730234,0.751154111,0.572725094,0.566021735,-0.712258771,-0.433354714,-0.339629507,1.361106702,0.303589339,0.370277697,0.179010286,1.867487863,,,,,,,,
Lauri Markkanen,1628374,2021-22,0,1610612739,CLE,25,61,61,30.78688525,5.131147541,11.52459016,0.445,2.229508197,6.229508197,0.358,2.262295082,2.606557377,0.868,0.967213115,4.68852459,5.655737705,1.327868852,0.737704918,0.491803279,0.885245902,2.131147541,14.75409836,Forward-Center,0.458327869,0.754377082,0.742642152,0.731220294,-0.478326146,0.152403344,0.142841645,1.246511473,-0.395404825,1.066388056,0.340777878,3.549053871,,,,,,,,
Lauri Markkanen,1628374,2022-23,0,1610612762,UTA,26,66,66,34.42424242,8.651515152,17.34848485,0.499,3.03030303,7.742424242,0.391,5.287878788,6.045454545,0.875,1.96969697,6.666666667,8.636363636,1.863636364,0.636363636,0.575757576,1.924242424,2.075757576,25.62121212,Forward-Center,0.465649635,0.762103948,2.381582638,1.95964145,-0.197003981,-0.108067095,0.347740331,2.13037516,1.108805416,2.735268006,-0.910141567,9.448200358,,,,,,,,
Lauri Markkanen,1628374,2023-24,0,1610612762,UTA,27,55,55,33.09090909,7.763636364,16.18181818,0.48,3.181818182,7.981818182,0.399,4.527272727,5.036363636,0.899,2.218181818,5.945454545,8.163636364,2,0.909090909,0.472727273,1.4,1.818181818,23.23636364,Forward-Center,0.462668417,0.762230234,2.021908044,1.764813855,-0.125401817,0.592904821,0.096284783,2.297607434,0.496333134,2.762543869,-0.27897002,9.628024103,,,,,,,,
Lauri Markkanen,1628374,2024-25,0,1610612762,UTA,28,47,47,31.40425532,6.29787234,14.89361702,0.423,2.936170213,8.489361702,0.346,3.446808511,3.936170213,0.876,1.531914894,4.382978723,5.914893617,1.489361702,0.70212766,0.361702128,1.404255319,1.680851064,18.9787234,Forward-Center,0.455085204,0.757761895,1.379785479,0.838027593,-0.39352907,0.060961596,-0.17468296,2.026477663,-1.061589799,1.797453751,-0.284093292,4.188810961,,,,,,,,
LeBron James,2544,2020-21,0,1610612747,LAL,36,45,45,33.42222222,9.377777778,18.28888889,0.513,2.311111111,6.333333333,0.365,3.955555556,5.666666667,0.698,0.644444444,7.044444444,7.688888889,7.777777778,1.066666667,0.555555556,3.733333333,1.555555556,25.02222222,Forward,0.468079341,0.743317774,2.291245054,1.569153663,2.908408399,0.997910817,0.298435322,1.336579302,1.607973166,-1.322246197,-3.088230662,6.599228865,,,,,,,,
LeBron James,2544,2021-22,0,1610612747,LAL,37,56,56,37.21428571,11.42857143,21.80357143,0.524,2.875,8,0.359,4.535714286,6,0.756,1.125,7.071428571,8.196428571,6.232142857,1.303571429,1.053571429,3.5,2.160714286,30.26785714,Forward,0.471344608,0.749262311,3.082373557,1.778328681,2.096822493,1.606810628,1.513891849,1.95896208,2.278801484,-0.038320889,-2.807304598,11.47036528,,,,,,,,
LeBron James,2544,2022-23,0,1610612747,LAL,38,55,54,35.52727273,11.07272727,22.16363636,0.5,2.2,6.854545455,0.321,4.563636364,5.945454545,0.768,1.181818182,7.127272727,8.309090909,6.818181818,0.909090909,0.581818182,3.236363636,1.6,28.90909091,Forward,0.467145585,0.750531011,2.877449137,1.824760807,2.404541317,0.592904821,0.362531834,1.213942302,1.416138862,0.235697892,-2.489894629,8.438072343,,,,,,,,
LeBron James,2544,2023-24,0,1610612747,LAL,39,71,71,35.26760563,9.647887324,17.87323944,0.54,2.098591549,5.112676056,0.41,4.267605634,5.690140845,0.75,0.85915493,6.436619718,7.295774648,8.295774648,1.253521127,0.535211268,3.450704225,1.098591549,25.66197183,Forward,0.472014978,0.748611773,2.387729876,1.407137408,3.180399509,1.478169823,0.248783094,1.102014448,2.416524704,-0.178826838,-2.747954021,9.293978003,,,,,,,,
LeBron James,2544,2024-25,0,1610612747,LAL,40,70,70,34.91428571,9.3,18.14285714,0.513,2.128571429,5.657142857,0.376,3.7,4.728571429,0.782,1.028571429,6.771428571,7.8,8.214285714,1,0.557142857,3.714285714,1.414285714,24.42857143,Forward,0.468023817,0.751352196,2.201712697,1.614946474,3.137611093,0.826562126,0.302309286,1.135104231,1.596565976,0.413060769,-3.065297922,8.16257473,,,,,,,,
Lindy Waters III,1630322,2021-22,0,1610612760,OKC,24,25,1,18.6,2.84,7,0.406,2.12,5.84,0.363,0.16,0.2,0.8,0.24,2.68,2.92,0.96,0.76,0.32,0.44,1.24,7.96,Forward,0.456340048,0.748659152,-0.282020248,-0.39627378,-0.671487656,0.209706841,-0.276461089,1.125643662,-0.803790048,-0.168593675,0.876840073,-0.38643592,,,,,,,,
Lindy Waters III,1630322,2022-23,0,1610612760,OKC,25,41,0,12.95121951,1.707317073,4.341463415,0.393,1.414634146,3.951219512,0.358,0.390243902,0.487804878,0.8,0.390243902,1.43902439,1.829268293,0.682926829,0.341463415,0.268292683,0.243902439,1.024390244,5.219512195,Forward,0.457081765,0.74895182,-0.695331133,-0.845802817,-0.81697394,-0.866028595,-0.402657862,0.347108088,-0.651408999,-0.105382128,1.112935427,-2.923541958,,,,,,,,
Lindy Waters III,1630322,2023-24,0,1610612760,OKC,26,38,0,7.368421053,1.289473684,2.736842105,0.471,0.973684211,2.236842105,0.435,0.052631579,0.052631579,1,0.184210526,0.868421053,1.052631579,0.631578947,0.131578947,0.184210526,0.184210526,0.605263158,3.605263158,Forward,0.460160511,0.748718296,-0.938786586,-1.16588222,-0.843935816,-1.405480026,-0.607868603,-0.139582909,-0.01890015,-0.155819585,1.184802631,-4.091453264,,,,,,,,
Lindy Waters III,1630322,2024-25,0,0,TOT,27,52,9,14.96153846,1.769230769,4.788461538,0.369,1.230769231,3.576923077,0.344,0.153846154,0.211538462,0.727,0.384615385,1.730769231,2.115384615,1,0.519230769,0.211538462,0.384615385,1.192307692,4.923076923,Forward,0.455711696,0.748363405,-0.740038475,-0.727884181,-0.650484354,-0.409125546,-0.541172098,0.144170313,-0.932881145,-0.232470321,0.943521424,-3.146364384,,,,,,,,
Lonnie Walker IV,1629022,2020-21,0,1610612759,SAS,22,60,38,25.36666667,4.266666667,10.15,0.42,1.666666667,4.7,0.355,0.95,1.166666667,0.814,0.233333333,2.35,2.583333333,1.683333333,0.483333333,0.25,1.083333333,1.683333333,11.15,Guard-Forward,0.456190515,0.749948328,0.199084512,-0.535025997,-0.291677954,-0.501390225,-0.447302946,0.6252847,-0.834510827,0.109847724,0.102286782,-1.573404232,,,,,,,,
Lonnie Walker IV,1629022,2021-22,0,1610612759,SAS,23,70,6,23.02857143,4.442857143,10.91428571,0.407,1.585714286,5.042857143,0.314,1.657142857,2.114285714,0.784,0.257142857,2.328571429,2.585714286,2.171428571,0.628571429,0.271428571,1.014285714,1.4,12.12857143,Guard-Forward,0.454661896,0.749895905,0.346669268,-0.534044722,-0.035387668,-0.128094862,-0.39500442,0.535934885,-1.148555758,0.098525192,0.185417964,-1.074540121,,,,,,,,
Lonnie Walker IV,1629022,2022-23,0,1610612747,LAL,24,56,32,23.16071429,4.214285714,9.410714286,0.448,1.625,4.446428571,0.365,1.625,1.892857143,0.858,0.25,1.696428571,1.946428571,1.142857143,0.535714286,0.303571429,0.821428571,1.267857143,11.67857143,Guard-Forward,0.45884341,0.752449625,0.278801825,-0.797516931,-0.575472563,-0.36675911,-0.316556626,0.579295824,-0.289490394,0.650087949,0.417611956,-0.419998068,,,,,,,,
Lonnie Walker IV,1629022,2023-24,0,1610612751,BKN,25,58,0,17.43103448,3.586206897,8.482758621,0.423,1.793103448,4.672413793,0.384,0.775862069,1.017241379,0.763,0.224137931,1.965517241,2.189655172,1.275862069,0.551724138,0.344827586,0.879310345,1.224137931,9.74137931,Guard-Forward,0.4569813,0.748743828,-0.013358785,-0.697274663,-0.505633999,-0.325610102,-0.215866933,0.764837148,-0.67204895,-0.150305015,0.347924103,-1.467337197,,,,,,,,
Lonnie Walker IV,1629022,2024-25,0,1610612755,PHI,26,20,7,23.85,4.45,10.6,0.42,2.25,6.35,0.354,1.2,1.5,0.8,0.3,2.85,3.15,2.5,0.5,0.25,1.25,1.35,12.35,Guard-Forward,0.456043266,0.749955135,0.380064358,-0.301482661,0.137139452,-0.458553052,-0.447302946,1.269128952,-0.864762185,0.111317914,-0.098374693,-0.272824861,,,,,,,,
Lonzo Ball,1628366,2020-21,0,1610612740,NOP,23,55,55,31.76363636,5.272727273,12.72727273,0.414,3.127272727,8.272727273,0.378,0.909090909,1.163636364,0.781,0.6,4.181818182,4.781818182,5.745454545,1.490909091,0.563636364,2.236363636,1.872727273,14.58181818,Guard,0.454685675,0.749194001,0.716659452,0.371047211,1.841270959,2.088311574,0.318157326,2.237403815,-1.143670572,-0.053074823,-1.285925782,5.09017916,,,,,,,,
Lonzo Ball,1628366,2021-22,0,1610612741,CHI,24,35,35,34.62857143,4.628571429,10.94285714,0.423,3.142857143,7.428571429,0.423,0.6,0.8,0.75,1,4.428571429,5.428571429,5.085714286,1.828571429,0.885714286,2.342857143,2.428571429,13,Guard,0.456227783,0.748478139,0.478095109,0.637597053,1.49485287,2.956181565,1.104220047,2.254604849,-0.826854269,-0.207689731,-1.414140647,6.476866847,,,,,,,,
Lonzo Ball,1628366,2024-25,0,1610612741,CHI,27,35,14,22.2,2.542857143,6.942857143,0.366,1.914285714,5.571428571,0.344,0.628571429,0.771428571,0.815,0.714285714,2.657142857,3.371428571,3.285714286,1.342857143,0.485714286,1.171428571,1.571428571,7.628571429,Guard,0.453770099,0.749464902,-0.332005158,-0.210224131,0.549704302,1.707783963,0.127980861,0.898590015,-1.331769808,0.005435393,-0.00377714,1.411718297,,,,,,,,
Lou Williams,101150,2020-21,0,0,TOT,34,66,4,21.56060606,4.015151515,9.787878788,0.41,1.045454545,2.621212121,0.399,2.272727273,2.621212121,0.867,0.318181818,1.772727273,2.090909091,3.409090909,0.712121212,0.090909091,1.636363636,0.939393939,11.34848485,Guard,0.455418358,0.754358913,0.22901931,-0.737971409,0.614487213,0.086647326,-0.835579895,-0.060367622,-0.9931455,1.062463749,-0.563544474,-1.197991303,,,,,,,,
Lou Williams,101150,2021-22,0,1610612737,ATL,35,56,0,14.26785714,2.232142857,5.714285714,0.391,0.660714286,1.821428571,0.363,1.196428571,1.392857143,0.859,0.285714286,1.267857143,1.553571429,1.875,0.5,0.053571429,0.767857143,0.857142857,6.321428571,Guard,0.456141481,0.751449829,-0.529143919,-0.959427226,-0.191037134,-0.458553052,-0.926706117,-0.485018144,-0.844584374,0.434148118,0.482110286,-3.478211562,,,,,,,,
Luguentz Dort,1629652,2020-21,0,1610612760,OKC,22,52,52,29.67307692,4.75,12.28846154,0.387,2.173076923,6.326923077,0.343,2.346153846,3.153846154,0.744,0.730769231,2.903846154,3.634615385,1.692307692,0.865384615,0.365384615,1.519230769,2.576923077,14.01923077,Guard,0.451889883,0.748189526,0.631811966,-0.101755555,-0.286965675,0.480569577,-0.16569549,1.184226413,-1.718048207,-0.270025372,-0.422520151,-0.668402494,,,,,,,,
Luguentz Dort,1629652,2021-22,0,1610612760,OKC,23,51,51,32.64705882,5.745098039,14.23529412,0.404,2.549019608,7.666666667,0.332,3.156862745,3.745098039,0.843,0.745098039,3.411764706,4.156862745,1.725490196,0.901960784,0.352941176,1.725490196,2.921568627,17.19607843,Guard,0.452902445,0.755042014,1.110933135,0.113481016,-0.269542121,0.574578757,-0.196064922,1.599166763,-1.510023871,1.210002879,-0.670850076,1.961681559,,,,,,,,
Luguentz Dort,1629652,2022-23,0,1610612760,OKC,24,74,73,30.7027027,4.581081081,11.7972973,0.388,1.824324324,5.527027027,0.33,2.702702703,3.5,0.772,1.72972973,2.918918919,4.648648649,2.081081081,1.013513514,0.310810811,1.243243243,3.283783784,13.68918919,Guard,0.452280491,0.749994195,0.582036237,0.316163346,-0.082827557,0.86129497,-0.298888205,0.799296659,-1.637800329,0.119754334,-0.090239768,0.568789687,,,,,,,,
Luguentz Dort,1629652,2023-24,0,1610612760,OKC,25,79,79,28.43037975,3.64556962,8.316455696,0.438,1.974683544,5.012658228,0.394,1.620253165,1.962025316,0.826,0.936708861,2.658227848,3.594936709,1.430379747,0.911392405,0.594936709,0.936708861,2.886075949,10.88607595,Guard,0.458185162,0.751381843,0.1592804,-0.118108538,-0.424499465,0.598820196,0.394548884,0.965253093,-0.424723217,0.41946418,0.278818078,1.848853611,,,,,,,,
Luguentz Dort,1629652,2024-25,0,1610612760,OKC,26,71,71,29.1971831,3.633802817,8.352112676,0.435,2.394366197,5.816901408,0.412,0.464788732,0.647887324,0.717,1.253521127,2.873239437,4.126760563,1.61971831,1.112676056,0.549295775,0.718309859,2.929577465,10.12676056,Guard,0.45794727,0.748051432,0.044763081,0.101074844,-0.325081092,1.116165546,0.283157713,1.428470689,-0.473596579,-0.299851509,0.541763673,2.416866366,,,,,,,,
Luka Dončić,1629029,2020-21,0,1610612742,DAL,22,66,66,34.27272727,9.803030303,20.46969697,0.479,2.909090909,8.303030303,0.35,5.212121212,7.136363636,0.73,0.818181818,7.166666667,7.984848485,8.590909091,0.96969697,0.545454545,4.257575758,2.303030303,27.72727273,Guard-Forward,0.463115384,0.7461489,2.69921141,1.691129059,3.335369452,0.748676359,0.273782815,1.996589342,0.588159755,-0.710768096,-3.71940221,6.902747885,,,,,,,,
Luka Dončić,1629029,2021-22,0,1610612742,DAL,23,65,65,35.4,9.861538462,21.58461538,0.457,3.092307692,8.753846154,0.353,5.6,7.523076923,0.744,0.861538462,8.261538462,9.123076923,8.738461538,1.153846154,0.553846154,4.492307692,2.230769231,28.41538462,Guard-Forward,0.459355439,0.747871306,2.802990064,2.160233175,3.412846665,1.221982181,0.294263359,2.198811752,-0.184297125,-0.338755876,-4.002012145,7.56606205,,,,,,,,
Luka Dončić,1629029,2022-23,0,1610612742,DAL,24,66,66,36.22727273,10.89393939,21.95454545,0.496,2.803030303,8.196969697,0.342,7.803030303,10.51515152,0.742,0.818181818,7.803030303,8.621212121,8.015151515,1.363636364,0.5,3.575757576,2.515151515,32.39393939,Guard-Forward,0.466369167,0.747332374,3.403021924,1.953396976,3.033049203,1.761191348,0.162846545,1.87952675,1.256628647,-0.455156562,-2.898514359,10.09599047,,,,,,,,
Luka Dončić,1629029,2023-24,0,1610612742,DAL,25,70,70,37.48571429,11.48571429,23.6,0.487,4.057142857,10.62857143,0.382,6.828571429,8.685714286,0.786,0.842857143,8.4,9.242857143,9.8,1.414285714,0.542857143,4.028571429,2.128571429,33.85714286,Guard-Forward,0.465045188,0.754010774,3.623697207,2.209598832,3.970241974,1.891371844,0.267443601,3.263732168,0.984625553,0.987271446,-3.443688132,13.75429449,,,,,,,,
Luka Dončić,1629029,2024-25,0,0,TOT,26,50,50,35.38,9.22,20.5,0.45,3.54,9.62,0.368,6.18,7.9,0.782,0.8,7.38,8.18,7.66,1.78,0.42,3.58,2.52,28.16,Guard-Forward,0.458185769,0.753030906,2.764473839,1.771557887,2.846565344,2.831341804,-0.032401292,2.692944528,-0.424598437,0.775635439,-2.903622106,10.32189701,,,,,,,,
Luka Garza,1630568,2021-22,0,1610612765,DET,23,32,5,12.15625,2.0625,4.59375,0.449,0.5,1.53125,0.327,1.1875,1.90625,0.623,1.8125,1.3125,3.125,0.625,0.28125,0.1875,0.5625,1.71875,5.8125,Center,0.459386712,0.743846515,-0.605898765,-0.311786044,-0.847390306,-1.020790942,-0.599840319,-0.662403806,-0.177872302,-1.208046556,0.729353889,-4.704675152,,,,,,,,
Luka Garza,1630568,2022-23,0,1610612750,MIN,24,28,0,8.678571429,2.25,4.142857143,0.543,0.5,1.392857143,0.359,1.464285714,1.857142857,0.788,1.178571429,1.071428571,2.25,0.642857143,0.107142857,0.071428571,0.5,1.535714286,6.464285714,Center,0.463171051,0.749870044,-0.507598699,-0.672404429,-0.838013832,-1.468286406,-0.883124013,-0.662403806,0.599596114,0.09293973,0.804601942,-3.5346934,,,,,,,,
Luka Garza,1630568,2023-24,0,1610612750,MIN,25,25,0,4.88,1.44,3,0.48,0.36,1.28,0.281,0.72,1,0.72,0.76,0.48,1.24,0.16,0.16,0.04,0.24,0.96,3.96,Center,0.460450342,0.747895871,-0.885286403,-1.08866108,-1.091553686,-1.332431373,-0.959828519,-0.816926427,0.040643598,-0.333450172,1.117633842,-5.349860221,,,,,,,,
Luka Garza,1630568,2024-25,0,1610612750,MIN,26,39,0,5.615384615,1.333333333,2.692307692,0.495,0.256410256,0.923076923,0.278,0.615384615,0.897435897,0.686,0.794871795,0.58974359,1.384615385,0.282051282,0.153846154,0.076923077,0.307692308,0.743589744,3.538461538,Center,0.460785024,0.747352589,-0.948861375,-1.029059975,-1.027466689,-1.348248175,-0.869714133,-0.931261846,0.109402029,-0.45079062,1.036134412,-5.459866371,,,,,,,,
Luke Kennard,1628379,2020-21,0,1610612746,LAC,25,63,17,19.55555556,3.126984127,6.571428571,0.476,1.587301587,3.555555556,0.446,0.412698413,0.492063492,0.839,0.238095238,2.317460317,2.555555556,1.650793651,0.365079365,0.142857143,0.761904762,1.444444444,8.253968254,Guard,0.460858842,0.749336195,-0.237684973,-0.546474199,-0.308763973,-0.805330164,-0.708795585,0.537686842,0.124567458,-0.02236332,0.489276768,-1.477881147,,,,,,,,
Luke Kennard,1628379,2021-22,0,1610612746,LAC,26,70,13,27.41428571,4.1,9.128571429,0.449,2.714285714,6.042857143,0.449,0.985714286,1.1,0.896,0.285714286,2.985714286,3.271428571,2.085714286,0.6,0.085714286,0.857142857,1.442857143,11.9,Guard,0.458955094,0.75162993,0.312196916,-0.251437661,-0.080394742,-0.201530016,-0.848258326,1.781576418,-0.266545537,0.473047079,0.374613068,1.293267199,,,,,,,,
Luke Kennard,1628379,2022-23,0,0,TOT,27,59,14,22.28813559,3.186440678,6.474576271,0.492,2.254237288,4.559322034,0.494,0.627118644,0.661016949,0.949,0.254237288,2.423728814,2.677966102,1.542372881,0.542372881,0.084745763,0.779661017,1.389830508,9.254237288,Guard,0.461818008,0.751070484,-0.086827859,-0.496024493,-0.365693826,-0.349644987,-0.850622101,1.273805787,0.321621971,0.352215604,0.46789879,0.266728886,,,,,,,,
Luke Kennard,1628379,2023-24,0,1610612763,MEM,28,39,22,25.61538462,3.615384615,8.076923077,0.448,2.743589744,6.102564103,0.45,1.025641026,1.153846154,0.889,0.282051282,2.615384615,2.897435897,3.487179487,0.512820513,0.051282051,1.384615385,1,11,Guard,0.458977229,0.751624004,0.176462031,-0.405573243,0.655490161,-0.42560138,-0.932293569,1.813920243,-0.261997942,0.471767105,-0.260447423,0.831725984,,,,,,,,
Luke Kennard,1628379,2024-25,0,1610612763,MEM,29,65,11,22.64615385,3.169230769,6.630769231,0.478,1.738461538,4.015384615,0.433,0.784615385,0.876923077,0.895,0.569230769,2.246153846,2.815384615,3.307692308,0.769230769,0.076923077,1.107692308,0.907692308,8.861538462,Guard,0.460991637,0.750979684,-0.146053337,-0.439389473,0.561244578,0.233432043,-0.869714133,0.704527068,0.151849333,0.332604139,0.072959335,0.601459554,,,,,,,,
Luke Kornet,1628436,2022-23,0,1610612738,BOS,27,69,0,11.65217391,1.637681159,2.463768116,0.665,0.043478261,0.188405797,0.231,0.463768116,0.565217391,0.821,1.246376812,1.608695652,2.855072464,0.768115942,0.15942029,0.666666667,0.362318841,1.173913043,3.782608696,Forward-Center,0.464796404,0.74926471,-0.912039946,-0.423032709,-0.772242624,-1.333921361,0.569612874,-1.166281917,0.933514585,-0.037802948,0.970365768,-2.171828278,,,,,,,,
Luke Kornet,1628436,2023-24,0,1610612738,BOS,28,63,7,15.6031746,2.253968254,3.222222222,0.7,0.015873016,0.015873016,1,0.777777778,0.857142857,0.907,1.873015873,2.26984127,4.142857143,1.063492063,0.365079365,0.968253968,0.333333333,1.222222222,5.301587302,Forward-Center,0.467360029,0.751125916,-0.68295285,0.107708813,-0.617145781,-0.805330164,1.305666227,-1.196750737,1.460194971,0.364188002,1.005263417,0.9408419,,,,,,,,
Luke Kornet,1628436,2024-25,0,1610612738,BOS,29,73,16,18.64383562,2.561643836,3.835616438,0.668,0,0.04109589,0,0.917808219,1.328767123,0.691,2.602739726,2.712328767,5.315068493,1.602739726,0.493150685,0.97260274,0.424657534,1.630136986,6.04109589,Forward-Center,0.467552258,0.746966461,-0.571422724,0.590818487,-0.33399625,-0.476157369,1.316279831,-1.214270308,1.499687338,-0.534188022,0.895311924,1.172062907,,,,,,,,
Malachi Flynn,1630201,2020-21,0,1610612761,TOR,23,47,14,19.74468085,2.70212766,7.234042553,0.374,1.14893617,3.574468085,0.321,0.957446809,1.191489362,0.804,0.212765957,2.255319149,2.468085106,2.914893617,0.808510638,0.14893617,0.914893617,1.446808511,7.510638298,Guard,0.454071449,0.749746635,-0.349791424,-0.582523859,0.354992845,0.334390355,-0.693959124,0.053848463,-1.269859383,0.066285277,0.305082952,-1.781533899,,,,,,,,
Malachi Flynn,1630201,2021-22,0,1610612761,TOR,24,44,5,12.20454545,1.636363636,4.159090909,0.393,0.681818182,2.045454545,0.333,0.340909091,0.545454545,0.625,0.227272727,1.204545455,1.431818182,1.590909091,0.454545455,0.090909091,0.295454545,1.022727273,4.295454545,Guard,0.457193966,0.747121554,-0.83469431,-1.009606037,-0.34020831,-0.575381703,-0.835579895,-0.461725078,-0.62835802,-0.500690461,1.050868297,-4.135375516,,,,,,,,
Malachi Flynn,1630201,2022-23,0,1610612761,TOR,25,53,2,13.03773585,1.641509434,4.566037736,0.36,0.886792453,2.509433962,0.353,0.471698113,0.622641509,0.758,0.283018868,1.150943396,1.433962264,1.320754717,0.396226415,0.075471698,0.471698113,1.226415094,4.641509434,Guard,0.455503142,0.748571204,-0.782503509,-1.008722385,-0.482061654,-0.72527507,-0.873256365,-0.23548821,-0.975727102,-0.187589084,0.838676532,-4.431946847,,,,,,,,
Malachi Flynn,1630201,2023-24,0,0,TOT,26,69,0,12.71014493,1.971014493,4.710144928,0.418,0.811594203,2.449275362,0.331,0.753623188,1.028985507,0.732,0.304347826,1.347826087,1.652173913,1.884057971,0.550724638,0.115942029,0.913043478,0.956521739,5.507246377,Guard,0.457980703,0.748122003,-0.65193606,-0.918789662,-0.186280952,-0.328179048,-0.774484558,-0.318487,-0.466728023,-0.284609417,0.307310462,-3.622184257,,,,,,,,
Isaiah Jackson,1630543,2024-25,0,1610612754,IND,23,5,1,16.8,2.8,4.6,0.609,0,0,0,1.4,2.8,0.5,2.2,3.4,5.6,1,0.6,1.6,1,2.8,7,Forward,0.46642242,0.735278209,-0.426804125,0.708248818,-0.650484354,-0.201530016,2.847504308,-1.214270308,1.267569317,-3.058664225,0.202617519,-0.525813067,,,,,,,,
Malaki Branham,1631103,2022-23,0,1610612759,SAS,20,66,32,23.48484848,4.075757576,9.257575758,0.44,1.166666667,3.863636364,0.302,0.878787879,1.060606061,0.829,0.424242424,2.318181818,2.742424242,1.924242424,0.5,0.106060606,1.151515152,1.742424242,10.1969697,Forward,0.458180755,0.750126856,0.05535178,-0.469459018,-0.165180797,-0.458553052,-0.798601139,0.073418197,-0.425628628,0.14840686,0.020197996,-2.0200478,,,,,,,,
Malaki Branham,1631103,2023-24,0,1610612759,SAS,21,75,29,21.25333333,3.613333333,8.373333333,0.432,1.24,3.573333333,0.347,0.733333333,0.84,0.873,0.373333333,1.6,1.973333333,2.08,0.36,0.106666667,1.213333333,1.253333333,9.2,Forward,0.457710985,0.750511594,-0.095007739,-0.786428529,-0.083395214,-0.818385302,-0.797121988,0.154358617,-0.522139763,0.231504251,-0.054229168,-2.770844835,,,,,,,,
Malaki Branham,1631103,2024-25,0,1610612759,SAS,22,47,0,9.085106383,1.85106383,4.042553191,0.458,0.723404255,1.787234043,0.405,0.574468085,0.70212766,0.818,0.14893617,0.936170213,1.085106383,0.808510638,0.234042553,0.042553191,0.723404255,0.617021277,5,Forward,0.459791432,0.749416871,-0.728437203,-1.152498207,-0.751032074,-1.142124956,-0.953597207,-0.415825156,-0.094725148,-0.004938475,0.535630179,-4.707548247,,,,,,,,
Malcolm Brogdon,1627763,2020-21,0,1610612754,IND,28,56,56,34.46428571,7.928571429,17.5,0.453,2.589285714,6.678571429,0.388,2.732142857,3.160714286,0.864,1.035714286,4.214285714,5.25,5.875,0.875,0.267857143,2.053571429,1.964285714,21.17857143,Guard,0.458841576,0.755323685,1.711558945,0.564001464,1.909293015,0.505283332,-0.40372084,1.643609793,-0.289867077,1.270839128,-1.06584966,5.845148101,,,,,,,,
Malcolm Brogdon,1627763,2021-22,0,1610612754,IND,29,36,36,33.5,6.75,15.08333333,0.448,1.611111111,5.166666667,0.312,3.972222222,4.638888889,0.856,0.916666667,4.222222222,5.138888889,5.888888889,0.833333333,0.388888889,2.138888889,1.972222222,19.08333333,Guard,0.458308923,0.757584555,1.395562387,0.518208653,1.916585828,0.398190399,-0.108331006,0.563966199,-0.399297331,1.759151165,-1.168569224,4.875467071,,,,,,,,
Malcolm Brogdon,1627763,2022-23,0,1610612738,BOS,30,67,0,26.02985075,5.28358209,10.92537313,0.484,1.970149254,4.432835821,0.444,2.388059701,2.746268657,0.87,0.626865672,3.552238806,4.179104478,3.701492537,0.671641791,0.268656716,1.462686567,1.626865672,14.92537313,Guard,0.462241094,0.754782171,0.76847322,0.122647619,0.768022201,-0.01739411,-0.401769403,0.960248447,0.408542228,1.153880857,-0.354442694,3.408208366,,,,,,,,
Malcolm Brogdon,1627763,2023-24,0,1610612757,POR,31,39,25,28.74358974,5.58974359,12.71794872,0.44,2.102564103,5.102564103,0.412,2.435897436,2.974358974,0.819,0.717948718,3.076923077,3.794871795,5.487179487,0.692307692,0.205128205,1.538461538,1.487179487,15.71794872,Guard,0.457622616,0.752414757,0.888006728,-0.035708232,1.705655236,0.035722016,-0.556816958,1.106399087,-0.540294577,0.642557157,-0.445673398,2.799847057,,,,,,,,
Malcolm Brogdon,1627763,2024-25,0,1610612764,WAS,32,24,13,23.5,4.333333333,10,0.433,0.666666667,2.333333333,0.286,3.375,3.833333333,0.88,0.875,2.916666667,3.791666667,4.083333333,0.541666667,0.208333333,1.583333333,1.25,12.70833333,Guard,0.457421683,0.757820857,0.434106951,-0.037029178,0.968520135,-0.35146012,-0.548994529,-0.478448305,-0.581574991,1.810188502,-0.499697642,0.715610823,,,,,,,,
Malik Beasley,1627736,2020-21,0,1610612750,MIN,24,37,36,32.81081081,7.135135135,16.21621622,0.44,3.459459459,8.675675676,0.399,1.837837838,2.162162162,0.85,0.756756757,3.621621622,4.378378378,2.378378378,0.810810811,0.189189189,1.621621622,1.675675676,19.56756757,Guard,0.457092152,0.752662958,1.468592919,0.204775427,0.073278062,0.34030233,-0.595717688,2.604049275,-0.64927523,0.696164637,-0.545795549,3.596374182,,,,,,,,
Malik Beasley,1627736,2021-22,0,1610612750,MIN,25,79,18,25.01265823,4.202531646,10.75949367,0.391,3.037974684,8.063291139,0.377,0.620253165,0.759493671,0.817,0.329113924,2.544303797,2.873417722,1.46835443,0.544303797,0.151898734,0.544303797,1.113924051,12.06329114,Guard,0.45317422,0.749479418,0.33682392,-0.415471981,-0.404559622,-0.344682088,-0.686728697,2.138842618,-1.454189309,0.00857065,0.751261551,-0.070132957,,,,,,,,
Malik Beasley,1627736,2022-23,0,0,TOT,26,81,27,25.83950617,4.567901235,11.56790123,0.395,2.901234568,8.12345679,0.357,0.617283951,0.802469136,0.769,0.432098765,3.061728395,3.49382716,1.530864198,0.802469136,0.111111111,1.111111111,1.320987654,12.65432099,Guard,0.453138453,0.748778334,0.425960997,-0.159779352,-0.371736834,0.318862303,-0.786274887,1.987918039,-1.461537515,-0.142852291,0.068843202,-0.120596337,,,,,,,,
Malik Beasley,1627736,2023-24,0,1610612749,MIL,27,79,77,29.58227848,4.050632911,9.139240506,0.443,2.835443038,6.860759494,0.413,0.316455696,0.443037975,0.714,0.518987342,3.151898734,3.670886076,1.367088608,0.746835443,0.113924051,0.683544304,2,11.25316456,Guard,0.458451685,0.748151183,0.214643434,-0.086807123,-0.457732537,0.175870897,-0.779409631,1.915301756,-0.369967682,-0.278306846,0.583620318,0.917212585,,,,,,,,
Malik Beasley,1627736,2024-25,0,1610612765,DET,28,82,18,27.84146341,5.62195122,13.06097561,0.43,3.890243902,9.341463415,0.416,1.158536585,1.707317073,0.679,0.573170732,2.036585366,2.609756098,1.695121951,0.890243902,0.06097561,1.012195122,1.524390244,16.29268293,Guard,0.456413934,0.746160503,0.974686152,-0.524136243,-0.285487957,0.544463671,-0.908635488,3.079520283,-0.788610664,-0.708262027,0.187934972,1.571472699,,,,,,,,
Malik Monk,1628370,2020-21,0,1610612766,CHA,23,42,0,20.9047619,4.119047619,9.5,0.434,2.023809524,5.047619048,0.401,1.404761905,1.714285714,0.819,0.333333333,2.071428571,2.404761905,2.071428571,0.452380952,0.095238095,1.30952381,1.119047619,11.66666667,Guard,0.457619956,0.750792337,0.277006391,-0.608621586,-0.087895922,-0.580944975,-0.825014537,1.019475058,-0.540841159,0.292140313,-0.170039506,-1.224735922,,,,,,,,
Malik Monk,1628370,2021-22,0,1610612747,LAL,24,76,37,28.13157895,5.144736842,10.86842105,0.473,2.276315789,5.815789474,0.391,1.223684211,1.539473684,0.795,0.486842105,2.881578947,3.368421053,2.868421053,0.802631579,0.381578947,1.605263158,1.815789474,13.78947368,Guard,0.461151587,0.749844115,0.597160797,-0.211463636,0.330590913,0.319279819,-0.126171636,1.298174557,0.184710065,0.087339359,-0.526100468,1.953519771,,,,,,,,
Malik Monk,1628370,2022-23,0,1610612758,SAC,25,77,0,22.32467532,4.636363636,10.33766234,0.448,1.857142857,5.168831169,0.359,2.38961039,2.688311688,0.889,0.415584416,2.220779221,2.636363636,3.87012987,0.636363636,0.25974026,1.896103896,1.623376623,13.51948052,Guard,0.458752314,0.755624867,0.556441363,-0.513170337,0.85657072,-0.108067095,-0.423530888,0.835519557,-0.30820541,1.335889837,-0.876263656,1.355184091,,,,,,,,
Malik Monk,1628370,2023-24,0,1610612758,SAC,26,72,0,26,5.5,12.40277778,0.443,2.055555556,5.875,0.35,2.361111111,2.847222222,0.829,0.388888889,2.555555556,2.944444444,5.138888889,0.625,0.541666667,2.083333333,2.166666667,15.41666667,Guard,0.458003056,0.752793335,0.842568412,-0.386199362,1.522773925,-0.137274257,0.264538128,1.054514202,-0.462135672,0.724323954,-1.101682065,2.321427265,,,,,,,,
Malik Monk,1628370,2024-25,0,1610612758,SAC,27,65,45,31.6,6.338461538,14.44615385,0.439,2.138461538,6.584615385,0.325,2.369230769,2.738461538,0.865,0.461538462,3.307692308,3.769230769,5.569230769,0.938461538,0.584615385,2.446153846,2.430769231,17.18461538,Guard,0.457230278,0.754505488,1.109204317,-0.046275804,1.748738931,0.668394103,0.369358682,1.14602027,-0.620898065,1.094121773,-1.538506659,3.930157548,,,,,,,,
Marc Gasol,201188,2020-21,0,1610612747,LAL,36,52,42,19.09615385,1.692307692,3.730769231,0.454,0.961538462,2.346153846,0.41,0.692307692,0.961538462,0.72,0.730769231,3.403846154,4.134615385,2.096153846,0.5,1.115384615,1.019230769,2.211538462,5.038461538,Center,0.459652953,0.747916925,-0.722636567,0.104312094,-0.074913112,-0.458553052,1.664752985,-0.152988573,-0.123174787,-0.328902955,0.179464272,0.087360306,,,,,,,,
Marcus Smart,203935,2020-21,0,1610612738,BOS,27,48,45,32.9375,4.229166667,10.625,0.398,1.9375,5.875,0.33,2.666666667,3.375,0.79,0.75,2.729166667,3.479166667,5.6875,1.5,0.479166667,2,2.625,13.0625,Guard,0.453922126,0.751080833,0.487521142,-0.165821459,1.810840039,2.111677304,0.112000755,0.924212388,-1.300536882,0.354450715,-1.001351328,3.332992675,,,,,,,,
Marcus Smart,203935,2021-22,0,1610612738,BOS,28,71,71,32.33802817,4.225352113,10.11267606,0.418,1.676056338,5.070422535,0.331,2,2.521126761,0.793,0.591549296,3.211267606,3.802816901,5.873239437,1.676056338,0.253521127,2.23943662,2.253521127,12.12676056,Guard,0.456019103,0.750592103,0.346396159,-0.032433773,1.908368574,2.564182649,-0.438709291,0.63564839,-0.869726233,0.2488928,-1.289625559,3.072993715,,,,,,,,
Marcus Smart,203935,2022-23,0,1610612738,BOS,29,61,61,32.08196721,4.098360656,9.868852459,0.415,1.885245902,5.606557377,0.336,1.442622951,1.93442623,0.746,0.754098361,2.37704918,3.131147541,6.262295082,1.524590164,0.37704918,2.344262295,2.819672131,11.52459016,Guard,0.455834004,0.748362391,0.255578903,-0.309252425,2.112654899,2.17487969,-0.137226976,0.866537816,-0.907753626,-0.232689286,-1.415832406,2.406896589,,,,,,,,
Marcus Smart,203935,2023-24,0,1610612763,MEM,30,20,20,30.25,5.1,11.85,0.43,2.1,6.7,0.313,2.15,2.8,0.768,0.3,2.35,2.65,4.3,2.05,0.25,3.1,2.65,14.45,Guard,0.456699912,0.74949033,0.69677909,-0.50755031,1.082288019,3.525304,-0.447302946,1.103569001,-0.729858315,0.010927556,-2.325717059,2.408439035,,,,,,,,
Marcus Smart,203935,2024-25,0,0,TOT,31,34,7,20,2.970588235,7.558823529,0.393,1.441176471,4.147058824,0.348,1.588235294,2.088235294,0.761,0.529411765,1.588235294,2.117647059,3.205882353,1.147058824,0.264705882,1.588235294,1.558823529,8.970588235,Guard,0.455164916,0.748956771,-0.129606828,-0.726951748,0.507785949,1.20453718,-0.411411801,0.376403728,-1.045213641,-0.104312812,-0.50559945,-0.834369423,,,,,,,,
Mark Williams,1631109,2022-23,0,1610612766,CHA,21,43,17,19.25581395,3.720930233,5.837209302,0.637,0,0,0,1.558139535,2.255813953,0.691,2.162790698,4.906976744,7.069767442,0.418604651,0.651162791,1.046511628,0.930232558,2.186046512,9,Center,0.469633391,0.745973585,-0.125171047,1.313991861,-0.955764899,-0.070029858,1.496661713,-1.214270308,1.927242854,-0.748633366,0.286615345,1.910642295,,,,,,,,
Mark Williams,1631109,2023-24,0,1610612766,CHA,22,19,19,26.73684211,5.157894737,7.947368421,0.649,0,0,0,2.421052632,3.368421053,0.719,4,5.684210526,9.684210526,1.157894737,0.842105263,1.052631579,0.894736842,2.631578947,12.73684211,Center,0.473788551,0.746594773,0.438406547,2.39149614,-0.567576585,0.42073628,1.511598053,-1.214270308,2.780894131,-0.614466793,0.329351082,5.476168545,,,,,,,,
Mark Williams,1631109,2024-25,0,1610612766,CHA,23,44,41,26.61363636,6.136363636,10.15909091,0.604,0,0.090909091,0,2.977272727,3.704545455,0.804,3,7.159090909,10.15909091,2.477272727,0.727272727,1.227272727,1.613636364,2.386363636,15.25,Center,0.473156375,0.752285373,0.817432321,2.587211108,0.125205757,0.12559021,1.937826884,-1.214270308,2.651017479,0.614612158,-0.536181547,7.108444063,,,,,,,,
Jared Harper,1629607,2021-22,0,1610612740,NOP,24,5,0,8.6,2.8,5.2,0.538,1,2.4,0.417,0.8,0.8,1,0.4,0,0.4,2.8,0.8,0.2,0.4,1,7.4,Guard,0.463726095,0.752415147,-0.366477509,-1.43485473,0.294664213,0.312516055,-0.569332845,-0.110537304,0.713626332,0.642641253,0.924998827,0.407244291,,,,,,,,
Markelle Fultz,1628365,2021-22,0,1610612753,ORL,24,18,3,20,4.611111111,9.722222222,0.474,0.222222222,0.944444444,0.235,1.388888889,1.722222222,0.806,0.222222222,2.5,2.722222222,5.5,1.111111111,0.277777778,2.222222222,1.222222222,10.83333333,Guard,0.461116422,0.750369936,0.151325941,-0.477784983,1.712387064,1.112143277,-0.379508558,-0.968996308,0.177485578,0.20090826,-1.26889996,0.259060309,,,,,,,,
Markelle Fultz,1628365,2022-23,0,1610612753,ORL,25,60,60,29.63333333,5.816666667,11.31666667,0.514,0.45,1.45,0.31,1.866666667,2.383333333,0.783,1.15,2.75,3.9,5.683333333,1.45,0.433333333,2.316666667,2.183333333,13.95,Guard,0.465367437,0.75002557,0.621370821,0.007618812,1.808652195,1.983165786,0.000140013,-0.717590456,1.050829631,0.126530797,-1.38260813,3.498109469,,,,,,,,
Markelle Fultz,1628365,2023-24,0,1610612753,ORL,26,43,18,21.1627907,3.581395349,7.581395349,0.472,0.093023256,0.418604651,0.222,0.534883721,0.76744186,0.697,1.302325581,1.906976744,3.209302326,2.790697674,0.976744186,0.348837209,1.162790698,1.511627907,7.790697674,Guard,0.460719101,0.747675972,-0.307553838,-0.27704208,0.289779724,0.766789327,-0.206081055,-1.111597471,0.095858589,-0.380945028,0.00662259,-1.124169243,,,,,,,,
Markelle Fultz,1628365,2024-25,0,1610612758,SAC,27,21,0,8.761904762,1.333333333,3.19047619,0.418,0.19047619,0.380952381,0.5,0.047619048,0.047619048,1,0.285714286,0.666666667,0.952380952,1.285714286,0.476190476,0.095238095,0.714285714,0.571428571,2.904761905,Guard,0.458569492,0.748693129,-1.044433761,-1.207199042,-0.500460772,-0.519749013,-0.825014537,-1.004035451,-0.345765045,-0.161255294,0.546608618,-5.061304298,,,,,,,,
Markieff Morris,202693,2020-21,0,1610612747,LAL,31,61,27,19.67213115,2.508196721,6.196721311,0.405,1.06557377,3.426229508,0.311,0.590163934,0.819672131,0.72,0.786885246,3.573770492,4.360655738,1.196721311,0.360655738,0.31147541,0.885245902,1.721311475,6.672131148,Forward,0.456662472,0.747994857,-0.47625217,0.197471302,-0.547189429,-0.816699904,-0.297266186,-0.03816137,-0.737550093,-0.312070914,0.340777878,-2.686940886,,,,,,,,
Markieff Morris,202693,2021-22,0,1610612748,MIA,32,17,1,17.52941176,3.176470588,6.705882353,0.474,0.764705882,2.294117647,0.333,0.470588235,0.529411765,0.889,1,1.647058824,2.647058824,1.352941176,0.352941176,0.058823529,1.176470588,1.941176471,7.588235294,Forward,0.460752232,0.749926334,-0.338088514,-0.508762473,-0.465161106,-0.836528105,-0.913887853,-0.370239188,0.102664986,0.105097303,-0.009847572,-3.234752522,,,,,,,,
Markieff Morris,202693,2022-23,0,0,TOT,33,35,2,10.14285714,1.342857143,3.285714286,0.409,0.8,2.028571429,0.394,0.285714286,0.285714286,1,0.371428571,1.657142857,2.028571429,0.885714286,0.257142857,0.142857143,0.514285714,1.371428571,3.771428571,Forward,0.458245776,0.749883029,-0.913726094,-0.763662959,-0.710493787,-1.082751853,-0.708795585,-0.331283905,-0.412270347,0.095744141,0.787402387,-4.039838001,,,,,,,,
Markieff Morris,202693,2023-24,0,1610612742,DAL,34,26,1,8.307692308,0.884615385,2.615384615,0.338,0.576923077,1.615384615,0.357,0.192307692,0.230769231,0.833,0.153846154,1.346153846,1.5,0.615384615,0.192307692,0.115384615,0.461538462,0.461538462,2.538461538,Forward,0.456757877,0.748842209,-1.099677914,-0.981505903,-0.852439177,-1.249393162,-0.775844981,-0.577501267,-0.717949905,-0.12905624,0.850908435,-5.532460113,,,,,,,,
Keon Johnson,1630553,2023-24,0,1610612751,BKN,22,5,0,12.2,1.6,4.2,0.381,0.8,2,0.4,2.2,2.4,0.917,0.6,0.8,1.4,0.6,0.6,0.2,1,1,6.2,Guard,0.456685078,0.756173463,-0.547457356,-1.022719433,-0.860517369,-0.201530016,-0.569332845,-0.331283905,-0.732905805,1.454377668,0.202617519,-2.608751542,,,,,,,,
Mason Jones,1630222,2023-24,0,1610612758,SAC,25,5,0,5.6,0.4,1.6,0.25,0.4,1.4,0.286,0.2,0.4,0.5,0.2,0.8,1,1,0.2,0,0.4,0.6,1.4,Guard,0.456558909,0.746481933,-1.271376743,-1.187573552,-0.650484354,-1.229622159,-1.057452438,-0.772777107,-0.758826477,-0.638838265,0.924998827,-6.641952268,,,,,,,,
Marquese Chriss,1627737,2021-22,0,1610612742,DAL,24,34,0,10.17647059,1.823529412,3.941176471,0.463,0.235294118,0.735294118,0.32,0.647058824,0.970588235,0.667,0.970588235,2.058823529,3.029411765,0.5,0.382352941,0.352941176,0.5,1.882352941,4.529411765,Forward,0.459982766,0.746902736,-0.799409692,-0.35118133,-0.913025623,-0.760933094,-0.196064922,-0.954568425,-0.05541677,-0.547951658,0.804601942,-3.773949571,,,,,,,,
Marvin Bagley III,1628963,2020-21,0,1610612758,SAC,22,43,42,25.86046512,5.744186047,11.39534884,0.504,0.860465116,2.511627907,0.343,1.790697674,3.11627907,0.575,2.465116279,4.930232558,7.395348837,1,0.488372093,0.488372093,1.372093023,2.325581395,14.13953488,Forward,0.464378823,0.738277428,0.649955815,1.448175446,-0.650484354,-0.488439451,0.134467499,-0.26454656,0.84772521,-2.410880684,-0.245370889,-0.979397969,,,,,,,,
Marvin Bagley III,1628963,2021-22,0,0,TOT,23,48,25,23.875,4.6875,9.291666667,0.504,0.479166667,2.020833333,0.237,1.395833333,2.104166667,0.663,2.1875,4.854166667,7.041666667,0.75,0.458333333,0.375,0.8125,1.9375,11.25,Forward,0.463616182,0.745002836,0.214166166,1.302410539,-0.781754989,-0.565645984,-0.142228201,-0.685398243,0.691045348,-0.958299703,0.428361677,-0.49734339,,,,,,,,
Marvin Bagley III,1628963,2022-23,0,1610612765,DET,24,42,25,23.57142857,4.80952381,9.095238095,0.529,0.452380952,1.571428571,0.288,1.928571429,2.571428571,0.75,2.238095238,4.166666667,6.404761905,0.857142857,0.452380952,0.714285714,1.095238095,1.928571429,12,Forward,0.465627712,0.748529419,0.32727857,1.039919606,-0.725496146,-0.580944975,0.685831823,-0.714962521,1.104301559,-0.196614044,0.087953819,1.027267692,,,,,,,,
Marvin Bagley III,1628963,2023-24,0,0,TOT,25,50,25,21.06,4.78,8.16,0.586,0.18,0.46,0.391,1.92,2.52,0.762,2.6,3.64,6.24,1.1,0.4,0.66,1.18,1.62,11.66,Forward,0.46938004,0.749103759,0.276000947,0.972015409,-0.597976101,-0.715576088,0.55334222,-1.015598368,1.875193587,-0.072565616,-0.014096874,1.260739117,,,,,,,,
Marvin Bagley III,1628963,2024-25,0,0,TOT,26,31,2,8.548387097,1.774193548,3.419354839,0.519,0.096774194,0.612903226,0.158,0.741935484,1.129032258,0.657,1.225806452,1.483870968,2.709677419,0.35483871,0.290322581,0.258064516,0.387096774,0.580645161,4.387096774,Forward,0.461819071,0.746434305,-0.820873146,-0.482955139,-0.989247282,-0.997472319,-0.427620705,-1.107457437,0.321840312,-0.649125333,0.940533909,-4.212377141,,,,,,,,
Mason Jones,1630222,2020-21,0,0,TOT,22,32,1,10.4375,1.625,3.84375,0.423,0.75,2.0625,0.364,1.25,2,0.625,0.21875,1.5,1.71875,1.3125,0.21875,0.03125,0.90625,0.75,5.25,Guard,0.458499346,0.743705566,-0.690733068,-0.891351306,-0.486396061,-1.18143034,-0.981183752,-0.386470555,-0.360176121,-1.238489348,0.315489598,-5.900740953,,,,,,,,
Neemias Queta,1629674,2022-23,0,1610612758,SAC,23,5,0,5.8,1.2,1.8,0.667,0,0,0,0,0.4,0,1,1.2,2.2,0.2,0,0.4,0.2,1.4,2.4,Center,0.463526377,0.742513679,-1.120560204,-0.693011194,-1.070550384,-1.74366823,-0.081213252,-1.214270308,0.672595566,-1.495917907,1.165792596,-5.580803317,,,,,,,,
Sam Merrill,1630241,2022-23,0,1610612739,CLE,27,5,0,11.8,1.8,4.4,0.409,1,3.6,0.278,0.4,0.4,1,0,1.8,1.8,1,0.8,0,0,0.6,5,Guard,0.457720165,0.750450187,-0.728437203,-0.857865313,-0.650484354,0.312516055,-1.057452438,-0.110537304,-0.520253942,0.218241378,1.406586365,-1.987686757,,,,,,,,
Wenyen Gabriel,1629117,2023-24,0,1610612763,MEM,27,5,0,16.2,1.6,4.4,0.364,0.2,1.2,0.167,0,1,0,1.4,3.6,5,0.6,0.4,0.4,1.6,2,3.4,Forward,0.455823613,0.733778224,-0.969743665,0.46096764,-0.860517369,-0.715576088,-0.081213252,-0.993523708,-0.90988846,-3.382637042,-0.519763789,-7.971895733,,,,,,,,
Mason Plumlee,203486,2020-21,0,1610612765,DET,31,56,56,26.76785714,4.178571429,6.803571429,0.614,0,0.125,0,2.017857143,3.017857143,0.669,2.589285714,6.678571429,9.267857143,3.607142857,0.767857143,0.892857143,1.875,3.321428571,10.375,Forward-Center,0.46968259,0.743931158,0.082201694,2.219902214,0.718480832,0.229901508,1.121652889,-1.214270308,1.937350439,-1.189765064,-0.850855222,3.054598982,,,,,,,,
Mason Plumlee,203486,2021-22,0,1610612766,CHA,32,73,73,24.56164384,2.808219178,4.383561644,0.641,0,0.02739726,0,0.917808219,2.342465753,0.392,2.410958904,5.328767123,7.739726027,3.095890411,0.835616438,0.712328767,1.369863014,3.068493151,6.534246575,Forward-Center,0.467470619,0.732501526,-0.497047444,1.590105442,0.450031101,0.404058505,0.681055702,-1.214270308,1.482915093,-3.658383637,-0.242686028,-1.004221575,,,,,,,,
Mason Plumlee,203486,2022-23,0,0,TOT,33,79,60,25.98734177,4.164556962,6.126582278,0.68,0,0,0,2.518987342,3.962025316,0.636,2.898734177,5.962025316,8.860759494,3.101265823,0.582278481,0.594936709,1.481012658,2.746835443,10.84810127,Forward-Center,0.472572093,0.740197154,0.15355319,2.052122903,0.452853636,-0.247078402,0.394548884,-1.214270308,2.530980558,-1.996250573,-0.376506736,1.749953151,,,,,,,,
Mason Plumlee,203486,2023-24,0,1610612746,LAC,34,46,11,14.65217391,1.891304348,3.326086957,0.569,0,0.130434783,0,1.52173913,2.152173913,0.707,1.304347826,3.782608696,5.086956522,1.195652174,0.304347826,0.369565217,0.782608696,1.47826087,5.304347826,Forward-Center,0.463376966,0.746743107,-0.682536517,0.496805492,-0.547750814,-0.961424209,-0.155492321,-1.214270308,0.641899973,-0.582428864,0.464349876,-2.540847693,,,,,,,,
Mason Plumlee,203486,2024-25,0,1610612756,PHX,35,74,21,17.56756757,1.689189189,2.72972973,0.619,0,0.054054054,0,1.121621622,1.72972973,0.648,1.567567568,4.581081081,6.148648649,1.810810811,0.445945946,0.635135135,0.797297297,2.081081081,4.5,Forward-Center,0.46409241,0.745094833,-0.803845472,0.934366293,-0.224741756,-0.597484422,0.492657081,-1.214270308,0.788883519,-0.938429963,0.446665258,-1.116199771,,,,,,,,
Matisse Thybulle,1629680,2021-22,0,1610612755,PHI,25,66,50,25.53030303,2.272727273,4.545454545,0.5,0.681818182,2.181818182,0.313,0.515151515,0.651515152,0.791,0.636363636,1.651515152,2.287878788,1.136363636,1.742424242,1.075757576,0.590909091,2.393939394,5.742424242,Guard-Forward,0.461608902,0.749001048,-0.616467348,-0.656793244,-0.57888219,2.73476345,1.568039314,-0.461725078,0.278662434,-0.094749654,0.695150228,2.867997913,,,,,,,,
Matisse Thybulle,1629680,2022-23,0,0,TOT,26,71,28,16.90140845,1.549295775,3.563380282,0.435,0.76056338,2.084507042,0.365,0.267605634,0.394366197,0.679,0.563380282,1.408450704,1.971830986,0.746478873,1.169014085,0.450704225,0.338028169,1.591549296,4.126760563,Guard-Forward,0.459008343,0.747910271,-0.860136152,-0.787047699,-0.783603871,1.260967258,0.042535377,-0.374811404,-0.255605808,-0.330340046,0.99961098,-1.088431364,,,,,,,,
Matisse Thybulle,1629680,2023-24,0,1610612757,POR,27,65,19,22.87692308,1.938461538,4.876923077,0.397,1.230769231,3.553846154,0.346,0.338461538,0.446153846,0.759,0.461538462,1.630769231,2.092307692,1.384615385,1.738461538,0.753846154,0.615384615,1.430769231,5.446153846,Guard-Forward,0.456940595,0.748547061,-0.661149824,-0.737394996,-0.448529532,2.724578388,0.782382952,0.144170313,-0.680411544,-0.192803548,0.66568246,1.596524669,,,,,,,,
Timmy Allen,,2023-24,,,,24,5,0,25,1.2,4.6,0.261,0,,,0.2,0.4,0.5,0.8,2.6,3.4,1,0.8,0,0.4,3.6,2.6,Forward,0.451118405,0.746481933,-1.090396896,-0.198448837,-0.650484354,0.312516055,-1.057452438,-1.214270308,-1.876543523,-0.638838265,0.924998827,-5.48891974,466,MEM,1.4,0,1.2,3.2,0.375,0.261
Maurice Harkless,203090,2020-21,0,0,TOT,28,37,23,20.86486486,1.864864865,4.459459459,0.418,0.621621622,2.27027027,0.274,0.891891892,1.162162162,0.767,0.351351351,2.054054054,2.405405405,1.189189189,0.810810811,0.540540541,0.594594595,2.324324324,5.243243243,Guard-Forward,0.45807665,0.748875071,-0.691752099,-0.608356377,-0.551144415,0.34030233,0.261789707,-0.528166008,-0.447016302,-0.121958666,0.690712996,-1.655588833,,,,,,,,
Maurice Harkless,203090,2021-22,0,1610612758,SAC,29,47,24,18.38297872,1.765957447,3.85106383,0.459,0.659574468,2.14893617,0.307,0.425531915,0.595744681,0.714,0.255319149,2.127659574,2.382978723,0.489361702,0.617021277,0.510638298,0.659574468,1.638297872,4.617021277,Guard-Forward,0.459831818,0.748048109,-0.786196728,-0.617599204,-0.918611608,-0.157781413,0.188810354,-0.486276199,-0.08642815,-0.300569227,0.612479254,-2.552172921,,,,,,,,
Max Strus,1629622,2020-21,0,1610612748,MIA,25,39,0,13,2.179487179,4.794871795,0.455,1.282051282,3.794871795,0.338,0.41025641,0.615384615,0.667,0.128205128,0.923076923,1.051282051,0.615384615,0.282051282,0.051282051,0.205128205,1.102564103,6.051282051,Guard-Forward,0.459641307,0.747463469,-0.569886482,-1.166438408,-0.852439177,-1.018731463,-0.932293569,0.200772005,-0.125567402,-0.426842158,1.159618397,-3.731808257,,,,,,,,
Max Strus,1629622,2021-22,0,1610612748,MIA,26,68,16,23.33823529,3.661764706,8.294117647,0.441,2.661764706,6.5,0.41,0.617647059,0.779411765,0.792,0.352941176,2.617647059,2.970588235,1.352941176,0.411764706,0.235294118,0.838235294,1.705882353,10.60294118,Guard-Forward,0.458419092,0.749122178,0.116578994,-0.375424583,-0.465161106,-0.685338083,-0.483194092,1.723607248,-0.376663769,-0.068587396,0.397377185,-0.216805601,,,,,,,,
Max Strus,1629622,2022-23,0,1610612748,MIA,27,80,33,28.4,4.05,9.875,0.41,2.4625,7.0375,0.35,0.975,1.1125,0.876,0.6125,2.6125,3.225,2.1375,0.525,0.15,0.875,2.075,11.5375,Guard-Forward,0.455382345,0.751229923,0.257525921,-0.270572514,-0.053202968,-0.394297293,-0.691362743,1.503672216,-1.000544094,0.38665187,0.353113624,0.090984018,,,,,,,,
Max Strus,1629622,2023-24,0,1610612739,CLE,28,70,70,31.98571429,4.342857143,10.4,0.418,2.4,6.842857143,0.351,1.1,1.385714286,0.794,0.942857143,3.885714286,4.828571429,4.042857143,0.914285714,0.414285714,1.6,2.428571429,12.18571429,Guard-Forward,0.455920156,0.74968203,0.355287356,0.390315874,0.947266795,0.606256666,-0.046347567,1.434688903,-0.890054359,0.052331571,-0.519763789,2.32998145,,,,,,,,
Max Strus,1629622,2024-25,0,1610612739,CLE,29,50,37,25.46,3.3,7.46,0.442,2.26,5.86,0.386,0.56,0.68,0.824,1.06,3.28,4.34,3.16,0.52,0.24,1.08,2.08,9.42,Guard-Forward,0.458623722,0.749467432,-0.061828101,0.188958343,0.483693926,-0.407148445,-0.471708926,1.280166282,-0.334623773,0.005981829,0.106300011,0.789791148,,,,,,,,
Maxi Kleber,1628467,2020-21,0,1610612742,DAL,29,50,40,26.82,2.32,5.5,0.422,1.74,4.24,0.41,0.68,0.74,0.919,0.94,4.26,5.2,1.36,0.48,0.7,0.6,2.1,7.06,Forward,0.457889907,0.750941061,-0.417755133,0.543394699,-0.461454641,-0.509957659,0.650966138,0.70622512,-0.485381451,0.324262298,0.684205057,1.034504428,,,,,,,,
Maxi Kleber,1628467,2021-22,0,1610612742,DAL,30,59,21,24.57627119,2.389830508,6,0.398,1.406779661,4.322033898,0.325,0.779661017,1.101694915,0.708,1.186440678,4.745762712,5.93220339,1.152542373,0.508474576,0.983050847,0.796610169,2.322033898,6.966101695,Forward,0.456362124,0.747581651,-0.43191655,0.845161561,-0.570387018,-0.436771439,1.34177946,0.338438834,-0.799254689,-0.401316825,0.447492539,0.333225873,,,,,,,,
Maxi Kleber,1628467,2022-23,0,1610612742,DAL,31,37,5,25.13513514,2.081081081,4.567567568,0.456,1.054054054,3.027027027,0.348,0.72972973,1.027027027,0.711,0.810810811,2.837837838,3.648648649,1.405405405,0.324324324,0.810810811,0.72972973,2.297297297,5.945945946,Forward,0.459695077,0.747699952,-0.585772909,-0.095971952,-0.437613056,-0.910080007,0.921410778,-0.05087606,-0.114520779,-0.375765647,0.528014504,-1.121175128,,,,,,,,
Maxi Kleber,1628467,2023-24,0,1610612742,DAL,32,43,7,20.25581395,1.465116279,3.395348837,0.432,0.744186047,2.139534884,0.348,0.76744186,1.093023256,0.702,0.697674419,2.627906977,3.325581395,1.581395349,0.395348837,0.697674419,0.651162791,1.837209302,4.441860465,Forward,0.458948845,0.747460012,-0.812613876,-0.229119371,-0.345203809,-0.727530648,0.64529033,-0.392887607,-0.26782944,-0.427588897,0.622606651,-1.934876667,,,,,,,,
Maxi Kleber,1628467,2024-25,0,1610612742,DAL,33,34,4,18.73529412,1.088235294,2.823529412,0.385,0.382352941,1.441176471,0.265,0.470588235,0.617647059,0.762,0.735294118,2.058823529,2.794117647,1.264705882,0.264705882,0.5,0.676470588,1.941176471,3.029411765,Forward,0.457808094,0.748619083,-1.0256345,-0.448154341,-0.511491918,-1.063313137,0.162846545,-0.792254748,-0.502189426,-0.177248092,0.592136852,-3.765302766,,,,,,,,
Frank Ntilikina,,2023-24,,,,25,5,0,8.6,0.2,1.8,0.111,0.2,,,0.4,0.4,1,0.2,1,1.2,0.8,0,0,0.2,0.8,1,Guard,0.453695336,0.750450187,-1.331703359,-1.105146492,-0.755500862,-1.74366823,-1.057452438,-0.993523708,-1.347129483,0.218241378,1.165792596,-6.950090597,546,CHO,1.6,0.125,0,0.2,0,0.167
Micah Potter,1630695,2023-24,0,1610612762,UTA,26,16,0,11.625,1.1875,2.5,0.475,0.5625,1.3125,0.429,0.375,0.5,0.75,0.625,2.0625,2.6875,0.375,0.25,0.375,0.3125,0.875,3.3125,Center,0.460233026,0.748469098,-0.982940112,-0.492095237,-0.97866094,-1.101110641,-0.142228201,-0.593420493,-0.004002473,-0.209642391,1.030346101,-3.473754387,,,,,,,,
Micah Potter,1630695,2024-25,0,1610612762,UTA,27,38,10,18.55263158,1.5,3.552631579,0.422,0.815789474,2.578947368,0.316,0.447368421,0.526315789,0.85,1.131578947,3.184210526,4.315789474,0.815789474,0.368421053,0.368421053,0.815789474,1.315789474,4.263157895,Center,0.458564838,0.749511562,-0.839565179,0.178980331,-0.747210085,-0.796741256,-0.158284765,-0.313856541,-0.346721179,0.015513229,0.424401253,-2.583484192,,,,,,,,
Michael Carter-Williams,203487,2020-21,0,1610612753,ORL,29,31,25,25.80645161,3.387096774,8.709677419,0.389,0.483870968,1.967741935,0.246,1.580645161,2.580645161,0.613,1.258064516,3.225806452,4.483870968,4.161290323,0.806451613,0.548387097,2.225806452,2.612903226,8.838709677,Guard,0.454186333,0.74180575,-0.149496295,0.248252647,1.00945399,0.329098187,0.280939996,-0.680205951,-1.246257313,-1.648819355,-1.273215262,-3.130249357,,,,,,,,
Andrew Funk,,2023-24,,,,24,5,0,2.6,0,0.8,0,0,,,0,0,,0,0,0,0,0.2,0.2,0,0,0,Guard,0.456214139,,-1.482519897,-1.59970885,-1.175566892,-1.229622159,-0.569332845,-1.214270308,-0.829657401,,1.406586365,-6.694091987,566,CHI,0.6,0,0,0.2,0,0
Michael Porter Jr.,1629008,2020-21,0,1610612743,DEN,23,61,54,31.3442623,7.262295082,13.39344262,0.542,2.786885246,6.262295082,0.445,1.737704918,2.196721311,0.791,1.491803279,5.803278689,7.295081967,1.147540984,0.655737705,0.885245902,1.262295082,2.06557377,19.04918033,Forward,0.469565346,0.750244364,1.39041155,1.40685193,-0.57301316,-0.058271275,1.10307691,1.861706918,1.913263359,0.173786881,-0.113177589,7.104635524,,,,,,,,
Nae'Qwan Tomlin,,2024-25,,,,24,5,1,12.6,2.6,6.4,0.406,0.4,,,1.6,2.2,0.727,1.8,2.4,4.2,0.4,0,0.2,0.4,1.8,7.2,Forward-Center,0.456623921,0.747549606,-0.396640817,0.131259401,-0.965533877,-1.74366823,-0.569332845,-0.772777107,-0.745470254,-0.408237949,0.924998827,-4.54540285,290,CLE,2,0.2,2.2,4.4,0.5,0.438
Michael Porter Jr.,1629008,2022-23,0,1610612743,DEN,25,62,62,29,6.419354839,13.17741935,0.487,3.032258065,7.322580645,0.414,1.548387097,1.935483871,0.8,1.032258065,4.467741935,5.5,1.048387097,0.596774194,0.467741935,1.096774194,1.919354839,17.41935484,Forward,0.463023355,0.750374766,1.14460691,0.667035289,-0.625077135,-0.209821081,0.084117577,2.132532997,0.56925286,0.201951495,0.086104404,4.050703315,,,,,,,,
Michael Porter Jr.,1629008,2023-24,0,1610612743,DEN,26,81,81,31.66666667,6.444444444,13.32098765,0.484,2.716049383,6.839506173,0.397,1.135802469,1.358024691,0.836,1.308641975,5.666666667,6.975308642,1.50617284,0.518518519,0.654320988,1.135802469,1.827160494,16.74074074,Forward,0.462701078,0.750768713,1.04226068,1.275062055,-0.384701835,-0.410956192,0.539482035,1.783523038,0.503043224,0.287037779,0.039115577,4.67386636,,,,,,,,
Michael Porter Jr.,1629008,2024-25,0,1610612743,DEN,27,77,77,33.67532468,6.857142857,13.61038961,0.504,2.506493506,6.350649351,0.395,1.935064935,2.519480519,0.768,1.792207792,5.220779221,7.012987013,2.142857143,0.649350649,0.493506494,1.350649351,2.038961039,18.15584416,Forward,0.46515131,0.749391466,1.25568168,1.290590642,-0.050390026,-0.07468748,0.146998508,1.5522293,1.006427714,-0.010425645,-0.219553376,4.896871317,,,,,,,,
Mikal Bridges,1628969,2020-21,0,1610612756,PHX,24,72,72,32.61111111,5.041666667,9.291666667,0.543,1.861111111,4.375,0.425,1.527777778,1.819444444,0.84,1.055555556,3.236111111,4.291666667,2.111111111,1.055555556,0.875,0.791666667,1.611111111,13.47222222,Guard-Forward,0.466931851,0.751668089,0.54931403,0.16903847,-0.067059313,0.969352703,1.078070783,0.83989945,1.372228523,0.481288721,0.453444361,5.845577727,,,,,,,,
Mikal Bridges,1628969,2021-22,0,1610612756,PHX,25,82,82,34.80487805,5.585365854,10.46341463,0.534,1.402439024,3.804878049,0.369,1.597560976,1.914634146,0.834,0.902439024,3.329268293,4.231707317,2.256097561,1.170731707,0.43902439,0.829268293,1.829268293,14.17073171,Guard-Forward,0.466886243,0.75160877,0.654660813,0.144327106,0.00907054,1.265381942,0.014029595,0.333647929,1.362858616,0.468476793,0.408173175,4.660626511,,,,,,,,
Mikal Bridges,1628969,2022-23,0,0,TOT,26,83,83,35.69879518,7.144578313,15.26506024,0.468,2.036144578,5.325301205,0.382,3.807228916,4.253012048,0.895,0.951807229,3.43373494,4.385542169,3.289156627,1.096385542,0.734939759,1.530120482,1.915662651,20.13253012,Guard-Forward,0.460941358,0.759941866,1.553798615,0.207727878,0.551511816,1.074295172,0.736240043,1.033089665,0.141519768,2.268292816,-0.435631027,7.130844747,,,,,,,,
Mikal Bridges,1628969,2023-24,0,1610612751,BKN,27,82,82,34.80487805,6.87804878,15.7804878,0.436,2.682926829,7.219512195,0.372,3.146341463,3.865853659,0.814,0.829268293,3.707317073,4.536585366,3.646341463,0.987804878,0.365853659,2,1.414634146,19.58536585,Guard-Forward,0.45661129,0.75315792,1.471277194,0.269978111,0.739063336,0.795217853,-0.164550742,1.746964582,-0.748065238,0.803068576,-1.001351328,3.911602344,,,,,,,,
Mikal Bridges,1628969,2024-25,0,1610612752,NYK,28,82,82,37.02439024,7.219512195,14.42682927,0.5,2,5.646341463,0.354,1.170731707,1.43902439,0.814,0.865853659,2.292682927,3.158536585,3.731707317,0.914634146,0.524390244,1.609756098,1.548780488,17.6097561,Guard-Forward,0.46492418,0.750287467,1.173322569,-0.297964433,0.783887455,0.607152217,0.222373325,0.993195701,0.959765405,0.183096296,-0.531509827,4.093318707,,,,,,,,
Mike Conley,201144,2020-21,0,1610612762,UTA,33,51,51,29.37254902,5.568627451,12.54901961,0.444,2.705882353,6.568627451,0.412,2.37254902,2.784313725,0.852,0.705882353,2.764705882,3.470588235,5.980392157,1.37254902,0.176470588,1.941176471,1.921568627,16.21568627,Guard,0.45809506,0.753915736,0.963073782,-0.169356934,1.964632596,1.784098927,-0.62675868,1.772301351,-0.44323406,0.9667447,-0.930529632,5.28097205,,,,,,,,
Mike Conley,201144,2021-22,0,1610612762,UTA,34,72,72,28.58333333,4.777777778,10.98611111,0.435,2.347222222,5.75,0.408,1.791666667,2.25,0.796,0.652777778,2.361111111,3.013888889,5.347222222,1.333333333,0.291666667,1.708333333,1.972222222,13.69444444,Guard,0.45740267,0.750501233,0.582828816,-0.357578855,1.63216612,1.683305577,-0.345611364,1.376436327,-0.585481262,0.2292665,-0.650193747,3.565138113,,,,,,,,
Mike Conley,201144,2022-23,0,0,TOT,35,67,66,30.26865672,3.895522388,9.104477612,0.428,2.014925373,5.23880597,0.385,2.104477612,2.52238806,0.834,0.492537313,2.223880597,2.71641791,6.71641791,1.089552239,0.208955224,1.537313433,2.074626866,11.91044776,Guard,0.457204898,0.752562146,0.313772611,-0.480177145,2.351106866,1.056732009,-0.547476743,1.009669328,-0.626112112,0.674390856,-0.444291116,3.307614554,,,,,,,,
Mike Conley,201144,2023-24,0,1610612750,MIN,36,76,76,28.85526316,3.868421053,8.473684211,0.457,2.355263158,5.328947368,0.442,1.342105263,1.473684211,0.911,0.486842105,2.381578947,2.868421053,5.907894737,1.157894737,0.223684211,1.342105263,1.684210526,11.43421053,Guard,0.459640135,0.753107464,0.24194816,-0.417531285,1.926565467,1.232387972,-0.511529208,1.385311374,-0.125808179,0.792170719,-0.20926656,4.314248461,,,,,,,,
Mike Conley,201144,2024-25,0,1610612750,MIN,37,71,64,24.73239437,2.633802817,6.591549296,0.4,1.788732394,4.366197183,0.41,1.14084507,1.267605634,0.9,0.450704225,2.112676056,2.563380282,4.492957746,1.112676056,0.197183099,1.056338028,1.563380282,8.197183099,Guard,0.456161912,0.752200811,-0.246249113,-0.543249354,1.183606762,1.116165546,-0.576207768,0.760012671,-0.840387104,0.596348102,0.134788288,1.58482803,,,,,,,,
Jamaree Bouyea,,2024-25,,,,25,5,1,12.4,1.2,2.4,0.5,0.2,,,0.8,1.2,0.667,0.2,0.8,1,2,0.8,0.4,1.6,0.4,3.4,Guard,0.460804543,0.746544716,-0.969743665,-1.187573552,-0.125401817,0.312516055,-0.081213252,-0.993523708,0.113411991,-0.62527829,-0.519763789,-4.076570026,454,MIL,1,0.2,1,1.4,0.714,0.542
Mike Muscala,203488,2020-21,0,1610612760,OKC,29,35,0,18.42857143,3.4,7.628571429,0.446,1.942857143,5.257142857,0.37,0.942857143,1.028571429,0.917,0.542857143,3.228571429,3.771428571,0.8,0.228571429,0.314285714,0.6,1.542857143,9.685714286,Forward-Center,0.4588812,0.751851137,-0.021753992,-0.045370012,-0.755500862,-1.156187005,-0.290407364,0.930125244,-0.281726529,0.520824161,0.684205057,-0.4157913,,,,,,,,
Mike Muscala,203488,2021-22,0,1610612760,OKC,30,43,0,13.79069767,2.627906977,5.76744186,0.456,1.627906977,3.790697674,0.429,1.11627907,1.325581395,0.842,0.488372093,2.511627907,3,0.511627907,0.418604651,0.604651163,0.325581395,1.348837209,8,Forward-Center,0.459653158,0.750869799,-0.275987586,-0.363302956,-0.906920012,-0.667757849,0.418257961,0.582504351,-0.123132698,0.308870774,1.014596509,-0.012871507,,,,,,,,
Mike Muscala,203488,2022-23,0,0,TOT,31,63,9,15,2.079365079,4.634920635,0.449,1.285714286,3.285714286,0.391,0.634920635,0.825396825,0.769,0.587301587,2.634920635,3.222222222,0.793650794,0.238095238,0.380952381,0.365079365,1.555555556,6.079365079,Forward-Center,0.459382625,0.748787456,-0.565651097,-0.271717334,-0.758834719,-1.131708622,-0.127700832,0.204814984,-0.17871192,-0.140882055,0.967042183,-2.003349412,,,,,,,,
Mike Muscala,203488,2023-24,0,0,TOT,33,53,6,11.32075472,1.056603774,2.943396226,0.359,0.528301887,1.811320755,0.292,0.320754717,0.471698113,0.68,0.735849057,1.622641509,2.358490566,0.679245283,0.169811321,0.245283019,0.41509434,0.981132075,2.962264151,Forward-Center,0.456979915,0.747814034,-1.035761471,-0.627691638,-0.818907055,-1.307214018,-0.458815201,-0.631166079,-0.672333581,-0.351125792,0.906825711,-4.996189123,,,,,,,,
Miles Bridges,1628970,2020-21,0,1610612766,CHA,23,66,19,29.27272727,4.742424242,9.424242424,0.503,1.757575758,4.393939394,0.4,1.484848485,1.712121212,0.867,1.227272727,4.787878788,6.015151515,2.227272727,0.666666667,0.787878788,1.606060606,2.166666667,12.72727273,Forward,0.463578984,0.7523787,0.436963326,0.879347412,-0.006064877,-0.030181325,0.86544293,0.725624064,0.683403322,0.634769395,-0.52706057,3.662243676,,,,,,,,
Miles Bridges,1628970,2021-22,0,1610612766,CHA,24,80,80,35.4625,7.45,15.175,0.491,1.925,5.8125,0.331,3.3375,4.1625,0.802,1.125,5.8625,6.9875,3.75,0.925,0.8375,1.875,2.4125,20.1625,Forward,0.463966227,0.752568926,1.558318569,1.280086544,0.793492623,0.633794849,0.986548359,0.910415726,0.762959929,0.675855126,-0.850855222,6.750616503,,,,,,,,
Miles Bridges,1628970,2023-24,0,1610612766,CHA,26,69,67,37.4057971,8.101449275,17.53623188,0.462,2.275362319,6.52173913,0.349,2.52173913,3.057971014,0.825,1.028985507,6.289855072,7.31884058,3.347826087,0.942028986,0.47826087,2,1.710144928,21,Forward,0.460182562,0.752865493,1.68462742,1.416643693,0.582318125,0.677563266,0.109790069,1.297122181,-0.014370022,0.739909019,-1.001351328,5.492252423,,,,,,,,
Miles Bridges,1628970,2024-25,0,1610612766,CHA,27,64,64,31.703125,7.328125,17.015625,0.431,2.203125,7.03125,0.313,3.453125,3.96875,0.87,1.125,6.390625,7.515625,3.875,0.6875,0.703125,2.125,1.453125,20.3125,Forward,0.455666665,0.757392045,1.58094105,1.497745498,0.85912794,0.02336514,0.658593007,1.217391468,-0.94213247,1.717572101,-1.151847434,5.4607563,,,,,,,,
Miles McBride,1630540,2022-23,0,1610612752,NYK,22,64,2,11.875,1.203125,3.359375,0.358,0.625,2.09375,0.299,0.4375,0.65625,0.667,0.203125,0.578125,0.78125,1.125,0.578125,0.125,0.390625,0.9375,3.46875,Guard,0.456553084,0.747398558,-0.959375028,-1.277728148,-0.584849037,-0.257753805,-0.752377692,-0.52443718,-0.760023211,-0.440861997,0.936286035,-4.621120065,,,,,,,,
Miles McBride,1630540,2023-24,0,1610612752,NYK,23,68,14,19.52941176,3.014705882,6.676470588,0.452,1.602941176,3.911764706,0.41,0.632352941,0.735294118,0.86,0.455882353,1.014705882,1.470588235,1.676470588,0.735294118,0.102941176,0.441176471,1.588235294,8.264705882,Guard,0.459371684,0.750070401,-0.236065561,-0.993627529,-0.295281462,0.146207033,-0.806214413,0.554948772,-0.180959851,0.136213491,0.875423638,-0.799355882,,,,,,,,
Miles McBride,1630540,2024-25,0,1610612752,NYK,24,64,10,24.890625,3.46875,8.546875,0.406,1.796875,4.875,0.369,0.8125,1,0.813,0.734375,1.78125,2.515625,2.921875,1.046875,0.265625,0.640625,1.6875,9.546875,Guard,0.455622665,0.749719401,-0.042693252,-0.562930991,0.358658647,0.947041674,-0.409168603,0.768999934,-0.951171984,0.060403131,0.635293823,0.804432379,,,,,,,,
Mitchell Robinson,1629011,2020-21,0,1610612752,NYK,23,31,29,27.51612903,3.709677419,5.677419355,0.653,0,0,0,0.838709677,1.709677419,0.491,3.64516129,4.483870968,8.129032258,0.548387097,1.129032258,1.451612903,0.838709677,2.774193548,8.258064516,Forward-Center,0.470239909,0.739941592,-0.237067189,1.750552281,-0.887618403,1.158204753,2.485351061,-1.214270308,2.051848034,-2.051447715,0.396806043,3.452358556,,,,,,,,
Mitchell Robinson,1629011,2021-22,0,1610612752,NYK,24,72,62,25.66666667,3.625,4.763888889,0.761,0,0,0,1.222222222,2.513888889,0.486,4.097222222,4.472222222,8.569444444,0.527777778,0.805555556,1.847222222,0.833333333,2.708333333,8.472222222,Forward-Center,0.473557303,0.735889881,-0.204768665,1.932061689,-0.898439997,0.326795114,3.450874361,-1.214270308,2.733385567,-2.926552859,0.403278993,3.602363895,,,,,,,,
Mitchell Robinson,1629011,2022-23,0,1610612752,NYK,25,59,58,26.93220339,3.186440678,4.745762712,0.671,0,0,0,1,2.06779661,0.484,4.525423729,4.881355932,9.406779661,0.898305085,0.949152542,1.847457627,0.694915254,2.711864407,7.372881356,Forward-Center,0.469429891,0.737951392,-0.370567449,2.277157088,-0.703882578,0.695872446,3.45144889,-1.214270308,1.885435032,-2.481299249,0.569930048,4.109823919,,,,,,,,
Mitchell Robinson,1629011,2023-24,0,1610612752,NYK,26,31,21,24.77419355,2.35483871,4.096774194,0.575,0,0,0,0.870967742,2.129032258,0.409,4.580645161,3.903225806,8.483870968,0.580645161,1.193548387,1.129032258,0.806451613,1.774193548,5.580645161,Forward-Center,0.464395085,0.734589958,-0.640866309,1.896793839,-0.870680257,1.324026066,1.698061395,-1.214270308,0.851066192,-3.207315428,0.435643747,0.272458935,,,,,,,,
Mitchell Robinson,1629011,2024-25,0,1610612752,NYK,27,17,3,17.05882353,2.176470588,3.294117647,0.661,0,0,0,0.764705882,1.117647059,0.684,3.058823529,2.882352941,5.941176471,0.764705882,0.941176471,1.058823529,0.588235294,1.529411765,5.117647059,Forward-Center,0.466278216,0.747044558,-0.710694081,0.848859685,-0.774033187,0.675372106,1.526710114,-1.214270308,1.237943515,-0.517320404,0.698369397,1.770936836,,,,,,,,
Mo Bamba,1628964,2020-21,0,1610612753,ORL,23,46,5,15.76086957,3.086956522,6.543478261,0.472,0.826086957,2.565217391,0.322,0.97826087,1.434782609,0.682,1.652173913,4.108695652,5.760869565,0.760869565,0.304347826,1.260869565,0.782608696,1.891304348,7.97826087,Center,0.460609206,0.746600048,-0.279266206,0.774548844,-0.77604757,-0.961424209,2.019823258,-0.302490869,0.073281277,-0.613327317,0.464349876,0.399447084,,,,,,,,
Mo Bamba,1628964,2021-22,0,1610612753,ORL,24,71,69,25.69014085,4.169014085,8.690140845,0.48,1.507042254,3.957746479,0.381,0.802816901,1.028169014,0.781,2.084507042,5.971830986,8.056338028,1.197183099,0.535211268,1.661971831,1.084507042,2.563380282,10.64788732,Center,0.461473804,0.749109564,0.123357615,1.720592423,-0.546946952,-0.368051982,2.998752633,0.449101967,0.250907526,-0.071311907,0.100873673,4.657274995,,,,,,,,
Mo Bamba,1628964,2022-23,0,0,TOT,25,49,7,15.67346939,2.387755102,4.918367347,0.485,0.979591837,2.530612245,0.387,0.836734694,1.265306122,0.661,1.183673469,3.408163265,4.591836735,0.93877551,0.265306122,0.87755102,0.612244898,2.142857143,6.591836735,Center,0.461042185,0.746295296,-0.488361896,0.292749151,-0.682632265,-1.061770382,1.084296797,-0.133062467,0.162234109,-0.679149041,0.669462582,-0.836233412,,,,,,,,
Mo Bamba,1628964,2023-24,0,1610612755,PHI,26,57,17,12.98245614,1.701754386,3.473684211,0.49,0.438596491,1.122807018,0.391,0.596491228,0.877192982,0.68,1.350877193,2.824561404,4.175438596,0.719298246,0.385964912,1.052631579,0.684210526,1.771929825,4.438596491,Center,0.460875543,0.747273551,-0.813106137,0.12113678,-0.797875944,-0.751649497,1.511598053,-0.730176886,0.12799863,-0.467861446,0.582818207,-1.217118239,,,,,,,,
Mo Bamba,1628964,2024-25,0,0,TOT,27,32,2,12.90625,1.625,3.5,0.464,0.46875,1.6875,0.278,0.59375,0.84375,0.704,1,3.53125,4.53125,0.5625,0.28125,0.96875,0.625,1.75,4.3125,Center,0.460003722,0.74771608,-0.832123573,0.267779219,-0.880207964,-1.020790942,1.306876842,-0.696895462,-0.051111649,-0.372282255,0.654105836,-1.62464995,,,,,,,,
Montrezl Harrell,1626149,2020-21,0,1610612747,LAL,27,69,1,22.89855072,5.434782609,8.739130435,0.622,0,0.144927536,0,2.623188406,3.710144928,0.707,2.289855072,3.913043478,6.202898551,1.057971014,0.666666667,0.710144928,1.072463768,1.855072464,13.49275362,Forward-Center,0.472894386,0.745590278,0.552410504,0.956724592,-0.620044787,-0.030181325,0.675725829,-1.214270308,2.597193553,-0.83142155,0.115373399,2.201509907,,,,,,,,
Montrezl Harrell,1626149,2021-22,0,0,TOT,28,71,3,23.09859155,5.042253521,7.816901408,0.645,0.056338028,0.23943662,0.235,2.985915493,4.169014085,0.716,2.098591549,3.971830986,6.070422535,2.042253521,0.408450704,0.605633803,1.014084507,1.929577465,13.12676056,Forward-Center,0.473286525,0.745956045,0.497212698,0.90212655,-0.103215231,-0.693855832,0.42065619,-1.152088168,2.677756013,-0.752421703,0.185660211,1.981830729,,,,,,,,
Montrezl Harrell,1626149,2022-23,0,1610612755,PHI,29,57,7,11.94736842,2.192982456,3.666666667,0.598,0,0.105263158,0,1.228070175,1.771929825,0.693,1.175438596,1.614035088,2.789473684,0.578947368,0.298245614,0.438596491,0.614035088,1.315789474,5.614035088,Forward-Center,0.464749696,0.746555845,-0.635830556,-0.450068282,-0.871571739,-0.977108299,0.012985266,-1.214270308,0.923918746,-0.62287456,0.667307249,-3.167512485,,,,,,,,
Moritz Wagner,1629021,2020-21,0,0,TOT,24,45,24,16.04444444,2.311111111,5.088888889,0.454,0.688888889,2.022222222,0.341,1.577777778,1.933333333,0.816,0.6,2.644444444,3.244444444,1.111111111,0.577777778,0.4,0.955555556,2.4,6.888888889,Forward-Center,0.459579897,0.750968346,-0.443561518,-0.262558772,-0.59214185,-0.258646246,-0.081213252,-0.453920905,-0.138183704,0.33015542,0.256127245,-1.643943583,,,,,,,,
Moritz Wagner,1629021,2021-22,0,1610612753,ORL,25,63,3,15.23809524,3.126984127,6.285714286,0.497,1.047619048,3.19047619,0.328,1.650793651,2.047619048,0.806,0.666666667,3.015873016,3.682539683,1.380952381,0.317460317,0.206349206,0.888888889,1.952380952,8.952380952,Forward-Center,0.462060076,0.750717729,-0.132352787,-0.082004261,-0.450452912,-0.927722086,-0.553836986,-0.057978589,0.371353248,0.27602621,0.336391835,-1.220576327,,,,,,,,
Moritz Wagner,1629021,2022-23,0,1610612753,ORL,26,57,18,19.45614035,3.473684211,6.947368421,0.5,0.894736842,2.859649123,0.313,2.684210526,3.192982456,0.841,1.210526316,3.333333333,4.543859649,1.473684211,0.649122807,0.228070175,1.192982456,2.385964912,10.52631579,Forward-Center,0.462471121,0.754009003,0.105022618,0.2729761,-0.401761047,-0.075273087,-0.500824833,-0.226719725,0.455799969,0.986888946,-0.029727346,0.586381595,,,,,,,,
Moritz Wagner,1629021,2023-24,0,1610612753,ORL,27,80,1,17.6875,4.15,6.9,0.601,0.475,1.4375,0.33,2.075,2.55,0.814,1.4625,2.875,4.3375,1.2,0.4875,0.2625,1.2125,2,10.85,Forward-Center,0.468973669,0.751634433,0.15383955,0.187928005,-0.545467847,-0.490680931,-0.416795472,-0.689997131,1.791707073,0.474019525,-0.053225861,0.41132691,,,,,,,,
Moritz Wagner,1629021,2024-25,0,1610612753,ORL,28,30,1,18.8,4.666666667,8.3,0.562,0.9,2.5,0.36,2.633333333,3.666666667,0.718,1.333333333,3.6,4.933333333,1.4,0.8,0.4,1.633333333,1.833333333,12.86666667,Forward-Center,0.467691461,0.746373095,0.457986237,0.433491953,-0.440451339,0.312516055,-0.081213252,-0.220910604,1.528285556,-0.662345578,-0.559896084,0.767462944,,,,,,,,
Moses Brown,1629650,2020-21,0,1610612760,OKC,21,43,32,21.39534884,3.395348837,6.23255814,0.545,0,0,0,1.813953488,2.930232558,0.619,3.581395349,5.325581395,8.906976744,0.23255814,0.720930233,1.093023256,1,2.162790698,8.604651163,Center,0.464858705,0.741287191,-0.18479619,2.071170664,-1.053454673,0.10928854,1.610177898,-1.214270308,0.946313821,-1.760819932,0.202617519,0.726227336,,,,,,,,
Moses Brown,1629650,2021-22,0,0,TOT,22,40,6,8.6,1.6,2.7,0.593,0,0,0,1.075,1.8,0.597,0.975,2.4,3.375,0.025,0.175,0.4,0.5,1.325,4.275,Center,0.463364023,0.743190916,-0.837779194,-0.208752219,-1.162439828,-1.293877918,-0.081213252,-1.214270308,0.639241,-1.34964562,0.804601942,-4.704135396,,,,,,,,
Moses Brown,1629650,2022-23,0,0,TOT,23,36,1,8.166666667,1.694444444,2.666666667,0.635,0,0,0,0.916666667,2,0.458,1.583333333,2.277777778,3.861111111,0.111111111,0.111111111,0.388888889,0.416666667,1.083333333,4.305555556,Center,0.464412843,0.737282489,-0.83317091,-0.008408672,-1.117224388,-1.45808708,-0.108331006,-1.214270308,0.854714309,-2.625771643,0.904932679,-5.605617019,,,,,,,,
Moses Brown,1629650,2023-24,0,1610612757,POR,24,22,5,9.090909091,1.5,2.954545455,0.508,0,0,0,0.409090909,1.409090909,0.29,1.681818182,2.227272727,3.909090909,0.318181818,0.227272727,0.318181818,0.5,1.227272727,3.409090909,Center,0.461245242,0.735887858,-0.968372606,0.011365496,-1.008495175,-1.159524968,-0.28089854,-1.214270308,0.203950927,-2.926989718,0.804601942,-6.538632951,,,,,,,,
Phillip Wheeler,,2024-25,,,,22,5,0,8.8,0.6,4.2,0.143,0,,,0.4,0.4,1,0.4,1.2,1.6,0.4,0.2,0.4,0.2,0.2,1.6,Forward-Center,0.447091988,0.750450187,-1.241213435,-0.940292373,-0.965533877,-1.229622159,-0.081213252,-1.214270308,-2.703745321,0.218241378,1.165792596,-6.991856751,526,PHI,2,0,0.6,2.2,0.273,0.143
Moses Moody,1630541,2022-23,0,1610612744,GSW,21,63,3,12.96825397,1.714285714,3.603174603,0.476,0.777777778,2.142857143,0.363,0.587301587,0.841269841,0.698,0.444444444,1.222222222,1.666666667,0.80952381,0.285714286,0.111111111,0.53968254,0.857142857,4.793650794,Guard,0.460425045,0.747618931,-0.759558076,-0.912816686,-0.750500076,-1.009316699,-0.786274887,-0.355811305,0.035446507,-0.393264967,0.7568254,-4.175270788,,,,,,,,
Moses Moody,1630541,2023-24,0,1610612744,GSW,22,66,9,17.51515152,2.939393939,6.363636364,0.462,1.090909091,3.03030303,0.36,1.106060606,1.409090909,0.785,0.984848485,1.984848485,2.96969697,0.863636364,0.636363636,0.363636364,0.666666667,1.363636364,8.075757576,Guard,0.459991656,0.749455498,-0.264562091,-0.375791904,-0.722086518,-0.108067095,-0.169962268,-0.01019794,-0.053590533,0.003404227,0.603940467,-1.096913654,,,,,,,,
Moses Moody,1630541,2024-25,0,1610612744,GSW,23,74,34,22.28378378,3.324324324,7.675675676,0.433,1.702702703,4.554054054,0.374,1.432432432,1.797297297,0.797,0.702702703,1.851351351,2.554054054,1.297297297,0.797297297,0.418918919,0.72972973,1.567567568,9.783783784,Guard,0.457948858,0.750138278,-0.006963489,-0.547093021,-0.494378735,0.305569486,-0.035039776,0.665058862,-0.473270254,0.15087388,0.528014504,0.092771455,,,,,,,,
Moussa Diabaté,1631217,2022-23,0,1610612746,LAC,21,22,1,8.863636364,1.090909091,2.136363636,0.511,0.045454545,0.090909091,0.5,0.454545455,0.727272727,0.625,1.409090909,0.863636364,2.272727273,0.181818182,0.318181818,0.363636364,0.409090909,0.681818182,2.681818182,Forward,0.460933455,0.746683842,-1.078057361,-0.663037718,-1.080097339,-0.925867663,-0.169962268,-1.164100627,0.139896243,-0.595229207,0.914053655,-4.622402285,,,,,,,,
Harrison Ingram,,2024-25,,,,22,5,0,7,0.4,0.8,0.5,0,,,0,0,,0.4,1.4,1.8,0.6,0.6,0,0.2,0.4,0.8,Forward,0.460182393,,-1.361866666,-0.857865313,-0.860517369,-0.201530016,-1.057452438,-1.214270308,-0.014404802,,1.165792596,-4.402114318,552,SAS,0.2,0,0.4,0.6,0.667,0.5
Moussa Diabaté,1631217,2024-25,0,1610612766,CHA,23,71,8,17.47887324,2.352112676,3.943661972,0.596,0,0.084507042,0,0.971830986,1.633802817,0.595,2.633802817,3.535211268,6.169014085,0.788732394,0.647887324,0.563380282,0.85915493,1.535211268,5.676056338,Forward,0.465028909,0.743598186,-0.626476726,0.942759608,-0.761417285,-0.078448562,0.317532333,-1.214270308,0.981281212,-1.261681729,0.372190595,-1.328530864,,,,,,,,
Mychal Mulder,1628539,2020-21,0,1610612744,GSW,27,60,6,12.76666667,1.983333333,4.416666667,0.449,1.416666667,3.566666667,0.397,0.233333333,0.366666667,0.636,0.133333333,0.866666667,1,0.433333333,0.2,0.2,0.266666667,0.933333333,5.616666667,Guard,0.459404327,0.747635131,-0.63543367,-1.187573552,-0.948031126,-1.229622159,-0.569332845,0.349351449,-0.174253384,-0.389765902,1.085528006,-3.699133184,,,,,,,,
Mychal Mulder,1628539,2021-22,0,0,TOT,28,17,3,14.11764706,1.411764706,4.529411765,0.312,1,3.176470588,0.315,0.235294118,0.235294118,1,0.117647059,1.294117647,1.411764706,0.294117647,0.235294118,0.117647059,0.470588235,0.764705882,4.058823529,Guard,0.453456696,0.749631991,-0.870382181,-1.017870782,-1.021130851,-1.138908145,-0.770323265,-0.110537304,-1.396156591,0.041524053,0.840012791,-5.443772275,,,,,,,,
Myles Turner,1626167,2020-21,0,1610612754,IND,25,47,47,30.95744681,4.382978723,9.191489362,0.477,1.468085106,4.382978723,0.335,2.361702128,3.021276596,0.782,1.340425532,5.170212766,6.510638298,1.021276596,0.85106383,3.382978723,1.425531915,3.510638298,12.59574468,Forward-Center,0.461306333,0.750365331,0.417126721,1.083555004,-0.639312385,0.443761861,7.199038554,0.406103677,0.21650171,0.199913666,-0.30970965,9.016979157,,,,,,,,
Myles Turner,1626167,2021-22,0,1610612754,IND,26,42,42,29.4047619,4.761904762,9.357142857,0.509,1.452380952,4.357142857,0.333,1.880952381,2.5,0.752,1.547619048,5.523809524,7.071428571,1.047619048,0.666666667,2.80952381,1.285714286,2.833333333,12.85714286,Forward-Center,0.464068186,0.748622656,0.456549889,1.314676471,-0.625480424,-0.030181325,5.799465659,0.388770484,0.783906752,-0.176476271,-0.141373581,7.769857654,,,,,,,,
Myles Turner,1626167,2022-23,0,1610612754,IND,27,62,62,29.43548387,6.483870968,11.82258065,0.548,1.5,4.016129032,0.373,3.483870968,4.451612903,0.783,1.419354839,6.096774194,7.516129032,1.435483871,0.580645161,2.258064516,1.661290323,3.467741935,17.9516129,Forward-Center,0.469182155,0.751278064,1.224880228,1.497953228,-0.421819378,-0.251276411,4.453575228,0.441329199,1.834539285,0.397049633,-0.593555429,8.582675582,,,,,,,,
Myles Turner,1626167,2023-24,0,1610612754,IND,28,77,77,26.96103896,6.181818182,11.80519481,0.524,1.506493506,4.207792208,0.358,3.181818182,4.116883117,0.773,1.467532468,5.454545455,6.922077922,1.298701299,0.506493506,1.87012987,1.415584416,3.012987013,17.05194805,Forward-Center,0.466635807,0.750321115,1.08919589,1.253123796,-0.493641518,-0.441863246,3.50678272,0.448496296,1.311408142,0.190363851,-0.297733171,6.566132759,,,,,,,,
Myles Turner,1626167,2024-25,0,1610612754,IND,29,72,72,30.19444444,5.416666667,11.26388889,0.481,2.166666667,5.472222222,0.396,2.555555556,3.305555556,0.773,1.25,5.291666667,6.541666667,1.541666667,0.75,2,1.708333333,2.541666667,15.55555556,Forward-Center,0.462003587,0.749975935,0.863515153,1.096342891,-0.366064647,0.184004537,3.823743495,1.177151202,0.359747956,0.1158105,-0.650193747,6.60405734,,,,,,,,
Naji Marshall,1630230,2020-21,0,1610612740,NOP,23,32,10,21.875,2.5625,6.53125,0.392,0.90625,2.59375,0.349,1.65625,2.34375,0.707,0.46875,4.15625,4.625,2.75,0.8125,0.3125,1.1875,1.8125,7.6875,Forward,0.455703234,0.746597649,-0.323117754,0.306416903,0.268410086,0.344643934,-0.294765574,-0.214012273,-0.934619465,-0.613845524,-0.02312664,-1.484016307,,,,,,,,
Naji Marshall,1630230,2021-22,0,1610612740,NOP,24,55,4,13.38181818,1.981818182,4.890909091,0.405,0.381818182,1.909090909,0.2,1.345454545,1.690909091,0.796,0.690909091,1.890909091,2.581818182,1.127272727,0.6,0.145454545,0.836363636,1.254545455,5.690909091,Forward,0.457305631,0.750009117,-0.624236685,-0.535650444,-0.583655668,-0.201530016,-0.702456371,-0.792844979,-0.605417244,0.122977186,0.399630603,-3.523183619,,,,,,,,
Naji Marshall,1630230,2022-23,0,1610612740,NOP,25,77,21,23.27272727,3.207792208,7.415584416,0.433,0.857142857,2.831168831,0.303,1.792207792,2.272727273,0.789,0.623376623,3,3.623376623,2.454545455,0.701298701,0.181818182,1.25974026,1.467532468,9.064935065,Forward,0.458009268,0.750216668,-0.115377765,-0.106387446,0.113272064,0.05883098,-0.613707353,-0.268213447,-0.460859394,0.167804831,-0.110101663,-1.334739194,,,,,,,,
Naji Marshall,1630230,2023-24,0,1610612740,NOP,26,66,1,19.04545455,2.575757576,5.560606061,0.463,0.878787879,2.272727273,0.387,1.03030303,1.303030303,0.791,0.803030303,2.833333333,3.636363636,1.939393939,0.742424242,0.181818182,0.984848485,1.378787879,7.060606061,Forward,0.460029054,0.749534407,-0.417663729,-0.101035039,-0.157225001,0.164533094,-0.613707353,-0.244323122,-0.045907178,0.020447481,0.220859471,-1.174021377,,,,,,,,
Naji Marshall,1630230,2024-25,0,1610612742,DAL,27,69,31,27.8115942,5.246376812,10.31884058,0.508,0.869565217,3.15942029,0.275,1.884057971,2.31884058,0.813,1.101449275,3.652173913,4.753623188,3.014492754,1.014492754,0.15942029,1.623188406,1.579710145,13.24637681,Forward,0.46436634,0.751314563,0.515252806,0.359427059,0.407290612,0.863811842,-0.668371603,-0.254502479,0.845160561,0.404932695,-0.547681908,1.925319586,,,,,,,,
Nassir Little,1629642,2021-22,0,1610612757,POR,22,42,23,25.9047619,3.452380952,7.5,0.46,1.214285714,3.666666667,0.331,1.642857143,2.238095238,0.734,1.380952381,4.238095238,5.619047619,1.285714286,0.595238095,0.857142857,0.952380952,1.952380952,9.761904762,Guard-Forward,0.459873351,0.747834529,-0.010263208,0.716099014,-0.500460772,-0.213769209,1.034488676,0.125976911,-0.07789555,-0.346699163,0.259949369,0.987426068,,,,,,,,
Nassir Little,1629642,2022-23,0,1610612757,POR,23,54,4,18.07407407,2.481481481,5.611111111,0.442,1.074074074,2.925925926,0.367,0.611111111,0.851851852,0.717,0.5,2.111111111,2.611111111,0.925925926,0.37037037,0.37037037,0.666666667,1.222222222,6.648148148,Guard-Forward,0.458914747,0.747926886,-0.479869203,-0.523577794,-0.689379357,-0.791731062,-0.153527266,-0.028779303,-0.274834647,-0.326751444,0.603940467,-2.66450961,,,,,,,,
Nassir Little,1629642,2023-24,0,1610612756,PHX,24,45,2,10.17777778,1.266666667,2.755555556,0.46,0.466666667,1.555555556,0.3,0.377777778,0.444444444,0.85,0.311111111,1.355555556,1.666666667,0.466666667,0.222222222,0.222222222,0.311111111,0.866666667,3.377777778,Guard-Forward,0.459867503,0.749348469,-0.973095144,-0.912816686,-0.930528374,-1.172505929,-0.515097335,-0.699194906,-0.079096919,-0.019712209,1.03201828,-4.270029222,,,,,,,,
Naz Reid,1629675,2020-21,0,1610612750,MIN,21,70,15,19.24285714,4.342857143,8.3,0.523,0.871428571,2.485714286,0.351,1.642857143,2.371428571,0.693,1.171428571,3.428571429,4.6,1.028571429,0.485714286,1.085714286,0.985714286,2.557142857,11.2,Forward-Center,0.464702541,0.745942788,0.206625339,0.29611352,-0.635481996,-0.495270628,1.592339641,-0.252445833,0.914230975,-0.755285069,0.219817073,1.090643022,,,,,,,,
Naz Reid,1629675,2021-22,0,1610612750,MIN,22,77,6,15.77922078,3.025974026,6.181818182,0.489,0.74025974,2.155844156,0.343,1.480519481,1.935064935,0.765,1.324675325,2.584415584,3.909090909,0.922077922,0.519480519,0.922077922,1.064935065,2.233766234,8.272727273,Forward-Center,0.461560134,0.749070289,-0.234855803,0.011365496,-0.691399877,-0.408483631,1.192969063,-0.397221201,0.268643497,-0.079794611,0.124437723,-0.214339342,,,,,,,,
Naz Reid,1629675,2022-23,0,1610612750,MIN,23,68,11,18.39705882,4.558823529,8.485294118,0.537,1.102941176,3.191176471,0.346,1.264705882,1.867647059,0.677,1.073529412,3.823529412,4.897058824,1.132352941,0.617647059,0.779411765,1.352941176,2.588235294,11.48529412,Forward-Center,0.465897139,0.745880885,0.24965241,0.418541947,-0.580988136,-0.15617301,0.844778331,0.00308227,1.159653514,-0.768655098,-0.222312662,0.947579566,,,,,,,,
Naz Reid,1629675,2023-24,0,1610612750,MIN,24,81,14,24.24691358,5.012345679,10.50617284,0.477,2.086419753,5.037037037,0.414,1.345679012,1.827160494,0.736,0.901234568,4.320987654,5.222222222,1.308641975,0.777777778,0.901234568,1.37037037,2.12345679,13.45679012,Forward-Center,0.46149304,0.748014732,0.546986614,0.552553261,-0.488421843,0.255399825,1.142098816,1.088580035,0.254859345,-0.307778186,-0.243296869,2.800980998,,,,,,,,
Naz Reid,1629675,2024-25,0,1610612750,MIN,25,80,17,27.5,5.325,11.5375,0.462,2.1875,5.775,0.379,1.3875,1.7875,0.776,1.15,4.85,6,2.2625,0.725,0.9,1.35,2.3625,14.225,Forward-Center,0.460084816,0.749404575,0.662845369,0.873102937,0.012432349,0.119748778,1.139085732,1.200145639,-0.034451279,-0.007594172,-0.218771578,3.746543776,,,,,,,,
Cui Yongxi,,2024-25,,,,21,5,0,2,0.2,1.4,0.143,0,,,0.2,0.4,0.5,0,0.4,0.4,0,0,0,0,0,0.6,Guard,0.455489006,0.746481933,-1.392029974,-1.43485473,-1.175566892,-1.74366823,-1.057452438,-1.214270308,-0.978631369,-0.638838265,1.406586365,-8.228725841,557,BRK,0.6,0,0.2,0.8,0.25,0.143
Neemias Queta,1629674,2023-24,0,1610612738,BOS,24,28,0,11.89285714,2.392857143,3.714285714,0.644,0,0,0,0.714285714,1,0.714,1.892857143,2.464285714,4.357142857,0.714285714,0.464285714,0.75,0.464285714,1.785714286,5.5,Center,0.466458259,0.747778224,-0.653028933,0.19602352,-0.800507937,-0.550346994,0.772996037,-1.214270308,1.274932182,-0.358860063,0.84760083,-0.485461668,,,,,,,,
Neemias Queta,1629674,2024-25,0,1610612738,BOS,25,62,6,13.91935484,2.129032258,3.274193548,0.65,0,0.048387097,0,0.741935484,0.983870968,0.754,1.435483871,2.370967742,3.806451613,0.725806452,0.290322581,0.677419355,0.64516129,1.709677419,5,Center,0.465891907,0.748560818,-0.728437203,-0.03093578,-0.794458598,-0.997472319,0.595855862,-1.214270308,1.158578713,-0.189832322,0.629832271,-1.571139685,,,,,,,,
Nemanja Bjelica,202357,2020-21,0,0,TOT,33,37,3,16.08108108,2.405405405,5.297297297,0.454,0.72972973,2.297297297,0.318,1,1.378378378,0.725,0.783783784,2.648648649,3.432432432,1.864864865,0.405405405,0.135135135,0.891891892,1.837837838,6.540540541,Forward,0.459568853,0.747824571,-0.49609821,-0.185082287,-0.196358917,-0.701682951,-0.727641902,-0.408843521,-0.140452612,-0.348849939,0.332776313,-2.872234027,,,,,,,,
Nemanja Bjelica,202357,2021-22,0,1610612744,GSW,34,71,0,16.08450704,2.253521127,4.816901408,0.468,0.76056338,2.098591549,0.362,0.830985915,1.14084507,0.728,0.873239437,3.267605634,4.14084507,2.23943662,0.577464789,0.366197183,1.225352113,1.802816901,6.098591549,Forward,0.460237752,0.747997508,-0.562751428,0.106879567,0.000322171,-0.2594507,-0.163712338,-0.374811404,-0.003031648,-0.311498358,-0.068699405,-1.636753543,,,,,,,,
Nerlens Noel,203457,2020-21,0,1610612752,NYK,27,64,41,24.171875,2.140625,3.484375,0.614,0,0.046875,0,0.78125,1.09375,0.714,2.21875,4.140625,6.359375,0.71875,1.09375,2.203125,1.015625,2.75,5.0625,Forward-Center,0.465053699,0.747716246,-0.719011169,1.02121406,-0.798163818,1.067521222,4.319489957,-1.214270308,0.986374272,-0.372246409,0.183805505,4.474713312,,,,,,,,
Nerlens Noel,203457,2021-22,0,1610612752,NYK,28,25,11,22.48,1.28,2.4,0.533,0,0.12,0,0.84,1.2,0.7,1.92,3.72,5.64,0.92,1.2,1.24,0.8,2.68,3.4,Forward-Center,0.46157798,0.747318153,-0.969743665,0.72473423,-0.692490957,1.340608197,1.96888904,-1.214270308,0.272309818,-0.458228111,0.443411288,1.415219532,,,,,,,,
Nerlens Noel,203457,2022-23,0,0,TOT,29,17,4,11.47058824,0.764705882,2.117647059,0.361,0.058823529,0.117647059,0.5,0.470588235,0.705882353,0.667,0.588235294,2.117647059,2.705882353,0.588235294,0.941176471,0.588235294,0.764705882,1.882352941,2.058823529,Forward-Center,0.45781368,0.747319861,-1.172015259,-0.48451922,-0.866694811,0.675372106,0.378193424,-1.149344838,-0.501041838,-0.457859162,0.485904306,-3.092005291,,,,,,,,
Nic Claxton,1629651,2020-21,0,1610612751,BKN,22,32,1,18.5625,2.8125,4.53125,0.621,0.03125,0.15625,0.2,0.96875,2,0.484,1.34375,3.84375,5.1875,0.875,0.71875,1.25,0.5625,2.125,6.625,Center,0.466848827,0.738282489,-0.483360327,0.538243008,-0.716119672,0.103684839,1.99329502,-1.179778652,1.355171801,-2.409787573,0.729353889,-0.069297667,,,,,,,,
Nic Claxton,1629651,2021-22,0,1610612751,BKN,23,47,19,20.72340426,3.787234043,5.617021277,0.674,0,0,0,1.14893617,1.978723404,0.581,1.936170213,3.680851064,5.617021277,0.914893617,0.510638298,1.085106383,0.808510638,2.340425532,8.723404255,Center,0.471252237,0.742079167,-0.16688626,0.715263887,-0.69517223,-0.431210175,1.590855994,-1.214270308,2.259824439,-1.589765771,0.433164745,0.901804319,,,,,,,,
Nic Claxton,1629651,2022-23,0,1610612751,BKN,24,76,76,29.88157895,5.447368421,7.723684211,0.705,0,0.026315789,0,1.75,3.236842105,0.541,2.421052632,6.815789474,9.236842105,1.894736842,0.855263158,2.486842105,1.263157895,2.789473684,12.64473684,Center,0.477439877,0.735840434,0.424515549,2.207119822,-0.180673663,0.454555101,5.011929346,-1.214270308,3.531035875,-2.937232522,-0.114216389,7.182762811,,,,,,,,
Nic Claxton,1629651,2023-24,0,1610612751,BKN,25,71,71,29.8028169,5.154929577,8.197183099,0.629,0.014084507,0.070422535,0.2,1.521126761,2.76056338,0.551,2.718309859,7.225352113,9.943661972,2.070422535,0.647887324,2.056338028,1.309859155,2.464788732,11.84507042,Center,0.472677864,0.738122517,0.303912627,2.498425239,-0.088424174,-0.078448562,3.961241971,-1.198724773,2.552710409,-2.444338937,-0.170443251,5.335910549,,,,,,,,
Nic Claxton,1629651,2024-25,0,1610612751,BKN,26,70,62,26.88571429,4.571428571,8.114285714,0.563,0.071428571,0.3,0.238,1.128571429,2.2,0.513,2.242857143,5.114285714,7.357142857,2.242857143,0.885714286,1.428571429,1.242857143,2.142857143,10.34285714,Center,0.467604514,0.738530449,0.077354019,1.432429413,0.002118228,0.532821515,2.429116087,-1.135432237,1.510422952,-2.356232204,-0.089774916,2.402822856,,,,,,,,
Nicolas Batum,201587,2020-21,0,1610612746,LAC,32,67,38,27.3880597,2.850746269,6.149253731,0.464,1.641791045,4.059701493,0.404,0.71641791,0.865671642,0.828,0.746268657,3.970149254,4.71641791,2.208955224,1.029850746,0.552238806,0.791044776,1.52238806,8.059701493,Guard-Forward,0.46010346,0.749807568,-0.266983613,0.34409345,-0.015683078,0.90328542,0.290340469,0.597828655,-0.030621029,0.079445892,0.454193099,2.355899264,,,,,,,,
Nicolas Batum,201587,2021-22,0,1610612746,LAC,33,59,54,24.79661017,3.033898305,6.559322034,0.463,1.830508475,4.576271186,0.4,0.423728814,0.644067797,0.658,0.491525424,3.813559322,4.305084746,1.694915254,0.983050847,0.711864407,0.677966102,1.355932203,8.322033898,Guard-Forward,0.460056899,0.747303439,-0.227419548,0.174568534,-0.28559649,0.782998899,0.679922386,0.806122311,-0.040186625,-0.461406039,0.590336299,2.019339728,,,,,,,,
Nicolas Batum,201587,2022-23,0,1610612746,LAC,34,78,19,21.92307692,2.051282051,4.884615385,0.42,1.58974359,4.064102564,0.391,0.435897436,0.615384615,0.708,0.794871795,3.038461538,3.833333333,1.551282051,0.692307692,0.564102564,0.641025641,1.91025641,6.128205128,Guard-Forward,0.458007339,0.747961949,-0.55828521,-0.019856875,-0.361015776,0.035722016,0.319295132,0.540382161,-0.461255683,-0.319178366,0.634811464,-0.189381138,,,,,,,,
Nicolas Batum,201587,2023-24,0,0,TOT,35,60,38,25.5,1.933333333,4.266666667,0.453,1.216666667,3.083333333,0.395,0.25,0.35,0.714,1.166666667,2.966666667,4.133333333,2.133333333,0.8,0.633333333,0.666666667,1.816666667,5.333333333,Guard-Forward,0.459582978,0.748214289,-0.678165023,0.103783715,-0.055390812,0.312516055,0.488259607,0.128604848,-0.137550726,-0.264677085,0.603940467,0.501321044,,,,,,,,
Nicolas Batum,201587,2024-25,0,1610612746,LAC,36,78,8,17.52564103,1.333333333,3.051282051,0.437,1.128205128,2.602564103,0.433,0.217948718,0.269230769,0.81,0.602564103,2.192307692,2.794871795,1.076923077,0.666666667,0.461538462,0.435897436,1.423076923,4.012820513,Guard-Forward,0.459186868,0.748783417,-0.877320196,-0.44784353,-0.61009339,-0.030181325,0.068977394,0.030966927,-0.218929051,-0.141754551,0.881779432,-1.34439829,,,,,,,,
Nikola Jokić,203999,2020-21,0,1610612743,DEN,26,72,72,34.55555556,10.16666667,17.95833333,0.566,1.277777778,3.291666667,0.388,4.75,5.472222222,0.868,2.847222222,7.986111111,10.83333333,8.319444444,1.319444444,0.666666667,3.083333333,2.666666667,26.36111111,Center,0.47602234,0.76024678,2.493171643,2.865090209,3.192828106,1.647607933,0.569612874,0.196055198,3.239811859,2.334149358,-2.305650911,14.23267627,,,,,,,,
Nikola Jokić,203999,2021-22,0,1610612743,DEN,27,74,74,33.45945946,10.32432432,17.71621622,0.583,1.310810811,3.891891892,0.337,5.121621622,6.324324324,0.81,2.783783784,10.98648649,13.77027027,7.891891892,1.472972973,0.851351351,3.797297297,2.581081081,27.08108108,Center,0.478395764,0.755364448,2.601755022,4.075505589,2.968327727,2.042211619,1.020353938,0.232514847,3.727416851,1.279643366,-3.165241282,14.78248768,,,,,,,,
Nikola Jokić,203999,2022-23,0,1610612743,DEN,28,69,69,33.66666667,9.362318841,14.8115942,0.632,0.826086957,2.15942029,0.383,4.942028986,6.014492754,0.822,2.420289855,9.420289855,11.84057971,9.826086957,1.260869565,0.68115942,3.579710145,2.52173913,24.49275362,Center,0.482070762,0.75635073,2.211392433,3.280211996,3.98393978,1.497057001,0.604983857,-0.302490869,4.48242182,1.492664598,-2.903273129,14.34690749,,,,,,,,
Nikola Jokić,203999,2023-24,0,1610612743,DEN,29,79,79,34.64556962,10.40506329,17.86075949,0.583,1.050632911,2.924050633,0.359,4.53164557,5.544303797,0.817,2.82278481,9.53164557,12.35443038,8.962025316,1.367088608,0.860759494,3,2.455696203,26.39240506,Center,0.47852405,0.755295913,2.497891288,3.491987995,3.530236101,1.77006441,1.043315433,-0.054652089,3.753772314,1.26484091,-2.205320175,15.09213619,,,,,,,,
Nikola Jokić,203999,2024-25,0,1610612743,DEN,30,70,70,36.72857143,11.22857143,19.48571429,0.576,1.971428571,4.728571429,0.417,5.157142857,6.442857143,0.8,2.857142857,9.885714286,12.74285714,10.22857143,1.814285714,0.642857143,3.285714286,2.285714286,29.58571429,Center,0.478803319,0.754337702,2.979495134,3.652072373,4.195277348,2.919463987,0.511503398,0.961660472,3.811146428,1.057882633,-2.549311274,17.5391905,,,,,,,,
Brandon Clarke,1629634,2023-24,0,1610612763,MEM,27,6,1,22.33333333,5.5,9.833333333,0.559,0.166666667,1,0.167,0.166666667,1.166666667,0.143,2.166666667,3.166666667,5.333333333,1.5,0.833333333,1,0.5,1.333333333,11.33333333,Forward,0.468739471,0.734648654,0.22673421,0.598346072,-0.387943086,0.398190399,1.383145528,-1.030314807,1.743592553,-3.194638193,0.804601942,0.541714618,,,,,,,,
Nikola Jović,1631107,2023-24,0,1610612748,MIA,21,46,38,19.47826087,2.760869565,6.108695652,0.452,1.413043478,3.543478261,0.399,0.717391304,1.02173913,0.702,0.543478261,3.630434783,4.173913043,1.956521739,0.543478261,0.304347826,0.913043478,1.782608696,7.652173913,Forward,0.459411129,0.747523526,-0.328445513,0.120508046,-0.148231493,-0.346803906,-0.314661753,0.345352415,-0.172856127,-0.413870959,0.307310462,-0.951698827,,,,,,,,
Nikola Jović,1631107,2024-25,0,1610612748,MIA,22,46,10,25.13043478,3.739130435,8.195652174,0.456,1.695652174,4.565217391,0.371,1.565217391,1.891304348,0.828,0.565217391,3.347826087,3.913043478,2.847826087,0.826086957,0.282608696,1.304347826,1.782608696,10.73913043,Forward,0.459571171,0.751353043,0.137118585,0.01299449,0.319776856,0.379565544,-0.367718229,0.657276961,-0.139976405,0.41324388,-0.163807782,1.248473898,,,,,,,,
Nikola Vučević,202696,2020-21,0,0,TOT,30,70,70,33.54285714,9.514285714,19.94285714,0.477,2.514285714,6.285714286,0.4,1.871428571,2.228571429,0.84,2.085714286,9.585714286,11.67142857,3.842857143,0.928571429,0.685714286,1.8,1.957142857,23.41428571,Center,0.462713073,0.752360028,2.048741635,3.21049884,0.842250287,0.642974245,0.616100454,1.560829817,0.505507459,0.630736452,-0.760557559,9.29708163,,,,,,,,
Nikola Vučević,202696,2021-22,0,1610612741,CHI,31,73,73,33.12328767,7.479452055,15.80821918,0.473,1.424657534,4.534246575,0.314,1.260273973,1.657534247,0.76,1.945205479,9.068493151,11.01369863,3.232876712,0.95890411,0.97260274,1.863013699,2.479452055,17.64383562,Center,0.461656981,0.748824272,1.178462324,2.939425116,0.521960215,0.720936222,1.316279831,0.358171232,0.288540035,-0.132930461,-0.836424089,6.354420426,,,,,,,,
Nikola Vučević,202696,2022-23,0,1610612741,CHI,32,82,82,33.48780488,7.280487805,14,0.52,1.475609756,4.231707317,0.349,1.609756098,1.926829268,0.835,1.93902439,9.073170732,11.01219512,3.231707317,0.731707317,0.695121951,1.695121951,2.182926829,17.64634146,Center,0.467248993,0.751665226,1.178840246,2.938805466,0.521346186,0.136988128,0.639060782,0.414408881,1.437383361,0.48067047,-0.634287655,7.113215867,,,,,,,,
Nikola Vučević,202696,2023-24,0,1610612741,CHI,33,76,74,34.34210526,7.710526316,15.93421053,0.484,1.210526316,4.118421053,0.294,1.394736842,1.697368421,0.822,2.763157895,7.776315789,10.53947368,3.342105263,0.657894737,0.789473684,1.578947368,2.5,18.02631579,Center,0.463181168,0.750868516,1.23614666,2.743980274,0.57931422,-0.052727206,0.86933543,0.12182754,0.601674622,0.308593607,-0.494417076,5.91372807,,,,,,,,
Nikola Vučević,202696,2024-25,0,1610612741,CHI,34,73,72,31.20547945,7.534246575,14.21917808,0.53,1.767123288,4.397260274,0.402,1.643835616,2.04109589,0.805,2.438356164,7.630136986,10.06849315,3.506849315,0.835616438,0.712328767,1.630136986,2.232876712,18.47945205,Center,0.468595121,0.750671579,1.304487102,2.549872573,0.665818445,0.404058505,0.681055702,0.736161988,1.713936839,0.266058486,-0.556047782,7.765401858,,,,,,,,
Norman Powell,1626181,2020-21,0,0,TOT,28,69,58,31.97101449,6.347826087,13.30434783,0.477,2.47826087,6.028985507,0.411,3.420289855,3.927536232,0.871,0.608695652,2.507246377,3.115942029,1.869565217,1.188405797,0.260869565,1.724637681,2.31884058,18.5942029,Guard,0.461876001,0.757378815,1.321793428,-0.315519153,-0.193890844,1.310808425,-0.420774708,1.521068008,0.333536328,1.714714629,-0.669823674,4.601912439,,,,,,,,
Norman Powell,1626181,2021-22,0,0,TOT,29,45,41,32.4,6.2,13.44444444,0.461,2.355555556,5.622222222,0.419,4.2,5.177777778,0.811,0.444444444,2.777777778,3.222222222,2.133333333,0.933333333,0.466666667,1.533333333,2.355555556,18.95555556,Guard,0.459998498,0.754323006,1.376291386,-0.271717334,-0.055390812,0.655213435,0.08149328,1.385634103,-0.05218476,1.054708599,-0.439499199,3.734548698,,,,,,,,
Norman Powell,1626181,2022-23,0,1610612746,LAC,30,60,8,26.11666667,5.666666667,11.83333333,0.479,1.9,4.783333333,0.397,3.75,4.616666667,0.812,0.4,2.516666667,2.916666667,1.816666667,0.833333333,0.3,1.683333333,2.083333333,16.98333333,Guard,0.46188869,0.753825257,1.078847655,-0.397647564,-0.221666949,0.398190399,-0.325273048,0.882822401,0.336143188,0.947202614,-0.620094526,2.07852417,,,,,,,,
Norman Powell,1626181,2023-24,0,1610612746,LAC,31,76,3,26.18421053,4.907894737,10.10526316,0.486,2.197368421,5.052631579,0.435,1.881578947,2.263157895,0.831,0.210526316,2.355263158,2.565789474,1.078947368,0.565789474,0.289473684,0.868421053,1.802631579,13.89473684,Guard,0.46226258,0.752028298,0.613036222,-0.542256441,-0.60903047,-0.289458949,-0.350963554,1.211037741,0.412956593,0.559088028,0.361034472,1.365443643,,,,,,,,
Norman Powell,1626181,2024-25,0,1610612746,LAC,32,60,60,32.63333333,7.616666667,15.75,0.484,2.983333333,7.133333333,0.418,3.55,4.416666667,0.804,0.35,2.816666667,3.166666667,2.083333333,1.216666667,0.15,1.8,1.9,21.76666667,Guard,0.463148036,0.752962134,1.800253434,-0.29461374,-0.081644939,1.383445371,-0.691362743,2.078533155,0.594867829,0.760781775,-0.760557559,4.789702583,,,,,,,,
OG Anunoby,1628384,2020-21,0,1610612761,TOR,23,43,43,33.3255814,5.790697674,12.06976744,0.48,2.418604651,6.069767442,0.398,1.860465116,2.372093023,0.784,1.255813953,4.255813953,5.511627907,2.186046512,1.534883721,0.744186047,1.744186047,2.651162791,15.86046512,Guard-Forward,0.462032489,0.750063786,0.909500558,0.671827559,-0.027712043,2.201336503,0.758806515,1.45522347,0.365685678,0.134784837,-0.693359298,5.77609378,,,,,,,,
OG Anunoby,1628384,2021-22,0,1610612761,TOR,24,48,48,36,6.4375,14.52083333,0.443,2.395833333,6.604166667,0.363,1.854166667,2.458333333,0.754,1.541666667,3.958333333,5.5,2.604166667,1.479166667,0.520833333,1.666666667,2.729166667,17.125,Guard-Forward,0.457725576,0.748713699,1.100213332,0.667035289,0.191835549,2.058130839,0.213692335,1.430090015,-0.519142294,-0.156812516,-0.60002838,4.38501417,,,,,,,,
OG Anunoby,1628384,2022-23,0,1610612761,TOR,25,67,67,35.6119403,6.28358209,13.20895522,0.476,2.119402985,5.47761194,0.387,2.089552239,2.492537313,0.838,1.417910448,3.537313433,4.955223881,1.955223881,1.910447761,0.746268657,1.970149254,2.985074627,16.7761194,Guard-Forward,0.46174658,0.75270577,1.047596367,0.44251382,-0.148912975,3.166622599,0.763889329,1.124984716,0.306947502,0.705411271,-0.96541196,6.44364067,,,,,,,,
OG Anunoby,1628384,2023-24,0,0,TOT,26,50,50,34.04,5.64,11.54,0.489,2.04,5.34,0.382,1.34,1.78,0.753,0.94,3.22,4.16,2.14,1.36,0.72,1.62,2.38,14.66,Guard-Forward,0.462878296,0.74861007,0.728450563,0.114773989,-0.051890262,1.751845054,0.699778098,1.037345021,0.539451516,-0.179194582,-0.543843166,4.096716231,,,,,,,,
OG Anunoby,1628384,2024-25,0,1610612752,NYK,27,74,74,36.56756757,6.608108108,13.87837838,0.476,2.310810811,6.216216216,0.372,2.472972973,3.054054054,0.81,1.310810811,3.527027027,4.837837838,2.216216216,1.486486486,0.878378378,1.378378378,2.324324324,18,Guard-Forward,0.461830367,0.751996694,1.232177803,0.394134889,-0.011870458,2.07694446,1.086316045,1.336247851,0.324161085,0.552262073,-0.252938261,6.737435489,,,,,,,,
Obi Toppin,1630167,2021-22,0,1610612752,NYK,24,72,10,17.08333333,3.486111111,6.569444444,0.531,0.722222222,2.347222222,0.308,1.305555556,1.722222222,0.758,0.958333333,2.763888889,3.722222222,1.069444444,0.347222222,0.458333333,0.777777778,1.416666667,9,Forward,0.46424902,0.748771654,-0.125171047,-0.065649685,-0.61402029,-0.851227135,0.061154962,-0.417129805,0.82105805,-0.144295066,0.470166151,-0.865113865,,,,,,,,
Obi Toppin,1630167,2022-23,0,1610612752,NYK,25,67,5,15.68656716,2.791044776,6.253731343,0.446,1.268656716,3.686567164,0.344,0.567164179,0.701492537,0.809,0.432835821,2.358208955,2.791044776,0.985074627,0.343283582,0.179104478,0.567164179,1.014925373,7.417910448,Forward,0.459047873,0.74929149,-0.363776318,-0.44942078,-0.658321407,-0.861350347,-0.620330413,0.185987981,-0.247484691,-0.032018721,0.723738363,-2.322976333,,,,,,,,
Obi Toppin,1630167,2023-24,0,1610612754,IND,26,82,28,21.1097561,4.048780488,7.06097561,0.573,1.243902439,3.085365854,0.403,0.93902439,1.219512195,0.77,1.036585366,2.865853659,3.902439024,1.56097561,0.573170732,0.524390244,0.841463415,1.743902439,10.2804878,Forward,0.467325502,0.748966794,0.067947691,0.00862402,-0.355925858,-0.270487415,0.222373325,0.158665868,1.453101753,-0.102147982,0.393490628,1.57564203,,,,,,,,
Obi Toppin,1630167,2024-25,0,1610612754,IND,27,79,4,19.55696203,4.012658228,7.582278481,0.529,1.392405063,3.810126582,0.365,1.126582278,1.443037975,0.781,0.708860759,3.316455696,4.025316456,1.620253165,0.582278481,0.35443038,0.860759494,1.367088608,10.5443038,Forward,0.46473649,0.749366749,0.107735507,0.059266147,-0.324800249,-0.247078402,-0.192430373,0.322573116,0.921205618,-0.015764152,0.37025875,1.000965962,,,,,,,,
Olivier Sarr,1630846,2021-22,0,1610612760,OKC,23,22,2,19.13636364,2.636363636,4.590909091,0.574,0.590909091,1.318181818,0.448,1.090909091,1.318181818,0.828,1.545454545,2.681818182,4.227272727,0.863636364,0.272727273,0.681818182,1,2.363636364,6.954545455,Center,0.464873739,0.750497049,-0.433659422,0.142499455,-0.722086518,-1.042696314,0.60659163,-0.562064442,0.949402584,0.228362635,0.202617519,-0.631032873,,,,,,,,
De'Anthony Melton,1629001,2024-25,0,1610612744,GSW,27,6,2,20.16666667,3.666666667,9,0.407,2.166666667,5.833333333,0.371,0.833333333,1.333333333,0.625,1,2.333333333,3.333333333,2.833333333,1.166666667,0.333333333,1.666666667,3,10.33333333,Guard,0.455498947,0.745247197,0.075917671,-0.225924524,0.312166964,1.254933853,-0.243919783,1.177151202,-0.976589077,-0.905521669,-0.60002838,-0.131813742,,,,,,,,
Isaiah Thomas,202738,2023-24,0,1610612756,PHX,35,6,0,3.166666667,0.5,1.666666667,0.3,0.333333333,0.666666667,0.5,0,0,0,0,0,0,0.5,0,0,0,0,1.333333333,Guard,0.457243133,0.748453789,-1.281431179,-1.59970885,-0.913025623,-1.74366823,-1.057452438,-0.846359307,-0.618257066,-0.212948896,1.406586365,-6.866265224,,,,,,,,
Omer Yurtseven,1630209,2021-22,0,1610612748,MIA,24,56,12,12.60714286,2.321428571,4.410714286,0.526,0.017857143,0.196428571,0.091,0.678571429,1.089285714,0.623,1.517857143,3.732142857,5.25,0.875,0.303571429,0.357142857,0.732142857,1.5,5.339285714,Center,0.4626577,0.745778961,-0.677267306,0.564001464,-0.716119672,-0.963419728,-0.185810308,-1.19456079,0.494131322,-0.790668998,0.525109174,-2.944604841,,,,,,,,
Killian Hayes,1630165,2024-25,0,1610612751,BKN,23,6,5,27,3,7.166666667,0.419,1.333333333,3.5,0.381,1.666666667,2,0.833,0.833333333,2.166666667,3,5.166666667,0.666666667,0.666666667,1.5,2.166666667,9,Guard,0.457131121,0.751705566,-0.125171047,-0.363302956,1.537359551,-0.030181325,0.569612874,0.257373697,-0.641269116,0.489383211,-0.399366905,1.294437985,,,,,,,,
Omer Yurtseven,1630209,2023-24,0,1610612762,UTA,26,48,12,11.35416667,2.0625,3.833333333,0.538,0.104166667,0.5,0.208,0.395833333,0.583333333,0.679,1.5,2.833333333,4.333333333,0.604166667,0.166666667,0.375,0.770833333,1.083333333,4.625,Center,0.462748493,0.747652839,-0.784993405,0.186210774,-0.858329525,-1.315296503,-0.142228201,-1.09929812,0.512784212,-0.385941291,0.478527046,-3.408565012,,,,,,,,
Onyeka Okongwu,1630168,2021-22,0,1610612737,ATL,21,48,6,20.66666667,3.25,4.708333333,0.69,0,0,0,1.666666667,2.291666667,0.727,2.395833333,3.5,5.895833333,1.104166667,0.645833333,1.25,0.916666667,3.104166667,8.166666667,Forward-Center,0.470212194,0.747513583,-0.250851496,0.830172177,-0.595788257,-0.083727792,1.99329502,-1.214270308,2.04615431,-0.41601839,0.302948255,2.611913519,,,,,,,,
Onyeka Okongwu,1630168,2022-23,0,1610612737,ATL,22,80,18,23.1125,3.9625,6.2125,0.638,0.05,0.1625,0.308,1.9125,2.45,0.781,2.7125,4.4875,7.2,1.0125,0.7,1.3375,1.0125,3.1375,9.8875,Forward-Center,0.470283255,0.74997406,0.008678631,1.367665295,-0.643920823,0.055493019,2.206847342,-1.159083658,2.060753196,0.115405436,0.187567908,4.199406347,,,,,,,,
Onyeka Okongwu,1630168,2023-24,0,1610612737,ATL,23,55,8,25.54545455,4.054545455,6.636363636,0.611,0.418181818,1.254545455,0.333,1.672727273,2.109090909,0.793,2.636363636,4.2,6.836363636,1.345454545,0.472727273,1.090909091,0.818181818,2.945454545,10.2,Forward-Center,0.469269597,0.750256776,0.0558088,1.217797914,-0.469092205,-0.528650243,1.605018071,-0.752709234,1.852503619,0.176467556,0.421520945,3.578665223,,,,,,,,
Onyeka Okongwu,1630168,2024-25,0,1610612737,ATL,24,74,40,27.89189189,5.243243243,9.243243243,0.567,0.648648649,2,0.324,2.216216216,2.918918919,0.759,2.972972973,5.945945946,8.918918919,2.27027027,0.932432432,0.918918919,1.216216216,2.608108108,13.35135135,Forward-Center,0.46892881,0.7490355,0.531084703,2.076092455,0.016512382,0.652897912,1.185259207,-0.498335386,1.782491229,-0.087308513,-0.05770007,5.600993919,,,,,,,,
Oshae Brissett,1629052,2020-21,0,1610612754,IND,23,21,16,24.71428571,3.476190476,7.19047619,0.483,1.571428571,3.714285714,0.423,2.380952381,3.095238095,0.769,1.380952381,4.095238095,5.476190476,0.857142857,0.904761905,0.952380952,0.476190476,1.523809524,10.9047619,Guard-Forward,0.461415855,0.74965155,0.16209855,0.657222543,-0.725496146,0.581778283,1.266926577,0.52016727,0.239002134,0.04574844,0.833267867,3.58071552,,,,,,,,
Oshae Brissett,1629052,2021-22,0,1610612754,IND,24,67,25,23.34328358,3.104477612,7.552238806,0.411,1.23880597,3.537313433,0.35,1.701492537,2.447761194,0.695,1.611940299,3.731343284,5.343283582,1.074626866,0.656716418,0.432835821,0.805970149,1.731343284,9.149253731,Guard-Forward,0.456432668,0.745959076,-0.102661116,0.602446921,-0.61129909,-0.055755757,-0.001074214,0.153040727,-0.7847619,-0.751767156,0.436223415,-1.11560817,,,,,,,,
Oshae Brissett,1629052,2022-23,0,1610612754,IND,25,65,2,16.66153846,1.892307692,4.907692308,0.386,0.738461538,2.384615385,0.31,1.6,2.230769231,0.717,0.953846154,2.4,3.353846154,0.676923077,0.507692308,0.2,0.523076923,1.215384615,6.123076923,Guard-Forward,0.456408423,0.747110402,-0.559058628,-0.217470466,-0.820126405,-0.438782048,-0.569332845,-0.399205936,-0.789742915,-0.50309912,0.776818046,-3.520000318,,,,,,,,
Oshae Brissett,1629052,2023-24,0,1610612738,BOS,26,55,1,11.45454545,1.236363636,2.781818182,0.444,0.272727273,1,0.273,0.909090909,1.509090909,0.602,1.109090909,1.8,2.909090909,0.8,0.345454545,0.145454545,0.363636364,0.981818182,3.654545455,Guard-Forward,0.459434492,0.74416305,-0.931354001,-0.400769801,-0.755500862,-0.855770472,-0.702456371,-0.913252216,-0.168056188,-1.139680235,0.968779511,-4.898060635,,,,,,,,
Oshae Brissett,1629052,2024-25,0,1610612755,PHI,27,6,2,23.66666667,3.166666667,6.5,0.487,1,3,0.333,1.333333333,2.333333333,0.571,1.166666667,2.5,3.666666667,0.666666667,0.666666667,0.5,1.333333333,2.333333333,8.666666667,Guard-Forward,0.461520049,0.740541837,-0.175443227,-0.088546091,-0.825511867,-0.030181325,0.162846545,-0.110537304,0.260408132,-1.921804569,-0.19870543,-2.927475135,,,,,,,,
Otto Porter Jr.,203490,2020-21,0,0,TOT,28,28,6,21.67857143,3.5,8.107142857,0.432,1.392857143,3.714285714,0.375,1.285714286,1.5,0.857,1,4.428571429,5.428571429,1.964285714,0.571428571,0.142857143,0.892857143,1.464285714,9.678571429,Forward,0.457774293,0.751615329,-0.022831253,0.637597053,-0.144154765,-0.27496517,-0.708795585,0.323072091,-0.509133589,0.469893409,0.331614181,0.102296371,,,,,,,,
Otto Porter Jr.,203490,2021-22,0,1610612744,GSW,29,63,15,22.15873016,3.063492063,6.603174603,0.464,1.26984127,3.428571429,0.37,0.777777778,0.968253968,0.803,1.365079365,4.380952381,5.746031746,1.492063492,1.079365079,0.46031746,0.587301587,1.317460317,8.174603175,Forward,0.460120052,0.749490014,-0.249654539,0.768433655,-0.392110407,1.030548661,0.065997419,0.187295412,-0.027212383,0.010859224,0.699493551,2.093650593,,,,,,,,
Robert Williams III,1629057,2023-24,0,1610612757,POR,26,6,0,19.83333333,2.833333333,4.333333333,0.654,0,0,0,1.166666667,1.5,0.778,1.833333333,4.5,6.333333333,0.833333333,1.166666667,1.166666667,1.166666667,2.833333333,6.833333333,Forward-Center,0.467927014,0.749314358,-0.451940215,1.01048137,-0.737998111,1.254933853,1.789911857,-1.214270308,1.576678617,-0.027079645,0.001956044,3.202673461,,,,,,,,
Scotty Pippen Jr.,1630590,2022-23,0,1610612747,LAL,22,6,0,5.333333333,0.666666667,2,0.333,0.166666667,0.5,0.333,0.833333333,1.5,0.556,0.333333333,0.333333333,0.666666667,0.333333333,0.333333333,0.166666667,0.333333333,0.5,2.333333333,Guard,0.457376325,0.742848339,-1.13061464,-1.324951984,-1.000539379,-0.886924779,-0.65068611,-1.030314807,-0.590893538,-1.423636835,1.005263417,-7.033298655,,,,,,,,
Ousmane Dieng,1631172,2022-23,0,1610612760,OKC,20,39,1,14.58974359,1.948717949,4.641025641,0.42,0.666666667,2.512820513,0.265,0.384615385,0.58974359,0.652,0.487179487,2.205128205,2.692307692,1.179487179,0.358974359,0.179487179,0.666666667,1.076923077,4.948717949,Forward,0.458095815,0.747329391,-0.736171384,-0.490113817,-0.556238771,-0.821021435,-0.619396394,-0.478448305,-0.443078892,-0.45580094,0.603940467,-3.996329472,,,,,,,,
Ousmane Dieng,1631172,2023-24,0,1610612760,OKC,21,33,0,11.06060606,1.484848485,3.515151515,0.422,0.636363636,2.121212121,0.3,0.424242424,0.484848485,0.875,0.303030303,1.242424242,1.545454545,1.121212121,0.242424242,0.151515152,0.575757576,0.666666667,4.03030303,Forward,0.458578077,0.749669119,-0.874683544,-0.96277248,-0.586837986,-1.120582084,-0.687664866,-0.51189476,-0.34400128,0.049542972,0.713392181,-4.325501849,,,,,,,,
Ousmane Dieng,1631172,2024-25,0,1610612760,OKC,22,37,1,10.94594595,1.459459459,3.378378378,0.432,0.621621622,1.918918919,0.324,0.297297297,0.432432432,0.688,0.486486486,1.702702703,2.189189189,0.837837838,0.459459459,0.189189189,0.486486486,0.891891892,3.837837838,Forward,0.458953268,0.747935428,-0.903710478,-0.697466711,-0.735632874,-0.562751581,-0.595717688,-0.528166008,-0.266920581,-0.324906498,0.820871792,-3.794400626,,,,,,,,
P.J. Tucker,200782,2021-22,0,1610612748,MIA,37,71,70,27.90140845,2.915492958,6.028169014,0.484,1.126760563,2.718309859,0.415,0.633802817,0.85915493,0.738,1.408450704,4.042253521,5.450704225,2.098591549,0.816901408,0.211267606,0.929577465,2.267605634,7.591549296,Forward,0.461236098,0.748277195,-0.337588707,0.64671876,-0.073633116,0.355956567,-0.541833149,0.029372513,0.20207233,-0.251090398,0.287404057,0.317378857,,,,,,,,
P.J. Tucker,200782,2022-23,0,1610612755,PHI,38,75,75,25.6,1.28,3,0.427,0.733333333,1.866666667,0.393,0.253333333,0.306666667,0.826,1.266666667,2.666666667,3.933333333,0.8,0.52,0.2,0.586666667,2.4,3.546666667,Forward,0.458906652,0.748926506,-0.947623906,0.021356655,-0.755500862,-0.407148445,-0.569332845,-0.404866105,-0.276497578,-0.110849461,0.700257975,-2.750204572,,,,,,,,
P.J. Tucker,200782,2023-24,0,0,TOT,39,31,10,15.67741935,0.580645161,1.612903226,0.36,0.419354839,1.129032258,0.371,0.096774194,0.096774194,1,0.903225806,1.838709677,2.741935484,0.516129032,0.516129032,0.225806452,0.258064516,1.741935484,1.677419355,Forward,0.458278711,0.748939712,-1.229537316,-0.469660452,-0.90455655,-0.417097724,-0.506349671,-0.751414532,-0.405504059,-0.107997238,1.095884728,-3.696232815,,,,,,,,
Tyler Johnson,204020,2021-22,0,0,TOT,30,6,0,15.16666667,1,3.333333333,0.3,0.833333333,2.166666667,0.385,0,0,0,0.5,1.5,2,1.166666667,0.5,0.5,0.333333333,1.166666667,2.833333333,Guard,0.454706953,0.748453789,-1.055206371,-0.775438254,-0.562970598,-0.458553052,0.162846545,-0.294492805,-1.139299066,-0.212948896,1.005263417,-3.330799078,,,,,,,,
P.J. Washington,1629023,2020-21,0,1610612766,CHA,22,64,61,30.53125,4.71875,10.71875,0.44,1.75,4.53125,0.386,1.6875,2.265625,0.745,1.453125,5.078125,6.53125,2.515625,1.078125,1.234375,2,2.671875,12.875,Forward,0.45794082,0.748304073,0.459243041,1.092049814,0.145343866,1.027361373,1.955160677,0.71726245,-0.474921653,-0.245285126,-1.001351328,3.674863115,,,,,,,,
P.J. Washington,1629023,2021-22,0,1610612766,CHA,23,65,28,27.2,3.846153846,8.184615385,0.47,1.692307692,4.630769231,0.365,0.892307692,1.246153846,0.716,1.261538462,3.923076923,5.184615385,2.261538462,0.876923077,0.938461538,1.261538462,2.338461538,10.27692308,Forward,0.460630693,0.747664609,0.067410072,0.537054156,0.011927462,0.510226083,1.232954883,0.653585545,0.077695762,-0.383399095,-0.112266642,2.595188227,,,,,,,,
P.J. Washington,1629023,2022-23,0,1610612766,CHA,24,73,73,32.60273973,5.945205479,13.39726027,0.444,2.04109589,5.863013699,0.348,1.739726027,2.383561644,0.73,1,3.904109589,4.904109589,2.397260274,0.904109589,1.082191781,1.506849315,2.643835616,15.67123288,Forward,0.457989625,0.747614103,0.880961206,0.421447817,0.083192616,0.580101681,1.583742622,1.038554591,-0.464894945,-0.394307695,-0.407613267,3.321184626,,,,,,,,
P.J. Washington,1629023,2023-24,0,0,TOT,25,73,45,30.42465753,4.849315068,11.10958904,0.436,1.808219178,5.657534247,0.32,1.356164384,1.98630137,0.683,1.164383562,4.465753425,5.630136986,1.931506849,0.98630137,0.808219178,1.315068493,2.315068493,12.8630137,Forward,0.457477761,0.745952919,0.457435309,0.720669334,-0.161366375,0.791353492,0.915085644,0.781520878,-0.570054249,-0.753096848,-0.176715132,2.004832054,,,,,,,,
P.J. Washington,1629023,2024-25,0,1610612742,DAL,26,57,56,32.19298246,5.280701754,11.66666667,0.453,1.596491228,4.192982456,0.381,2.50877193,3.473684211,0.722,1.438596491,6.315789474,7.754385965,2.298245614,1.105263158,1.052631579,2.070175439,2.298245614,14.66666667,Forward,0.459146733,0.746735334,0.729456007,1.59614732,0.031201747,1.09711269,1.511598053,0.547829752,-0.227174517,-0.584107755,-1.08584037,3.616222927,,,,,,,,
PJ Dozier,1628408,2020-21,0,1610612743,DEN,24,50,6,21.76,2.96,7.1,0.417,0.94,2.98,0.315,0.84,1.32,0.636,0.7,2.94,3.64,1.84,0.62,0.44,0.92,1.72,7.7,Guard-Forward,0.457022271,0.745561369,-0.321232548,-0.099536365,-0.209415023,-0.150125409,0.016410667,-0.176761284,-0.663631831,-0.837665568,0.298935026,-2.143022334,,,,,,,,
PJ Dozier,1628408,2021-22,0,1610612743,DEN,25,18,0,18.88888889,2,5.5,0.364,0.833333333,2.666666667,0.313,0.555555556,0.722222222,0.769,0.777777778,2.722222222,3.5,1.611111111,0.611111111,0.333333333,0.722222222,1.833333333,5.388888889,Guard-Forward,0.45486621,0.748746342,-0.669786327,-0.157235307,-0.329600582,-0.172971902,-0.243919783,-0.294492805,-1.10658075,-0.149762142,0.53705331,-2.587296287,,,,,,,,
PJ Dozier,1628408,2022-23,0,1610612758,SAC,26,16,0,4.9375,0.625,2.0625,0.303,0.125,1,0.125,0,0,0,0.0625,0.8125,0.875,0.625,0.375,0.0625,0.3125,0.4375,1.375,Guard-Forward,0.456693915,0.748453789,-1.275147156,-1.239090464,-0.847390306,-0.779831846,-0.904915065,-1.076303683,-0.731090442,-0.212948896,1.030346101,-6.036371758,,,,,,,,
Robert Williams,,2023-24,,,,26,6,0,19.8,2.8,4.3,0.654,0,,,1.2,1.5,0.778,1.8,4.5,6.3,0.8,1.2,1.2,1.2,2.8,6.8,Center,0.467867547,0.749314358,-0.456967433,0.996743527,-0.755500862,1.340608197,1.871265122,-1.214270308,1.56446145,-0.027079645,-0.038176251,3.281083797,273,POR,0,,2.8,4.3,0.654,0.654
Paolo Banchero,1631094,2022-23,0,1610612753,ORL,20,72,72,33.75,6.652777778,15.58333333,0.427,1.180555556,3.958333333,0.298,5.472222222,7.416666667,0.738,1.166666667,5.736111111,6.902777778,3.736111111,0.833333333,0.541666667,2.777777778,2.222222222,19.95833333,Forward,0.455433037,0.747103445,1.527526858,1.245169526,0.78619981,0.398190399,0.264538128,0.088747823,-0.990129811,-0.504601749,-1.937771542,0.877869442,,,,,,,,
Paolo Banchero,1631094,2023-24,0,1610612753,ORL,21,80,80,34.9875,8,17.5875,0.455,1.4875,4.3875,0.339,5.0625,6.9875,0.725,1.025,5.9,6.925,5.3875,0.8875,0.5875,3.0875,1.9125,22.55,Forward,0.459136368,0.745578012,1.918393056,1.254328088,1.653315278,0.537411211,0.376398867,0.427532536,-0.229303917,-0.834070946,-2.310667449,2.793336724,,,,,,,,
Paolo Banchero,1631094,2024-25,0,1610612753,ORL,22,46,46,34.39130435,8.956521739,19.80434783,0.452,1.891304348,5.913043478,0.32,6.086956522,8.369565217,0.727,1.108695652,6.391304348,7.5,4.760869565,0.782608696,0.608695652,2.956521739,2.108695652,25.89130435,Forward,0.458563912,0.745377547,2.422317013,1.491305884,1.324282579,0.267816397,0.428128932,0.873224722,-0.346911412,-0.877368078,-2.152973703,3.429822336,,,,,,,,
Pascal Siakam,1627783,2020-21,0,1610612761,TOR,27,56,56,35.82142857,7.803571429,17.16071429,0.455,1.303571429,4.392857143,0.297,4.446428571,5.375,0.827,1.696428571,5.535714286,7.232142857,4.464285714,1.142857143,0.660714286,2.321428571,3.107142857,21.35714286,Forward,0.459151436,0.756077913,1.73849047,1.380912501,1.168551578,1.193737892,0.555085505,0.224524502,-0.226208353,1.433740507,-1.388341314,6.080493287,,,,,,,,
Pascal Siakam,1627783,2021-22,0,1610612761,TOR,28,68,68,37.91176471,8.764705882,17.75,0.494,1.102941176,3.205882353,0.344,4.176470588,5.573529412,0.749,1.882352941,6.647058824,8.529411765,5.294117647,1.25,0.617647059,2.661764706,3.308823529,22.80882353,Forward,0.465009641,0.748508569,1.957427925,1.915562809,1.604281835,1.469119715,0.449975718,0.00308227,0.977322658,-0.201117266,-1.798095418,6.377560246,,,,,,,,
Pascal Siakam,1627783,2022-23,0,1610612761,TOR,29,71,71,37.35211268,8.873239437,18.49295775,0.48,1.309859155,4.042253521,0.324,5.169014085,6.676056338,0.774,1.845070423,5.985915493,7.830985915,5.845070423,0.915492958,0.507042254,2.38028169,3.211267606,24.22535211,Forward,0.46300646,0.75146296,2.171063862,1.627716863,1.893577517,0.609359562,0.180033856,0.231464472,0.56578191,0.436984102,-1.459198636,6.256783509,,,,,,,,
Pascal Siakam,1627783,2023-24,0,0,TOT,30,80,80,33.225,8.5125,15.8875,0.536,1.0625,3.075,0.346,3.625,4.95,0.732,1.7375,5.325,7.0625,4.275,0.7875,0.3125,1.7625,2.4125,21.7125,Forward,0.470301673,0.7469716,1.792084204,1.310996691,1.069160955,0.280388175,-0.294765574,-0.041553991,2.064537227,-0.533077988,-0.715408727,4.932360974,,,,,,,,
Pascal Siakam,1627783,2024-25,0,1610612754,IND,31,78,78,32.66666667,7.858974359,15.15384615,0.519,1.615384615,4.153846154,0.389,2.897435897,3.948717949,0.734,1.705128205,5.217948718,6.923076923,3.371794872,0.897435897,0.538461538,1.397435897,2.423076923,20.23076923,Forward,0.467645963,0.747395859,1.568614698,1.25353552,0.594903715,0.562948755,0.256715697,0.568683006,1.518938468,-0.441444796,-0.27588292,5.607012144,,,,,,,,
Pat Connaughton,1626192,2020-21,0,1610612749,MIL,28,69,4,22.82608696,2.434782609,5.608695652,0.434,1.463768116,3.942028986,0.371,0.449275362,0.579710145,0.775,0.913043478,3.898550725,4.811594203,1.173913043,0.710144928,0.333333333,0.47826087,1.434782609,6.782608696,Guard,0.458490267,0.748758043,-0.459590329,0.38331896,-0.559165652,0.081567821,-0.243919783,0.401338872,-0.362041232,-0.147234755,0.830775177,-0.074950921,,,,,,,,
Pat Connaughton,1626192,2021-22,0,1610612749,MIL,29,65,19,26.01538462,3.492307692,7.630769231,0.458,2.246153846,5.692307692,0.395,0.692307692,0.830769231,0.833,0.692307692,3.507692308,4.2,1.261538462,0.907692308,0.230769231,0.538461538,1.323076923,9.923076923,Guard,0.459731709,0.749835597,0.01404422,0.131259401,-0.513155075,0.589310094,-0.494237522,1.264883825,-0.106994884,0.085499736,0.758295448,1.728905243,,,,,,,,
Pat Connaughton,1626192,2022-23,0,1610612749,MIL,30,61,33,23.6557377,2.704918033,6.901639344,0.392,1.786885246,5.278688525,0.339,0.442622951,0.672131148,0.659,0.819672131,3.819672131,4.639344262,1.262295082,0.606557377,0.180327869,0.540983607,1.131147541,7.639344262,Guard,0.455482517,0.747267246,-0.330380436,0.31232868,-0.512757787,-0.184676047,-0.617344608,0.757973913,-0.979964353,-0.469223347,0.755258956,-1.268785029,,,,,,,,
Pat Connaughton,1626192,2023-24,0,1610612749,MIL,31,76,3,22.05263158,1.986842105,4.565789474,0.435,1.078947368,3.131578947,0.345,0.578947368,0.763157895,0.759,0.671052632,2.473684211,3.144736842,2.118421053,0.526315789,0.25,0.644736842,1.302631579,5.631578947,Guard,0.45877819,0.748612337,-0.633184652,-0.303651795,-0.06322099,-0.390915412,-0.447302946,-0.023400488,-0.302889387,-0.178704938,0.630343293,-1.712927315,,,,,,,,
Pat Connaughton,1626192,2024-25,0,1610612749,MIL,32,41,1,14.70731707,2.024390244,4.317073171,0.469,0.634146341,1.975609756,0.321,0.585365854,0.756097561,0.774,0.463414634,2.195121951,2.658536585,1.707317073,0.219512195,0.268292683,0.585365854,1.097560976,5.268292683,Guard,0.460241943,0.748834343,-0.687974229,-0.504032082,-0.279084511,-1.179471323,-0.402657862,-0.514342062,-0.002170458,-0.130755328,0.701824113,-2.998663742,,,,,,,,
Patrick Beverley,201976,2020-21,0,1610612746,LAC,32,37,34,22.51351351,2.513513514,5.945945946,0.423,1.513513514,3.810810811,0.397,0.972972973,1.216216216,0.8,0.783783784,2.432432432,3.216216216,2.054054054,0.783783784,0.756756757,0.918918919,2.918918919,7.513513514,Guard,0.457794962,0.749677841,-0.349357794,-0.274192621,-0.097018977,0.270836644,0.789486564,0.45624451,-0.50488725,0.051426947,0.300236614,0.642774636,,,,,,,,
Patrick Beverley,201976,2021-22,0,1610612750,MIN,33,58,54,25.44827586,3.051724138,7.517241379,0.406,1.431034483,4.172413793,0.343,1.655172414,2.293103448,0.722,1.068965517,3.068965517,4.137931034,4.620689655,1.155172414,0.896551724,1.25862069,3,9.189655172,Guard,0.456097874,0.747293765,-0.09656791,0.10567859,1.250676556,1.225390975,1.130669876,0.365209681,-0.853543304,-0.463495681,-0.108753735,2.555265048,,,,,,,,
Patrick Beverley,201976,2022-23,0,0,TOT,34,67,67,27.11940299,2.149253731,5.373134328,0.4,1.194029851,3.567164179,0.335,0.701492537,0.970149254,0.723,0.656716418,3.029850746,3.686567164,2.895522388,0.940298507,0.611940299,0.895522388,2.791044776,6.194029851,Guard,0.456811304,0.74796931,-0.548357753,-0.080344393,0.344821351,0.673115537,0.436047811,0.103619847,-0.706973554,-0.317588673,0.328405309,0.232745481,,,,,,,,
Patrick Beverley,201976,2023-24,0,1610612755,PHI,35,47,5,19.55319149,2.212765957,5.127659574,0.432,0.744680851,2.319148936,0.321,1.085106383,1.340425532,0.81,0.638297872,2.446808511,3.085106383,3.063829787,0.510638298,0.382978723,1.042553191,1.765957447,6.255319149,Guard,0.458504777,0.750060673,-0.539114313,-0.328227612,0.433196627,-0.431210175,-0.122755346,-0.392341475,-0.359060282,0.134112469,0.151384802,-1.454015305,,,,,,,,
Patrick Patterson,202335,2020-21,0,1610612746,LAC,32,38,5,15.31578947,1.894736842,4.342105263,0.436,1.052631579,2.947368421,0.357,0.342105263,0.447368421,0.765,0.5,1.473684211,1.973684211,0.763157895,0.368421053,0.210526316,0.289473684,1.184210526,5.184210526,Forward,0.458870779,0.748600521,-0.700655209,-0.786283919,-0.774846008,-0.796741256,-0.543642339,-0.052446093,-0.283867604,-0.181257082,1.058069068,-3.061670443,,,,,,,,
Patrick Williams,1630172,2020-21,0,1610612741,CHI,19,71,71,27.92957746,3.591549296,7.436619718,0.483,0.76056338,1.943661972,0.391,1.281690141,1.76056338,0.728,0.929577465,3.676056338,4.605633803,1.394366197,0.901408451,0.647887324,1.38028169,1.774647887,9.225352113,Forward,0.461465305,0.747758082,-0.091184221,0.29843541,-0.443409551,0.573159134,0.523780047,-0.374811404,0.249161432,-0.363210547,-0.255229789,0.11669051,,,,,,,,
Patrick Williams,1630172,2021-22,0,1610612741,CHI,20,17,9,24.82352941,3.176470588,6,0.529,0.882352941,1.705882353,0.517,1.764705882,2.411764706,0.732,1,3.058823529,4.058823529,0.882352941,0.529411765,0.529411765,0.941176471,1.647058824,9,Forward,0.463777219,0.747696656,-0.125171047,0.073075594,-0.712258771,-0.382958041,0.234628839,-0.240388246,0.724129395,-0.376477524,0.273439215,-0.531980584,,,,,,,,
Patrick Williams,1630172,2022-23,0,1610612741,CHI,21,82,65,28.32926829,3.829268293,8.256097561,0.464,1.402439024,3.37804878,0.415,1.097560976,1.280487805,0.857,0.951219512,3.036585366,3.987804878,1.219512195,0.87804878,0.853658537,1.231707317,1.792682927,10.15853659,Forward,0.460179293,0.751164217,0.049555432,0.043806302,-0.535222334,0.513119399,1.025984851,0.333647929,-0.015041589,0.3724605,-0.076350873,1.711959617,,,,,,,,
Patrick Williams,1630172,2023-24,0,1610612741,CHI,22,43,30,27.30232558,3.697674419,8.348837209,0.443,1.372093023,3.441860465,0.399,1.209302326,1.534883721,0.788,1.069767442,2.790697674,3.860465116,1.534883721,0.930232558,0.76744186,1.325581395,2.023255814,9.976744186,Forward,0.458564405,0.749631609,0.022138131,-0.008674909,-0.369626253,0.647243729,0.815564605,0.300154047,-0.346810107,0.041441541,-0.189372338,0.912058444,,,,,,,,
Patrick Williams,1630172,2024-25,0,1610612741,CHI,23,63,36,25.01587302,3.253968254,8.19047619,0.397,1.523809524,4.317460317,0.353,0.952380952,1.317460317,0.723,0.682539683,3.079365079,3.761904762,1.968253968,0.761904762,0.507936508,1.365079365,1.396825397,8.984126984,Forward,0.455104793,0.74780032,-0.12756496,-0.04929511,-0.142071104,0.214602518,0.18221637,0.467608556,-1.057565517,-0.354087736,-0.236926663,-1.103083647,,,,,,,,
Patty Mills,201988,2020-21,0,1610612759,SAS,32,68,1,24.77941176,3.705882353,8.985294118,0.412,2.367647059,6.308823529,0.375,1.044117647,1.147058824,0.91,0.264705882,1.441176471,1.705882353,2.382352941,0.617647059,0.044117647,0.970588235,1.191176471,10.82352941,Guard,0.455917716,0.752076734,0.149847347,-0.896654518,0.075365035,-0.15617301,-0.949778999,1.398979894,-0.890555591,0.56954962,0.238028367,-0.461391853,,,,,,,,
Patty Mills,201988,2021-22,0,1610612751,BKN,33,81,48,28.96296296,4,9.802469136,0.408,2.802469136,7.012345679,0.4,0.592592593,0.728395062,0.814,0.222222222,1.703703704,1.925925926,2.259259259,0.62962963,0.209876543,0.901234568,1.382716049,11.39506173,Guard,0.455233776,0.749394949,0.236043874,-0.805966794,0.010730692,-0.125375042,-0.545228174,1.878907372,-1.031066792,-0.009673327,0.321528022,-0.07010017,,,,,,,,
Patty Mills,201988,2022-23,0,1610612751,BKN,34,40,2,14.175,2.15,5.225,0.411,1.225,3.35,0.366,0.625,0.75,0.833,0.2,0.9,1.1,1.4,0.375,0.075,0.75,0.8,6.15,Guard,0.457437493,0.74970324,-0.554998183,-1.146360022,-0.440451339,-0.779831846,-0.874407591,0.137802622,-0.578327061,0.056912702,0.50360973,-3.676050988,,,,,,,,
Patty Mills,201988,2023-24,0,0,TOT,35,32,5,12.96875,1.4375,4.09375,0.351,0.75,2.71875,0.276,0.34375,0.34375,1,0.28125,0.8125,1.09375,1.0625,0.625,0.03125,0.5,1,3.96875,Guard,0.455582505,0.750171361,-0.883966759,-1.148935868,-0.617666696,-0.137274257,-0.981183752,-0.386470555,-0.959422436,0.158019273,0.804601942,-4.152299108,,,,,,,,
Patty Mills,201988,2024-25,0,0,TOT,36,29,0,11.06896552,1.24137931,3.310344828,0.375,0.896551724,2.586206897,0.347,0.448275862,0.482758621,0.929,0.137931034,0.620689655,0.75862069,0.896551724,0.448275862,0.103448276,0.586206897,0.827586207,3.827586207,Guard,0.457144583,0.750180324,-0.905256593,-1.287054486,-0.704803238,-0.591496002,-0.804976786,-0.22471658,-0.638503552,0.159955119,0.700811524,-4.296040594,,,,,,,,
Paul George,202331,2020-21,0,1610612746,LAC,31,54,54,33.72222222,8.240740741,17.64814815,0.467,3.166666667,7.703703704,0.411,3.666666667,4.222222222,0.868,0.833333333,5.814814815,6.648148148,5.185185185,1.148148148,0.444444444,3.314814815,2.444444444,23.31481481,Forward,0.46093433,0.757762715,2.033739778,1.140227667,1.547083302,1.207336993,0.027257768,2.280884207,0.140075994,1.797630888,-2.584347404,7.589889193,,,,,,,,
Paul George,202331,2021-22,0,1610612746,LAC,32,31,31,34.74193548,8.64516129,20.51612903,0.421,2.935483871,8.290322581,0.354,4.096774194,4.774193548,0.858,0.387096774,6.483870968,6.870967742,5.677419355,2.161290323,0.419354839,4.064516129,2.387096774,24.32258065,Forward,0.453247843,0.758001986,2.185727534,1.232059487,1.805546869,3.811345767,-0.033975871,2.025720125,-1.439064077,1.849309647,-3.486964431,7.949705049,,,,,,,,
Paul George,202331,2022-23,0,1610612746,LAC,33,56,56,34.625,8.196428571,17.92857143,0.457,2.821428571,7.607142857,0.371,4.571428571,5.25,0.871,0.803571429,5.303571429,6.107142857,5.142857143,1.482142857,0.357142857,3.142857143,2.839285714,23.78571429,Forward,0.459428463,0.760098451,2.104759208,0.917260291,1.524857586,2.065780333,-0.185810308,1.899833526,-0.169294853,2.302112725,-2.377315724,8.082182783,,,,,,,,
Paul George,202331,2023-24,0,1610612746,LAC,34,74,74,33.81081081,7.864864865,16.7027027,0.471,3.283783784,7.945945946,0.413,3.567567568,3.932432432,0.907,0.5,4.743243243,5.243243243,3.540540541,1.527027027,0.5,2.067567568,2.72972973,22.58108108,Forward,0.461457678,0.760014036,1.923080597,0.561216766,0.683509119,2.181142989,0.162846545,2.410150234,0.247594387,2.28388039,-1.082700575,9.370720453,,,,,,,,
Paul George,202331,2024-25,0,1610612755,PHI,35,41,41,32.53658537,5.975609756,13.90243902,0.43,2.341463415,6.536585366,0.358,1.926829268,2.365853659,0.814,0.585365854,4.756097561,5.341463415,4.341463415,1.829268293,0.487804878,2.585365854,2.463414634,16.2195122,Forward,0.456218799,0.751415122,0.963650796,0.601696766,1.104059734,2.957972666,0.133083155,1.370080142,-0.828699924,0.426651911,-1.70611358,5.022381666,,,,,,,,
Paul Millsap,200794,2020-21,0,1610612743,DEN,36,56,36,20.75,3.410714286,7.160714286,0.476,0.875,2.553571429,0.343,1.267857143,1.75,0.724,1.357142857,3.321428571,4.678571429,1.75,0.910714286,0.642857143,0.910714286,1.982142857,8.964285714,Forward,0.460942105,0.747626849,-0.130557352,0.32849558,-0.256672451,0.597077274,0.511503398,-0.248503929,0.141673209,-0.391554702,0.310114737,0.861575762,,,,,,,,
Paul Millsap,200794,2021-22,0,0,TOT,37,33,1,11.39393939,1.363636364,3.484848485,0.391,0.242424242,1.060606061,0.229,0.515151515,0.727272727,0.708,1.242424242,2.212121212,3.454545455,0.878787879,0.303030303,0.393939394,0.575757576,2.03030303,3.484848485,Forward,0.457544864,0.747873806,-0.95694711,-0.17596873,-0.714130722,-0.964810546,-0.096004754,-0.946698671,-0.556268307,-0.338215906,0.713392181,-4.035652567,,,,,,,,
Paul Reed,1630194,2022-23,0,1610612755,PHI,24,69,2,10.94202899,1.797101449,3.028985507,0.593,0.014492754,0.086956522,0.167,0.550724638,0.739130435,0.745,1.623188406,2.173913043,3.797101449,0.391304348,0.666666667,0.739130435,0.652173913,1.782608696,4.15942029,Forward,0.463777968,0.748403477,-0.855210525,-0.034789313,-0.970099812,-0.030181325,0.746467799,-1.198274178,0.724283422,-0.223815543,0.621389291,-1.220230184,,,,,,,,
Paul Reed,1630194,2023-24,0,1610612755,PHI,25,82,24,19.37804878,3.158536585,5.853658537,0.54,0.256097561,0.695121951,0.368,0.743902439,1.036585366,0.718,2.353658537,3.597560976,5.951219512,1.329268293,0.817073171,1.024390244,0.817073171,2.414634146,7.317073171,Forward,0.464295344,0.747835253,-0.378984247,0.852998776,-0.477591324,0.356398037,1.442672308,-0.931606978,0.830574927,-0.346542761,0.422855722,1.770774462,,,,,,,,
Paul Reed,1630194,2024-25,0,1610612765,DET,26,45,0,9.733333333,1.6,3.155555556,0.507,0.177777778,0.622222222,0.286,0.711111111,0.933333333,0.762,0.888888889,1.844444444,2.733333333,0.977777778,0.866666667,0.555555556,0.577777778,1.666666667,4.088888889,Forward,0.461305759,0.748702018,-0.865847827,-0.473205702,-0.662152855,0.483864746,0.298435322,-1.018051107,0.216383677,-0.159335386,0.71095992,-1.468949212,,,,,,,,
Payton Pritchard,1630202,2020-21,0,1610612738,BOS,23,66,4,19.21212121,2.787878788,6.333333333,0.44,1.545454545,3.757575758,0.411,0.606060606,0.681818182,0.889,0.5,1.893939394,2.393939394,1.818181818,0.560606061,0.136363636,0.803030303,1.575757576,7.727272727,Guard,0.458680738,0.750344545,-0.317119369,-0.613081924,-0.220871369,-0.302781514,-0.724643625,0.49149888,-0.322910148,0.195424325,0.439762898,-1.374721848,,,,,,,,
Payton Pritchard,1630202,2021-22,0,1610612738,BOS,24,71,2,14.09859155,2.253521127,5.253521127,0.429,1.422535211,3.450704225,0.412,0.295774648,0.295774648,1,0.450704225,1.436619718,1.887323944,1.957746479,0.352112676,0.084507042,0.577464789,0.85915493,6.225352113,Guard,0.458323344,0.749933058,-0.543633838,-0.821876034,-0.147588403,-0.838657541,-0.851204723,0.355828754,-0.396334606,0.106549694,0.711336749,-2.425579948,,,,,,,,
Payton Pritchard,1630202,2022-23,0,1610612738,BOS,25,48,3,13.39583333,2.104166667,5.104166667,0.412,1.166666667,3.208333333,0.364,0.25,0.333333333,0.75,0.520833333,1.3125,1.833333333,1.333333333,0.291666667,0.020833333,0.833333333,0.770833333,5.625,Guard,0.457539443,0.748464029,-0.634176866,-0.84412747,-0.475456842,-0.994017709,-1.006606648,0.073418197,-0.557382093,-0.21073726,0.403278993,-4.245807697,,,,,,,,
Payton Pritchard,1630202,2023-24,0,1610612738,BOS,26,82,5,22.26829268,3.62195122,7.743902439,0.468,1.792682927,4.658536585,0.385,0.56097561,0.682926829,0.821,0.853658537,2.37804878,3.231707317,3.426829268,0.475609756,0.073170732,0.743902439,1.292682927,9.597560976,Guard,0.460448623,0.749431312,-0.035048969,-0.267808192,0.623801315,-0.521241597,-0.878872098,0.764373005,0.040290545,-0.001819383,0.510951004,0.234625629,,,,,,,,
Payton Pritchard,1630202,2024-25,0,1610612738,BOS,27,80,3,28.3875,5.1125,10.825,0.472,3.1875,7.825,0.407,0.8875,1.05,0.845,1.275,2.5625,3.8375,3.4875,0.875,0.175,1.0375,1.475,14.3,Guard,0.461049268,0.750439558,0.674156609,-0.018139644,0.655658457,0.505283332,-0.630347794,2.303878644,0.163689337,0.215945635,0.157468687,4.027593263,,,,,,,,
Peyton Watson,1631212,2022-23,0,1610612743,DEN,20,23,2,8.086956522,1.260869565,2.565217391,0.492,0.260869565,0.608695652,0.429,0.47826087,0.869565217,0.55,0.347826087,1.260869565,1.608695652,0.47826087,0.086956522,0.47826087,0.347826087,0.608695652,3.260869565,Guard,0.460667596,0.745061416,-0.990726836,-0.936708588,-0.924440461,-1.520169937,0.109790069,-0.92633996,0.085277161,-0.945647306,0.987814592,-5.061151265,,,,,,,,
Peyton Watson,1631212,2023-24,0,1610612743,DEN,21,80,4,18.6,2.6,5.5875,0.465,0.5625,1.9,0.296,0.8875,1.325,0.67,0.7,2.525,3.225,1.075,0.525,1.1,0.725,1.7875,6.65,Guard,0.460135647,0.746428435,-0.479589914,-0.270572514,-0.611103164,-0.394297293,1.627205325,-0.593420493,-0.024008299,-0.650392995,0.533708951,-0.862470396,,,,,,,,
Peyton Watson,1631212,2024-25,0,1610612743,DEN,22,68,18,24.35294118,3,6.294117647,0.477,0.705882353,2,0.353,1.397058824,2.014705882,0.693,0.691176471,2.735294118,3.426470588,1.382352941,0.705882353,1.367647059,0.823529412,1.808823529,8.102941176,Guard,0.460878555,0.746305876,-0.260462354,-0.187539373,-0.449717502,0.070612022,2.280424193,-0.435164658,0.12861724,-0.676863936,0.415082609,0.884988241,,,,,,,,
Precious Achiuwa,1630173,2020-21,0,1610612748,MIA,21,61,4,12.08196721,2.032786885,3.737704918,0.544,0,0.016393443,0,0.918032787,1.803278689,0.509,1.196721311,2.213114754,3.409836066,0.475409836,0.327868852,0.459016393,0.704918033,1.491803279,4.983606557,Forward,0.462895306,0.740118372,-0.730909605,-0.194395047,-0.925937489,-0.900969754,0.062822037,-1.214270308,0.542946018,-2.013266119,0.557887014,-4.816093253,,,,,,,,
Precious Achiuwa,1630173,2021-22,0,1610612761,TOR,22,73,28,23.63013699,3.630136986,8.260273973,0.439,0.767123288,2.136986301,0.359,1.068493151,1.794520548,0.595,2,4.479452055,6.479452055,1.123287671,0.506849315,0.561643836,1.150684932,2.068493151,9.095890411,Forward,0.458271937,0.743137088,-0.110709187,1.070702053,-0.585748151,-0.440948735,0.313294366,-0.367571017,-0.406895795,-1.361271608,0.021197555,-1.867950519,,,,,,,,
Precious Achiuwa,1630173,2022-23,0,1610612761,TOR,23,55,12,20.74545455,3.563636364,7.345454545,0.485,0.527272727,1.963636364,0.269,1.581818182,2.254545455,0.702,1.818181818,4.145454545,5.963636364,0.909090909,0.563636364,0.545454545,1.072727273,1.854545455,9.236363636,Forward,0.461583873,0.74644952,-0.089523502,0.858116199,-0.698219131,-0.294992937,0.273782815,-0.632301997,0.273520397,-0.645839125,0.115056148,-0.840401133,,,,,,,,
Precious Achiuwa,1630173,2023-24,0,0,TOT,24,74,18,21.94594595,3.175675676,6.337837838,0.501,0.351351351,1.310810811,0.268,0.932432432,1.513513514,0.616,2.581081081,4,6.581081081,1.310810811,0.621621622,0.918918919,1.121621622,1.932432432,7.635135135,Forward,0.462315606,0.744562177,-0.331015242,1.112586962,-0.487283025,-0.145957467,1.185259207,-0.826472226,0.423850336,-1.053475061,0.056188875,-0.066317641,,,,,,,,
Precious Achiuwa,1630173,2024-25,0,1610612752,NYK,25,57,10,20.52631579,2.877192982,5.736842105,0.502,0.175438596,0.631578947,0.278,0.719298246,1.210526316,0.594,1.771929825,3.789473684,5.561403509,0.964912281,0.824561404,0.736842105,0.789473684,1.421052632,6.649122807,Forward,0.462149984,0.744802774,-0.479722209,0.692341842,-0.668908303,0.375644521,0.740882905,-1.02063294,0.389824412,-1.001509875,0.456084644,-0.515995001,,,,,,,,
Quentin Grimes,1629656,2021-22,0,1610612752,NYK,22,46,6,17.08695652,2.065217391,5.108695652,0.404,1.565217391,4.108695652,0.381,0.282608696,0.413043478,0.684,0.52173913,1.52173913,2.043478261,0.956521739,0.673913043,0.239130435,0.608695652,1.565217391,5.97826087,Guard,0.457148649,0.747925707,-0.580899284,-0.757519328,-0.67331403,-0.011556469,-0.473831185,0.513311786,-0.637668172,-0.327006179,0.673735763,-2.274747099,,,,,,,,
Quentin Grimes,1629656,2022-23,0,1610612752,NYK,23,71,66,29.87323944,3.971830986,8.478873239,0.468,2.211267606,5.732394366,0.386,1.098591549,1.38028169,0.796,0.690140845,2.535211268,3.225352113,2.112676056,0.661971831,0.366197183,0.971830986,2.492957746,11.25352113,Guard,0.460499785,0.749731072,0.21469721,-0.270427396,-0.066237588,-0.042248135,-0.163712338,1.226378731,0.05080154,0.062923903,0.236532134,1.248708061,,,,,,,,
Quentin Grimes,1629656,2023-24,0,0,TOT,24,51,18,20.09803922,2.392156863,6.431372549,0.372,1.588235294,4.705882353,0.338,0.666666667,0.882352941,0.756,0.294117647,1.666666667,1.960784314,1.294117647,0.68627451,0.137254902,0.549019608,1.470588235,7.039215686,Guard,0.454554466,0.748584648,-0.420889751,-0.791600422,-0.496048314,0.020215348,-0.722468403,0.538717405,-1.170626522,-0.184685403,0.745583861,-2.481802201,,,,,,,,
Quentin Grimes,1629656,2024-25,0,0,TOT,25,75,37,26.84,5.12,10.97333333,0.467,2.16,5.613333333,0.385,2.16,2.853333333,0.757,0.786666667,3.533333333,4.32,3.04,0.986666667,0.293333333,1.88,1.84,14.56,Guard,0.460569493,0.748915164,0.713368909,0.180715637,0.420684022,0.792292389,-0.341543702,1.169792982,0.065122464,-0.113299317,-0.856875066,2.030258317,,,,,,,,
R.J. Hampton,1630181,2020-21,0,0,TOT,20,51,1,17.41176471,2.666666667,6.137254902,0.435,0.529411765,1.705882353,0.31,1.078431373,1.607843137,0.671,0.568627451,2.941176471,3.509803922,1.705882353,0.411764706,0.196078431,1.039215686,1.196078431,6.941176471,Guard,0.45842613,0.746040715,-0.435675686,-0.153194765,-0.279837857,-0.685338083,-0.578903818,-0.62994107,-0.375217727,-0.734134432,0.155403054,-3.716840385,,,,,,,,
R.J. Hampton,1630181,2021-22,0,1610612753,ORL,21,64,14,21.90625,2.734375,7.140625,0.383,1,2.859375,0.35,1.171875,1.828125,0.641,0.359375,2.671875,3.03125,2.46875,0.65625,0.203125,1.359375,1.578125,7.640625,Guard,0.45474109,0.744663589,-0.33018728,-0.350423728,0.120730622,-0.056954559,-0.561705976,-0.110537304,-1.132285987,-1.031571711,-0.230058786,-3.682994707,,,,,,,,
R.J. Hampton,1630181,2022-23,0,0,TOT,22,47,3,15.95744681,2.170212766,5.042553191,0.43,0.872340426,2.468085106,0.353,1.212765957,1.617021277,0.75,0.382978723,1.468085106,1.85106383,1.14893617,0.574468085,0.191489362,0.893617021,1.085106383,6.425531915,Guard,0.458430242,0.748502227,-0.513443413,-0.836820107,-0.572280572,-0.267152919,-0.590103891,-0.251439389,-0.374373091,-0.202486929,0.330699311,-3.277401001,,,,,,,,
Mouhamed Gueye,,2023-24,,,,21,6,0,12.2,1.3,3.8,0.348,0.5,,,0.8,1,0.833,1.7,2,3.7,0.7,0.8,0.7,0.2,2.2,4,Forward-Center,0.455768643,0.750111558,-0.879253742,-0.074808248,-0.808009116,0.312516055,0.650966138,-0.662403806,-0.921181592,0.145102767,1.165792596,-1.071278947,399,ATL,1.5,0.333,0.8,2.3,0.357,0.413
RJ Barrett,1629628,2020-21,0,1610612752,NYK,21,72,72,34.875,6.486111111,14.72222222,0.441,1.722222222,4.291666667,0.401,2.861111111,3.833333333,0.746,0.944444444,4.805555556,5.75,3.013888889,0.736111111,0.277777778,1.930555556,2.611111111,17.55555556,Guard-Forward,0.457443067,0.748279061,1.165148231,0.770069113,0.406973533,0.148306893,-0.379508558,0.686603199,-0.577181889,-0.25068736,-0.917742381,1.051980782,,,,,,,,
RJ Barrett,1629628,2021-22,0,1610612752,NYK,22,70,70,34.52857143,6.957142857,17.05714286,0.408,1.971428571,5.771428571,0.342,4.142857143,5.8,0.714,0.942857143,4.885714286,5.828571429,2.971428571,0.614285714,0.228571429,2.157142857,2.028571429,20.02857143,Guard-Forward,0.452306439,0.744872571,1.538119925,0.802451172,0.384678362,-0.164812441,-0.499601473,0.961660472,-1.632469473,-0.986434977,-1.190546432,-0.786954865,,,,,,,,
RJ Barrett,1629628,2022-23,0,1610612752,NYK,23,73,73,33.91780822,6.98630137,16.10958904,0.434,1.657534247,5.342465753,0.31,3.97260274,5.369863014,0.74,0.821917808,4.219178082,5.04109589,2.753424658,0.424657534,0.205479452,2.246575342,2.452054795,19.60273973,Guard-Forward,0.45627538,0.747633926,1.473897462,0.477904706,0.270208314,-0.652200545,-0.555959705,0.615204946,-0.817075829,-0.390026189,-1.298220358,-0.876267198,,,,,,,,
RJ Barrett,1629628,2023-24,0,0,TOT,24,58,58,31.68965517,7.517241379,15.17241379,0.495,1.551724138,4.310344828,0.36,3.586206897,5.017241379,0.715,0.913793103,4.517241379,5.431034483,3.327586207,0.534482759,0.379310345,2.172413793,2.224137931,20.17241379,Guard-Forward,0.464492566,0.745403005,1.559813732,0.638612165,0.571690517,-0.369924418,-0.131708381,0.498418837,0.87109295,-0.871869696,-1.208932164,1.557193542,,,,,,,,
RJ Barrett,1629628,2024-25,0,1610612761,TOR,25,58,58,32.22413793,7.931034483,16.93103448,0.468,1.844827586,5.275862069,0.35,3.379310345,5.362068966,0.63,1.051724138,5.25862069,6.310344828,5.413793103,0.793103448,0.293103448,2.862068966,2.362068966,21.0862069,Guard-Forward,0.461041926,0.736980999,1.697628847,1.001006996,1.667121327,0.294790328,-0.342104759,0.821926786,0.162180818,-2.69088875,-2.039255507,0.572406086,,,,,,,,
Rajon Rondo,200765,2020-21,0,0,TOT,35,45,3,17.08888889,2.111111111,4.777777778,0.442,0.8,1.977777778,0.404,0.355555556,0.377777778,0.941,0.4,2.044444444,2.444444444,4.422222222,0.822222222,0.088888889,1.755555556,1.177777778,5.377777778,Guard,0.459049275,0.749897673,-0.671462066,-0.592267011,1.146464773,0.369632285,-0.840510396,-0.331283905,-0.247196571,0.098907101,-0.707047833,-1.774763623,,,,,,,,
Rajon Rondo,200765,2021-22,0,0,TOT,36,39,1,17.8974359,1.743589744,4.512820513,0.386,0.794871795,2.256410256,0.352,0.487179487,0.666666667,0.731,0.384615385,2.384615385,2.769230769,4.358974359,0.769230769,0.153846154,1.743589744,1.435897436,4.769230769,Guard,0.456674441,0.748224134,-0.76324102,-0.458411102,1.113254425,0.233432043,-0.681975828,-0.336944074,-0.735091187,-0.262550742,-0.692641368,-2.584168852,,,,,,,,
Raul Neto,203526,2020-21,0,1610612764,WAS,29,64,22,21.921875,3.265625,6.984375,0.468,1,2.5625,0.39,1.171875,1.328125,0.882,0.4375,2,2.4375,2.28125,1.140625,0.09375,0.828125,1.703125,8.703125,Guard,0.460395013,0.751909322,-0.169944707,-0.595129061,0.022277647,1.18800077,-0.828646379,-0.110537304,0.029276623,0.53339132,0.409549664,0.478238573,,,,,,,,
Raul Neto,203526,2021-22,0,1610612764,WAS,30,70,19,19.6,2.914285714,6.3,0.463,0.5,1.714285714,0.292,1.185714286,1.542857143,0.769,0.185714286,1.728571429,1.914285714,3.1,0.785714286,0.042857143,1.128571429,1.485714286,7.514285714,Guard,0.460049719,0.749068808,-0.349241333,-0.810764137,0.452188974,0.275798479,-0.952855382,-0.662403806,-0.041661666,-0.080114454,0.047821524,-2.121231802,,,,,,,,
Raul Neto,203526,2022-23,0,1610612739,CLE,31,48,1,10.52083333,1.1875,2.291666667,0.518,0.25,0.875,0.286,0.645833333,0.708333333,0.912,0.208333333,0.75,0.958333333,1.645833333,0.354166667,0.083333333,0.5,1.020833333,3.270833333,Guard,0.461166291,0.750738329,-0.989224135,-1.204745856,-0.311368549,-0.833378311,-0.854069275,-0.938337057,0.187730862,0.280475424,0.804601942,-3.858314955,,,,,,,,
Reece Beekman,1641736,2024-25,0,0,TOT,23,36,4,13.02777778,0.972222222,2.972222222,0.327,0.194444444,1.111111111,0.175,0.444444444,0.583333333,0.762,0.361111111,0.722222222,1.083333333,1.75,0.916666667,0.055555556,0.583333333,1,2.583333333,Guard,0.456028828,0.748610005,-1.092910505,-1.153228944,-0.256672451,0.612376264,-0.921863661,-0.999655558,-0.867728247,-0.179208598,0.704271205,-4.154620495,,,,,,,,
Reggie Jackson,202704,2020-21,0,1610612746,LAC,31,67,43,23.04477612,3.925373134,8.731343284,0.45,1.820895522,4.208955224,0.433,1,1.223880597,0.817,0.358208955,2.507462687,2.865671642,3.059701493,0.611940299,0.104477612,1.104477612,1.895522388,10.67164179,Guard,0.459071765,0.750091548,0.126940182,-0.418664414,0.431028932,-0.170840697,-0.802464591,0.795512177,-0.242576235,0.140780986,0.076829729,-0.063453932,,,,,,,,
Reggie Jackson,202704,2021-22,0,1610612746,LAC,32,75,75,31.16,6.386666667,16.29333333,0.392,2.226666667,6.826666667,0.326,1.84,2.173333333,0.847,0.52,3.093333333,3.613333333,4.786666667,0.733333333,0.2,2.306666667,2.12,16.84,Guard,0.450355754,0.752558832,1.057230618,-0.11052664,1.337828187,0.141167364,-0.569332845,1.243375182,-2.033225315,0.673674952,-1.370568441,0.369623062,,,,,,,,
Reggie Jackson,202704,2022-23,0,0,TOT,33,68,40,24.36764706,3.867647059,9.411764706,0.411,1.411764706,4.235294118,0.333,1.044117647,1.147058824,0.91,0.367647059,1.75,2.117647059,3.426470588,0.691176471,0.088235294,1.691176471,1.676470588,10.19117647,Guard,0.45566051,0.752076734,0.054478065,-0.726951748,0.623612979,0.032814517,-0.842105559,0.343940992,-0.943396963,0.56954962,-0.62953742,-1.517595516,,,,,,,,
Reggie Jackson,202704,2023-24,0,1610612743,DEN,34,82,23,22.15853659,3.975609756,9.219512195,0.431,1.243902439,3.463414634,0.359,0.963414634,1.195121951,0.806,0.402439024,1.487804878,1.890243902,3.756097561,0.536585366,0.158536585,1.292682927,1.817073171,10.15853659,Guard,0.457427377,0.749797174,0.049555432,-0.820672616,0.796694346,-0.364520234,-0.670528371,0.158665868,-0.580405372,0.077200785,-0.149763607,-1.50377377,,,,,,,,
Reggie Jackson,202704,2024-25,0,1610612755,PHI,35,31,1,12.38709677,1.677419355,4.290322581,0.391,0.806451613,2.387096774,0.338,0.225806452,0.290322581,0.778,0.258064516,1.096774194,1.35483871,1.451612903,0.516129032,0.096774194,0.548387097,1.096774194,4.387096774,Guard,0.457030913,0.748624357,-0.820873146,-1.041331994,-0.413350305,-0.417097724,-0.821265537,-0.324163046,-0.661856375,-0.176108871,0.746345385,-3.929701615,,,,,,,,
Richaun Holmes,1626158,2020-21,0,1610612758,SAC,27,61,61,29.19672131,6,9.426229508,0.637,0.032786885,0.180327869,0.182,2.213114754,2.786885246,0.794,2.360655738,5.901639344,8.262295082,1.655737705,0.639344262,1.573770492,1.229508197,3.491803279,14.24590164,Forward,0.475122771,0.750858403,0.665997682,1.805474595,-0.306167936,-0.1004062,2.783488624,-1.178082341,3.055001119,0.306409343,-0.073703201,6.958011685,,,,,,,,
Richaun Holmes,1626158,2021-22,0,1610612758,SAC,28,45,37,23.86666667,4.4,6.666666667,0.66,0.044444444,0.111111111,0.4,1.555555556,2,0.778,2.066666667,4.977777778,7.044444444,1.066666667,0.377777778,0.911111111,1.244444444,2.844444444,10.4,Forward,0.472372361,0.749590182,0.085972107,1.303555359,-0.615478852,-0.772692317,1.166203487,-1.165215509,2.489946862,0.032493833,-0.091685977,2.433098994,,,,,,,,
Richaun Holmes,1626158,2022-23,0,1610612758,SAC,29,42,1,8.285714286,1.30952381,2.119047619,0.618,0.119047619,0.19047619,0.625,0.357142857,0.452380952,0.789,0.69047619,1.214285714,1.904761905,0.214285714,0.071428571,0.261904762,0.333333333,1.19047619,3.095238095,Forward,0.463145297,0.748817346,-1.015706801,-0.814689235,-1.063049205,-1.560080348,-0.418248209,-1.082873522,0.594305034,-0.134426301,1.005263417,-4.48950517,,,,,,,,
Richaun Holmes,1626158,2023-24,0,0,TOT,30,40,10,13.85,2.05,3.675,0.558,0.025,0.075,0.333,0.85,1.175,0.723,1.775,2.775,4.55,0.625,0.275,0.475,0.6,1.85,4.975,Forward,0.463342514,0.747869359,-0.732207616,0.275506756,-0.847390306,-1.036854882,0.101831596,-1.186676983,0.634822158,-0.339176451,0.684205057,-2.445940672,,,,,,,,
Richaun Holmes,1626158,2024-25,0,1610612764,WAS,31,31,7,17.22580645,2.903225806,4.483870968,0.647,0,0.096774194,0,1.612903226,1.935483871,0.833,2,3.709677419,5.709677419,1.35483871,0.290322581,0.741935484,0.677419355,1.580645161,7.419354839,Forward,0.467894702,0.751604579,-0.36355848,0.753450754,-0.464164744,-0.997472319,0.753313795,-1.214270308,1.570040269,0.467571655,0.590994566,1.095905188,,,,,,,,
Ricky Rubio,201937,2020-21,0,1610612750,MIN,30,68,51,26.05882353,2.838235294,7.323529412,0.388,0.970588235,3.147058824,0.308,1.911764706,2.205882353,0.867,0.411764706,2.867647059,3.279411765,6.367647059,1.441176471,0.058823529,1.632352941,2.044117647,8.558823529,Guard,0.454960015,0.753462784,-0.191707755,-0.248147505,2.167973383,1.960487284,-0.913887853,-0.143000039,-1.087309078,0.868914195,-0.558715722,1.854606909,,,,,,,,
Ricky Rubio,201937,2021-22,0,1610612739,CLE,31,34,8,28.52941176,4.382352941,12.08823529,0.363,1.735294118,5.117647059,0.339,2.588235294,3.029411765,0.854,0.441176471,3.705882353,4.147058824,6.617647059,1.441176471,0.205882353,2.647058824,2.205882353,13.08823529,Guard,0.449417501,0.754483328,0.49140245,0.109440474,2.299244017,1.960487284,-0.554976386,0.701031083,-2.2259835,1.089335589,-1.780389994,2.089591016,,,,,,,,
Ricky Rubio,201937,2022-23,0,1610612739,CLE,32,33,2,17.15151515,1.848484848,5.393939394,0.343,0.636363636,2.484848485,0.256,0.848484848,1.060606061,0.8,0.272727273,1.848484848,2.121212121,3.484848485,0.787878788,0.181818182,0.939393939,1.545454545,5.181818182,Guard,0.453882896,0.749524482,-0.701016014,-0.72548246,0.654266193,0.281361748,-0.613707353,-0.51189476,-1.3085965,0.018303696,0.275585328,-2.631180123,,,,,,,,
Robert Covington,203496,2020-21,0,1610612757,POR,30,70,70,32.04285714,2.914285714,7.271428571,0.401,1.928571429,5.085714286,0.379,0.714285714,0.885714286,0.806,0.871428571,5.785714286,6.657142857,1.671428571,1.442857143,1.2,0.914285714,2.785714286,8.471428571,Forward,0.455873747,0.749455435,-0.204888361,1.143934705,-0.297928937,1.964806999,1.871265122,0.91435763,-0.899588813,0.003390808,0.305814849,4.801164,,,,,,,,
Robert Covington,203496,2021-22,0,0,TOT,31,71,42,27.32394366,2.943661972,7.014084507,0.42,1.802816901,4.774647887,0.378,0.816901408,0.971830986,0.841,0.830985915,4.676056338,5.507042254,1.295774648,1.450704225,1.281690141,1.056338028,2.676056338,8.507042254,Forward,0.457251033,0.750218279,-0.199517228,0.66993765,-0.495178252,1.984975807,2.070637914,0.775558207,-0.61663407,0.168152792,0.134788288,4.492721107,,,,,,,,
Robert Covington,203496,2022-23,0,1610612746,LAC,32,48,0,16.22916667,2.125,4.770833333,0.445,1.125,2.833333333,0.397,0.625,0.833333333,0.75,0.645833333,2.8125,3.458333333,1.1875,0.791666667,0.6875,0.666666667,1.791666667,6,Forward,0.459187013,0.748479137,-0.577620664,-0.174407611,-0.552031379,0.291097469,0.620458664,0.027429322,-0.218899227,-0.207474191,0.603940467,-0.187507149,,,,,,,,
Robert Covington,203496,2023-24,0,0,TOT,33,29,6,16.82758621,1.482758621,3.379310345,0.439,0.655172414,1.931034483,0.339,0.75862069,0.896551724,0.846,1.068965517,2.275862069,3.344827586,0.827586207,1.344827586,0.620689655,0.379310345,1.931034483,4.379310345,Forward,0.459181845,0.750172083,-0.822047468,-0.221187336,-0.741015826,1.712848455,0.457401472,-0.491134891,-0.219961045,0.158175169,0.949908527,0.782987056,,,,,,,,
Robert Williams III,1629057,2022-23,0,1610612738,BOS,25,35,20,23.54285714,3.628571429,4.857142857,0.747,0,0.028571429,0,0.714285714,1.171428571,0.61,2.971428571,5.371428571,8.342857143,1.428571429,0.628571429,1.371428571,0.971428571,1.942857143,7.971428571,Forward-Center,0.473164436,0.745284272,-0.28029663,1.838677064,-0.425448981,-0.128094862,2.289653343,-1.214270308,2.652673698,-0.897514124,0.237016629,4.072395828,,,,,,,,
Alex Fudge,,2023-24,,,,20,6,0,6.7,1,2.5,0.4,0.2,,,0.3,0.3,1,0.7,0.2,0.8,0,0.5,0,0.3,0.3,2.5,Forward,0.458403758,0.749954064,-1.10547855,-1.270000611,-1.175566892,-0.458553052,-1.057452438,-0.993523708,-0.379814037,0.111086737,1.045395711,-5.283906839,469,2TM,0.8,0.2,0.8,1.7,0.5,0.433
Robert Williams III,1629057,2024-25,0,1610612757,POR,27,20,3,17.55,2.5,3.9,0.641,0.05,0.15,0.333,0.75,0.85,0.882,1.75,4.15,5.9,1.05,0.65,1.65,0.85,1.55,5.8,Forward-Center,0.466662995,0.750686125,-0.607783972,0.831889408,-0.624230228,-0.073018498,2.969534207,-1.159083658,1.316993829,0.269200093,0.383212846,3.306714026,,,,,,,,
Robin Lopez,201577,2020-21,0,1610612764,WAS,33,71,9,19.07042254,3.788732394,5.985915493,0.633,0.070422535,0.253521127,0.278,1.394366197,1.929577465,0.723,1.985915493,1.845070423,3.830985915,0.774647887,0.211267606,0.61971831,1.056338028,1.535211268,9.042253521,Center,0.469642305,0.747507988,-0.118798517,-0.020824328,-0.768812814,-1.200661816,0.455030809,-1.136542632,1.929074238,-0.417226891,0.134788288,-1.143973663,,,,,,,,
Robin Lopez,201577,2021-22,0,1610612753,ORL,34,36,9,17,3.055555556,5.527777778,0.553,0.055555556,0.166666667,0.333,0.888888889,1.5,0.593,1.888888889,1.611111111,3.5,1.5,0.055555556,0.5,1.222222222,1.861111111,7.055555556,Center,0.464742529,0.743926009,-0.418425428,-0.157235307,-0.387943086,-1.600877653,0.162846545,-1.152951808,0.922446211,-1.190877303,-0.064931114,-3.887948943,,,,,,,,
Robin Lopez,201577,2022-23,0,1610612739,CLE,35,37,2,8.081081081,1.297297297,2.027027027,0.64,0.054054054,0.108108108,0.5,0.378378378,0.486486486,0.778,0.621621622,0.756756757,1.378378378,0.513513514,0.054054054,0.216216216,0.675675676,1.162162162,3.027027027,Center,0.463442716,0.748738495,-1.025994158,-1.031630466,-0.905929913,-1.60473686,-0.529755581,-1.154609065,0.655407874,-0.15145682,0.593093901,-5.155611088,,,,,,,,
Robin Lopez,201577,2023-24,0,1610612749,MIL,36,16,2,4.0625,0.4375,1.1875,0.368,0.125,0.5,0.25,0.125,0.125,1,0.1875,0.125,0.3125,0.25,0.0625,0.1875,0.125,0.4375,1.125,Center,0.458785771,0.749081086,-1.312851291,-1.470916569,-1.044296257,-1.583028833,-0.599840319,-1.076303683,-0.301331907,-0.077462675,1.256090259,-6.209941275,,,,,,,,
Rodney McGruder,203585,2020-21,0,1610612765,DET,29,16,2,12.125,2.3125,4.375,0.529,0.6875,1.5,0.458,0.375,0.5,0.75,0.5,0.875,1.375,1,0.5,0.0625,0.4375,0.75,5.6875,Guard,0.462761774,0.748469098,-0.624750832,-1.033022815,-0.650484354,-0.458553052,-0.904915065,-0.455453868,0.515512765,-0.209642391,0.879849995,-2.941459617,,,,,,,,
Rodney McGruder,203585,2021-22,0,1610612765,DET,30,51,2,14.78431373,1.921568627,4.411764706,0.436,1.137254902,2.862745098,0.397,0.37254902,0.509803922,0.731,0.607843137,1.568627451,2.176470588,0.941176471,0.411764706,0.137254902,0.470588235,1.137254902,5.352941176,Guard,0.45885552,0.748277625,-0.675207836,-0.702708496,-0.681371562,-0.685338083,-0.722468403,0.040955462,-0.287002364,-0.250997517,0.840012791,-3.124126009,,,,,,,,
Rodney McGruder,203585,2022-23,0,1610612765,DET,31,32,12,16.375,1.9375,4.75,0.408,1.28125,3.03125,0.423,0.5625,0.6875,0.818,0.625,1.6875,2.3125,0.875,0.5,0.03125,0.34375,1.21875,5.71875,Guard,0.45751203,0.749397079,-0.620037815,-0.646645973,-0.716119672,-0.458553052,-0.981183752,0.199887604,-0.563013793,-0.009213247,0.992722074,-2.802157626,,,,,,,,
Royce O'Neale,1626220,2020-21,0,1610612762,UTA,28,71,71,31.54929577,2.464788732,5.549295775,0.444,1.507042254,3.915492958,0.385,0.549295775,0.647887324,0.848,1.23943662,5.591549296,6.830985915,2.549295775,0.802816901,0.450704225,1.169014085,2.563380282,6.985915493,Forward,0.459029804,0.749727183,-0.428928302,1.215581565,0.163023802,0.319756139,0.042535377,0.449101967,-0.251196922,0.062083977,-0.000870174,1.571087429,,,,,,,,
Royce O'Neale,1626220,2021-22,0,1610612762,UTA,29,77,77,31.24675325,2.636363636,5.766233766,0.457,1.545454545,3.974025974,0.389,0.584415584,0.727272727,0.804,0.831168831,3.948051948,4.779220779,2.480519481,1.116883117,0.415584416,1.025974026,2.376623377,7.402597403,Forward,0.459707718,0.74925015,-0.366085778,0.36997673,0.126910571,1.126978662,-0.043177958,0.49149888,-0.111923611,-0.040947509,0.1713456,1.724575588,,,,,,,,
Royce O'Neale,1626220,2022-23,0,1610612751,BKN,30,76,53,31.69736842,3.013157895,7.802631579,0.386,2.144736842,5.513157895,0.389,0.657894737,0.907894737,0.725,0.723684211,4.328947368,5.052631579,3.723684211,0.855263158,0.644736842,1.5,3.144736842,8.828947368,Forward,0.45451767,0.748035512,-0.150968613,0.482658971,0.779674662,0.454555101,0.516090987,1.152946531,-1.178186045,-0.303289937,-0.399366905,1.354114752,,,,,,,,
Royce O'Neale,1626220,2023-24,0,0,TOT,31,79,14,24.73417722,2.708860759,6.82278481,0.397,1.974683544,5.341772152,0.37,0.303797468,0.443037975,0.686,0.759493671,4.012658228,4.772151899,2.772151899,0.746835443,0.556962025,0.924050633,2.202531646,7.696202532,Forward,0.45584873,0.747905261,-0.321805269,0.367063395,0.280041661,0.175870897,0.301867948,0.965253093,-0.904728377,-0.331422126,0.29405819,0.826199412,,,,,,,,
Royce O'Neale,1626220,2024-25,0,1610612756,PHX,32,75,22,24.49333333,3.213333333,7.6,0.423,2.386666667,5.88,0.406,0.253333333,0.346666667,0.731,0.706666667,3.946666667,4.653333333,2.173333333,0.893333333,0.44,0.866666667,2.013333333,9.066666667,Forward,0.457260085,0.748333609,-0.115116611,0.31809407,-0.034387511,0.552404221,0.016410667,1.419972463,-0.614774304,-0.238905794,0.363146698,1.666843899,,,,,,,,
Rudy Gay,200752,2020-21,0,1610612759,SAS,34,63,1,21.55555556,4.19047619,9.968253968,0.42,1.682539683,4.412698413,0.381,1.301587302,1.619047619,0.804,0.666666667,4.142857143,4.80952381,1.396825397,0.714285714,0.634920635,1.031746032,1.825396825,11.36507937,Guard-Forward,0.456250327,0.750196013,0.231522038,0.382465678,-0.442118268,0.092210595,0.492133573,0.642804271,-0.822222716,0.163343807,0.164396285,0.904535263,,,,,,,,
Rudy Gay,200752,2021-22,0,1610612762,UTA,35,55,1,18.87272727,2.854545455,6.890909091,0.414,1.272727273,3.690909091,0.345,1.127272727,1.436363636,0.785,1,3.4,4.4,1.018181818,0.454545455,0.345454545,0.854545455,1.727272727,8.109090909,Guard-Forward,0.456907159,0.749474344,-0.259534873,0.213686461,-0.640937399,-0.575381703,-0.214336778,0.190480789,-0.687280876,0.007474771,0.377740259,-1.588089349,,,,,,,,
Rudy Gay,200752,2022-23,0,1610612762,UTA,36,56,0,14.57142857,1.946428571,5.125,0.38,0.589285714,2.321428571,0.254,0.75,0.875,0.857,0.589285714,2.321428571,2.910714286,1.017857143,0.339285714,0.321428571,0.660714286,1.214285714,5.232142857,Guard-Forward,0.45597037,0.750320677,-0.693426221,-0.40010075,-0.64110788,-0.871625788,-0.272974521,-0.563856217,-0.879738066,0.190269206,0.611106948,-3.52145329,,,,,,,,
Rudy Gobert,203497,2020-21,0,1610612762,UTA,29,71,71,30.8028169,5.507042254,8.154929577,0.675,0,0.056338028,0,3.281690141,5.267605634,0.623,3.38028169,10.14084507,13.52112676,1.253521127,0.563380282,2.676056338,1.661971831,2.295774648,14.29577465,Center,0.476085213,0.736496674,0.673519357,3.972824755,-0.517364838,-0.295651127,5.473725219,-1.214270308,3.252728658,-2.795495135,-0.594375943,7.955640636,,,,,,,,
Rudy Gobert,203497,2021-22,0,1610612762,UTA,30,66,66,32.12121212,5.484848485,7.696969697,0.713,0,0.060606061,0,4.590909091,6.651515152,0.69,3.651515152,11.01515152,14.66666667,1.090909091,0.681818182,2.075757576,1.803030303,2.666666667,15.56060606,Center,0.47795518,0.741590667,0.864276852,4.444942187,-0.602749578,0.008761559,4.008637281,-1.214270308,3.63690166,-1.695273927,-0.764205949,8.687019776,,,,,,,,
Rudy Gobert,203497,2022-23,0,1610612750,MIN,31,70,70,30.68571429,5.142857143,7.8,0.659,0,0.042857143,0,3.128571429,4.857142857,0.644,3.3,8.328571429,11.62857143,1.242857143,0.8,1.357142857,1.742857143,3,13.41428571,Center,0.47427259,0.739205276,0.540576246,3.1928359,-0.52296431,0.312516055,2.254787659,-1.214270308,2.880336798,-2.210480278,-0.691759339,4.541578423,,,,,,,,
Rudy Gobert,203497,2023-24,0,1610612750,MIN,32,76,76,34.11842105,5.342105263,8.078947368,0.661,0,0.039473684,0,3.276315789,5.131578947,0.638,3.75,9.171052632,12.92105263,1.342105263,0.684210526,2.131578947,1.552631579,3.131578947,13.96052632,Center,0.474898865,0.738172887,0.622958364,3.725513024,-0.470850855,0.014910434,4.144874805,-1.214270308,3.009000979,-2.433459863,-0.462733686,6.935942894,,,,,,,,
Rudy Gobert,203497,2024-25,0,1610612750,MIN,33,72,72,33.16666667,4.736111111,7.083333333,0.669,0,0,0,2.555555556,3.791666667,0.674,3.680555556,7.222222222,10.90277778,1.763888889,0.777777778,1.444444444,1.236111111,2.527777778,12.02777778,Center,0.47369776,0.743205691,0.331467918,2.893710718,-0.249379638,0.255399825,2.467855735,-1.214270308,2.762241753,-1.346454506,-0.081652903,5.818918594,,,,,,,,
Rui Hachimura,1629060,2020-21,0,1610612764,WAS,23,57,57,31.52631579,5.438596491,11.36842105,0.478,0.789473684,2.403508772,0.328,2.175438596,2.824561404,0.77,0.859649123,4.614035088,5.473684211,1.438596491,0.771929825,0.122807018,1.192982456,2.105263158,13.84210526,Forward,0.461715179,0.749605878,0.605098509,0.656189623,-0.420184996,0.240369239,-0.75772988,-0.342902147,0.300496393,0.035883977,-0.029727346,0.287493372,,,,,,,,
Rui Hachimura,1629060,2021-22,0,1610612764,WAS,24,42,13,22.47619048,4.452380952,9.071428571,0.491,1.30952381,2.928571429,0.447,1.095238095,1.571428571,0.697,0.595238095,3.214285714,3.80952381,1.142857143,0.547619048,0.214285714,0.785714286,1.261904762,11.30952381,Forward,0.462453433,0.746885945,0.223143341,-0.02966962,-0.575472563,-0.336161129,-0.53446716,0.231094341,0.452166071,-0.55157822,0.460610843,-0.660334097,,,,,,,,
Rui Hachimura,1629060,2022-23,0,0,TOT,25,63,9,23.26984127,4.507936508,9.26984127,0.486,0.80952381,2.53968254,0.319,1.396825397,1.888888889,0.739,0.841269841,3.650793651,4.492063492,0.920634921,0.301587302,0.412698413,0.841269841,1.142857143,11.22222222,Forward,0.462081096,0.748109647,0.209976817,0.251629076,-0.692157571,-0.968519391,-0.050221531,-0.320772161,0.375671796,-0.28727813,0.393723685,-1.087947411,,,,,,,,
Rui Hachimura,1629060,2023-24,0,1610612747,LAL,26,68,39,26.83823529,5.338235294,9.941176471,0.537,1.441176471,3.411764706,0.422,1.455882353,1.970588235,0.739,0.852941176,3.470588235,4.323529412,1.191176471,0.602941176,0.367647059,0.676470588,1.485294118,13.57352941,Forward,0.466838709,0.748095326,0.564592829,0.182170232,-0.550100928,-0.193970516,-0.160173774,0.376403728,1.35309326,-0.290371161,0.592136852,1.873780523,,,,,,,,
Rui Hachimura,1629060,2024-25,0,1610612747,LAL,27,59,57,31.6779661,4.966101695,9.762711864,0.509,1.728813559,4.186440678,0.413,1.474576271,1.915254237,0.77,1.338983051,3.661016949,5,1.406779661,0.762711864,0.440677966,0.830508475,1.779661017,13.13559322,Forward,0.464234207,0.74924867,0.498544809,0.46096764,-0.436891458,0.216676956,0.01806531,0.693878276,0.81801478,-0.041267167,0.406680034,2.63466918,,,,,,,,
Russell Westbrook,201566,2020-21,0,1610612764,WAS,32,65,65,36.44615385,8.369230769,19.04615385,0.439,1.323076923,4.2,0.315,4.169230769,6.353846154,0.656,1.676923077,9.861538462,11.53846154,11.73846154,1.369230769,0.353846154,4.8,2.923076923,22.23076923,Guard,0.456525851,0.738029706,1.870247776,3.155698434,4.988094278,1.775570257,-0.193856234,0.246053359,-0.765618041,-2.464384695,-4.372464099,4.239341035,,,,,,,,
Russell Westbrook,201566,2021-22,0,1610612747,LAL,33,78,78,34.33333333,7.025641026,15.80769231,0.444,1.012820513,3.397435897,0.298,3.41025641,5.115384615,0.667,1.41025641,6.025641026,7.435897436,7.051282051,0.961538462,0.256410256,3.782051282,3.012820513,18.47435897,Guard,0.457698444,0.740893877,1.303718981,1.464886955,2.526938179,0.727707114,-0.431658089,-0.09638688,-0.524716307,-1.845769461,-3.146885555,-0.022165063,,,,,,,,
Russell Westbrook,201566,2022-23,0,0,TOT,34,73,24,29.12328767,5.917808219,13.57534247,0.436,1.219178082,3.917808219,0.311,2.821917808,4.301369863,0.656,1.219178082,4.575342466,5.794520548,7.547945205,1.04109589,0.452054795,3.493150685,2.219178082,15.87671233,Guard,0.457011472,0.741130255,0.911950906,0.788417602,2.787727328,0.93218803,0.045831575,0.131376779,-0.665850238,-1.794715626,-2.799058236,0.337868121,,,,,,,,
Russell Westbrook,201566,2023-24,0,1610612746,LAC,35,68,11,22.48529412,4.426470588,9.75,0.454,0.617647059,2.264705882,0.273,1.617647059,2.352941176,0.688,1.367647059,3.676470588,5.044117647,4.5,1.088235294,0.338235294,2.117647059,1.779411765,11.08823529,Guard,0.459342917,0.745736765,0.189769372,0.479150079,1.187304526,1.053347157,-0.231956067,-0.532552864,-0.186869676,-0.799782844,-1.142994722,0.015414961,,,,,,,,
Russell Westbrook,201566,2024-25,0,1610612743,DEN,36,75,36,27.89333333,4.973333333,11.08,0.449,1.253333333,3.88,0.323,2.053333333,3.106666667,0.661,1.36,3.573333333,4.933333333,6.093333333,1.413333333,0.493333333,3.226666667,2.506666667,13.25333333,Guard,0.458780205,0.743337863,0.516301965,0.433491953,2.023936035,1.888924006,0.146575891,0.169075057,-0.302475344,-1.31790739,-2.47821978,1.079702393,,,,,,,,
Saben Lee,1630240,2020-21,0,1610612765,DET,22,48,7,16.27083333,2.0625,4.375,0.471,0.166666667,0.479166667,0.348,1.270833333,1.854166667,0.685,0.416666667,1.604166667,2.020833333,3.625,0.666666667,0.270833333,1.145833333,1.583333333,5.5625,Guard,0.460330636,0.746184851,-0.6436029,-0.766852102,0.727857306,-0.030181325,-0.396457156,-1.030314807,0.016050945,-0.703003405,0.027038729,-2.799464715,,,,,,,,
Saben Lee,1630240,2021-22,0,1610612765,DET,23,37,0,16.32432432,1.864864865,4.783783784,0.39,0.378378378,1.621621622,0.233,1.513513514,1.918918919,0.789,0.486486486,1.864864865,2.351351351,2.891891892,0.972972973,0.324324324,0.972972973,1.189189189,5.621621622,Guard,0.456674298,0.749952373,-0.634686381,-0.63063396,0.342915041,0.757096441,-0.265907152,-0.796641604,-0.73512068,0.110721502,0.235157217,-1.617099577,,,,,,,,
Saben Lee,1630240,2022-23,0,0,TOT,24,25,1,14.96,1.96,4.84,0.405,0.44,1.2,0.367,1.68,2.28,0.737,0.52,1.28,1.8,2.68,0.76,0.04,0.96,1.28,6.04,Guard,0.45733103,0.747954274,-0.571588002,-0.857865313,0.231654308,0.209706841,-0.959828519,-0.728627786,-0.600199179,-0.320836155,0.250776272,-3.346807534,,,,,,,,
Saben Lee,1630240,2023-24,0,1610612756,PHX,25,24,0,7.708333333,0.833333333,2.291666667,0.364,0.083333333,0.666666667,0.125,1.208333333,1.625,0.744,0.375,0.916666667,1.291666667,1.25,0.291666667,0.125,0.333333333,0.541666667,2.958333333,Guard,0.457716189,0.748313597,-1.036354303,-1.067367423,-0.51921372,-0.994017709,-0.752377692,-1.122292558,-0.521070669,-0.243228113,1.005263417,-5.25065877,,,,,,,,
Saddiq Bey,1630180,2020-21,0,1610612765,DET,22,70,53,27.27142857,3.985714286,9.871428571,0.404,2.5,6.571428571,0.38,1.771428571,2.1,0.844,0.614285714,3.928571429,4.542857143,1.357142857,0.742857143,0.2,0.857142857,1.571428571,12.24285714,Guard-Forward,0.454844749,0.75230498,0.363905443,0.272562932,-0.462954877,0.165645749,-0.569332845,1.545062203,-1.110989877,0.618846979,0.374613068,1.197358776,,,,,,,,
Saddiq Bey,1630180,2021-22,0,1610612765,DET,23,82,82,32.97560976,5.487804878,13.85365854,0.396,2.573170732,7.43902439,0.346,2.56097561,3.097560976,0.827,1.304878049,4.073170732,5.37804878,2.841463415,0.890243902,0.195121951,1.170731707,1.56097561,16.1097561,Guard-Forward,0.452092929,0.753035952,0.947097761,0.616774886,0.316435928,0.544463671,-0.581238201,1.625823155,-1.676333792,0.776725315,-0.002938138,2.566810585,,,,,,,,
Saddiq Bey,1630180,2022-23,0,0,TOT,24,77,37,27.64935065,4.584415584,10.85714286,0.422,1.961038961,5.428571429,0.361,2.662337662,3.090909091,0.861,1.272727273,3.428571429,4.701298701,1.532467532,0.909090909,0.168831169,0.922077922,1.597402597,13.79220779,Guard-Forward,0.456155536,0.755006137,0.597573146,0.337862291,-0.370894952,0.592904821,-0.64540343,0.950193116,-0.841696867,1.202253873,0.296433273,2.119225271,,,,,,,,
Saddiq Bey,1630180,2023-24,0,1610612737,ATL,25,63,51,32.73015873,4.603174603,11.06349206,0.416,1.793650794,5.682539683,0.316,2.698412698,3.222222222,0.837,2.650793651,3.873015873,6.523809524,1.46031746,0.80952381,0.174603175,0.857142857,1.396825397,13.6984127,Guard-Forward,0.455494393,0.753814624,0.583427295,1.088983332,-0.408779695,0.336994441,-0.631316284,0.765441272,-0.97752463,0.944906137,0.374613068,2.076744935,,,,,,,,
Sam Hauser,1630573,2022-23,0,1610612738,BOS,25,80,8,16.125,2.25,4.95,0.455,1.75,4.1875,0.418,0.15,0.2125,0.706,0.4375,2.1125,2.55,0.8875,0.3625,0.2625,0.375,1.2375,6.4,Forward,0.459634447,0.748274124,-0.517294048,-0.54876384,-0.70955614,-0.811959726,-0.416795472,0.71726245,-0.126976825,-0.251753679,0.955098048,-1.710739232,,,,,,,,
Sam Hauser,1630573,2023-24,0,1610612738,BOS,26,79,13,22.03797468,3.151898734,7.063291139,0.446,2.493670886,5.886075949,0.424,0.215189873,0.240506329,0.895,0.569620253,2.924050633,3.493670886,1.037974684,0.506329114,0.316455696,0.405063291,1.253164557,9.012658228,Forward,0.458949211,0.74915532,-0.123261977,-0.159843758,-0.630544511,-0.442285771,-0.28511131,1.538076551,-0.267754087,-0.061429295,0.918902782,0.486748625,,,,,,,,
Sam Hauser,1630573,2024-25,0,1610612738,BOS,27,71,19,21.70422535,3.014084507,6.676056338,0.451,2.338028169,5.61971831,0.416,0.154929577,0.154929577,1,0.61971831,2.535211268,3.154929577,0.901408451,0.577464789,0.183098592,0.323943662,1.225352113,8.521126761,Forward,0.45930913,0.74923082,-0.197393052,-0.299451009,-0.702253055,-0.2594507,-0.610582387,1.366288548,-0.193811151,-0.045122522,1.016568288,0.074792961,,,,,,,,
Greg Brown III,,2023-24,,,,22,6,0,6.7,0.8,1.8,0.455,0.2,,,0.7,1.5,0.444,0.5,1,1.5,0.7,0,0.7,0.7,0.8,2.5,Forward-Center,0.45977785,0.739586203,-1.10547855,-0.981505903,-0.808009116,-1.74366823,0.650966138,-0.993523708,-0.097515424,-2.128206228,0.563808173,-6.643132847,471,DAL,0.5,0.333,0.7,1.3,0.5,0.5
Sam Merrill,1630241,2023-24,0,1610612739,CLE,28,61,1,17.52459016,2.590163934,6.442622951,0.402,2.344262295,5.803278689,0.404,0.426229508,0.459016393,0.929,0.360655738,1.606557377,1.967213115,1.770491803,0.31147541,0.06557377,0.31147541,1.180327869,7.950819672,Guard,0.456361543,0.750096185,-0.283404793,-0.788950886,-0.245912563,-0.943104676,-0.897413228,1.373169358,-0.799374207,0.141782408,1.031579675,-1.411628913,,,,,,,,
Sam Merrill,1630241,2024-25,0,1610612739,CLE,29,71,4,19.73239437,2.422535211,5.971830986,0.406,1.929577465,5.183098592,0.372,0.394366197,0.408450704,0.966,0.535211268,1.676056338,2.211267606,1.521126761,0.746478873,0.197183099,0.492957746,1.746478873,7.169014085,Guard,0.456828462,0.750216527,-0.401314006,-0.688367416,-0.376849792,0.17495443,-0.576207768,0.915468025,-0.703448584,0.167774481,0.813080596,-0.674910034,,,,,,,,
Santi Aldama,1630583,2022-23,0,1610612763,MEM,22,77,20,21.84415584,3.207792208,6.818181818,0.47,1.220779221,3.454545455,0.353,1.402597403,1.87012987,0.75,1.103896104,3.714285714,4.818181818,1.25974026,0.584415584,0.623376623,0.779220779,1.857142857,9.038961039,Forward-Center,0.46051084,0.748509536,-0.119295078,0.386033949,-0.51409928,-0.241585555,0.46395928,0.133144009,0.053072617,-0.200908384,0.468428823,0.428750381,,,,,,,,
Santi Aldama,1630583,2023-24,0,1610612763,MEM,23,61,35,26.52459016,4.049180328,9.31147541,0.435,1.737704918,4.983606557,0.349,0.885245902,1.426229508,0.621,1.180327869,4.590163934,5.770491803,2.262295082,0.704918033,0.885245902,1.131147541,1.459016393,10.72131148,Forward-Center,0.457745875,0.744919049,0.134431193,0.778514508,0.01232475,0.068133497,1.10307691,0.703691962,-0.51497185,-0.976396444,0.044719965,1.353524492,,,,,,,,
Santi Aldama,1630583,2024-25,0,1610612763,MEM,24,65,16,25.53846154,4.815384615,9.969230769,0.483,1.846153846,5.015384615,0.368,1,1.446153846,0.691,1.446153846,4.953846154,6.4,2.892307692,0.8,0.446153846,1.092307692,1.169230769,12.47692308,Forward-Center,0.461961253,0.74683876,0.399206458,1.037957057,0.34313337,0.312516055,0.031429731,0.823390623,0.351050776,-0.561769379,0.091481933,2.828396624,,,,,,,,
Scottie Barnes,1630567,2021-22,0,1610612761,TOR,20,74,74,35.36486486,6.202702703,12.59459459,0.492,0.783783784,2.608108108,0.301,2.135135135,2.905405405,0.735,2.635135135,4.891891892,7.527027027,3.459459459,1.081081081,0.743243243,1.837837838,2.594594595,15.32432432,Guard-Forward,0.463458534,0.747714947,0.828641658,1.502444676,0.640934859,1.034959182,0.756505509,-0.349182277,0.658657601,-0.372526897,-0.806113137,3.894321173,,,,,,,,
Scottie Barnes,1630567,2022-23,0,1610612761,TOR,21,77,76,34.77922078,6.012987013,13.19480519,0.456,0.818181818,2.909090909,0.281,2.467532468,3.194805195,0.772,2.324675325,4.324675325,6.649350649,4.818181818,1.077922078,0.792207792,2,2.207792208,15.31168831,Guard-Forward,0.459413453,0.749867941,0.826735939,1.140723261,1.354376243,1.026839816,0.876008288,-0.311216032,-0.172378517,0.09248548,-1.001351328,3.83222315,,,,,,,,
Scottie Barnes,1630567,2023-24,0,1610612761,TOR,22,60,60,34.9,7.45,15.7,0.475,1.683333333,4.933333333,0.341,3.266666667,4.183333333,0.781,2.35,5.883333333,8.233333333,6.05,1.25,1.466666667,2.75,1.966666667,19.85,Guard-Forward,0.461917763,0.750966585,1.5111884,1.793538436,2.001182459,1.469119715,2.522091247,0.643680249,0.342116026,0.329774958,-1.904327963,8.708363527,,,,,,,,
Scottie Barnes,1630567,2024-25,0,1610612761,TOR,23,65,65,32.83076923,7.292307692,16.35384615,0.446,1.169230769,4.307692308,0.271,3.507692308,4.646153846,0.755,1.676923077,6.046153846,7.723076923,5.815384615,1.430769231,0.969230769,2.830769231,1.738461538,19.26153846,Guard-Forward,0.45791525,0.749010364,1.422438668,1.583243758,1.877990017,1.93373828,1.308050206,0.076248281,-0.48017485,-0.092737479,-2.001571601,5.62722528,,,,,,,,
Dereon Seabron,,2023-24,,,,23,6,0,9.2,0.7,2.2,0.308,0.2,,,0.8,1,0.833,0.2,1,1.2,0.8,0.3,0.2,0,0.7,2.3,Guard,0.456594767,0.750111558,-1.135641858,-1.105146492,-0.755500862,-0.972599123,-0.569332845,-0.993523708,-0.751459745,0.145102767,1.406586365,-4.731515501,486,NOP,0.3,0.5,0.5,1.8,0.273,0.346
Scotty Pippen Jr.,1630590,2023-24,0,1610612763,MEM,23,21,16,25.0952381,4.761904762,9.666666667,0.493,1.428571429,3.428571429,0.417,1.952380952,2.619047619,0.745,1.047619048,2.142857143,3.19047619,4.666666667,1.714285714,0.476190476,2.666666667,2.857142857,12.9047619,Guard,0.462784667,0.748281881,0.463731628,-0.284800995,1.274818283,2.662440951,0.104737069,0.362491127,0.520216011,-0.250078294,-1.803997226,3.049558554,,,,,,,,
Scotty Pippen Jr.,1630590,2024-25,0,1610612763,MEM,24,79,21,21.30379747,3.607594937,7.518987342,0.48,1.101265823,2.772151899,0.397,1.544303797,2.164556962,0.713,0.82278481,2.455696203,3.278481013,4.392405063,1.303797468,0.379746835,1.746835443,2.569620253,9.860759494,Guard,0.461272007,0.746982642,0.004645721,-0.248531101,1.130808304,1.607391601,-0.130643085,0.001233127,0.209449594,-0.53069327,-0.696549088,1.347111802,,,,,,,,
Sekou Doumbouya,1629635,2020-21,0,1610612765,DET,20,56,11,15.51785714,1.910714286,5.035714286,0.379,0.464285714,2.053571429,0.226,0.803571429,1.142857143,0.703,0.696428571,1.857142857,2.553571429,0.839285714,0.428571429,0.160714286,0.785714286,1.678571429,5.089285714,Forward,0.455987006,0.747438062,-0.71497144,-0.547291928,-0.734872619,-0.642140933,-0.665213479,-0.701822842,-0.876320344,-0.432329774,0.460610843,-4.854352518,,,,,,,,
Mamadi Diakite,,2023-24,,,,27,6,0,4,0.7,1,0.667,0,,,0.7,1,0.667,0.2,0.5,0.7,0.3,0.2,0.2,0.2,0.3,2,Forward-Center,0.461914705,0.746856656,-1.18088682,-1.311214141,-1.018042131,-1.229622159,-0.569332845,-1.214270308,0.341487726,-0.557904206,1.165792596,-5.573992287,496,2TM,0.2,0,0.7,0.8,0.8,0.667
Serge Ibaka,201586,2020-21,0,1610612746,LAC,31,41,39,23.29268293,4.536585366,8.902439024,0.51,0.951219512,2.804878049,0.339,1.048780488,1.292682927,0.811,1.780487805,4.926829268,6.707317073,1.804878049,0.219512195,1.146341463,1.073170732,1.853658537,11.07317073,Forward,0.463962328,0.750030084,0.187497387,1.16461327,-0.227856946,-1.179471323,1.740306205,-0.164377938,0.762158832,0.127505797,0.114522237,2.52489752,,,,,,,,
Serge Ibaka,201586,2021-22,0,0,TOT,32,54,12,16.25925926,2.740740741,5.481481481,0.5,0.685185185,1.833333333,0.374,0.592592593,0.814814815,0.727,1.148148148,3.481481481,4.62962963,0.907407407,0.203703704,0.611111111,0.796296296,1.888888889,6.759259259,Forward,0.461949579,0.748109778,-0.46311181,0.308324937,-0.699103108,-1.220102786,0.434024097,-0.458008805,0.348652337,-0.287249833,0.447870432,-1.58870454,,,,,,,,
Serge Ibaka,201586,2022-23,0,1610612749,MIL,33,16,0,11.5625,1.625,3.375,0.481,0.375,1.125,0.333,0.5,0.8125,0.615,0.9375,1.8125,2.75,0.25,0.125,0.4375,0.6875,1.4375,4.125,Forward,0.460553907,0.746319841,-0.860401674,-0.466336781,-1.044296257,-1.422389435,0.010309172,-0.800370432,0.061920549,-0.673847545,0.578857783,-4.61655462,,,,,,,,
Seth Curry,203552,2020-21,0,1610612755,PHI,30,57,57,28.73684211,4.526315789,9.684210526,0.467,2.210526316,4.912280702,0.45,1.210526316,1.350877193,0.896,0.175438596,2.210526316,2.385964912,2.719298246,0.771929825,0.140350877,1.140350877,1.684210526,12.47368421,Guard,0.460493915,0.752335257,0.398717983,-0.61636849,0.252289131,0.240369239,-0.714912373,1.225560544,0.049595443,0.625386465,0.033639435,1.494277378,,,,,,,,
Seth Curry,203552,2021-22,0,0,TOT,31,64,64,33.34375,5.625,11.546875,0.487,2.46875,5.84375,0.422,1.28125,1.46875,0.872,0.328125,2.796875,3.125,3.59375,0.828125,0.21875,1.703125,2.3125,15,Guard,0.462672875,0.751979394,0.779728187,-0.311786044,0.711448477,0.384803784,-0.523571633,1.510570547,0.497248904,0.548525685,-0.643923077,2.95304483,,,,,,,,
Seth Curry,203552,2022-23,0,1610612751,BKN,32,61,7,19.85245902,3.409836066,7.360655738,0.463,1.540983607,3.803278689,0.405,0.836065574,0.901639344,0.927,0.213114754,1.426229508,1.639344262,1.62295082,0.590163934,0.114754098,0.836065574,1.573770492,9.196721311,Guard,0.460078866,0.751616443,-0.09550222,-0.924077214,-0.323383757,-0.226810972,-0.77738382,0.486564158,-0.035673617,0.470134052,0.39998946,-1.026143929,,,,,,,,
Seth Curry,203552,2023-24,0,0,TOT,33,44,4,13.97727273,1.818181818,4.636363636,0.392,0.863636364,2.454545455,0.352,0.636363636,0.704545455,0.903,0.409090909,1.136363636,1.545454545,1,0.5,0.136363636,0.477272727,0.886363636,5.136363636,Guard,0.456856852,0.750601226,-0.707871311,-0.96277248,-0.650484354,-0.458553052,-0.724643625,-0.261046349,-0.697615971,0.250863346,0.831964871,-3.380158928,,,,,,,,
Seth Curry,203552,2024-25,0,1610612766,CHA,34,68,14,15.61764706,2.411764706,5.044117647,0.478,1.220588235,2.676470588,0.456,0.485294118,0.573529412,0.846,0.352941176,1.308823529,1.661764706,0.882352941,0.397058824,0.102941176,0.470588235,0.867647059,6.529411765,Guard,0.460734732,0.749560012,-0.497776614,-0.914836958,-0.712258771,-0.723135587,-0.806214413,0.132933212,0.099069856,0.025977734,0.840012791,-2.55622875,,,,,,,,
Shaedon Sharpe,1631101,2022-23,0,1610612757,POR,20,80,15,22.2375,3.825,8.1,0.472,1.275,3.5375,0.36,0.9375,1.3125,0.714,0.7875,2.1625,2.95,1.175,0.475,0.3,1.0375,1.7,9.8625,Guard,0.460773221,0.74757251,0.004908218,-0.383909721,-0.55859491,-0.522808811,-0.325273048,0.192989273,0.106977113,-0.403290991,0.157468687,-1.731534191,,,,,,,,
Shaedon Sharpe,1631101,2023-24,0,1610612757,POR,21,32,25,33.09375,5.5,13.5625,0.406,1.875,5.625,0.333,3.0625,3.71875,0.824,1.3125,3.6875,5,2.9375,0.875,0.375,2.25,2.75,15.9375,Guard,0.45343102,0.753683573,0.921118692,0.46096764,0.366863062,0.505283332,-0.142228201,0.855229075,-1.401431529,0.916601191,-1.30234354,1.180059722,,,,,,,,
Shaedon Sharpe,1631101,2024-25,0,1610612757,POR,22,72,52,31.27777778,6.930555556,15.33333333,0.452,2.041666667,6.555555556,0.311,2.638888889,3.361111111,0.785,0.944444444,3.555555556,4.5,2.75,0.861111111,0.222222222,2.083333333,1.666666667,18.54166667,Guard,0.458818369,0.750755763,1.313870096,0.254899991,0.268410086,0.469585688,-0.515097335,1.039184577,-0.294634887,0.284240761,-1.101682065,1.71877691,,,,,,,,
Shai Gilgeous-Alexander,1628983,2020-21,0,1610612760,OKC,22,35,35,33.71428571,8.2,16.14285714,0.508,2.028571429,4.857142857,0.418,5.285714286,6.542857143,0.808,0.542857143,4.2,4.742857143,5.914285714,0.771428571,0.657142857,3.028571429,2,23.71428571,Guard,0.466554362,0.755344179,2.093986597,0.354989992,1.929921257,0.239080901,0.546369082,1.02473093,1.294675858,1.275265639,-2.239719285,6.51930097,,,,,,,,
Shai Gilgeous-Alexander,1628983,2021-22,0,1610612760,OKC,23,56,56,34.67857143,8.517857143,18.78571429,0.453,1.589285714,5.303571429,0.3,5.857142857,7.232142857,0.81,0.660714286,4.303571429,4.964285714,5.910714286,1.267857143,0.821428571,2.75,2.535714286,24.48214286,Guard,0.458778348,0.756231079,2.209792154,0.446248522,1.928045963,1.515016686,0.947324462,0.539876788,-0.302856894,1.466821923,-1.904327963,6.845941641,,,,,,,,
Shai Gilgeous-Alexander,1628983,2022-23,0,1610612760,OKC,24,68,68,35.52941176,10.35294118,20.30882353,0.51,0.852941176,2.470588235,0.345,9.838235294,10.86764706,0.905,0.867647059,3.970588235,4.838235294,5.455882353,1.647058824,0.955882353,2.823529412,2.823529412,31.39705882,Guard,0.468327123,0.776404417,3.252675847,0.394298694,1.689221657,2.489652358,1.275472089,-0.272850981,1.658878343,5.823941535,-1.992855084,14.31843446,,,,,,,,
Shai Gilgeous-Alexander,1628983,2023-24,0,1610612760,OKC,25,75,75,34.04,10.61333333,19.82666667,0.535,1.266666667,3.586666667,0.353,7.56,8.653333333,0.874,0.866666667,4.666666667,5.533333333,6.2,2,0.893333333,2.16,2.453333333,30.05333333,Guard,0.472295971,0.766976065,3.050019819,0.680773132,2.07994484,3.396792482,1.122815078,0.183791498,2.474252943,3.787567605,-1.193986344,15.58197105,,,,,,,,
Shai Gilgeous-Alexander,1628983,2024-25,0,1610612760,OKC,26,76,76,34.18421053,11.31578947,21.78947368,0.519,2.144736842,5.723684211,0.375,7.907894737,8.802631579,0.898,0.881578947,4.105263158,4.986842105,6.394736842,1.723684211,1.013157895,2.407894737,2.157894737,32.68421053,Guard,0.470443958,0.770840545,3.446799613,0.455544807,2.182197755,2.686597254,1.41525866,1.152946531,2.093768653,4.622233907,-1.492443884,16.56290329,,,,,,,,
Shake Milton,1629003,2020-21,0,1610612755,PHI,24,63,4,23.19047619,4.761904762,10.58730159,0.45,1.126984127,3.222222222,0.35,2.317460317,2.793650794,0.83,0.523809524,1.825396825,2.349206349,3.063492063,0.619047619,0.285714286,1.634920635,2.063492063,12.96825397,Guard,0.458919516,0.752768922,0.473307282,-0.631517991,0.433019294,-0.152573248,-0.360138733,0.029619268,-0.273854847,0.719051144,-0.561807146,-0.324894976,,,,,,,,
Shake Milton,1629003,2021-22,0,1610612755,PHI,25,55,6,21.43636364,3.145454545,7.327272727,0.429,0.781818182,2.418181818,0.323,1.109090909,1.327272727,0.836,0.545454545,2.036363636,2.581818182,2.527272727,0.509090909,0.309090909,0.8,1.8,8.181818182,Guard,0.457756765,0.750717648,-0.248566397,-0.535650444,0.151459884,-0.435187322,-0.303085794,-0.351351777,-0.512734575,0.276008543,0.443411288,-1.515696594,,,,,,,,
Shake Milton,1629003,2022-23,0,1610612755,PHI,26,76,11,20.61842105,3.171052632,6.618421053,0.479,0.736842105,1.947368421,0.378,1.302631579,1.526315789,0.853,0.513157895,2,2.513157895,3.157894737,0.328947368,0.171052632,1.236842105,1.618421053,8.381578947,Guard,0.461051743,0.751550663,-0.21843917,-0.563947772,0.482588489,-0.898197719,-0.639981732,-0.400993358,0.164197713,0.45592666,-0.082532997,-1.701379886,,,,,,,,
Shake Milton,1629003,2023-24,0,0,TOT,27,48,0,12.10416667,1.645833333,4.0625,0.405,0.375,1.333333333,0.281,0.833333333,1.020833333,0.816,0.291666667,1.270833333,1.5625,1.25,0.395833333,0.125,0.645833333,1.125,4.5,Guard,0.45772202,0.749805265,-0.803845472,-0.955747447,-0.51921372,-0.726285382,-0.752377692,-0.800370432,-0.519872806,0.078948358,0.629023152,-4.36974144,,,,,,,,
Shake Milton,1629003,2024-25,0,0,TOT,28,57,2,14.66666667,2.01754386,4.456140351,0.453,0.666666667,1.859649123,0.358,0.824561404,1.035087719,0.797,0.543859649,1.280701754,1.824561404,1.789473684,0.438596491,0.070175439,0.701754386,1.175438596,5.526315789,Guard,0.459571037,0.749438397,-0.649060077,-0.847742692,-0.235945509,-0.616374215,-0.886182404,-0.478448305,-0.14000391,-0.00028912,0.561695946,-3.292350286,,,,,,,,
Spencer Dinwiddie,203915,2021-22,0,0,TOT,29,67,51,29.56716418,4.567164179,10.97014925,0.416,1.671641791,4.925373134,0.339,2.910447761,3.76119403,0.774,0.671641791,3.492537313,4.164179104,5.164179104,0.656716418,0.194029851,1.552238806,2.23880597,13.71641791,Guard,0.455527614,0.750241031,0.586142778,0.116496346,1.536053375,-0.055755757,-0.583903578,0.630775908,-0.970699626,0.173066877,-0.4622608,0.969915523,,,,,,,,
Spencer Dinwiddie,203915,2022-23,0,0,TOT,30,79,79,34.49367089,5.82278481,13.29113924,0.438,2.291139241,6.202531646,0.369,3.392405063,4.17721519,0.812,0.35443038,3.063291139,3.417721519,6.518987342,0.848101266,0.303797468,1.835443038,2.367088608,17.32911392,Guard,0.457298819,0.75335338,1.130997087,-0.191145173,2.247439523,0.436147389,-0.316004955,1.31453569,-0.606816733,0.845284719,-0.803229872,4.057207674,,,,,,,,
Spencer Dinwiddie,203915,2023-24,0,0,TOT,31,76,52,28.31578947,3.302631579,8.421052632,0.392,1.631578947,4.842105263,0.337,2.223684211,2.763157895,0.805,0.394736842,2.302631579,2.697368421,4.684210526,0.671052632,0.289473684,1.197368421,1.815789474,10.46052632,Guard,0.454592873,0.751415062,0.095100478,-0.488028112,1.284030257,-0.018908385,-0.350963554,0.586557225,-1.162736147,0.426638878,-0.035007912,0.336682729,,,,,,,,
Spencer Dinwiddie,203915,2024-25,0,1610612742,DAL,32,79,30,27.03797468,3.594936709,8.632911392,0.416,1.379746835,4.126582278,0.334,2.46835443,3.075949367,0.802,0.227848101,2.417721519,2.64556962,4.417721519,0.886075949,0.215189873,1.291139241,1.53164557,11.03797468,Guard,0.45637805,0.751556992,0.182189241,-0.509376226,1.144101533,0.533751072,-0.532260472,0.308601812,-0.795982764,0.457293473,-0.147905058,0.64041261,,,,,,,,
Stanley Johnson,1626169,2021-22,0,1610612747,LAL,26,48,27,22.79166667,2.4375,5.229166667,0.466,0.6875,2.1875,0.314,1.104166667,1.541666667,0.716,0.708333333,2.520833333,3.229166667,1.666666667,0.895833333,0.291666667,0.729166667,2.270833333,6.666666667,Guard-Forward,0.460168776,0.747483061,-0.477076305,-0.268855283,-0.300429329,0.558829797,-0.345611364,-0.455453868,-0.017202215,-0.422610619,0.528692414,-1.199716772,,,,,,,,
Stanley Johnson,1626169,2022-23,0,1610612759,SAS,27,30,0,15.66666667,2.166666667,4.066666667,0.533,0.6,1.333333333,0.45,0.866666667,1.3,0.667,0.733333333,2.433333333,3.166666667,2.233333333,0.533333333,0.2,1.1,1.6,5.8,Guard-Forward,0.462721831,0.746389658,-0.607783972,-0.29461374,-0.002882559,-0.372878708,-0.569332845,-0.552030506,0.507306628,-0.658768332,0.082220634,-2.468763398,,,,,,,,
Stephen Curry,201939,2020-21,0,1610612744,GSW,33,63,63,34.15873016,10.44444444,21.66666667,0.482,5.349206349,12.71428571,0.421,5.746031746,6.26984127,0.916,0.46031746,5.015873016,5.476190476,5.761904762,1.222222222,0.126984127,3.380952381,1.888888889,31.98412698,Guard,0.463805906,0.767122549,3.341215435,0.657222543,1.84990868,1.397724427,-0.747535236,4.689825288,0.730022939,3.81920582,-2.663974973,13.07361492,,,,,,,,
Stephen Curry,201939,2021-22,0,1610612744,GSW,34,64,64,34.546875,8.359375,19.125,0.437,4.453125,11.71875,0.38,4.296875,4.65625,0.923,0.53125,4.703125,5.234375,6.3125,1.328125,0.359375,3.21875,2.03125,25.46875,Guard,0.45619316,0.763323649,2.358588829,0.55756185,2.139016625,1.669918962,-0.180362544,3.700790728,-0.833967349,2.998704025,-2.46868836,9.941562767,,,,,,,,
Stephen Curry,201939,2022-23,0,1610612744,GSW,35,56,56,34.66071429,9.982142857,20.23214286,0.493,4.875,11.41071429,0.427,4.589285714,5.017857143,0.915,0.696428571,5.392857143,6.089285714,6.285714286,0.928571429,0.357142857,3.196428571,2.089285714,29.42857143,Guard,0.465439859,0.763643495,2.955795392,0.909900732,2.124951914,0.642974245,-0.185810308,4.16642809,1.065708283,3.067785707,-2.441814055,12.30592,,,,,,,,
Stephen Curry,201939,2023-24,0,1610612744,GSW,36,74,74,32.72972973,8.783783784,19.52702703,0.45,4.824324324,11.83783784,0.408,4.040540541,4.378378378,0.923,0.5,3.959459459,4.459459459,5.121621622,0.72972973,0.378378378,2.837837838,1.581081081,26.43243243,Guard,0.458252403,0.762507708,2.503928077,0.238191803,1.513707185,0.131905274,-0.133982938,4.110495673,-0.41090896,2.822473854,-2.010081984,8.765727985,,,,,,,,
Stephen Curry,201939,2024-25,0,1610612744,GSW,37,70,70,32.17142857,8.057142857,17.97142857,0.448,4.442857143,11.2,0.397,3.985714286,4.271428571,0.933,0.571428571,3.857142857,4.428571429,6.014285714,1.142857143,0.428571429,2.857142857,1.357142857,24.54285714,Guard,0.458056547,0.762978484,2.218948872,0.225461755,1.982429511,1.193737892,-0.01148188,3.689457756,-0.451146367,2.924153891,-2.033324625,9.738236805,,,,,,,,
Sterling Brown,1628425,2020-21,0,1610612745,HOU,26,51,14,24.09803922,2.941176471,6.568627451,0.448,1.784313725,4.215686275,0.423,0.490196078,0.607843137,0.806,0.745098039,3.647058824,4.392156863,1.411764706,0.745098039,0.235294118,0.803921569,1.901960784,8.156862745,Guard-Forward,0.459132593,0.749144968,-0.25233009,0.210454027,-0.434273898,0.171405368,-0.483194092,0.755135641,-0.230079435,-0.06366528,0.438689841,0.112142083,,,,,,,,
Sterling Brown,1628425,2021-22,0,1610612742,DAL,27,49,3,12.81632653,1.204081633,3.163265306,0.381,0.571428571,1.87755102,0.304,0.285714286,0.306122449,0.933,0.530612245,2.510204082,3.040816327,0.693877551,0.285714286,0.142857143,0.469387755,1.142857143,3.265306122,Guard-Forward,0.457445672,0.749576788,-0.99005773,-0.346481107,-0.811223907,-1.009316699,-0.708795585,-0.583565735,-0.576646621,0.029601054,0.841458131,-4.155028198,,,,,,,,
Jordan Ford,,2023-24,,,,25,6,0,3.7,0.7,1.2,0.571,0.3,,,0.3,0.3,1,0,0.3,0.3,0.3,0,0,0.2,0,2,Guard,0.461181672,0.749954064,-1.18088682,-1.47606826,-1.018042131,-1.74366823,-1.057452438,-0.883150407,0.190890745,0.111086737,1.165792596,-5.891498208,499,SAC,0.5,0.667,0.3,0.7,0.5,0.714
Steven Adams,203500,2020-21,0,1610612740,NOP,27,58,58,27.67241379,3.25862069,5.310344828,0.614,0,0.051724138,0,1.034482759,2.327586207,0.444,3.672413793,5.189655172,8.862068966,1.913793103,0.931034483,0.655172414,1.344827586,1.948275862,7.551724138,Center,0.467636271,0.734911363,-0.343595,2.052662583,-0.170667553,0.649304861,0.541560023,-1.214270308,1.516947114,-3.137897079,-0.212544152,-0.318499512,,,,,,,,
Steven Adams,203500,2021-22,0,1610612763,MEM,28,76,75,26.30263158,2.763157895,5.052631579,0.547,0,0.013157895,0,1.421052632,2.618421053,0.543,4.592105263,5.407894737,10,3.368421053,0.855263158,0.789473684,1.513157895,2.013157895,6.947368421,Center,0.464054769,0.738229907,-0.434741837,2.521644129,0.593132182,0.454555101,0.86933543,-1.214270308,0.781150295,-2.421144533,-0.4152086,0.734451857,,,,,,,,
Steven Adams,203500,2022-23,0,1610612763,MEM,29,42,42,26.97619048,3.738095238,6.261904762,0.597,0,0.023809524,0,1.119047619,3.071428571,0.364,5.095238095,6.452380952,11.54761905,2.30952381,0.857142857,1.095238095,1.880952381,2.333333333,8.595238095,Center,0.467945144,0.726204108,-0.186215837,3.159472567,0.03712373,0.459386361,1.615583429,-1.214270308,1.580403202,-5.018525534,-0.858021703,-0.425064093,,,,,,,,
Steven Adams,203500,2024-25,0,1610612745,HOU,31,58,3,13.68965517,1.568965517,2.879310345,0.545,0,0.034482759,0,0.74137931,1.603448276,0.462,2.862068966,2.775862069,5.637931034,1.137931034,0.379310345,0.482758621,0.931034483,1.034482759,3.879310345,Center,0.46224658,0.739552953,-0.897455738,0.723881536,-0.578059177,-0.768753267,0.120767271,-1.214270308,0.409669307,-2.135387696,0.285649853,-4.05395822,,,,,,,,
Svi Mykhailiuk,1629004,2020-21,0,0,TOT,24,66,14,20.06060606,3.151515152,7.666666667,0.411,1.590909091,4.757575758,0.334,0.575757576,0.757575758,0.76,0.363636364,2.106060606,2.46969697,1.666666667,0.772727273,0.181818182,1.333333333,0.954545455,8.46969697,Guard-Forward,0.456384382,0.74862612,-0.205149515,-0.581859553,-0.300429329,0.242418864,-0.613707353,0.541668563,-0.794681896,-0.175728035,-0.19870543,-2.086173683,,,,,,,,
Svi Mykhailiuk,1629004,2021-22,0,1610612761,TOR,25,56,5,12.78571429,1.625,4.178571429,0.389,0.732142857,2.392857143,0.306,0.571428571,0.660714286,0.865,0.357142857,1.285714286,1.642857143,0.803571429,0.464285714,0.071428571,0.571428571,0.964285714,4.553571429,Guard-Forward,0.457021524,0.749973778,-0.795766015,-0.922629432,-0.753625567,-0.550346994,-0.883124013,-0.406180073,-0.663785245,0.115344593,0.718604168,-4.141508578,,,,,,,,
Svi Mykhailiuk,1629004,2022-23,0,0,TOT,26,32,8,14.625,2.40625,5.40625,0.445,1.3125,3.09375,0.424,0.8125,1.21875,0.667,0.46875,1.1875,1.65625,1.65625,0.46875,0.125,0.75,0.71875,6.9375,Guard-Forward,0.45910149,0.746515596,-0.436230159,-0.917109763,-0.305898939,-0.538872751,-0.752377692,0.23437926,-0.236469396,-0.631567634,0.50360973,-3.080537342,,,,,,,,
Svi Mykhailiuk,1629004,2023-24,0,1610612738,BOS,27,41,2,10.07317073,1.390243902,3.341463415,0.416,1.024390244,2.634146341,0.389,0.146341463,0.219512195,0.667,0.268292683,0.975609756,1.243902439,0.853658537,0.268292683,0.024390244,0.292682927,0.463414634,3.951219512,Guard-Forward,0.458445549,0.74809775,-0.886610646,-1.087052747,-0.727325701,-1.054094232,-0.997925658,-0.083616986,-0.37122825,-0.289847627,1.054205239,-4.443496609,,,,,,,,
Svi Mykhailiuk,1629004,2024-25,0,1610612762,UTA,28,38,13,20,3.105263158,7.947368421,0.391,1.842105263,5.342105263,0.345,0.736842105,0.921052632,0.8,0.578947368,1.789473684,2.368421053,2,0.5,0.184210526,1.368421053,1.131578947,8.789473684,Guard-Forward,0.454793914,0.749386149,-0.156921897,-0.623598933,-0.125401817,-0.458553052,-0.607868603,0.818922069,-1.121433472,-0.0115739,-0.240949952,-2.527379558,,,,,,,,
T.J. McConnell,204456,2020-21,0,1610612754,IND,29,69,3,26.02898551,3.971014493,7.101449275,0.559,0.217391304,0.695652174,0.313,0.47826087,0.695652174,0.688,0.797101449,2.913043478,3.710144928,6.608695652,1.855072464,0.333333333,1.956521739,1.637681159,8.637681159,Guard,0.466437155,0.747624234,-0.179814721,-0.070627165,2.29454379,3.02429533,-0.243919783,-0.974328351,1.27059649,-0.392119467,-0.949004856,3.779621266,,,,,,,,
T.J. McConnell,204456,2021-22,0,1610612754,IND,30,27,8,24.14814815,3.703703704,7.703703704,0.481,0.37037037,1.222222222,0.303,0.703703704,0.851851852,0.826,0.740740741,2.592592593,3.333333333,4.851851852,1.074074074,0.37037037,1.074074074,1.962962963,8.481481481,Guard,0.461375653,0.749752815,-0.203372215,-0.225924524,1.372055789,1.01694956,-0.153527266,-0.805480307,0.23074303,0.067620052,0.113434641,1.41249876,,,,,,,,
T.J. McConnell,204456,2022-23,0,1610612754,IND,31,75,6,20.34666667,3.773333333,6.946666667,0.543,0.346666667,0.786666667,0.441,0.773333333,0.906666667,0.853,0.6,2.52,3.12,5.293333333,1.08,0.133333333,1.906666667,1.4,8.666666667,Guard,0.465263918,0.750315796,-0.175443227,-0.31384672,1.603870006,1.032180555,-0.732039377,-0.831642866,1.029562394,0.189214934,-0.888980903,0.912874796,,,,,,,,
T.J. McConnell,204456,2023-24,0,1610612754,IND,32,71,4,18.18309859,4.647887324,8.352112676,0.556,0.253521127,0.61971831,0.409,0.690140845,0.873239437,0.79,0.507042254,2.183098592,2.690140845,5.492957746,1.014084507,0.112676056,1.521126761,1.112676056,10.23943662,Guard,0.467274321,0.74916693,0.061756494,-0.491006851,1.708689299,0.862762554,-0.782455485,-0.934450673,1.44258678,-0.058921812,-0.424802867,1.384157438,,,,,,,,
T.J. McConnell,204456,2024-25,0,1610612754,IND,33,79,1,17.91139241,4.101265823,7.898734177,0.519,0.189873418,0.620253165,0.306,0.721518987,0.974683544,0.74,0.556962025,1.886075949,2.443037975,4.443037975,1.050632911,0.265822785,1.379746835,1,9.113924051,Guard,0.464192918,0.748292145,-0.107989416,-0.592846666,1.157394762,0.956700371,-0.40868589,-1.00470075,0.809532091,-0.247861497,-0.25458584,0.306957164,,,,,,,,
Pat Spencer,,2023-24,,,,27,6,0,4.3,0.3,0.7,0.5,0,,,0,0,,0.3,0.3,0.7,0.8,0,0,0.2,0.2,0.7,Guard,0.460142852,,-1.37694832,-1.311214141,-0.755500862,-1.74366823,-1.057452438,-1.214270308,-0.022528213,,1.165792596,-6.315789917,556,GSW,0.3,0,0.3,0.3,1,0.5
T.J. Warren,203933,2022-23,0,0,TOT,29,42,0,16.35714286,3.142857143,6.428571429,0.489,0.523809524,1.595238095,0.328,0.666666667,0.833333333,0.8,0.619047619,2.261904762,2.880952381,0.952380952,0.523809524,0.285714286,0.476190476,1.547619048,7.476190476,Forward,0.461623753,0.749298809,-0.354986725,-0.412366682,-0.675488285,-0.397357091,-0.360138733,-0.636124449,0.281713611,-0.030438068,0.833267867,-1.751918555,,,,,,,,
Usman Garuba,,2023-24,,,,21,6,0,3,0.2,1,0.167,0,,,0.2,0.3,0.5,0.5,0.7,1.2,0.2,0.2,0.5,0.3,0.3,0.5,Forward-Center,0.45696421,0.746971957,-1.407111628,-1.105146492,-1.070550384,-1.229622159,0.162846545,-1.214270308,-0.675560071,-0.533000946,1.045395711,-6.027019733,559,GSW,0.2,0,0.2,0.8,0.2,0.167
Taj Gibson,201959,2020-21,0,1610612752,NYK,36,45,3,20.8,2.2,3.511111111,0.627,0.066666667,0.333333333,0.2,0.888888889,1.222222222,0.727,2.2,3.355555556,5.555555556,0.8,0.688888889,1.088888889,0.488888889,2.2,5.355555556,Forward,0.465533133,0.747941876,-0.674813544,0.689931694,-0.755500862,0.026934905,1.60008757,-1.140688108,1.084870833,-0.323513848,0.817979373,1.325288013,,,,,,,,
Taj Gibson,201959,2021-22,0,1610612752,NYK,37,52,4,18.19230769,1.653846154,3.192307692,0.518,0.288461538,0.730769231,0.395,0.807692308,1,0.808,1.692307692,2.711538462,4.403846154,0.615384615,0.423076923,0.769230769,0.519230769,2.634615385,4.403846154,Forward,0.461662324,0.749621362,-0.818347063,0.215271597,-0.852439177,-0.656263079,0.819930612,-0.895885788,0.289637655,0.039228223,0.781448695,-1.077418325,,,,,,,,
Taj Gibson,201959,2022-23,0,1610612764,WAS,38,49,2,9.795918367,1.326530612,2.551020408,0.52,0.163265306,0.489795918,0.333,0.612244898,0.857142857,0.714,0.653061224,1.244897959,1.897959184,0.693877551,0.306122449,0.244897959,0.530612245,1.714285714,3.428571429,Forward,0.461359776,0.747873107,-0.965434621,-0.817492876,-0.811223907,-0.956863019,-0.459754977,-1.034069002,0.227481111,-0.338366922,0.767745753,-4.387978459,,,,,,,,
Taj Gibson,201959,2023-24,0,0,TOT,39,20,1,10.2,0.75,1.85,0.405,0.1,0.5,0.2,0.1,0.1,1,0.6,1.25,1.85,0.55,0.15,0.35,0.25,1.55,1.7,Forward,0.458867307,0.748955877,-1.226131781,-0.837258549,-0.886771496,-1.358133677,-0.20324315,-1.103897008,-0.284580883,-0.104505833,1.105594154,-4.898928223,,,,,,,,
Taj Gibson,201959,2024-25,0,1610612766,CHA,40,37,11,11.05405405,1.27027027,2.567567568,0.495,0.027027027,0.054054054,0.5,0.324324324,0.540540541,0.6,1.378378378,1.864864865,3.243243243,0.567567568,0.243243243,0.486486486,0.675675676,1.459459459,2.891891892,Forward,0.460743413,0.746866048,-1.046374771,-0.26305383,-0.877547073,-1.118477063,0.12986549,-1.184439687,0.100853231,-0.555875671,0.593093901,-4.221955473,,,,,,,,
Talen Horton-Tucker,1629659,2020-21,0,1610612747,LAL,20,65,4,20.06153846,3.446153846,7.523076923,0.458,0.569230769,2.015384615,0.282,1.538461538,1.984615385,0.775,0.384615385,2.215384615,2.6,2.784615385,0.969230769,0.323076923,1.615384615,1.953846154,9,Guard,0.459733444,0.749467243,-0.125171047,-0.528157075,0.28658602,0.747478115,-0.268951557,-0.585991521,-0.106638556,0.005941035,-0.538286387,-1.113190973,,,,,,,,
Talen Horton-Tucker,1629659,2021-22,0,1610612747,LAL,21,60,19,25.18333333,3.733333333,8.966666667,0.416,0.816666667,3.033333333,0.269,1.666666667,2.083333333,0.8,0.616666667,2.6,3.216666667,2.65,0.983333333,0.483333333,1.366666667,2.466666667,9.95,Guard,0.456254376,0.750515637,0.018104665,-0.274006975,0.215901832,0.783724953,0.122169912,-0.312888354,-0.821390885,0.232377523,-0.238837726,-0.274845055,,,,,,,,
Talen Horton-Tucker,1629659,2022-23,0,1610612762,UTA,22,65,20,20.2,3.953846154,9.430769231,0.419,0.892307692,3.123076923,0.286,1.938461538,2.584615385,0.75,0.630769231,2.6,3.230769231,3.784615385,0.630769231,0.446153846,1.938461538,1.661538462,10.73846154,Guard,0.456342196,0.748529788,0.137017706,-0.26819481,0.811668557,-0.122446005,0.031429731,-0.229400858,-0.803348939,-0.196534393,-0.927260937,-1.567069948,,,,,,,,
Talen Horton-Tucker,1629659,2023-24,0,1610612762,UTA,23,51,11,19.78431373,3.607843137,9.117647059,0.396,1.176470588,3.568627451,0.33,1.725490196,2.137254902,0.807,0.411764706,1.960784314,2.37254902,3.470588235,0.882352941,0.37254902,1.274509804,1.843137255,10.11764706,Guard,0.454527519,0.750853765,0.043388614,-0.621897653,0.646778385,0.524182084,-0.148210057,0.084239109,-1.17616268,0.305407756,-0.127883734,-0.470158176,,,,,,,,
Talen Horton-Tucker,1629659,2024-25,0,1610612741,CHI,24,58,0,12.48275862,2.293103448,5.017241379,0.457,0.706896552,2.103448276,0.336,1.24137931,1.689655172,0.735,0.327586207,1.396551724,1.724137931,1.431034483,0.362068966,0.189655172,0.689655172,1.017241379,6.534482759,Guard,0.45972703,0.748014005,-0.497011824,-0.88913075,-0.424155674,-0.813067583,-0.594580411,-0.434045253,-0.107956147,-0.307935153,0.576263023,-3.491619772,,,,,,,,
Tari Eason,1631106,2022-23,0,1610612745,HOU,22,82,5,21.54878049,3.609756098,8.048780488,0.448,0.719512195,2.097560976,0.343,1.329268293,1.768292683,0.752,2.37804878,3.670731707,6.048780488,1.073170732,1.170731707,0.573170732,1.231707317,2.304878049,9.268292683,Forward,0.458980089,0.74857492,-0.084708073,0.893207098,-0.612063681,1.265381942,0.341426885,-0.420120952,-0.261410548,-0.186786554,-0.076350873,0.858575246,,,,,,,,
Tari Eason,1631106,2023-24,0,1610612745,HOU,23,22,0,21.81818182,4,8.590909091,0.466,0.818181818,2.272727273,0.36,0.954545455,1.5,0.636,2.090909091,4.863636364,6.954545455,1.227272727,1.409090909,0.863636364,0.909090909,2.318181818,9.772727273,Forward,0.460349298,0.745178436,-0.008630994,1.266504813,-0.531147414,1.878019999,1.050336716,-0.311216032,0.019884931,-0.920372983,0.312069232,2.755448267,,,,,,,,
Tari Eason,1631106,2024-25,0,1610612745,HOU,24,57,16,24.9122807,4.771929825,9.807017544,0.487,1.105263158,3.228070175,0.342,1.385964912,1.824561404,0.76,2.245614035,4.105263158,6.350877193,1.456140351,1.701754386,0.877192982,1.140350877,2.385964912,12.03508772,Forward,0.462287419,0.748860291,0.332570378,1.017711814,-0.410973022,2.630232552,1.08342297,0.005645118,0.418059495,-0.125151009,0.033639435,4.985157732,,,,,,,,
Taurean Prince,1627752,2020-21,0,0,TOT,27,41,10,22.07317073,3.195121951,7.975609756,0.401,1.512195122,3.780487805,0.4,1.585365854,1.853658537,0.855,0.463414634,3,3.463414634,1.853658537,0.682926829,0.56097561,1.146341463,1.829268293,9.487804878,Forward,0.455515878,0.75226259,-0.051602004,-0.172313428,-0.202243164,0.011611037,0.311663495,0.454789357,-0.973110608,0.60969156,0.026426956,0.014913202,,,,,,,,
Taurean Prince,1627752,2021-22,0,1610612750,MIN,28,69,8,17.05797101,2.565217391,5.652173913,0.454,1.246376812,3.31884058,0.376,0.898550725,1.188405797,0.756,0.376811594,2.144927536,2.52173913,0.985507246,0.68115942,0.333333333,0.768115942,1.68115942,7.275362319,Forward,0.459550148,0.748628984,-0.385274933,-0.560411142,-0.658094246,0.007068389,-0.243919783,0.161396915,-0.144295498,-0.175109531,0.4817987,-1.51684113,,,,,,,,
Taurean Prince,1627752,2022-23,0,1610612750,MIN,29,54,4,22.09259259,3.277777778,7.018518519,0.467,1.37037037,3.592592593,0.381,1.203703704,1.425925926,0.844,0.277777778,2.166666667,2.444444444,1.555555556,0.518518519,0.277777778,1.277777778,2.277777778,9.12962963,Forward,0.460331857,0.751103072,-0.105620755,-0.592267011,-0.358771833,-0.410956192,-0.379508558,0.298252698,0.016301632,0.35925398,-0.131818272,-1.305134312,,,,,,,,
Taurean Prince,1627752,2023-24,0,1610612747,LAL,30,78,49,27.02564103,3.243589744,7.333333333,0.442,1.807692308,4.564102564,0.396,0.641025641,0.871794872,0.735,0.269230769,2.679487179,2.948717949,1.525641026,0.743589744,0.448717949,0.935897436,1.871794872,8.935897436,Forward,0.45864334,0.74822323,-0.134838774,-0.384438099,-0.374479431,0.167528703,0.037687676,0.780939354,-0.330593367,-0.262745941,0.279795009,-0.221144871,,,,,,,,
Taurean Prince,1627752,2024-25,0,1610612749,MIL,31,80,73,27.075,2.9375,6.425,0.457,1.8375,4.1875,0.439,0.4875,0.6,0.813,0.425,3.1625,3.5875,1.9375,0.95,0.1875,1.025,2.0625,8.2,Forward,0.459690958,0.749219159,-0.245824278,-0.121173469,-0.158219476,0.698050608,-0.599840319,0.813839088,-0.115366983,-0.047641148,0.172518297,0.396342321,,,,,,,,
Terance Mann,1629611,2020-21,0,1610612746,LAC,24,67,10,18.85074627,2.656716418,5.223880597,0.509,0.567164179,1.358208955,0.418,1.164179104,1.402985075,0.83,0.835820896,2.776119403,3.611940299,1.552238806,0.432835821,0.194029851,0.597014925,1.880597015,7.044776119,Guard-Forward,0.462303235,0.750679498,-0.420051146,-0.111100759,-0.360513401,-0.631180464,-0.583903578,-0.588272485,0.421308809,0.267768921,0.687798995,-1.318145107,,,,,,,,
Terance Mann,1629611,2021-22,0,1610612746,LAC,25,81,33,28.60493827,4.12345679,8.518518519,0.484,0.938271605,2.567901235,0.365,1.580246914,2.024691358,0.78,1.283950617,3.962962963,5.24691358,2.580246914,0.679012346,0.259259259,1.037037037,2.197530864,10.7654321,Guard-Forward,0.461758498,0.749681501,0.141085312,0.562729441,0.179275705,0.001549914,-0.424704818,-0.178668971,0.309396091,0.052217352,0.15802608,0.800906106,,,,,,,,
Terance Mann,1629611,2022-23,0,1610612746,LAC,26,81,36,23.11111111,3.358024691,6.469135802,0.519,0.950617284,2.444444444,0.389,1.135802469,1.456790123,0.78,0.950617284,2.456790123,3.407407407,2.271604938,0.518518519,0.271604938,0.987654321,1.839506173,8.802469136,Guard-Forward,0.463457004,0.749346892,-0.154961968,-0.195395983,0.017213193,-0.410956192,-0.394573979,-0.165042637,0.658343251,-0.020052895,0.217481332,-0.447945879,,,,,,,,
Terance Mann,1629611,2023-24,0,1610612746,LAC,27,75,71,24.97333333,3.386666667,6.573333333,0.515,0.946666667,2.72,0.348,1.053333333,1.266666667,0.832,1.16,2.226666667,3.386666667,1.586666667,0.573333333,0.2,0.64,1.933333333,8.773333333,Guard-Forward,0.463264593,0.750518,-0.159356129,-0.203943974,-0.342435932,-0.270069493,-0.569332845,-0.169403064,0.618813616,0.232887728,0.636046303,-0.22679379,,,,,,,,
Terance Mann,1629611,2024-25,0,0,TOT,28,67,13,21.10447761,3.059701493,6.164179104,0.496,0.895522388,2.432835821,0.368,0.701492537,1.014925373,0.691,1.014925373,1.955223881,2.970149254,1.805970149,0.701492537,0.223880597,0.701492537,1.910447761,7.71641791,Guard-Forward,0.461962014,0.747310764,-0.318756455,-0.375605502,-0.227283504,0.059329183,-0.511049908,-0.225852692,0.351207154,-0.459823973,0.562011205,-1.145824493,,,,,,,,
Terence Davis,1629056,2020-21,0,0,TOT,24,61,4,17.60655738,3.196721311,7.475409836,0.428,1.606557377,4.37704918,0.367,0.737704918,0.901639344,0.818,0.327868852,2.196721311,2.524590164,1.360655738,0.721311475,0.229508197,1.032786885,1.590163934,8.737704918,Guard,0.457647574,0.749685686,-0.164729483,-0.55923613,-0.461110324,0.110268419,-0.497315199,0.558940093,-0.535167186,0.053121331,0.16314313,-1.33208535,,,,,,,,
Terence Davis,1629056,2021-22,0,1610612758,SAC,25,30,11,17.86666667,3.766666667,8.9,0.423,1.633333333,4.966666667,0.329,1.2,1.466666667,0.818,0.366666667,2.766666667,3.133333333,1.333333333,0.833333333,0.366666667,1.1,2.333333333,10.36666667,Guard,0.456851104,0.750435676,0.08094489,-0.308351583,-0.475456842,0.398190399,-0.162566516,0.588493599,-0.698797006,0.215107092,0.082220634,-0.280215334,,,,,,,,
Terence Davis,1629056,2022-23,0,1610612758,SAC,26,64,5,13.140625,2.40625,5.6875,0.423,1.390625,3.796875,0.366,0.53125,0.671875,0.791,0.3125,1.859375,2.171875,1.046875,0.671875,0.1875,0.828125,1.625,6.734375,Guard,0.457880049,0.749017923,-0.466864768,-0.7046025,-0.62587111,-0.016794709,-0.599840319,0.320608401,-0.487406696,-0.091104904,0.409549664,-2.262326941,,,,,,,,
Daeqwon Plowden,,2024-25,,,,26,6,0,12,2.7,4.2,0.64,1.5,,,0.3,0.3,1,0.7,1.2,1.8,0.3,0,0,0.7,1.7,7.2,Guard,0.467124618,0.749954064,-0.396640817,-0.857865313,-1.018042131,-1.74366823,-1.057452438,0.441329199,1.411831315,0.111086737,0.563808173,-2.545613505,289,ATL,2.8,0.529,1.2,1.3,0.875,0.82
Terrence Ross,203082,2020-21,0,1610612753,ORL,30,46,2,29.2826087,5.52173913,13.39130435,0.412,1.934782609,5.739130435,0.337,2.608695652,3,0.87,0.326086957,3.108695652,3.434782609,2.347826087,1.02173913,0.456521739,1.608695652,1.913043478,15.58695652,Guard-Forward,0.454211219,0.755333763,0.868250937,-0.184113696,0.057235587,0.882436698,0.05673359,0.921213114,-1.241144544,1.273015936,-0.530233083,2.103394539,,,,,,,,
Terrence Ross,203082,2021-22,0,1610612753,ORL,31,63,0,22.98412698,3.492063492,8.793650794,0.397,1.222222222,4.19047619,0.292,1.777777778,2.063492063,0.862,0.317460317,2.238095238,2.555555556,1.841269841,0.444444444,0.19047619,1.19047619,1.079365079,9.984126984,Guard-Forward,0.454782648,0.752954096,0.023251579,-0.546474199,-0.208748252,-0.601343628,-0.592576636,0.134736697,-1.123748172,0.759045758,-0.02670988,-2.182566735,,,,,,,,
Terrence Ross,203082,2022-23,0,0,TOT,32,63,9,21.12698413,3.174603175,7.380952381,0.43,1.507936508,4.095238095,0.368,0.428571429,0.53968254,0.794,0.349206349,2.095238095,2.444444444,1.507936508,0.555555556,0.158730159,0.682539683,1.53968254,8.285714286,Guard-Forward,0.457811126,0.748940149,-0.232897146,-0.592267011,-0.383775764,-0.315762475,-0.670055935,0.450088984,-0.501566523,-0.10790282,0.58482985,-1.769308839,,,,,,,,
Terry Rozier,1626179,2020-21,0,1610612766,CHA,27,69,69,34.53623188,7.391304348,16.43478261,0.45,3.217391304,8.275362319,0.389,2.391304348,2.927536232,0.817,0.68115942,3.695652174,4.376811594,4.246376812,1.260869565,0.376811594,1.855072464,1.724637681,20.39130435,Guard,0.458471568,0.752245228,1.592826049,0.2041297,1.054131419,1.497057001,-0.137806828,2.336870663,-0.36588287,0.605941496,-0.82686309,5.960403541,,,,,,,,
Terry Rozier,1626179,2021-22,0,1610612766,CHA,28,73,73,33.67123288,7.095890411,15.98630137,0.444,3.04109589,8.123287671,0.374,2.054794521,2.410958904,0.852,0.767123288,3.547945205,4.315068493,4.465753425,1.273972603,0.342465753,1.315068493,1.630136986,19.28767123,Guard,0.457677349,0.753217023,1.426379922,0.178683189,1.169322248,1.530734827,-0.221631218,2.142287596,-0.529050026,0.815833763,-0.176715132,6.335845168,,,,,,,,
Terry Rozier,1626179,2022-23,0,1610612766,CHA,29,63,63,35.25396825,7.825396825,18.85714286,0.415,2.619047619,8.015873016,0.327,2.825396825,3.492063492,0.809,0.80952381,3.301587302,4.111111111,5.063492063,1.174603175,0.253968254,2.126984127,1.888888889,21.0952381,Guard,0.452746029,0.752406361,1.698990901,0.094625153,1.483184368,1.275332507,-0.437618034,1.67645899,-1.5421585,0.640743615,-1.154236261,3.735322739,,,,,,,,
Terry Rozier,1626179,2023-24,0,0,TOT,30,61,60,33.44262295,7.245901639,16.36065574,0.443,2.442622951,6.721311475,0.363,2.819672131,3.245901639,0.869,0.573770492,3.475409836,4.049180328,5.606557377,1.032786885,0.344262295,1.737704918,1.655737705,19.75409836,Guard,0.457492744,0.755802357,1.496724847,0.069101291,1.768338481,0.910831973,-0.217246581,1.481733261,-0.56697608,1.374224791,-0.685556221,5.631175763,,,,,,,,
Terry Rozier,1626179,2024-25,0,1610612748,MIA,31,64,23,25.90625,3.875,9.921875,0.391,1.421875,4.8125,0.295,1.4375,1.6875,0.852,0.6875,3.03125,3.71875,2.609375,0.578125,0.21875,1.21875,1.140625,10.609375,Guard,0.453647996,0.751834379,0.11754932,-0.067080711,0.194570354,-0.257753805,-0.523571633,0.355100058,-1.356855145,0.517204631,-0.060750667,-1.081587597,,,,,,,,
Terry Taylor,1630678,2021-22,0,1610612754,IND,22,33,7,21.63636364,4.090909091,6.666666667,0.614,0.363636364,1.151515152,0.316,1.090909091,1.545454545,0.706,2.878787879,2.333333333,5.212121212,1.242424242,0.424242424,0.242424242,0.696969697,1.848484848,9.636363636,Forward,0.469497361,0.747180924,-0.029196886,0.548390278,-0.523191618,-0.653267473,-0.465792326,-0.812912852,1.899296354,-0.487867442,0.567456563,0.042914598,,,,,,,,
Terry Taylor,1630678,2022-23,0,0,TOT,23,31,2,8.483870968,1.258064516,2.419354839,0.52,0.161290323,0.612903226,0.263,0.193548387,0.35483871,0.545,0.870967742,0.64516129,1.516129032,0.322580645,0.096774194,0.193548387,0.290322581,0.838709677,2.870967742,Forward,0.461284391,0.747020098,-1.049530479,-0.974858559,-1.006185428,-1.494936259,-0.585078638,-1.036248856,0.21199371,-0.522603317,1.057047022,-5.400400804,,,,,,,,
Terry Taylor,1630678,2023-24,0,1610612741,CHI,24,31,0,6.064516129,0.64516129,1.258064516,0.513,0.064516129,0.290322581,0.222,0.129032258,0.161290323,0.8,0.548387097,0.64516129,1.193548387,0.322580645,0.161290323,0.064516129,0.225806452,0.548387097,1.483870968,Forward,0.460524033,0.748619532,-1.258727614,-1.10780543,-1.006185428,-1.329114946,-0.899994505,-1.143061728,0.055783103,-0.177150952,1.134722432,-5.731535066,,,,,,,,
Jaylen Sims,,2024-25,,,,26,6,0,18.7,2,4.7,0.429,1,,,2,2.5,0.8,0.5,0.5,1,2,0.5,0.2,1.3,1.7,7,Guard,0.458478368,0.75090837,-0.426804125,-1.187573552,-0.125401817,-0.458553052,-0.569332845,-0.110537304,-0.364485757,0.317201603,-0.158573135,-3.084059984,299,CHO,2.5,0.4,1,2.2,0.462,0.536
Thaddeus Young,201152,2020-21,0,1610612741,CHI,33,68,23,24.29411765,5.441176471,9.735294118,0.559,0.176470588,0.661764706,0.267,1.044117647,1.661764706,0.628,2.470588235,3.75,6.220588235,4.279411765,1.088235294,0.588235294,2.014705882,2.235294118,12.10294118,Forward,0.46865883,0.744579243,0.342803802,0.964015135,1.071477496,1.053347157,0.378193424,-1.019493896,1.727025544,-1.049788989,-1.019056752,2.448522922,,,,,,,,
Thaddeus Young,201152,2021-22,0,0,TOT,34,52,1,16.25,2.711538462,5.230769231,0.518,0.326923077,0.923076923,0.354,0.442307692,0.942307692,0.469,1.538461538,2.461538462,4,2,1.038461538,0.346153846,1,1.557692308,6.192307692,Forward,0.46275366,0.743284579,-0.548617483,0.048832342,-0.125401817,0.925417139,-0.212630065,-0.853434518,0.513845828,-1.329415776,0.202617519,-1.378786833,,,,,,,,
Thaddeus Young,201152,2022-23,0,1610612761,TOR,35,54,9,14.72222222,2,3.666666667,0.545,0.111111111,0.62962963,0.176,0.333333333,0.481481481,0.692,1.314814815,1.759259259,3.074074074,1.388888889,1,0.092592593,0.777777778,1.62962963,4.444444444,Forward,0.462875098,0.747915345,-0.812224169,-0.332774416,-0.44628559,0.826562126,-0.831471144,-1.091633308,0.538794466,-0.329244235,0.470166151,-2.008110118,,,,,,,,
Thaddeus Young,201152,2023-24,0,0,TOT,36,33,6,13.33333333,1.96969697,3.272727273,0.602,0.03030303,0.212121212,0.143,0.181818182,0.454545455,0.4,1.393939394,1.727272727,3.121212121,1.727272727,0.696969697,0.151515152,0.454545455,1.484848485,4.151515152,Forward,0.464368166,0.745314566,-0.856402751,-0.313347162,-0.268606146,0.047704443,-0.687664866,-1.180823854,0.845535846,-0.890971126,0.859327798,-2.445247819,,,,,,,,
Jackson Rowe,,2024-25,,,,28,6,0,8.7,1.3,2.8,0.471,0.5,,,0.5,1,0.5,0.5,1.3,1.8,0.7,0.7,0,0.2,0.7,3.7,Forward-Center,0.460167171,0.743582146,-0.924498703,-0.857865313,-0.808009116,0.055493019,-1.057452438,-0.662403806,-0.017531993,-1.26514616,1.165792596,-4.371621915,443,GSW,1.7,0.3,0.8,1.2,0.714,0.559
Thomas Bryant,1628418,2021-22,0,1610612764,WAS,24,27,9,16.25925926,2.851851852,5.481481481,0.52,0.444444444,1.555555556,0.286,1.296296296,1.481481481,0.875,0.962962963,3.037037037,4,0.851851852,0.222222222,0.777777778,0.703703704,1.592592593,7.444444444,Forward-Center,0.462988904,0.752095406,-0.359774552,0.048832342,-0.72827436,-1.172505929,0.840790425,-0.723722307,0.562175237,0.573582492,0.559349028,-0.399547624,,,,,,,,
Thomas Bryant,1628418,2022-23,0,0,TOT,25,59,26,18.33898305,3.898305085,6.254237288,0.623,0.440677966,1,0.441,1.576271186,2.13559322,0.738,1.457627119,4.288135593,5.745762712,0.525423729,0.271186441,0.508474576,0.644067797,1.728813559,9.813559322,Forward-Center,0.469466219,0.748025578,-0.002472846,0.768322777,-0.899676067,-1.046656607,0.183529578,-0.727879493,1.892898372,-0.305435675,0.631148803,0.493778841,,,,,,,,
Thomas Bryant,1628418,2023-24,0,1610612748,MIA,26,38,4,11.60526316,2.263157895,3.921052632,0.577,0.105263158,0.578947368,0.182,1.078947368,1.236842105,0.872,1.052631579,2.657894737,3.710526316,0.605263158,0.263157895,0.421052632,0.552631579,1.210526316,5.710526316,Forward-Center,0.464283524,0.751436158,-0.621278083,-0.070469981,-0.857753777,-1.06729182,-0.029832241,-1.098087887,0.82814664,0.431195241,0.74123516,-1.744136747,,,,,,,,
Thomas Bryant,1628418,2024-25,0,0,TOT,27,66,8,14.59090909,2.46969697,4.863636364,0.508,0.727272727,2.242424242,0.324,0.833333333,0.96969697,0.859,1.257575758,2.545454545,3.803030303,0.803030303,0.424242424,0.621212121,0.454545455,1.151515152,6.5,Forward-Center,0.462096434,0.750556927,-0.502212394,-0.032345823,-0.753909703,-0.653267473,0.458676601,-0.411555396,0.378822911,0.241295492,0.859327798,-0.415167987,,,,,,,,
Tim Hardaway Jr.,203501,2020-21,0,1610612742,DAL,29,70,31,28.35714286,5.814285714,13.01428571,0.447,2.957142857,7.557142857,0.391,2.028571429,2.485714286,0.816,0.285714286,2.985714286,3.271428571,1.8,0.442857143,0.157142857,0.914285714,1.585714286,16.61428571,Guard-Forward,0.458382501,0.751652766,1.02318917,-0.251437661,-0.230418325,-0.605423358,-0.673929901,2.049625863,-0.384181196,0.477979132,0.305814849,1.711218573,,,,,,,,
Tim Hardaway Jr.,203501,2021-22,0,1610612742,DAL,30,42,20,29.64285714,4.976190476,12.61904762,0.394,2.428571429,7.238095238,0.336,1.857142857,2.452380952,0.757,0.30952381,3.404761905,3.714285714,2.19047619,0.904761905,0.142857143,0.80952381,1.761904762,14.23809524,Guard-Forward,0.452483758,0.748853362,0.664820348,-0.068920601,-0.025386096,0.581778283,-0.708795585,1.466224132,-1.596040349,-0.126647451,0.431944917,0.618977599,,,,,,,,
Tim Hardaway Jr.,203501,2022-23,0,1610612742,DAL,31,71,45,30.30985915,4.788732394,11.92957746,0.401,2.985915493,7.746478873,0.385,1.788732394,2.323943662,0.77,0.295774648,3.23943662,3.535211268,1.816901408,0.690140845,0.169014085,0.845070423,1.690140845,14.35211268,Guard-Forward,0.453590078,0.749410754,0.682016063,-0.142723501,-0.22154369,0.03015272,-0.644957006,2.081383171,-1.368754074,-0.006259708,0.389147903,0.798461877,,,,,,,,
Tim Hardaway Jr.,203501,2023-24,0,1610612742,DAL,32,79,12,26.83544304,4.962025316,12.35443038,0.402,2.670886076,7.556962025,0.353,1.82278481,2.139240506,0.852,0.278481013,2.936708861,3.215189873,1.759493671,0.53164557,0.075949367,0.873417722,1.341772152,14.41772152,Guard-Forward,0.453501175,0.752702225,0.691910962,-0.274615614,-0.251687491,-0.377216647,-0.872090567,1.733674806,-1.38701858,0.704645697,0.355018638,0.322621203,,,,,,,,
Tim Hardaway Jr.,203501,2024-25,0,1610612765,DET,33,77,77,27.96103896,3.584415584,8.831168831,0.406,2.181818182,5.935064935,0.368,1.61038961,1.883116883,0.855,0.233766234,2.142857143,2.376623377,1.597402597,0.493506494,0.090909091,0.623376623,1.246753247,10.96103896,Guard-Forward,0.455493038,0.752320923,0.170586062,-0.620218466,-0.336798683,-0.475242858,-0.835579895,1.193874429,-0.977802953,0.62229046,0.656060331,-0.602831573,,,,,,,,
Tobias Harris,202699,2020-21,0,1610612755,PHI,28,62,62,32.48387097,7.629032258,14.90322581,0.512,1.322580645,3.35483871,0.394,2.935483871,3.290322581,0.892,1,5.758064516,6.758064516,3.548387097,0.887096774,0.822580645,1.725806452,1.919354839,19.51612903,Forward,0.466626036,0.757316812,1.460835136,1.185528082,0.687629209,0.536374827,0.950136211,0.245505601,1.309400858,1.701322824,-0.671230838,7.405501911,,,,,,,,
Tobias Harris,202699,2021-22,0,1610612755,PHI,29,73,73,34.83561644,6.753424658,14,0.482,1.383561644,3.767123288,0.367,2.328767123,2.767123288,0.842,1.054794521,5.739726027,6.794520548,3.452054795,0.643835616,0.589041096,1.589041096,2.246575342,17.21917808,Forward,0.462582326,0.753359379,1.114416944,1.2005529,0.637046799,-0.088862385,0.380160063,0.312812342,0.478646305,0.846580508,-0.50656961,4.374783865,,,,,,,,
Tobias Harris,202699,2022-23,0,1610612755,PHI,30,74,74,32.91891892,5.716216216,11.41891892,0.501,1.702702703,4.378378378,0.389,1.527027027,1.743243243,0.876,0.905405405,4.824324324,5.72972973,2.513513514,0.918918919,0.540540541,1.202702703,2.013513514,14.66216216,Forward,0.464079746,0.752750854,0.728776653,0.761715019,0.144235162,0.61816507,0.261789707,0.665058862,0.786281653,0.715148655,-0.041430221,4.63974056,,,,,,,,
Tobias Harris,202699,2023-24,0,1610612755,PHI,31,70,70,33.82857143,6.614285714,13.58571429,0.487,1.3,3.685714286,0.353,2.671428571,3.042857143,0.878,1.142857143,5.328571429,6.471428571,3.1,1,0.657142857,1.328571429,1.642857143,17.2,Forward,0.463109541,0.755885338,1.111524572,1.067395292,0.452188974,0.826562126,0.546369082,0.220582598,0.586959307,1.392147392,-0.192972246,6.010757098,,,,,,,,
Tobias Harris,202699,2024-25,0,1610612765,DET,32,73,73,31.57534247,5.260273973,11.02739726,0.477,1.246575342,3.616438356,0.345,1.95890411,2.273972603,0.861,0.890410959,5.02739726,5.917808219,2.219178082,1.01369863,0.780821918,1.164383562,1.890410959,13.7260274,Forward,0.461565838,0.753349667,0.587592048,0.839228803,-0.010315234,0.861770761,0.848219947,0.161616039,0.269815295,0.844482795,0.004704831,4.407115286,,,,,,,,
Tony Bradley,1628396,2020-21,0,0,TOT,23,42,8,16.28571429,3.119047619,4.69047619,0.665,0,0.071428571,0,0.904761905,1.30952381,0.691,2.023809524,3.666666667,5.69047619,0.880952381,0.357142857,0.714285714,0.785714286,1.452380952,7.142857143,Forward-Center,0.469054623,0.746987451,-0.405258905,0.74553725,-0.71299418,-0.825728817,0.685831823,-1.214270308,1.808338638,-0.529654545,0.460610843,0.012411798,,,,,,,,
Tony Bradley,1628396,2021-22,0,1610612741,CHI,24,55,7,9.981818182,1.309090909,2.236363636,0.585,0,0,0,0.345454545,0.527272727,0.655,1.218181818,2.163636364,3.381818182,0.490909091,0.181818182,0.6,0.618181818,1.127272727,2.963636364,Forward-Center,0.462601135,0.74747856,-1.035554518,-0.205942206,-0.917799101,-1.276353619,0.406906342,-1.214270308,0.482510567,-0.423582706,0.662314715,-3.521770835,,,,,,,,
David Duke Jr.,,2024-25,,,,25,6,0,5.7,1,2.3,0.429,0.5,,,0.2,0.3,0.5,0.2,0.7,0.8,0.7,0.2,0,0.3,0.2,2.7,Guard,0.459169943,0.746971957,-1.075315242,-1.270000611,-0.808009116,-1.229622159,-1.057452438,-0.662403806,-0.222406138,-0.533000946,1.045395711,-5.812814745,476,SAS,1,0.5,0.5,1.3,0.375,0.536
Trentyn Flowers,,2024-25,,,,19,6,0,4.5,0.7,1.8,0.364,0,,,0.5,0.5,1,0.2,0.5,0.7,0,0,0,0.2,0.7,1.8,Forward,0.458168813,0.750944345,-1.211050127,-1.311214141,-1.175566892,-1.74366823,-1.057452438,-1.214270308,-0.428081933,0.324971644,1.165792596,-6.650539831,513,LAC,0.3,0,0.7,1.5,0.444,0.364
Tony Snell,203503,2020-21,0,1610612737,ATL,29,47,23,21.10638298,1.872340426,3.638297872,0.515,1.319148936,2.319148936,0.569,0.234042553,0.234042553,1,0.382978723,2,2.382978723,1.255319149,0.276595745,0.234042553,0.446808511,1.595744681,5.29787234,Guard,0.461799446,0.749625753,-0.683513127,-0.617599204,-0.516420728,-1.03275345,-0.486248659,0.24171791,0.317808631,0.040176779,0.868642838,-1.86818901,,,,,,,,
Tony Snell,203503,2021-22,0,0,TOT,30,53,12,15.52830189,1.301886792,3.226415094,0.404,0.849056604,2.41509434,0.352,0.075471698,0.075471698,1,0.301886792,1.641509434,1.943396226,0.528301887,0.301886792,0.169811321,0.358490566,1.320754717,3.528301887,Guard,0.458117787,0.748832909,-0.950393619,-0.798766667,-0.898164796,-0.967749633,-0.643011273,-0.277138512,-0.438564865,-0.131064985,0.974974892,-4.129879459,,,,,,,,
Trae Young,1629027,2020-21,0,1610612737,ATL,22,63,63,33.73015873,7.73015873,17.65079365,0.438,2.158730159,6.301587302,0.343,7.682539683,8.666666667,0.886,0.603174603,3.285714286,3.888888889,9.428571429,0.841269841,0.19047619,4.142857143,1.761904762,25.3015873,Guard,0.456583684,0.768773116,2.333377929,0.003039531,3.775211317,0.418589053,-0.592576636,1.168391416,-0.753736647,4.175701971,-3.581284571,6.946713363,,,,,,,,
Trae Young,1629027,2021-22,0,1610612737,ATL,23,76,76,34.89473684,9.355263158,20.31578947,0.46,3.065789474,8.026315789,0.382,6.578947368,7.276315789,0.904,0.657894737,3.078947368,3.736842105,9.697368421,0.947368421,0.092105263,3.986842105,1.684210526,28.35526316,Guard,0.459886841,0.768214197,2.793922753,-0.059624316,3.916351924,0.691286844,-0.832660521,2.16954272,-0.075124024,4.054984384,-3.393447326,9.265232439,,,,,,,,
Trae Young,1629027,2022-23,0,1610612737,ATL,24,73,73,34.80821918,8.178082192,19.04109589,0.429,2.109589041,6.301369863,0.335,7.753424658,8.753424658,0.886,0.767123288,2.205479452,2.97260274,10.15068493,1.095890411,0.123287671,4.109589041,1.424657534,26.21917808,Guard,0.454927056,0.768946218,2.471765794,-0.374594334,4.154380507,1.073022571,-0.756556799,1.114152743,-1.094080338,4.213089369,-3.541230813,7.259948701,,,,,,,,
Trae Young,1629027,2023-24,0,1610612737,ATL,25,54,54,35.96296296,8.018518519,18.66666667,0.43,3.240740741,8.685185185,0.373,6.444444444,7.537037037,0.855,0.425925926,2.333333333,2.759259259,10.7962963,1.333333333,0.203703704,4.351851852,2.018518519,25.72222222,Guard,0.455166167,0.76241076,2.396816632,-0.462520713,4.493379763,1.683305577,-0.560293592,2.362642207,-1.044956485,2.801534437,-3.83290769,7.837000136,,,,,,,,
Trae Young,1629027,2024-25,0,1610612737,ATL,26,76,76,36.03947368,7.447368421,18.10526316,0.411,2.868421053,8.447368421,0.34,6.460526316,7.381578947,0.875,0.473684211,2.631578947,3.105263158,11.57894737,1.197368421,0.157894737,4.671052632,1.907894737,24.22368421,Guard,0.452373137,0.764732721,2.170812315,-0.319920293,4.904336173,1.333844433,-0.672094864,1.951700679,-1.61876692,3.30304119,-4.217215485,6.835737229,,,,,,,,
Tre Jones,1630200,2021-22,0,1610612759,SAS,22,69,11,16.63768116,2.405797101,4.913043478,0.49,0.144927536,0.739130435,0.196,1.028985507,1.31884058,0.78,0.420289855,1.826086957,2.246376812,3.376811594,0.608695652,0.101449275,0.666666667,1.130434783,5.985507246,Guard,0.461275118,0.749264494,-0.579806411,-0.673897673,0.597537908,-0.179180188,-0.809855544,-1.054309004,0.210088635,-0.037849603,0.603940467,-1.923331411,,,,,,,,
Tre Jones,1630200,2022-23,0,1610612759,SAS,23,68,65,29.17647059,5.014705882,10.92647059,0.459,0.661764706,2.323529412,0.285,2.176470588,2.529411765,0.86,0.823529412,2.779411765,3.602941176,6.588235294,1.308823529,0.132352941,1.617647059,1.441176471,12.86764706,Guard,0.459778761,0.753824995,0.458134096,-0.114809615,2.283800413,1.620309735,-0.734432119,-0.483858761,-0.097328419,0.947146066,-0.541010299,3.337951097,,,,,,,,
Tre Jones,1630200,2023-24,0,1610612759,SAS,24,77,48,27.76623377,3.935064935,7.792207792,0.505,0.831168831,2.480519481,0.335,1.311688312,1.532467532,0.856,0.753246753,3,3.753246753,6.207792208,1.012987013,0.116883117,1.506493506,1.194805195,10.01298701,Guard,0.463126706,0.751651988,0.027604148,-0.052863381,2.084036392,0.859941741,-0.77218774,-0.296881837,0.590485669,0.477811102,-0.407184884,2.510761209,,,,,,,,
Tre Jones,1630200,2024-25,0,0,TOT,25,46,9,19.67391304,2.782608696,5.173913043,0.538,0.413043478,1.043478261,0.396,1.195652174,1.456521739,0.821,0.673913043,1.847826087,2.52173913,4.173913043,0.804347826,0.217391304,0.760869565,1.195652174,7.173913043,Guard,0.463707672,0.750507273,-0.400575162,-0.560411142,1.016081959,0.323690969,-0.526887664,-0.758380589,0.709841519,0.230570892,0.490523113,0.524453896,,,,,,,,
Tre Mann,1630544,2021-22,0,1610612760,OKC,21,60,26,22.78333333,3.85,9.8,0.393,1.633333333,4.533333333,0.36,1.083333333,1.366666667,0.793,0.416666667,2.433333333,2.85,1.516666667,0.783333333,0.2,1.183333333,1.7,10.41666667,Guard,0.45389604,0.74963899,0.088485717,-0.425123251,-0.37919171,0.269678881,-0.569332845,0.588493599,-1.305896091,0.043035628,-0.018110103,-1.707960174,,,,,,,,
Tre Mann,1630544,2022-23,0,1610612760,OKC,22,67,5,17.65671642,2.940298507,7.47761194,0.393,1.208955224,3.835820896,0.315,0.626865672,0.820895522,0.764,0.402985075,1.910447761,2.313432836,1.791044776,0.597014925,0.164179104,0.925373134,1.47761194,7.71641791,Guard,0.455211888,0.748704902,-0.318756455,-0.646261519,-0.235120556,-0.209202347,-0.656757251,0.120093474,-1.035563402,-0.158712371,0.29246594,-2.847814486,,,,,,,,
Tre Mann,1630544,2023-24,0,0,TOT,23,41,28,24.07317073,3.536585366,7.707317073,0.459,1.146341463,3.073170732,0.373,1.097560976,1.43902439,0.763,0.487804878,3.146341463,3.634146341,4.024390244,1.243902439,0.073170732,1.585365854,1.170731707,9.317073171,Guard,0.459802036,0.748860724,-0.077351169,-0.101948865,0.937570149,1.453447579,-0.878872098,0.050984599,-0.092546599,-0.125057363,-0.502144734,0.664081499,,,,,,,,
Jahmir Young,,2024-25,,,,24,6,0,5,0.7,0.8,0.8,0.2,,,0.3,0.3,1,0.2,0.3,0.5,1,0,0,0.2,0.3,1.8,Guard,0.462563345,0.749954064,-1.211050127,-1.393641201,-0.650484354,-1.74366823,-1.057452438,-0.993523708,0.474746758,0.111086737,1.165792596,-5.298193967,515,CHI,0.3,0.5,0.5,0.5,1,0.9
Trendon Watford,1630570,2021-22,0,1610612757,POR,21,48,10,18.10416667,2.958333333,5.5625,0.532,0.1875,0.791666667,0.237,1.479166667,1.958333333,0.755,1.1875,2.958333333,4.145833333,1.6875,0.520833333,0.583333333,0.916666667,2.416666667,7.583333333,Guard-Forward,0.463664987,0.748700519,-0.338827811,0.108935406,-0.28949011,-0.405006587,0.366229708,-1.00732037,0.701072089,-0.159659213,0.302948255,-0.721118632,,,,,,,,
Trendon Watford,1630570,2022-23,0,1610612757,POR,22,62,12,19.06451613,2.919354839,5.209677419,0.56,0.403225806,1.032258065,0.391,1.161290323,1.612903226,0.72,0.677419355,3.161290323,3.838709677,2.096774194,0.516129032,0.193548387,1.14516129,1.903225806,7.403225806,Guard-Forward,0.464822303,0.747564608,-0.365991004,-0.017641094,-0.074587378,-0.417097724,-0.585078638,-0.769216678,0.938835296,-0.404997806,0.027847848,-1.667927178,,,,,,,,
Trendon Watford,1630570,2023-24,0,1610612751,BKN,23,63,2,13.6031746,2.603174603,4.936507937,0.527,0.428571429,1.079365079,0.397,1.222222222,1.53968254,0.794,0.825396825,2.253968254,3.079365079,1.285714286,0.365079365,0.301587302,1,1.682539683,6.857142857,Guard-Forward,0.463022125,0.749814424,-0.448349345,-0.330593806,-0.500460772,-0.805330164,-0.321399082,-0.741241877,0.569000126,0.080926632,0.202617519,-2.294830769,,,,,,,,
Trendon Watford,1630570,2024-25,0,1610612751,BKN,24,44,6,20.75,3.727272727,7.954545455,0.469,0.659090909,2,0.33,2.113636364,2.772727273,0.762,0.840909091,2.795454545,3.636363636,2.613636364,0.613636364,0.272727273,1.886363636,2.159090909,10.22727273,Guard-Forward,0.460537042,0.749165519,0.059921978,-0.101035039,0.196807922,-0.16648142,-0.39183481,-0.486809919,0.058455587,-0.059226489,-0.864536686,-1.754738876,,,,,,,,
Trevor Ariza,2772,2020-21,0,1610612748,MIA,36,30,27,28.03333333,3.3,8.033333333,0.411,1.666666667,4.766666667,0.35,1.133333333,1.466666667,0.773,0.9,3.9,4.8,1.833333333,1.033333333,0.6,0.7,1.833333333,9.4,Forward,0.456230347,0.749153292,-0.064844431,0.37854058,-0.212915573,0.912236471,0.406906342,0.6252847,-0.826327458,-0.061867299,0.563808173,1.720821503,,,,,,,,
Trevor Ariza,2772,2021-22,0,1610612747,LAL,37,24,11,19.25,1.375,4.125,0.333,0.833333333,3.083333333,0.27,0.416666667,0.75,0.556,0.416666667,3,3.416666667,1.125,0.541666667,0.25,0.458333333,0.833333333,4,Forward,0.454838033,0.745609644,-0.879253742,-0.191579915,-0.584849037,-0.35146012,-0.447302946,-0.294492805,-1.112369596,-0.827238835,0.854767311,-3.833779686,,,,,,,,
Trey Burke,203504,2020-21,0,1610612742,DAL,28,62,1,14.69354839,2.435483871,5.693548387,0.428,0.935483871,2.64516129,0.354,0.822580645,0.919354839,0.895,0.161290323,0.709677419,0.870967742,1.306451613,0.580645161,0.112903226,0.532258065,1.032258065,6.629032258,Guard,0.458147395,0.751099698,-0.482752196,-1.2407523,-0.489571964,-0.251276411,-0.781901054,-0.181745885,-0.432482105,0.358525253,0.765764237,-2.736192425,,,,,,,,
Trey Burke,203504,2021-22,0,1610612742,DAL,29,42,0,10.5,2,5.119047619,0.391,0.619047619,1.952380952,0.317,0.476190476,0.547619048,0.87,0.095238095,0.69047619,0.785714286,1.357142857,0.285714286,0,0.619047619,0.928571429,5.095238095,Guard,0.456510346,0.749770587,-0.714073723,-1.275888258,-0.462954877,-1.009316699,-1.057452438,-0.53100702,-0.76880349,0.071458567,0.661272317,-5.086765621,,,,,,,,
Trey Lyles,1626168,2020-21,0,1610612759,SAS,25,23,9,15.56521739,1.869565217,3.913043478,0.478,0.608695652,1.739130435,0.35,0.652173913,1,0.652,0.391304348,3.347826087,3.739130435,0.608695652,0.260869565,0.043478261,0.260869565,0.565217391,5,Forward,0.460546803,0.746562538,-0.728437203,-0.058681214,-0.855951434,-1.073173355,-0.951339483,-0.542432827,0.060460988,-0.621428932,1.092507536,-3.678475925,,,,,,,,
Trey Lyles,1626168,2021-22,0,0,TOT,26,75,23,20.48,3.493333333,7.493333333,0.466,0.893333333,2.786666667,0.321,2.6,3.24,0.802,1.186666667,3.866666667,5.053333333,1.173333333,0.386666667,0.426666667,0.973333333,1.64,10.48,Forward,0.460291601,0.751712424,0.098037431,0.482948189,-0.559470048,-0.749845825,-0.016130638,-0.228268825,0.00803139,0.490864341,0.234723355,-0.239110631,,,,,,,,
Trey Lyles,1626168,2022-23,0,1610612758,SAC,27,74,0,16.85135135,2.527027027,5.513513514,0.458,1.175675676,3.243243243,0.363,1.364864865,1.675675676,0.815,0.918918919,3.135135135,4.054054054,0.891891892,0.364864865,0.418918919,0.864864865,1.310810811,7.594594595,Forward,0.459766458,0.750611668,-0.337129426,0.071109925,-0.707250034,-0.805881478,-0.035039776,0.083361738,-0.099855958,0.253118643,0.365316011,-1.212250355,,,,,,,,
Trey Lyles,1626168,2023-24,0,1610612758,SAC,28,58,0,19.96551724,2.465517241,5.534482759,0.445,1.448275862,3.775862069,0.384,0.844827586,1.206896552,0.7,1.051724138,3.379310345,4.431034483,1.24137931,0.293103448,0.327586207,0.655172414,1.482758621,7.224137931,Forward,0.459084356,0.74731178,-0.393000418,0.226476867,-0.523740294,-0.99032485,-0.257946207,0.38423956,-0.239989555,-0.459604538,0.61777919,-1.636110245,,,,,,,,
Trey Lyles,1626168,2024-25,0,1610612758,SAC,29,69,5,19.56521739,2.275362319,5.420289855,0.42,1.173913043,3.449275362,0.34,0.811594203,1.15942029,0.7,1.15942029,3.420289855,4.579710145,1.188405797,0.594202899,0.333333333,0.565217391,1.246376812,6.536231884,Forward,0.457814212,0.747355686,-0.496748027,0.287751355,-0.55155576,-0.216429901,-0.243919783,0.081416262,-0.500932511,-0.450121621,0.726082235,-1.364457753,,,,,,,,
Trey Murphy III,1630530,2021-22,0,1610612740,NOP,22,62,1,13.93548387,1.758064516,4.467741935,0.394,1.14516129,3,0.382,0.725806452,0.822580645,0.882,0.758064516,1.612903226,2.370967742,0.612903226,0.370967742,0.112903226,0.258064516,0.967741935,5.387096774,Forward,0.457047071,0.750615279,-0.670056607,-0.622549353,-0.853742111,-0.790195678,-0.781901054,0.049682003,-0.658536671,0.253898633,1.095884728,-2.97751611,,,,,,,,
Trey Murphy III,1630530,2022-23,0,1610612740,NOP,23,79,65,30.98734177,4.898734177,10.12658228,0.484,2.556962025,6.291139241,0.406,2.17721519,2.405063291,0.905,0.746835443,2.810126582,3.556962025,1.417721519,1.126582278,0.544303797,0.772151899,1.962025316,14.53164557,Forward,0.462083268,0.755638277,0.709092592,-0.133759246,-0.431146079,1.15190774,0.270974302,1.60793307,0.37611792,1.338786052,0.476939534,5.366845885,,,,,,,,
Trey Murphy III,1630530,2023-24,0,1610612740,NOP,24,57,23,29.64912281,4.824561404,10.89473684,0.443,2.964912281,7.807017544,0.38,2.157894737,2.649122807,0.815,0.736842105,4.175438596,4.912280702,2.175438596,0.894736842,0.49122807,0.596491228,1.228070175,14.77192982,Forward,0.45820708,0.751802165,0.745331431,0.424815421,-0.033282074,0.556011562,0.141437791,2.058201232,-0.42022017,0.510247089,0.688429509,4.670971791,,,,,,,,
Trey Murphy III,1630530,2024-25,0,1610612740,NOP,25,53,51,34.98113208,7.188679245,15.83018868,0.454,2.981132075,8.264150943,0.361,3.849056604,4.339622642,0.887,0.886792453,4.169811321,5.056603774,3.547169811,1.056603774,0.735849057,1.943396226,2.113207547,21.20754717,Forward,0.459062456,0.759518243,1.715928966,0.484296053,0.686990033,0.972046864,0.738459274,2.076103554,-0.244488778,2.176796989,-0.933202148,7.672930808,,,,,,,,
Tristan Thompson,202684,2020-21,0,1610612738,BOS,30,54,43,23.83333333,3.12962963,6.037037037,0.518,0,0.055555556,0,1.314814815,2.222222222,0.592,3.12962963,5,8.12962963,1.240740741,0.444444444,0.611111111,1.148148148,2.203703704,7.574074074,Forward-Center,0.463173734,0.741796181,-0.34022426,1.750798479,-0.524075595,-0.601343628,0.434024097,-1.214270308,0.600147255,-1.650886175,0.024251764,-1.521578373,,,,,,,,
Tristan Thompson,202684,2021-22,0,1610612758,SAC,31,30,3,15.16666667,2.533333333,5.033333333,0.503,0.033333333,0.033333333,1,1.066666667,2,0.533,2.4,2.966666667,5.366666667,0.6,0.366666667,0.4,0.966666667,1.733333333,6.166666667,Forward-Center,0.461930992,0.740167105,-0.552484574,0.612083916,-0.860517369,-0.801250432,-0.081213252,-1.177479209,0.344833812,-2.002740672,0.242749813,-4.276017967,,,,,,,,
Tristan Thompson,202684,2023-24,0,1610612739,CLE,33,49,0,11.20408163,1.489795918,2.448979592,0.608,0,0.020408163,0,0.306122449,1.06122449,0.288,1.489795918,2.06122449,3.551020408,1.040816327,0.244897959,0.285714286,0.591836735,1.204081633,3.285714286,Forward-Center,0.463404955,0.738884006,-0.986979841,-0.136207996,-0.629052414,-1.114224062,-0.360138733,-1.214270308,0.647650173,-2.279869573,0.694033374,-5.37905938,,,,,,,,
Tristan Thompson,202684,2024-25,0,1610612739,CLE,34,40,0,8.2,0.775,1.775,0.437,0,0.075,0,0.175,0.75,0.233,0.8,2.55,3.35,0.6,0.05,0.275,0.35,0.9,1.725,Forward-Center,0.459465096,0.740836245,-1.222361368,-0.219055602,-0.860517369,-1.615156712,-0.386287997,-1.214270308,-0.16176878,-1.858216982,0.985197269,-6.552437849,,,,,,,,
Ty Jerome,1629660,2020-21,0,1610612760,OKC,23,33,1,23.87878788,3.878787879,8.696969697,0.446,2.151515152,5.090909091,0.423,0.787878788,1.03030303,0.765,0.303030303,2.454545455,2.757575758,3.636363636,0.606060606,0.181818182,1.424242424,1.848484848,10.6969697,Guard-Forward,0.458754589,0.748787857,0.13076005,-0.463214543,0.733824153,-0.185952863,-0.613707353,1.160427975,-0.307737993,-0.140795444,-0.308157143,0.005446839,,,,,,,,
Ty Jerome,1629660,2021-22,0,1610612760,OKC,24,48,4,16.6875,2.583333333,6.833333333,0.378,1.125,3.875,0.29,0.791666667,0.979166667,0.809,0.395833333,1.229166667,1.625,2.270833333,0.625,0.104166667,0.770833333,1.520833333,7.083333333,Guard-Forward,0.45462763,0.749616712,-0.41423608,-0.929988991,0.016808037,-0.137274257,-0.803223482,0.027429322,-1.155595465,0.038223889,0.478527046,-2.879329982,,,,,,,,
Ty Jerome,1629660,2022-23,0,1610612744,GSW,25,45,2,18.13333333,2.622222222,5.377777778,0.488,0.777777778,2,0.389,0.844444444,0.911111111,0.927,0.155555556,1.577777778,1.733333333,3,0.511111111,0.111111111,0.666666667,1.422222222,6.866666667,Guard-Forward,0.461299733,0.751649072,-0.446912997,-0.885341,0.39968072,-0.429994937,-0.786274887,-0.355811305,0.215145648,0.477181454,0.603940467,-1.208386836,,,,,,,,
Emanuel Miller,,2024-25,,,,24,6,0,4.2,0.7,1.3,0.5,0,,,0.3,0.3,1,0.7,0.7,1.3,0.3,0.2,0,0,0.5,1.7,Forward-Center,0.460378926,0.749954064,-1.226131781,-1.063932962,-1.018042131,-1.229622159,-1.057452438,-1.214270308,0.025971678,0.111086737,1.406586365,-5.265806999,519,CHI,0.2,0,0.7,1.2,0.571,0.5
Ty Jerome,1629660,2024-25,0,1610612739,CLE,27,70,3,19.88571429,4.557142857,8.828571429,0.516,1.585714286,3.614285714,0.439,1.842857143,2.114285714,0.872,0.714285714,1.757142857,2.471428571,3.385714286,1.114285714,0.042857143,1.314285714,1.457142857,12.54285714,Guard-Forward,0.464417821,0.75346608,0.409150405,-0.581145899,0.602212556,1.120302738,-0.952855382,0.535934885,0.855737137,0.869626213,-0.17577269,2.683189963,,,,,,,,
Tyler Cook,1629076,2020-21,0,0,TOT,23,32,1,13.65625,2.15625,3.21875,0.67,0.03125,0.0625,0.5,0.53125,1.09375,0.486,0.875,2.09375,2.96875,0.53125,0.25,0.0625,0.65625,1.09375,4.875,Forward,0.46641669,0.742835512,-0.74728927,-0.376182184,-0.896616794,-1.101110641,-0.904915065,-1.179778652,1.266391949,-1.42640719,0.61648181,-4.749426038,,,,,,,,
Tyler Cook,1629076,2021-22,0,1610612741,CHI,24,20,2,10,1.15,1.9,0.605,0,0,0,1.05,1.6,0.656,0.8,1.85,2.65,0.15,0.2,0.2,0.35,1.4,3.35,Forward,0.462570021,0.745587005,-0.977284492,-0.50755031,-1.096804511,-1.229622159,-0.569332845,-1.214270308,0.476118372,-0.832128604,0.985197269,-4.965677588,,,,,,,,
Tyler Herro,1629639,2020-21,0,1610612748,MIA,21,54,15,30.27777778,5.685185185,12.94444444,0.439,1.981481481,5.5,0.36,1.740740741,2.166666667,0.803,0.462962963,4.5,4.962962963,3.407407407,0.648148148,0.314814815,1.87037037,1.314814815,15.09259259,Guard,0.457472668,0.750719286,0.793692681,0.445703369,0.613603235,-0.077778185,-0.289116041,0.9727562,-0.571100621,0.276362494,-0.845281292,1.318841841,,,,,,,,
Tyler Herro,1629639,2021-22,0,1610612748,MIA,22,66,10,32.59090909,7.590909091,17,0.447,2.651515152,6.651515152,0.399,2.878787879,3.318181818,0.868,0.484848485,4.5,4.984848485,3.984848485,0.666666667,0.121212121,2.636363636,1.439393939,20.71212121,Guard,0.457994745,0.755893579,1.641210537,0.454723165,0.916807462,-0.030181325,-0.761622382,1.712294477,-0.463843106,1.39392718,-1.767513321,3.095802688,,,,,,,,
Tyler Herro,1629639,2022-23,0,1610612748,MIA,23,67,67,34.85074627,7.268656716,16.55223881,0.439,3.029850746,8.014925373,0.378,2.537313433,2.71641791,0.934,0.402985075,4.970149254,5.373134328,4.179104478,0.76119403,0.23880597,2.358208955,1.507462687,20.10447761,Guard,0.456900859,0.758014777,1.549567833,0.614749467,1.018807891,0.212775773,-0.474623073,2.129875959,-0.688575094,1.852072254,-1.43262375,4.78202726,,,,,,,,
Tyler Herro,1629639,2023-24,0,1610612748,MIA,24,42,40,33.5,7.714285714,17.5,0.441,3.142857143,7.928571429,0.396,2.261904762,2.642857143,0.856,0.452380952,4.833333333,5.285714286,4.476190476,0.714285714,0.071428571,2.214285714,1.5,20.83333333,Guard,0.457054342,0.753852988,1.65949133,0.578720582,1.174802561,0.092210595,-0.883124013,2.254604849,-0.657042971,0.953192122,-1.259344652,3.913510404,,,,,,,,
Tyler Herro,1629639,2024-25,0,1610612748,MIA,25,77,77,35.38961039,8.454545455,17.8961039,0.472,3.25974026,8.701298701,0.375,3.727272727,4.246753247,0.878,0.454545455,4.727272727,5.181818182,5.506493506,0.896103896,0.220779221,2.571428571,1.103896104,23.8961039,Guard,0.461706065,0.758595424,2.121407787,0.53590133,1.71579669,0.559525206,-0.51861912,2.383612603,0.298624031,1.977482792,-1.689333526,7.384397794,,,,,,,,
Tyler Johnson,204020,2020-21,0,1610612751,BKN,29,39,3,17.53846154,1.846153846,4.692307692,0.393,1.230769231,3.384615385,0.364,0.461538462,0.538461538,0.857,0.153846154,1.820512821,1.974358974,1.205128205,0.358974359,0,0.435897436,1.102564103,5.384615385,Guard,0.456867015,0.749610293,-0.670430842,-0.786005826,-0.542775116,-0.821021435,-1.057452438,0.144170313,-0.695528117,0.03683766,0.881779432,-3.510426369,,,,,,,,
Malevy Leons,,2024-25,,,,25,6,0,3.5,0,0.3,0,0,,,0.3,0.7,0.5,0.2,0.3,0.5,0.2,0,0,0.2,0.7,0.3,Forward,0.458488387,0.74502346,-1.437274936,-1.393641201,-1.070550384,-1.74366823,-1.057452438,-1.214270308,-0.36242759,-0.953845194,1.165792596,-8.067337686,559,OKC,0.2,0,0,0.2,0,0
Tyrese Haliburton,1630169,2020-21,0,1610612758,SAC,21,58,20,30.10344828,5.034482759,10.67241379,0.472,2.086206897,5.103448276,0.409,0.827586207,0.965517241,0.857,0.672413793,2.310344828,2.982758621,5.327586207,1.327586207,0.482758621,1.586206897,1.431034483,12.98275862,Guard,0.46103417,0.750510145,0.475494823,-0.370408737,1.621855592,1.66853414,0.120767271,1.088345098,0.160587551,0.231191205,-0.503157323,4.49320962,,,,,,,,
Tyrese Haliburton,1630169,2021-22,0,0,TOT,22,77,77,34.98701299,5.584415584,11.80519481,0.473,2.090909091,5.051948052,0.414,2.077922078,2.467532468,0.842,0.792207792,3.246753247,4.038961039,8.155844156,1.74025974,0.636363636,2.584415584,1.571428571,15.33766234,Guard,0.461250861,0.752853239,0.830653252,0.064889561,3.106924452,2.729200181,0.495655358,1.093535065,0.205105156,0.737262334,-1.704969485,7.558255875,,,,,,,,
Tyrese Haliburton,1630169,2022-23,0,1610612754,IND,23,56,56,33.625,7.357142857,15.01785714,0.49,2.875,7.178571429,0.4,3.125,3.589285714,0.871,0.589285714,3.071428571,3.660714286,10.44642857,1.625,0.446428571,2.517857143,1.232142857,20.71428571,Guard,0.463798722,0.756661649,1.64153698,-0.090999277,4.309670328,2.432956099,0.032100224,1.95896208,0.728547169,1.559818154,-1.624835195,10.94775656,,,,,,,,
Tyrese Haliburton,1630169,2023-24,0,1610612754,IND,24,69,68,32.23188406,7.246376812,15.1884058,0.477,2.826086957,7.753623188,0.364,2.811594203,3.289855072,0.855,0.507246377,3.420289855,3.927536232,10.89855072,1.202898551,0.695652174,2.304347826,1.086956522,20.13043478,Guard,0.462123374,0.755031431,1.553482603,0.018967465,4.547071773,1.348058141,0.640354843,1.90497514,0.384357522,1.207717011,-1.367776629,10.23720787,,,,,,,,
Tyrese Haliburton,1630169,2024-25,0,1610612754,IND,25,73,73,33.56164384,6.520547945,13.78082192,0.473,2.98630137,7.698630137,0.388,2.589041096,3.04109589,0.851,0.575342466,2.95890411,3.534246575,9.219178082,1.438356164,0.671232877,1.643835616,1.260273973,18.61643836,Guard,0.461454866,0.754333246,1.325146903,-0.143121085,3.665262528,1.953238446,0.580757157,2.081809076,0.247016801,1.056920232,-0.572540505,10.19448955,,,,,,,,
Tyrese Maxey,1630178,2020-21,0,1610612755,PHI,20,61,8,15.3442623,3.245901639,7.032786885,0.462,0.508196721,1.68852459,0.301,1,1.147540984,0.871,0.180327869,1.524590164,1.704918033,1.967213115,0.426229508,0.213114754,0.672131148,1.295081967,8,Guard,0.460004211,0.751203223,-0.275987586,-0.897051948,-0.142617638,-0.64816021,-0.537325003,-0.653356815,-0.051011019,0.380885098,0.597361402,-2.227263718,,,,,,,,
Tyrese Maxey,1630178,2021-22,0,1610612755,PHI,21,75,74,35.33333333,6.44,13.26666667,0.485,1.76,4.12,0.427,2.84,3.28,0.866,0.346666667,2.853333333,3.2,4.28,0.733333333,0.426666667,1.173333333,2.08,17.48,Guard,0.462807992,0.755690117,1.153753203,-0.280875896,1.071786368,0.141167364,-0.016130638,0.72829978,0.525007838,1.349982745,-0.006070414,4.666920348,,,,,,,,
Tyrese Maxey,1630178,2022-23,0,1610612755,PHI,22,60,41,33.6,7.316666667,15.21666667,0.481,2.666666667,6.15,0.434,3,3.55,0.845,0.383333333,2.55,2.933333333,3.533333333,0.816666667,0.133333333,1.333333333,2.2,20.3,Guard,0.462655303,0.754854145,1.579055843,-0.390778643,0.67972474,0.355353228,-0.732039377,1.729017705,0.493638972,1.169425985,-0.19870543,4.684693023,,,,,,,,
Tyrese Maxey,1630178,2023-24,0,1610612755,PHI,23,70,70,37.51428571,9.114285714,20.27142857,0.45,3.028571429,8.128571429,0.373,4.685714286,5.4,0.868,0.514285714,3.171428571,3.685714286,6.185714286,0.985714286,0.471428571,1.657142857,2.157142857,25.94285714,Guard,0.458201326,0.760106308,2.430092027,-0.080695895,2.072443661,0.78984455,0.093115174,2.128463935,-0.421402401,2.303809534,-0.588562009,8.727108575,,,,,,,,
Tyrese Maxey,1630178,2024-25,0,1610612755,PHI,24,52,52,37.69230769,9.173076923,20.98076923,0.437,3.096153846,9.192307692,0.337,4.884615385,5.557692308,0.879,0.288461538,3.057692308,3.346153846,6.096153846,1.75,0.403846154,2.384615385,2.230769231,26.32692308,Guard,0.455898749,0.761512929,2.488015522,-0.220640738,2.025417038,2.754234893,-0.071826336,2.203056879,-0.894452231,2.607617278,-1.46441627,9.427006036,,,,,,,,
Tyus Jones,1626145,2020-21,0,1610612763,MEM,25,70,9,17.47142857,2.542857143,5.9,0.431,0.642857143,2,0.321,0.585714286,0.642857143,0.911,0.3,1.7,2,3.7,0.914285714,0.085714286,0.685714286,0.442857143,6.314285714,Guard,0.458255762,0.75051714,-0.53022118,-0.775438254,0.767238496,0.606256666,-0.848258326,-0.504727662,-0.410218877,0.232702064,0.581007727,-0.881659346,,,,,,,,
Tyus Jones,1626145,2021-22,0,1610612763,MEM,26,73,23,21.21917808,3.410958904,7.561643836,0.451,1.095890411,2.808219178,0.39,0.739726027,0.904109589,0.818,0.232876712,2.178082192,2.410958904,4.438356164,0.904109589,0.02739726,0.630136986,0.438356164,8.657534247,Guard,0.459240718,0.749689001,-0.176820547,-0.606067584,1.154936424,0.580101681,-0.990586741,-0.004699892,-0.207865875,0.053837344,0.647921065,0.450755876,,,,,,,,
Tyus Jones,1626145,2022-23,0,1610612763,MEM,27,80,22,24.2375,3.8875,8.875,0.438,1.5125,4.075,0.371,1,1.25,0.8,0.35,2.15,2.5,5.2125,1.0375,0.075,0.925,0.4,10.2875,Guard,0.458081609,0.749711014,0.069005247,-0.569370605,1.561425834,0.922945765,-0.874407591,0.455125861,-0.445997475,0.058591604,0.292915182,1.470233822,,,,,,,,
Tyus Jones,1626145,2023-24,0,1610612764,WAS,28,66,66,29.28787879,4.939393939,10.09090909,0.489,1.606060606,3.878787879,0.414,0.484848485,0.606060606,0.8,0.303030303,2.409090909,2.712121212,7.348484848,1.075757576,0.272727273,1,0.727272727,11.96969697,Guard,0.462534465,0.749071109,0.322708372,-0.481947966,2.682994178,1.021276548,-0.39183481,0.55839179,0.468813514,-0.079617632,0.202617519,4.303401511,,,,,,,,
Tyus Jones,1626145,2024-25,0,1610612756,PHX,29,81,58,26.83950617,3.777777778,8.432098765,0.448,2.049382716,4.950617284,0.414,0.62962963,0.703703704,0.895,0.49382716,1.925925926,2.419753086,5.296296296,0.851851852,0.098765432,1.12345679,0.777777778,10.2345679,Guard,0.458941273,0.750487666,0.061022211,-0.602443191,1.605425806,0.445787259,-0.816405726,1.047701035,-0.269384989,0.2263362,0.05397939,1.752017994,,,,,,,,
Cody Martin,1628998,2022-23,0,1610612766,CHA,27,7,0,19.14285714,2,5.142857143,0.389,0.428571429,2,0.214,0.571428571,1,0.571,1.142857143,2.285714286,3.428571429,1.571428571,0.571428571,0.142857143,0.285714286,1.857142857,5,Forward,0.456397685,0.744974303,-0.728437203,-0.186673543,-0.35043719,-0.27496517,-0.708795585,-0.741241877,-0.791948949,-0.964462455,1.062595266,-3.684366707,,,,,,,,
Daniel Theis,1628464,2022-23,0,1610612754,IND,31,7,1,15.57142857,3,6.285714286,0.477,0.285714286,1.571428571,0.182,0.714285714,1.714285714,0.417,1,2.142857143,3.142857143,1.285714286,0.285714286,0.857142857,0.428571429,1,7,Forward-Center,0.46087728,0.73746637,-0.426804125,-0.304426485,-0.500460772,-1.009316699,1.034488676,-0.898918021,0.128355377,-2.586056242,0.890599716,-3.672538576,,,,,,,,
Victor Oladipo,203506,2022-23,0,1610612748,MIA,31,42,2,26.33333333,3.80952381,9.595238095,0.397,1.666666667,5.047619048,0.33,1.404761905,1.880952381,0.747,0.380952381,2.666666667,3.047619048,3.476190476,1.357142857,0.285714286,2.071428571,2.357142857,10.69047619,Guard,0.454360021,0.748401082,0.129780721,-0.343677466,0.649720024,1.744501539,-0.360138733,0.6252847,-1.210574076,-0.224332844,-1.087349102,-0.076785238,,,,,,,,
Gabriel Deck,1630466,2021-22,0,1610612760,OKC,27,7,0,8,1.142857143,2,0.571,0.285714286,0.571428571,0.5,0,0,0,0.142857143,0.714285714,0.857142857,0.714285714,0.142857143,0,0.285714286,0.285714286,2.571428571,Forward,0.462042992,0.748453789,-1.09470594,-1.246450023,-0.800507937,-1.376492464,-1.057452438,-0.898918021,0.367843519,-0.212948896,1.062595266,-5.257036934,,,,,,,,
Vince Williams Jr.,1631246,2023-24,0,1610612763,MEM,23,52,33,27.63461538,3.25,7.288461538,0.446,1.519230769,4.019230769,0.378,2,2.5,0.8,1.134615385,4.442307692,5.576923077,3.365384615,0.903846154,0.653846154,1.769230769,2.596153846,10.01923077,Guard,0.458922034,0.75090837,0.02854581,0.698738004,0.591537801,0.579424592,0.538323156,0.462554833,-0.27333743,0.317201603,-0.723512363,2.219476006,,,,,,,,
Vince Williams Jr.,1631246,2024-25,0,1610612763,MEM,24,27,5,18.48148148,2.481481481,6.185185185,0.401,0.962962963,3.518518519,0.274,0.703703704,0.888888889,0.792,0.814814815,2.814814815,3.62962963,2.037037037,0.444444444,0.259259259,1.222222222,1.666666667,6.62962963,Guard,0.456435089,0.749214421,-0.482662102,-0.103810361,-0.105954316,-0.601343628,-0.424704818,-0.151416304,-0.784264584,-0.048664391,-0.064931114,-2.767751617,,,,,,,,
Vít Krejčí,1630249,2022-23,0,1610612737,ATL,23,29,0,5.689655172,0.517241379,1.275862069,0.405,0.172413793,0.724137931,0.238,0.034482759,0.068965517,0.5,0.206896552,0.689655172,0.896551724,0.586206897,0.172413793,0.034482759,0.172413793,0.586206897,1.24137931,Guard,0.459172683,0.748111566,-1.295299366,-1.230208238,-0.867759887,-1.300525065,-0.973293887,-1.023971515,-0.221843228,-0.286863579,1.19900553,-6.000759235,,,,,,,,
Vít Krejčí,1630249,2023-24,0,1610612737,ATL,24,22,14,24.59090909,2.318181818,4.727272727,0.49,1.272727273,3.090909091,0.412,0.227272727,0.272727273,0.833,0.5,1.863636364,2.363636364,2.272727273,0.590909091,0.272727273,0.909090909,2.181818182,6.136363636,Guard,0.461224164,0.748912448,-0.557054772,-0.625570873,0.017802511,-0.224895747,-0.39183481,0.190480789,0.199620519,-0.113885777,0.312069232,-1.193268927,,,,,,,,
Vít Krejčí,1630249,2024-25,0,1610612737,ATL,25,57,16,20.22807018,2.543859649,5.122807018,0.497,1.578947368,3.614035088,0.437,0.561403509,0.789473684,0.711,0.385964912,2.350877193,2.736842105,2.578947368,0.631578947,0.456140351,0.877192982,1.842105263,7.228070175,Guard,0.461673557,0.747871606,-0.39240737,-0.471759613,0.178593336,-0.120364848,0.055802775,0.528466014,0.291945509,-0.338691203,0.350473342,0.082057942,,,,,,,,
Walker Kessler,1631117,2022-23,0,1610612762,UTA,21,74,40,23.01351351,4.027027027,5.594594595,0.72,0.013513514,0.040540541,0.333,1.108108108,2.148648649,0.516,3.121621622,5.256756757,8.378378378,0.932432432,0.351351351,2.337837838,0.783783784,2.283783784,9.175675676,Center,0.47364634,0.738876139,-0.09867625,1.853316619,-0.685962904,-0.840614322,4.648269835,-1.199354997,2.751677819,-2.281568783,0.462935107,4.610022123,,,,,,,,
Walker Kessler,1631117,2023-24,0,1610612762,UTA,22,64,22,23.328125,3.578125,5.46875,0.654,0.0625,0.296875,0.211,0.875,1.453125,0.602,2.578125,4.9375,7.515625,0.9375,0.46875,2.40625,1.03125,2.0625,8.09375,Center,0.469930171,0.744317681,-0.261848535,1.497745498,-0.683302013,-0.538872751,4.815236419,-1.145286996,1.988214326,-1.106282251,0.164993492,4.730597189,,,,,,,,
Walker Kessler,1631117,2024-25,0,1610612762,UTA,23,58,58,30,4.793103448,7.224137931,0.663,0.103448276,0.586206897,0.176,1.362068966,2.620689655,0.52,4.586206897,7.603448276,12.18965517,1.672413793,0.620689655,2.379310345,1.482758621,2.24137931,11.05172414,Center,0.473549982,0.737076012,0.184262887,3.424078314,-0.297411614,-0.148352837,4.749487552,-1.100091032,2.73188169,-2.670367514,-0.378608822,6.494878624,,,,,,,,
Wayne Ellington,201961,2020-21,0,1610612765,DET,33,46,31,22,3.239130435,7.347826087,0.441,2.52173913,5.97826087,0.422,0.608695652,0.760869565,0.8,0.260869565,1.586956522,1.847826087,1.456521739,0.391304348,0.195652174,0.717391304,1.282608696,9.608695652,Guard,0.458572644,0.74922643,-0.033369676,-0.838154495,-0.410772761,-0.737925916,-0.57994414,1.569056399,-0.345117358,-0.046070687,0.542869584,-0.879429051,,,,,,,,
Wayne Ellington,201961,2021-22,0,1610612747,LAL,34,43,9,18.8372093,2.279069767,5.511627907,0.414,1.906976744,4.906976744,0.389,0.209302326,0.255813953,0.818,0.23255814,1.558139535,1.790697674,0.697674419,0.534883721,0.11627907,0.441860465,0.976744186,6.674418605,Guard,0.457468054,0.748807796,-0.475907184,-0.86169913,-0.809230238,-0.368893853,-0.773661976,0.890522863,-0.572048378,-0.136489103,0.874600131,-2.232806869,,,,,,,,
Wendell Carter Jr.,1628976,2020-21,0,0,TOT,22,54,44,25.46296296,4.259259259,8.462962963,0.503,0.277777778,0.944444444,0.294,2.425925926,3.314814815,0.732,2.444444444,5.759259259,8.203703704,1.925925926,0.648148148,0.777777778,1.444444444,2.703703704,11.22222222,Forward-Center,0.463229606,0.747430785,0.209976817,1.78132702,-0.16429682,-0.077778185,0.840790425,-0.907677807,0.611625753,-0.43390144,-0.332479746,1.527586017,,,,,,,,
Wendell Carter Jr.,1628976,2021-22,0,1610612753,ORL,23,62,61,29.87096774,5.790322581,11.03225806,0.525,1.129032258,3.451612903,0.327,2.306451613,3.338709677,0.691,2.241935484,8.209677419,10.4516129,2.758064516,0.580645161,0.693548387,1.887096774,2.725806452,15.01612903,Forward-Center,0.466335834,0.744857498,0.782160711,2.707769746,0.272644622,-0.251276411,0.635220345,0.031879858,1.249780675,-0.98969046,-0.865419361,3.573069725,,,,,,,,
Wendell Carter Jr.,1628976,2022-23,0,1610612753,ORL,24,57,54,29.64912281,5.649122807,10.75438596,0.525,1.403508772,3.947368421,0.356,2.526315789,3.421052632,0.738,2.105263158,6.614035088,8.719298246,2.315789474,0.526315789,0.578947368,1.859649123,2.789473684,15.22807018,Forward-Center,0.466188651,0.747784334,0.814124942,1.99382173,0.040413721,-0.390915412,0.355525331,0.334828646,1.219542913,-0.357540394,-0.832373245,3.177428231,,,,,,,,
Wendell Carter Jr.,1628976,2023-24,0,1610612753,ORL,25,55,48,25.56363636,4.054545455,7.727272727,0.525,1.163636364,3.109090909,0.374,1.690909091,2.436363636,0.694,2.036363636,4.890909091,6.927272727,1.727272727,0.636363636,0.509090909,1.236363636,2.2,10.96363636,Forward-Center,0.464536065,0.745923689,0.170977793,1.255264759,-0.268606146,-0.108067095,0.185033799,0.070073552,0.880029549,-0.759410139,-0.081956936,1.343339136,,,,,,,,
Wendell Carter Jr.,1628976,2024-25,0,1610612753,ORL,26,68,51,25.85294118,3.323529412,7.220588235,0.46,0.544117647,2.323529412,0.234,1.897058824,2.573529412,0.737,2.220588235,5.014705882,7.235294118,1.970588235,0.764705882,0.602941176,1.132352941,2.926470588,9.088235294,Forward-Center,0.45987302,0.747893114,-0.111863705,1.382211247,-0.140845421,0.221802041,0.41408457,-0.613709703,-0.077963355,-0.33404576,0.043268701,0.782938614,,,,,,,,
Wenyen Gabriel,1629117,2021-22,0,0,TOT,25,26,5,13.80769231,2.076923077,4.230769231,0.491,0.307692308,1.076923077,0.286,0.961538462,1.615384615,0.595,1.5,2.230769231,3.730769231,0.538461538,0.192307692,0.423076923,0.615384615,2.615384615,5.423076923,Forward,0.461127681,0.743651211,-0.664630206,-0.062127161,-0.892830141,-1.249393162,-0.02489176,-0.874660153,0.179798627,-1.25022915,0.66568246,-4.173280647,,,,,,,,
Wenyen Gabriel,1629117,2022-23,0,1610612747,LAL,26,68,2,15.05882353,2.279411765,3.823529412,0.596,0.147058824,0.529411765,0.278,0.764705882,1.235294118,0.619,1.705882353,2.5,4.205882353,0.529411765,0.382352941,0.514705882,0.676470588,2.117647059,5.470588235,Forward,0.464877364,0.74533263,-0.657464714,0.133683727,-0.897582019,-0.760933094,0.198737691,-1.051956631,0.950147341,-0.887069539,0.592136852,-2.380300387,,,,,,,,
James Ennis III,203516,2021-22,0,0,TOT,31,7,0,8,1.571428571,3.428571429,0.458,0.428571429,1.142857143,0.375,0.571428571,0.714285714,0.8,0.714285714,1,1.714285714,0.428571429,0.285714286,0.285714286,0.285714286,0.714285714,4.142857143,Forward,0.459802067,0.749179792,-0.857708522,-0.893191196,-0.950531518,-1.009316699,-0.360138733,-0.741241877,-0.092540366,-0.056143819,1.062595266,-3.898217464,,,,,,,,
Jay Huff,1630643,2022-23,0,1610612764,WAS,25,7,0,13.57142857,2.142857143,3.571428571,0.6,0.857142857,1.714285714,0.5,2.142857143,2.285714286,0.938,0.857142857,2.142857143,3,1.428571429,0.428571429,0.571428571,0.714285714,2.142857143,7.285714286,Center,0.464696133,0.756739962,-0.383713685,-0.363302956,-0.425448981,-0.642140933,0.33717497,-0.268213447,0.912914465,1.576732509,0.546608618,1.290610559,,,,,,,,
Wesley Matthews,202083,2020-21,0,1610612747,LAL,34,58,10,19.48275862,1.534482759,4.344827586,0.353,1.137931034,3.396551724,0.335,0.603448276,0.706896552,0.854,0.344827586,1.25862069,1.603448276,0.931034483,0.655172414,0.293103448,0.448275862,1.379310345,4.810344828,Guard,0.455414134,0.749925191,-0.757040339,-0.938871217,-0.686696943,-0.059724203,-0.342104759,0.041701731,-0.994013239,0.104850598,0.866876193,-2.765022179,,,,,,,,
Wesley Matthews,202083,2021-22,0,1610612749,MIL,35,49,14,20.44897959,1.775510204,4.489795918,0.395,1.081632653,3.204081633,0.338,0.448979592,0.571428571,0.786,0.612244898,1.265306122,1.87755102,0.734693878,0.469387755,0.163265306,0.367346939,1.775510204,5.081632653,Guard,0.457076733,0.74887804,-0.716125649,-0.825903801,-0.789791966,-0.537233573,-0.658987464,-0.02043665,-0.652442839,-0.121317444,0.964312095,-3.357927291,,,,,,,,
Wesley Matthews,202083,2022-23,0,1610612749,MIL,36,52,0,15.76923077,1.115384615,3.076923077,0.363,0.75,2.384615385,0.315,0.461538462,0.538461538,0.857,0.653846154,1.519230769,2.173076923,0.653846154,0.384615385,0.25,0.346153846,1.365384615,3.442307692,Guard,0.456972394,0.749610293,-0.963362965,-0.704107145,-0.832243694,-0.755118092,-0.447302946,-0.386470555,-0.673878754,0.03683766,0.989827919,-3.735818573,,,,,,,,
Wesley Matthews,202083,2023-24,0,1610612737,ATL,37,36,3,11.47222222,0.944444444,2.694444444,0.351,0.666666667,1.916666667,0.348,0.5,0.666666667,0.75,0.25,1.222222222,1.472222222,0.638888889,0.444444444,0.305555556,0.222222222,1.194444444,3.055555556,Guard,0.457007538,0.748474134,-1.021691584,-0.992954106,-0.840097493,-0.601343628,-0.311714169,-0.478448305,-0.666658631,-0.208554725,1.139037733,-3.982424908,,,,,,,,
Will Barton,203115,2020-21,0,1610612743,DEN,30,56,52,31,4.625,10.85714286,0.426,1.75,4.589285714,0.381,1.696428571,2.160714286,0.785,0.696428571,3.339285714,4.035714286,3.232142857,0.892857143,0.410714286,1.714285714,1.696428571,12.69642857,Guard,0.456547289,0.749967685,0.432311516,0.06355146,0.521574881,0.551180303,-0.055063987,0.71726245,-0.761213785,0.114028622,-0.657360229,0.926271231,,,,,,,,
Will Barton,203115,2021-22,0,1610612743,DEN,31,71,71,32.05633803,5.521126761,12.61971831,0.438,2.211267606,6.056338028,0.365,1.436619718,1.788732394,0.803,0.61971831,4.169014085,4.788732394,3.887323944,0.774647887,0.436619718,1.788732394,1.605633803,14.69014085,Guard,0.457413875,0.750337762,0.732996302,0.373896802,0.865599028,0.247355285,0.008160758,1.226378731,-0.583179104,0.193959266,-0.746991712,2.318175354,,,,,,,,
Will Barton,203115,2022-23,0,0,TOT,32,56,2,17.73214286,2.464285714,6.5,0.379,1.178571429,3.214285714,0.367,0.660714286,0.839285714,0.787,0.267857143,2.178571429,2.446428571,2,0.5,0.232142857,0.857142857,1,6.767857143,Guard,0.454928499,0.749090133,-0.461815107,-0.591449282,-0.125401817,-0.458553052,-0.490885053,0.086557876,-1.093783848,-0.075508686,0.374613068,-2.836225901,,,,,,,,
Willie Cauley-Stein,1626161,2020-21,0,1610612742,DAL,27,53,16,17.09433962,2.169811321,3.433962264,0.632,0.018867925,0.20754717,0.091,0.924528302,1.471698113,0.628,1.245283019,3.20754717,4.452830189,0.660377358,0.396226415,0.811320755,0.547169811,2.433962264,5.283018868,Center,0.465578697,0.745009729,-0.685753277,0.235459647,-0.828814273,-0.72527507,0.922655347,-1.193445157,1.094231595,-0.95681098,0.747810959,-1.389941209,,,,,,,,
Willie Cauley-Stein,1626161,2021-22,0,0,TOT,28,20,2,9.15,0.8,1.75,0.457,0.05,0.1,0.5,0.05,0.1,0.5,0.65,1.35,2,0.5,0.3,0.15,0.35,0.95,1.7,Center,0.459814596,0.747957873,-1.226131781,-0.775438254,-0.913025623,-0.972599123,-0.691362743,-1.159083658,-0.089966217,-0.320058797,0.985197269,-5.162468928,,,,,,,,
Jaylen Hoard,1629658,2021-22,0,1610612760,OKC,23,7,5,34.28571429,6.285714286,12.85714286,0.489,1.285714286,3.571428571,0.36,0.857142857,2,0.429,4.285714286,7.714285714,12,2.428571429,0.857142857,0.714285714,1.142857143,2,14.71428571,Forward,0.46318316,0.736167105,0.736637746,3.345914724,0.099633556,0.459386361,0.685831823,0.204814984,0.602083772,-2.866676952,0.030621969,3.298247984,,,,,,,,
Justin Jackson,1628382,2021-22,0,0,TOT,27,7,0,5.142857143,0.714285714,2.142857143,0.333,0.428571429,1.285714286,0.333,0.285714286,0.285714286,1,0.142857143,0.857142857,1,0.285714286,0,0,0.142857143,0.428571429,2.142857143,Forward,0.457202372,0.749883029,-1.1593416,-1.187573552,-1.025543309,-1.74366823,-1.057452438,-0.741241877,-0.626631058,0.095744141,1.234590816,-6.211117107,,,,,,,,
Langston Galloway,204038,2021-22,0,0,TOT,30,7,0,15.28571429,0.857142857,3.714285714,0.231,0.285714286,2.285714286,0.125,0,0,0,0.428571429,2.142857143,2.571428571,1.714285714,0.142857143,0,0.857142857,1,2,Guard,0.451667626,0.748453789,-1.18088682,-0.53993237,-0.275425399,-1.376492464,-1.057452438,-0.898918021,-1.763709647,-0.212948896,0.374613068,-6.931152987,,,,,,,,
Micah Potter,1630695,2022-23,0,1610612762,UTA,25,7,0,7.428571429,1.428571429,2.142857143,0.667,0.571428571,1,0.571,0,0,0,0.428571429,1.857142857,2.285714286,0.571428571,0.142857143,0,0.285714286,0.714285714,3.428571429,Center,0.464209365,0.748453789,-0.965434621,-0.657685312,-0.875519728,-1.376492464,-1.057452438,-0.583565735,0.812911196,-0.212948896,1.062595266,-3.853592731,,,,,,,,
Zach Collins,1628380,2021-22,0,1610612759,SAS,24,28,4,17.92857143,2.714285714,5.535714286,0.49,0.5,1.464285714,0.341,1.857142857,2.321428571,0.8,1.642857143,3.821428571,5.464285714,2.178571429,0.464285714,0.821428571,1.607142857,2.392857143,7.785714286,Forward-Center,0.461444597,0.750740822,-0.308305416,0.652316171,-0.031637078,-0.550346994,0.947324462,-0.662403806,0.244907134,0.281013855,-0.528363567,0.044504762,,,,,,,,
Zach Collins,1628380,2022-23,0,1610612759,SAS,25,63,26,22.87301587,4.507936508,8.698412698,0.518,0.873015873,2.333333333,0.374,1.714285714,2.253968254,0.761,1.841269841,4.53968254,6.380952381,2.857142857,0.587301587,0.777777778,2.047619048,3.158730159,11.6031746,Forward-Center,0.464516102,0.748994968,0.267430736,1.03010686,0.324668929,-0.234167863,0.840790425,-0.250693876,0.87592828,-0.096062806,-1.058683178,1.699317509,,,,,,,,
Zach Collins,1628380,2023-24,0,1610612759,SAS,26,69,29,22.11594203,4.31884058,8.927536232,0.484,0.84057971,2.623188406,0.32,1.768115942,2.347826087,0.753,1.710144928,3.652173913,5.362318841,2.811594203,0.492753623,0.753623188,1.913043478,2.985507246,11.24637681,Forward-Center,0.461842014,0.748657689,0.213619729,0.610292023,0.300752126,-0.47717791,0.781838782,-0.286494739,0.326553878,-0.168909779,-0.896658385,0.403815724,,,,,,,,
Zach Collins,1628380,2024-25,0,0,TOT,27,64,12,15.265625,2.390625,4.71875,0.507,0.5,1.65625,0.302,1.078125,1.21875,0.885,1.59375,2.90625,4.5,1.734375,0.453125,0.453125,0.9375,2.0625,6.359375,Forward-Center,0.461987862,0.751702906,-0.52342097,0.254899991,-0.264876866,-0.5790326,0.048443515,-0.662403806,0.356517431,0.488808548,0.277865572,-0.603199186,,,,,,,,
Zach LaVine,203897,2020-21,0,1610612741,CHI,26,58,58,35.06896552,9.810344828,19.36206897,0.507,3.448275862,8.224137931,0.419,4.362068966,5.137931034,0.849,0.620689655,4.362068966,4.982758621,4.862068966,0.793103448,0.465517241,3.5,2.379310345,27.43103448,Guard,0.467509944,0.757823011,2.654533782,0.453861859,1.377420618,0.294790328,0.078687994,2.59170557,1.490994073,1.810653733,-2.807304598,7.945343358,,,,,,,,
Zach LaVine,203897,2021-22,0,1610612741,CHI,27,67,67,34.74626866,8.432835821,17.70149254,0.476,2.76119403,7.089552239,0.389,4.776119403,5.597014925,0.853,0.328358209,4.268656716,4.597014925,4.52238806,0.611940299,0.343283582,2.552238806,1.791044776,24.40298507,Guard,0.462290617,0.758978575,2.197853851,0.294883266,1.199060106,-0.170840697,-0.219635226,1.833350675,0.418716549,2.060237296,-1.666229646,5.947396172,,,,,,,,
Zach LaVine,203897,2022-23,0,1610612741,CHI,28,77,77,35.94805195,8.74025974,18.02597403,0.485,2.649350649,7.064935065,0.375,4.714285714,5.558441558,0.848,0.545454545,3.935064935,4.480519481,4.246753247,0.896103896,0.233766234,2.519480519,2.064935065,24.84415584,Guard,0.463702867,0.758413064,2.264389699,0.246871381,1.054329079,0.559525206,-0.486923043,1.709905444,0.708854395,1.938095848,-1.626789689,6.368258319,,,,,,,,
Zach LaVine,203897,2023-24,0,1610612741,CHI,29,25,23,34.88,6.8,15.04,0.452,2.36,6.76,0.349,3.52,4.12,0.854,0.32,4.84,5.16,3.92,0.84,0.32,2.08,2.28,19.48,Guard,0.458835754,0.756488718,1.455386281,0.526909287,0.882756655,0.415325269,-0.276461089,1.390539583,-0.291063099,1.5224679,-1.097668836,4.528191952,,,,,,,,
Zach LaVine,203897,2024-25,0,0,TOT,30,74,74,35.17567568,8.445945946,16.52702703,0.511,3.22972973,7.243243243,0.446,3.175675676,3.851351351,0.825,0.297297297,3.959459459,4.256756757,4.189189189,0.783783784,0.162162162,2.810810811,1.635135135,23.2972973,Guard,0.467116491,0.753928236,2.031097848,0.154650864,1.024103197,0.270836644,-0.661679795,2.350488991,1.41016174,0.969444387,-1.977542285,5.571561591,,,,,,,,
Zeke Nnaji,1630192,2021-22,0,1610612743,DEN,21,41,1,17.02439024,2.341463415,4.536585366,0.516,0.902439024,1.951219512,0.463,1,1.585365854,0.631,1.365853659,2.219512195,3.585365854,0.414634146,0.390243902,0.317073171,0.56097561,1.926829268,6.585365854,Forward-Center,0.462299998,0.744844098,-0.489337812,-0.122053025,-0.957849742,-0.740651507,-0.283604302,-0.218218573,0.420643825,-0.99258463,0.731189207,-2.652466559,,,,,,,,
Zeke Nnaji,1630192,2022-23,0,1610612743,DEN,22,53,5,13.73584906,2.075471698,3.698113208,0.561,0.320754717,1.226415094,0.262,0.754716981,1.169811321,0.645,1.226415094,1.377358491,2.603773585,0.339622642,0.320754717,0.433962264,0.58490566,1.981132075,5.226415094,Forward-Center,0.463470599,0.746088695,-0.694290062,-0.526601848,-0.997236973,-0.919254719,0.001674981,-0.860242741,0.661136418,-0.723771522,0.702378172,-3.356208293,,,,,,,,
Zeke Nnaji,1630192,2023-24,0,1610612743,DEN,23,58,0,9.931034483,1.189655172,2.568965517,0.463,0.103448276,0.396551724,0.261,0.724137931,1.068965517,0.677,1.051724138,1.120689655,2.172413793,0.551724138,0.25862069,0.655172414,0.465517241,1.396551724,3.206896552,Forward-Center,0.4599424,0.746958132,-0.998866859,-0.704380444,-0.885866181,-1.078953482,0.541560023,-1.100091032,-0.063709673,-0.5359869,0.846118109,-3.980176438,,,,,,,,
Zeke Nnaji,1630192,2024-25,0,1610612743,DEN,24,57,4,10.66666667,1.228070175,2.473684211,0.496,0.298245614,0.912280702,0.327,0.473684211,0.771929825,0.614,0.578947368,1,1.578947368,0.403508772,0.438596491,0.666666667,0.245614035,1.087719298,3.228070175,Forward-Center,0.460736168,0.746409571,-0.995673526,-0.948968906,-0.963691482,-0.616374215,0.569612874,-0.885086781,0.099364757,-0.654467406,1.110874719,-3.284409966,,,,,,,,
Ziaire Williams,1630533,2021-22,0,1610612763,MEM,20,62,31,21.70967742,3.080645161,6.838709677,0.45,1.225806452,3.903225806,0.314,0.693548387,0.887096774,0.782,0.419354839,1.661290323,2.080645161,1.048387097,0.564516129,0.193548387,0.661290323,1.822580645,8.080645161,Forward,0.45923247,0.749038588,-0.263824962,-0.742201536,-0.625077135,-0.292731739,-0.585078638,0.13869273,-0.209560389,-0.086641575,0.610413418,-2.056009826,,,,,,,,
Ziaire Williams,1630533,2022-23,0,1610612763,MEM,21,37,4,15.16216216,2.27027027,5.297297297,0.429,0.675675676,2.621621622,0.258,0.459459459,0.594594595,0.773,0.432432432,1.702702703,2.135135135,0.945945946,0.378378378,0.162162162,1,1.567567568,5.675675676,Forward,0.458311153,0.748742259,-0.626534136,-0.719744295,-0.678867194,-0.771148637,-0.661679795,-0.468504764,-0.39883914,-0.150643878,0.202617519,-4.27334432,,,,,,,,
Ziaire Williams,1630533,2023-24,0,1610612763,MEM,22,51,15,20.35294118,2.941176471,7.411764706,0.397,1.137254902,3.705882353,0.307,1.215686275,1.470588235,0.827,0.68627451,2.843137255,3.529411765,1.470588235,0.705882353,0.176470588,1.294117647,1.666666667,8.235294118,Forward,0.455526039,0.750697966,-0.240501341,-0.145113681,-0.40338669,0.070612022,-0.62675868,0.040955462,-0.971023022,0.271757686,-0.151490966,-2.15494921,,,,,,,,
Ziaire Williams,1630533,2024-25,0,1610612751,BKN,23,63,45,24.46031746,3.396825397,8.253968254,0.412,1.634920635,4.793650794,0.341,1.603174603,1.952380952,0.821,0.968253968,3.587301587,4.555555556,1.333333333,0.984126984,0.444444444,1.063492063,2.365079365,10.03174603,Forward,0.456214409,0.75118009,0.030433318,0.277796396,-0.475456842,0.785764819,0.027257768,0.590245557,-0.82960196,0.375888743,0.126175053,0.908502852,,,,,,,,
Zion Williamson,1629627,2020-21,0,1610612740,NOP,20,61,61,33.21311475,10.39344262,17,0.611,0.163934426,0.557377049,0.294,6.049180328,8.672131148,0.698,2.737704918,4.491803279,7.229508197,3.704918033,0.93442623,0.639344262,2.737704918,2.213114754,27,Forward,0.481823805,0.740996383,2.589526654,1.379826664,0.76982087,0.658022432,0.502929868,-1.033330472,4.431686041,-1.823629688,-1.889525067,5.585327301,,,,,,,,
Zion Williamson,1629627,2022-23,0,1610612740,NOP,22,29,29,32.96551724,9.827586207,16.17241379,0.608,0.24137931,0.655172414,0.368,6.103448276,8.551724138,0.714,2,4.965517241,6.965517241,4.586206897,1.103448276,0.551724138,3.413793103,2.24137931,26,Forward,0.480485951,0.743421669,2.438710115,1.271026673,1.232570262,1.092448025,0.289084371,-0.947851997,4.156832513,-1.299806638,-2.70351418,5.529499145,,,,,,,,
Zion Williamson,1629627,2023-24,0,1610612740,NOP,23,70,70,31.52857143,8.914285714,15.62857143,0.57,0.085714286,0.257142857,0.333,4.957142857,7.057142857,0.702,1.742857143,4.057142857,5.8,5.028571429,1.1,0.671428571,2.757142857,2.271428571,22.87142857,Forward,0.474750057,0.742708127,1.9668698,0.790675878,1.464848153,1.083585162,0.581234767,-1.119664622,2.978429438,-1.453920233,-1.91292774,4.379130602,,,,,,,,
Zion Williamson,1629627,2024-25,0,1610612740,NOP,24,30,30,28.56666667,9.6,16.93333333,0.567,0.1,0.433333333,0.231,5.266666667,8.033333333,0.656,2.533333333,4.666666667,7.2,5.3,1.233333333,0.9,3,2.733333333,24.56666667,Forward,0.475378437,0.735655763,2.222539743,1.367665295,1.607370556,1.426282542,1.139085732,-1.103897008,3.107525996,-2.977118619,-2.205320175,4.584134061,,,,,,,,
Victor Wembanyama,,2023-24,,,,20,71,71,29.7,7.8,16.7,0.465,1.8,,,4.1,5.2,0.796,2.3,8.4,10.6,3.9,1.2,3.6,3.7,2.2,21.4,Center,0.460598845,0.75293278,1.744954036,2.768925307,0.872255004,1.340608197,7.728700241,0.7724491,0.071152634,0.754441789,-3.048098367,13.00538794,39,SAS,5.5,0.325,6,11.2,0.534,0.519
Alperen Şengün,,2023-24,,,,21,63,63,32.5,8.4,15.6,0.537,0.5,,,3.9,5.6,0.693,2.9,6.4,9.3,5,1.2,0.7,2.6,3.3,21.1,Center,0.470273228,0.742868515,1.699709074,2.23314942,1.449845795,1.340608197,0.650966138,-0.662403806,2.058693334,-1.419279041,-1.723732636,5.627556477,41,HOU,1.8,0.297,7.8,13.8,0.567,0.553
Jimmy Butler,,2023-24,,,,34,60,60,34,6.6,13.2,0.499,1,,,6.6,7.7,0.858,1.8,3.6,5.3,5,1.3,0.3,1.7,1.1,20.8,Forward-Center,0.464427431,0.763072607,1.654464112,0.584608229,1.449845795,1.597631233,-0.325273048,-0.110537304,0.857711374,2.944483015,-0.640160674,8.012772732,44,MIA,2.4,0.414,5.6,10.8,0.519,0.537
Brandon Miller,,2023-24,,,,21,74,68,32.2,6.4,14.6,0.44,2.5,,,1.9,2.3,0.827,0.8,3.4,4.3,2.4,0.9,0.6,1.8,2.5,17.3,Forward,0.457333204,0.75190802,1.126606226,0.172472931,0.084631198,0.569539091,0.406906342,1.545062203,-0.599752531,0.533109992,-0.760557559,3.078017893,70,CHO,6.7,0.373,3.9,8,0.495,0.524
Chet Holmgren,,2023-24,,,,21,82,82,29.4,6.2,11.6,0.53,1.6,,,2.7,3.4,0.793,1.6,6.3,7.9,2.4,0.6,2.3,1.6,2.4,16.5,Center,0.467153989,0.751290064,1.005952995,1.656160003,0.084631198,-0.201530016,4.555922885,0.551702499,1.417865446,0.399641455,-0.519763789,8.950582676,80,OKC,4.3,0.37,4.6,7.4,0.623,0.598
GG Jackson II,,2023-24,,,,19,48,18,25.7,5,11.7,0.428,2.1,,,2.4,3.2,0.752,1.1,3,4.1,1.2,0.6,0.5,1.4,1.3,14.6,Forward-Center,0.456526277,0.748667095,0.719401571,0.090045872,-0.545467847,-0.201530016,0.162846545,1.103569001,-0.765530494,-0.166878212,-0.27897002,0.1174864,101,MEM,6,0.357,2.9,5.8,0.502,0.519
Scoot Henderson,,2023-24,,,,19,62,32,28.5,5,12.9,0.385,1.4,,,2.7,3.3,0.819,0.9,2.3,3.1,5.4,0.8,0.2,3.4,3.1,14,Guard,0.451309878,0.752821566,0.628911648,-0.322089426,1.65987881,0.312516055,-0.569332845,0.330955898,-1.837206727,0.730421287,-2.686907713,-1.752853014,107,POR,4.3,0.325,3.5,8.5,0.416,0.44
Keyonte George,,2023-24,,,,20,75,44,27,4.3,10.9,0.391,2,,,2.5,3,0.848,0.2,2.6,2.8,4.4,0.5,0.1,2.5,1.2,13,Guard,0.453095448,0.75408848,0.478095109,-0.445730016,1.134796272,-0.458553052,-0.813392641,0.993195701,-1.470372622,1.004054642,-1.603335751,-1.181242358,122,UTA,5.9,0.334,2.3,5,0.459,0.482
Cam Whitmore,,2023-24,,,,19,47,2,18.7,4.5,9.9,0.454,1.7,,,1.6,2.4,0.679,0.9,2.9,3.8,0.7,0.6,0.4,1,1.4,12.3,Forward,0.459335625,0.745272699,0.372523531,-0.033594718,-0.808009116,-0.201530016,-0.081213252,0.6620758,-0.188367859,-0.900013567,0.202617519,-0.975511677,132,HOU,4.7,0.359,2.8,5.3,0.538,0.539
Jaime Jaquez Jr.,,2023-24,,,,22,75,20,28.2,4.5,9.3,0.489,0.9,,,1.9,2.3,0.811,1.1,2.7,3.8,2.6,1,0.3,1.5,2.2,11.9,Forward,0.462342957,0.751204387,0.312196916,-0.033594718,0.189647705,0.826562126,-0.325273048,-0.220910604,0.429469396,0.381136497,-0.399366905,1.159867365,141,MIA,2.7,0.322,3.7,6.6,0.558,0.536
Jake LaRavia,,2023-24,,,,22,35,6,23,3.4,8.7,0.389,1.5,,,2.6,3.1,0.826,1.5,2.2,3.7,1.7,0.8,0.3,1.3,2,10.8,Forward-Center,0.454192136,0.752980969,0.146298723,-0.074808248,-0.282926578,0.312516055,-0.325273048,0.441329199,-1.245065031,0.764849852,-0.158573135,-0.421652212,165,MEM,4.5,0.34,1.9,4.2,0.442,0.477
Simone Fontecchio,,2023-24,,,,28,66,43,24.9,3.8,8.3,0.46,2,,,0.8,1,0.818,1,2.8,3.7,1.5,0.7,0.3,1,1.7,10.5,Forward,0.459874286,0.74981744,0.101053761,-0.074808248,-0.387943086,0.055493019,-0.325273048,0.993195701,-0.077703348,0.08157804,0.202617519,0.568210311,167,2TM,5.1,0.401,1.8,3.2,0.551,0.582
Dalano Banton,,2023-24,,,,24,54,9,19.4,3.7,9.3,0.404,1.1,,,1.7,2.2,0.783,0.8,2.5,3.3,2.4,0.6,0.4,1.4,1.2,10.3,Guard,0.455110569,0.749909759,0.070890454,-0.239662367,0.084631198,-0.201530016,-0.081213252,-0.000164003,-1.056378814,0.101517557,-0.27897002,-1.600879264,171,2TM,3.7,0.296,2.6,5.6,0.475,0.463
Nick Richards,,2023-24,,,,26,67,51,26.3,3.9,5.6,0.691,0,,,2,2.7,0.737,2.6,5.5,8,0.8,0.4,1.1,1.1,2.6,9.7,Center,0.472121072,0.747866972,-0.01959947,1.697373533,-0.755500862,-0.715576088,1.627205325,-1.214270308,2.438321073,-0.339691913,0.082220634,2.800481924,190,CHO,0,0,3.9,5.6,0.693,0.691
Amen Thompson,,2023-24,,,,21,62,23,22.4,3.9,7.2,0.536,0.1,,,1.7,2.5,0.684,2.4,4.2,6.6,2.6,1.3,0.6,1.5,2.3,9.5,Forward,0.464977474,0.745384561,-0.049762778,1.120384116,0.189647705,1.597631233,0.406906342,-1.103897008,0.970714172,-0.875853259,-0.399366905,1.856403619,193,HOU,0.9,0.138,3.7,6.3,0.595,0.545
Brandin Podziemski,,2023-24,,,,20,74,28,26.6,3.7,8.1,0.454,1.2,,,0.7,1.1,0.633,1.6,4.2,5.8,3.7,0.8,0.2,1.2,1.6,9.2,Guard,0.45942447,0.745968482,-0.095007739,0.790675878,0.767238496,0.312516055,-0.569332845,0.110209297,-0.170115255,-0.749735532,-0.038176251,0.358272105,201,GSW,3.2,0.385,2.4,4.9,0.499,0.529
Duop Reath,,2023-24,,,,27,68,20,17.9,3.4,7.3,0.461,1.3,,,1,1.4,0.742,1.4,2.3,3.7,1,0.5,0.6,0.8,2.4,9.1,Center,0.459941148,0.748278005,-0.110089393,-0.074808248,-0.650484354,-0.458553052,0.406906342,0.220582598,-0.063966987,-0.250915468,0.443411288,-0.537917275,202,POR,3.6,0.359,2.1,3.7,0.559,0.549
Dereck Lively II,,2023-24,,,,19,55,42,23.5,4,5.4,0.747,0,,,0.7,1.5,0.506,2.5,4.4,6.9,1.1,0.7,1.4,0.9,2.6,8.8,Center,0.474574812,0.741392028,-0.155334355,1.244024705,-0.597976101,0.055493019,2.359384715,-1.214270308,2.942426423,-1.738176743,0.323014403,3.21858576,206,DAL,0,0,4,5.3,0.752,0.747
Ausar Thompson,,2023-24,,,,21,63,38,25.1,3.7,7.6,0.483,0.3,,,1.1,1.9,0.597,2,4.3,6.4,1.9,1.1,0.9,1.3,2.8,8.8,Forward,0.461498004,0.742909238,-0.155334355,1.037957057,-0.177910071,1.083585162,1.139085732,-0.883150407,0.255879104,-1.410483594,-0.158573135,0.731055492,209,DET,1.8,0.186,3.3,5.8,0.575,0.505
Gradey Dick,,2023-24,,,,20,60,17,21.1,3.2,7.4,0.425,1.5,,,0.7,0.9,0.863,0.5,1.8,2.2,1.1,0.6,0,0.8,1.5,8.5,Guard,0.457461687,0.750479164,-0.200579317,-0.693011194,-0.597976101,-0.201530016,-1.057452438,0.441329199,-0.573356524,0.224499851,0.443411288,-2.214665253,213,TOR,4,0.365,1.7,3.4,0.495,0.524
Mãozinha Pereira,,2023-24,,,,23,7,1,17.4,2.6,5,0.514,0.7,,,1,1.4,0.7,1.6,3.7,5.3,0.3,0.9,0.6,0.7,1.4,6.9,Forward,0.462441764,0.747134036,-0.441885779,0.584608229,-1.018042131,0.569539091,0.406906342,-0.441657205,0.449768626,-0.497994521,0.563808173,0.175050825,263,MEM,1.9,0.385,1.9,3.1,0.591,0.586
Bilal Coulibaly,,2023-24,,,,19,63,15,27.2,3,6.9,0.435,1,,,1.5,2.1,0.702,0.9,3.2,4.1,1.7,0.9,0.8,1.4,2.2,8.4,Forward,0.458258982,0.746581371,-0.21566097,0.090045872,-0.282926578,0.569539091,0.895025935,-0.110537304,-0.40955731,-0.617361268,-0.27897002,-0.360402553,216,WAS,2.9,0.346,2,3.9,0.502,0.509
Marcus Sasser,,2023-24,,,,23,71,11,19,3.1,7.2,0.428,1.3,,,0.8,0.9,0.879,0.2,1.6,1.8,3.3,0.6,0.2,1.3,1.5,8.3,Guard,0.457723742,0.750762072,-0.230742624,-0.857865313,0.557205481,-0.201530016,-0.569332845,0.220582598,-0.519518908,0.285603399,-0.158573135,-1.474171364,219,DET,3.4,0.375,1.8,3.8,0.474,0.516
Nickeil Alexander-Walker,,2023-24,,,,25,82,20,23.4,2.9,6.6,0.439,1.6,,,0.6,0.8,0.8,0.4,1.6,2,2.5,0.8,0.5,0.9,1.7,8,Guard,0.458572094,0.74926554,-0.275987586,-0.775438254,0.137139452,0.312516055,0.162846545,0.551702499,-0.345230522,-0.037623534,0.323014403,0.052939058,226,MIN,4.1,0.391,1.3,2.5,0.517,0.56
Trayce Jackson-Davis,,2023-24,,,,23,68,16,16.6,3.4,4.9,0.702,0,,,1.1,1.9,0.561,2,3,5,1.2,0.4,1.1,0.7,1.6,7.9,Forward-Center,0.471174311,0.741591319,-0.29106924,0.46096764,-0.545467847,-0.715576088,1.627205325,-1.214270308,2.243814992,-1.69513312,0.563808173,0.434279526,230,GSW,0,0,3.4,4.9,0.704,0.702
Dante Exum,,2023-24,,,,28,55,17,19.8,2.9,5.5,0.533,1,,,1,1.2,0.779,0.5,2.3,2.7,2.9,0.4,0.1,0.9,1.5,7.8,Guard,0.463676637,0.749169716,-0.306150894,-0.486943545,0.347172467,-0.715576088,-0.813392641,-0.110537304,0.703465481,-0.058320106,0.323014403,-1.117268227,231,DAL,2,0.491,2,3.5,0.557,0.621
Jordan Hawkins,,2023-24,,,,21,67,10,17.3,2.6,6.8,0.382,1.6,,,1,1.2,0.838,0.4,1.8,2.2,1,0.3,0.1,0.6,1.1,7.8,Guard,0.454906228,0.750552528,-0.306150894,-0.693011194,-0.650484354,-0.972599123,-0.813392641,0.551702499,-1.098359297,0.240345365,0.684205057,-3.057744583,234,NOP,4.4,0.366,1,2.4,0.411,0.501
Jahmi'us Ramsey,,2023-24,,,,22,7,1,17.3,2.6,5.9,0.439,0.9,,,0.7,0.9,0.833,0.6,2.6,3.1,1.1,1,0,1,1.4,6.7,Guard,0.458701465,0.749948712,-0.472049087,-0.322089426,-0.597976101,0.826562126,-1.057452438,-0.220910604,-0.318651922,0.109930698,0.202617519,-1.850019236,275,TOR,3.1,0.273,1.7,2.7,0.632,0.512
Toumani Camara,,2023-24,,,,23,70,49,24.8,2.8,6.3,0.45,0.8,,,1.1,1.4,0.758,2,2.9,4.9,1.2,0.9,0.5,1.2,2.5,7.5,Forward-Center,0.459279259,0.748713802,-0.351395855,0.41975411,-0.545467847,0.569539091,0.162846545,-0.331283905,-0.199947982,-0.156790115,-0.038176251,-0.470922209,239,POR,2.5,0.337,2,3.8,0.523,0.516
Brice Sensabaugh,,2023-24,,,,20,32,11,18.3,2.7,6.8,0.39,1.1,,,1.2,1.3,0.902,0.5,2.7,3.2,1.7,0.4,0.2,1.5,1.3,7.5,Forward,0.455415592,0.752344823,-0.351395855,-0.280875896,-0.282926578,-0.715576088,-0.569332845,-0.000164003,-0.99371384,0.627452591,-0.399366905,-2.965899419,241,UTA,3.6,0.296,1.6,3.2,0.495,0.468
Taylor Hendricks,,2023-24,,,,20,40,23,21.4,2.7,6,0.45,1.3,,,0.6,0.7,0.793,1.2,3.5,4.6,0.8,0.7,0.8,0.7,1.9,7.3,Forward-Center,0.459305521,0.749068825,-0.381559163,0.29611352,-0.755500862,0.055493019,0.895025935,0.220582598,-0.19455261,-0.080110821,0.563808173,0.61929979,245,UTA,3.5,0.379,1.4,2.5,0.55,0.56
Kevin Knox,,2023-24,,,,24,31,11,18.1,2.8,6,0.462,1,,,0.6,0.7,0.909,0.6,1.8,2.4,0.7,0.4,0.2,0.7,1.6,7.2,Forward,0.459984766,0.750670403,-0.396640817,-0.610584135,-0.808009116,-0.715576088,-0.569332845,-0.110537304,-0.055005976,0.265804494,0.563808173,-2.436073613,249,DET,3,0.33,1.8,3,0.598,0.546
Vasilije Micić,,2023-24,,,,30,60,21,19.6,2.7,6.2,0.43,0.7,,,1,1.3,0.813,0.2,1.2,1.5,4.4,0.5,0.1,1.7,1.1,7,Guard,0.458120388,0.750089463,-0.426804125,-0.981505903,1.134796272,-0.458553052,-0.813392641,-0.441657205,-0.438030625,0.140330625,-0.640160674,-2.924977328,255,2TM,2.6,0.279,1.9,3.6,0.537,0.488
Javon Freeman-Liberty,,2023-24,,,,24,22,6,18.3,2.5,5.6,0.444,0.5,,,1.5,1.6,0.917,0.7,2.5,3.2,1.8,0.5,0.2,1.1,1.3,7,Guard,0.459022587,0.753680028,-0.426804125,-0.280875896,-0.230418325,-0.458553052,-0.569332845,-0.662403806,-0.25267953,0.915835497,0.082220634,-1.883011448,258,TOR,1.9,0.238,2,3.7,0.549,0.484
Zavier Simpson,,2023-24,,,,26,7,0,23,2.4,7.7,0.315,0.7,,,0.4,0.6,0.75,0.6,2.3,2.9,3.6,1,0.4,1.4,1.6,6,Guard,0.449506826,0.748472123,-0.577620664,-0.404516486,0.714730243,0.826562126,-0.081213252,-0.441657205,-2.207632198,-0.208988931,-0.27897002,-2.659306387,300,MEM,2.4,0.294,1.7,5.3,0.324,0.361
Trey Jemison,,2023-24,,,,24,25,14,22.9,3,5.4,0.551,0,,,0.8,1,0.84,2.6,2.8,5.4,1.1,0.5,1.1,1.4,2.8,6.8,Center,0.464533066,0.750248813,-0.456967433,0.625821759,-0.597976101,-0.458553052,1.627205325,-1.214270308,0.879413477,0.174747639,-0.27897002,0.300451286,267,2TM,0,,3,5.4,0.551,0.551
Julian Champagnie,,2023-24,,,,22,74,59,19.8,2.2,5.4,0.408,1.4,,,1,1.2,0.815,0.6,2.2,2.8,1.4,0.6,0.6,0.8,1,6.8,Forward,0.457206691,0.750013466,-0.456967433,-0.445730016,-0.440451339,-0.201530016,0.406906342,0.330955898,-0.625743927,0.123916453,0.443411288,-0.865232751,268,SAS,3.7,0.365,0.9,1.7,0.504,0.534
Cason Wallace,,2023-24,,,,20,82,13,20.6,2.6,5.4,0.491,1.2,,,0.4,0.5,0.784,0.6,1.6,2.3,1.5,0.9,0.5,0.5,1.6,6.8,Guard,0.461459062,0.748805732,-0.456967433,-0.651797665,-0.387943086,0.569539091,0.162846545,0.110209297,0.247878902,-0.136934882,0.804601942,0.261432712,272,OKC,2.9,0.419,1.5,2.5,0.572,0.602
Malik Williams,,2023-24,,,,25,7,2,15.3,1.3,4.9,0.265,0.1,,,0,0.3,0,2.1,3.3,5.4,0.3,0.4,0.6,0.4,2.1,2.7,Center,0.450761536,0.74398985,-1.075315242,0.625821759,-1.018042131,-0.715576088,0.406906342,-1.103897008,-1.949859923,-1.17708863,0.924998827,-5.082052094,465,TOR,0.7,0.2,1.1,4.1,0.276,0.279
D'Moi Hodge,,2023-24,,,,25,7,0,5.9,0.7,2.1,0.333,0.4,,,0.1,0.3,0.5,0,0,0,0.7,0.1,0.1,0.1,0.6,2,Guard,0.457254507,0.746971957,-1.18088682,-1.59970885,-0.808009116,-1.486645194,-0.813392641,-0.772777107,-0.615920303,-0.533000946,1.286189481,-6.524151495,501,LAL,1.7,0.25,0.3,0.4,0.667,0.433
Jordan Goodwin,,2023-24,,,,25,57,12,18.5,2.5,6.7,0.369,0.7,,,0.8,1,0.746,1.5,2.9,4.4,2.7,0.8,0.3,1,1.3,6.5,Guard,0.454158249,0.748405675,-0.502212394,0.213686461,0.242155959,0.312516055,-0.325273048,-0.441657205,-1.252026871,-0.223340647,0.202617519,-1.773534172,281,2TM,2.5,0.298,1.7,4.2,0.411,0.424
David Roddy,,2023-24,,,,22,65,13,18.1,2.5,6.3,0.403,0.7,,,0.7,1,0.691,0.8,2.4,3.2,1.2,0.4,0.2,0.9,1.1,6.5,Forward-Center,0.456493746,0.747327244,-0.502212394,-0.280875896,-0.545467847,-0.715576088,-0.569332845,-0.441657205,-0.772213892,-0.456264644,0.323014403,-3.960586408,282,2TM,2.5,0.293,1.8,3.8,0.478,0.462
Jason Preston,,2023-24,,,,24,7,0,10.1,0.9,2.7,0.316,0,,,0,0,,0.9,1.6,2.4,2.3,0.3,0.1,0.3,0.4,1.7,Guard,0.456081647,,-1.226131781,-0.610584135,0.032122944,-0.972599123,-0.813392641,-1.214270308,-0.856876912,,1.045395711,-4.616336246,514,UTA,0.4,0,0.9,2.3,0.375,0.316
Marcus Morris,,2023-24,,,,34,49,7,16.7,2.4,5.4,0.439,1,,,0.7,0.9,0.818,0.5,2.3,2.7,0.7,0.3,0.3,0.6,1.5,6.4,Forward-Center,0.458794926,0.749683486,-0.517294048,-0.486943545,-0.808009116,-0.972599123,-0.325273048,-0.110537304,-0.299451063,0.052646121,0.684205057,-2.783256069,286,2TM,2.4,0.403,1.4,3,0.469,0.53
Jared Butler,,2023-24,,,,23,40,0,14.2,2.5,5,0.488,0.6,,,0.8,0.9,0.861,0.2,1.2,1.5,3.2,0.7,0.2,1.3,1.5,6.3,Guard,0.461203668,0.7504438,-0.532375702,-0.981505903,0.504697228,0.055493019,-0.569332845,-0.552030506,0.195409815,0.216861907,-0.158573135,-1.821356121,289,WAS,2,0.308,1.9,3.1,0.602,0.547
Bruno Fernando,,2023-24,,,,25,45,2,15.2,2.4,4.2,0.583,0,,,1.4,2.1,0.667,1.3,3,4.3,1,0.6,0.6,1,2.4,6.3,Center,0.464827113,0.745170623,-0.532375702,0.172472931,-0.650484354,-0.201530016,0.406906342,-1.214270308,0.939823532,-0.922060484,0.202617519,-1.798900541,290,ATL,0.1,0,2.4,4.1,0.596,0.583
Vit Krejci,,2023-24,,,,23,22,14,24.6,2.3,4.7,0.49,1.3,,,0.2,0.3,0.833,0.5,1.9,2.4,2.3,0.6,0.3,0.9,2.2,6.1,Guard,0.461216668,0.748958041,-0.56253901,-0.610584135,0.032122944,-0.201530016,-0.325273048,0.220582598,0.198080584,-0.104038549,0.323014403,-1.030164229,297,ATL,3.1,0.412,1,1.6,0.639,0.625
Kris Murray,,2023-24,,,,23,62,29,21.7,2.3,5.9,0.396,0.8,,,0.6,0.9,0.661,1.4,2.2,3.6,1.3,0.9,0.3,0.9,1.5,6.1,Forward,0.456305809,0.746907455,-0.56253901,-0.116021777,-0.492959593,0.569539091,-0.325273048,-0.331283905,-0.810824305,-0.546932446,0.323014403,-2.29328059,298,POR,3,0.268,1.5,3,0.525,0.463
Alondes Williams,,2023-24,,,,24,7,0,2.3,0.3,1.1,0.25,0,,,0.1,0.1,1,0,0.1,0.1,0,0,0.1,0.3,0.3,0.7,Guard,0.457580467,0.748955877,-1.37694832,-1.55849532,-1.175566892,-1.74366823,-0.813392641,-1.214270308,-0.548953988,-0.104505833,1.045395711,-7.490405821,557,MIA,0.6,0,0.3,0.6,0.5,0.25
Tosan Evbuomwan,,2023-24,,,,22,17,8,21.6,2.1,4.2,0.507,0.7,,,1,1.5,0.68,1.1,2.5,3.5,0.9,0.4,0.3,0.5,1.4,5.9,Forward,0.461763773,0.746459989,-0.592702318,-0.157235307,-0.702992608,-0.715576088,-0.325273048,-0.441657205,0.310479821,-0.643577864,0.804601942,-2.463932675,301,2TM,1.9,0.375,1.4,2.3,0.615,0.592
Tyson Etienne,,2024-25,,,,25,7,0,21.6,2.4,7.4,0.327,1.9,,,1.1,1.4,0.8,0.4,0.9,1.3,1.7,0.4,0.1,1.1,2.4,7.9,Guard,0.450709359,0.749857771,-0.29106924,-1.063932962,-0.282926578,-0.715576088,-0.813392641,0.882822401,-1.960579416,0.090288938,0.082220634,-4.072144953,266,BRK,6.3,0.295,0.6,1.1,0.5,0.452
Nick Smith Jr.,,2023-24,,,,19,51,0,14.3,2.2,5.7,0.391,1.2,,,0.3,0.3,0.867,0.4,1.1,1.4,1.2,0.2,0.1,0.8,1.1,5.9,Guard,0.456150286,0.749160824,-0.592702318,-1.022719433,-0.545467847,-1.229622159,-0.813392641,0.110209297,-0.842775629,-0.060240586,0.443411288,-4.553300028,303,CHO,2.9,0.432,1,2.8,0.35,0.5
Ochai Agbaji,,2023-24,,,,23,78,28,21,2.3,5.6,0.411,0.8,,,0.5,0.7,0.661,0.9,1.8,2.8,1.1,0.6,0.6,0.8,1.5,5.8,Guard,0.457272587,0.74724634,-0.607783972,-0.445730016,-0.597976101,-0.201530016,0.406906342,-0.331283905,-0.612205926,-0.473738593,0.443411288,-2.419930898,304,2TM,2.7,0.294,1.5,2.8,0.523,0.483
Noah Clowney,,2023-24,,,,19,23,4,16.1,2.2,4,0.538,0.5,,,0.9,1.3,0.7,1.1,2.4,3.5,0.8,0.3,0.7,0.7,1.1,5.8,Forward-Center,0.462869088,0.747225915,-0.607783972,-0.157235307,-0.755500862,-0.972599123,0.650966138,-0.662403806,0.537559764,-0.478150074,0.563808173,-1.881339069,305,BRK,1.4,0.364,1.7,2.6,0.633,0.602
Torrey Craig,,2023-24,,,,33,53,14,19.8,2,4.7,0.43,1.1,,,0.5,0.7,0.75,1.3,2.8,4.1,1.1,0.6,0.4,0.6,2.1,5.7,Forward,0.458523259,0.748475137,-0.622865626,0.090045872,-0.597976101,-0.201530016,-0.081213252,-0.000164003,-0.355263358,-0.20833805,0.684205057,-1.293099476,309,CHI,2.9,0.392,0.9,1.8,0.49,0.55
Craig Porter Jr.,,2023-24,,,,23,51,6,12.7,2.3,4.5,0.509,0.2,,,0.8,1.1,0.732,0.4,1.7,2.1,2.3,0.4,0.3,0.9,0.8,5.6,Guard,0.461979762,0.748099598,-0.637947279,-0.734224724,0.032122944,-0.715576088,-0.325273048,-0.993523708,0.354853425,-0.289448542,0.323014403,-2.986002616,312,CLE,0.7,0.353,2,3.8,0.536,0.535
Daniss Jenkins,,2024-25,,,,23,7,0,3.3,0.4,1.4,0.3,0.1,,,0,0.3,0,0,0.3,0.3,0.4,0,0,0.1,0.3,1,Guard,0.457656659,0.74398985,-1.331703359,-1.47606826,-0.965533877,-1.74366823,-1.057452438,-1.103897008,-0.533300843,-1.17708863,1.286189481,-8.102523164,541,DET,1,0.143,0.3,0.4,0.667,0.35
Ricky Council IV,,2023-24,,,,22,32,0,9,1.7,3.5,0.482,0.4,,,1.7,2.2,0.746,0.4,1,1.4,0.5,0.3,0,0.2,0.5,5.4,Guard,0.460612417,0.748350372,-0.668110587,-1.022719433,-0.913025623,-0.972599123,-1.057452438,-0.772777107,0.073941011,-0.235285188,1.165792596,-4.402235892,319,PHI,1,0.375,1.3,2.5,0.525,0.536
Matt Ryan,,2023-24,,,,26,28,1,13.9,1.8,4,0.434,1.5,,,0.5,0.5,0.929,0.2,1.2,1.4,0.6,0.2,0,0.7,1.1,5.4,Forward,0.458869088,0.750241375,-0.668110587,-1.022719433,-0.860517369,-1.229622159,-1.057452438,0.441329199,-0.284214856,0.173141258,0.563808173,-3.944358213,323,NOP,3.3,0.451,0.3,0.8,0.364,0.615
Sasha Vezenkov,,2023-24,,,,28,42,0,12.2,2,4.5,0.44,1.1,,,0.3,0.4,0.8,0.7,1.6,2.3,0.5,0.5,0.2,0.3,1,5.4,Forward-Center,0.459008471,0.748862886,-0.668110587,-0.651797665,-0.913025623,-0.458553052,-0.569332845,-0.000164003,-0.255579636,-0.124590479,1.045395711,-2.595758179,325,SAC,2.9,0.375,0.9,1.7,0.549,0.558
Xavier Tillman Sr.,,2023-24,,,,25,54,15,18,2.2,5.2,0.434,0.4,,,0.4,0.9,0.44,1.3,2.6,3.9,1.4,0.9,0.8,0.6,1.4,5.3,Forward-Center,0.45858541,0.742999793,-0.683192241,0.007618812,-0.440451339,0.569539091,0.895025935,-0.772777107,-0.342494663,-1.390925206,0.684205057,-1.473451661,328,2TM,1.5,0.247,1.9,3.7,0.51,0.47
Stanley Umude,,2023-24,,,,24,24,2,12.8,1.5,3.5,0.44,1,,,1.2,1.3,0.906,0.3,1.8,2.1,0.5,0.3,0.3,0.6,1.7,5.3,Guard,0.459192127,0.752446188,-0.683192241,-0.734224724,-0.913025623,-0.972599123,-0.325273048,-0.110537304,-0.217848528,0.649345713,0.684205057,-2.623149821,333,DET,2.2,0.453,0.5,1.3,0.419,0.583
Brandon Boston Jr.,,2023-24,,,,22,32,0,10.8,2,5,0.404,0.4,,,0.7,1,0.697,0.6,1,1.6,0.4,0.3,0.3,0.8,1.3,5.2,Forward,0.457203668,0.747444891,-0.698273895,-0.940292373,-0.965533877,-0.972599123,-0.325273048,-0.772777107,-0.626364805,-0.430854753,0.443411288,-5.288557693,336,LAC,1.6,0.269,1.6,3.4,0.468,0.447
Monte Morris,,2023-24,,,,28,33,0,14.4,1.9,4.6,0.405,0.8,,,0.4,0.6,0.684,0.2,1.5,1.7,2.1,0.6,0.3,0.2,0.4,5,Guard,0.457451101,0.747689515,-0.728437203,-0.899078843,-0.072893563,-0.201530016,-0.325273048,-0.331283905,-0.575531313,-0.378019943,1.165792596,-2.346255238,342,2TM,2.1,0.386,1.1,2.5,0.422,0.493
Ulrich Chomche,,2024-25,,,,19,7,0,4.6,0.3,0.7,0.4,0,,,0.1,0.3,0.5,0.6,0.6,1.1,0.3,0,0.1,0.3,0.7,0.7,Forward-Center,0.459447718,0.746971957,-1.37694832,-1.146360022,-1.018042131,-1.74366823,-0.813392641,-1.214270308,-0.165339095,-0.533000946,1.045395711,-6.965625983,553,TOR,0,,0.3,0.7,0.4,0.4
Jalen Wilson,,2023-24,,,,23,43,3,15.4,1.8,4.2,0.425,0.6,,,0.9,1.1,0.826,1.1,2,3,1,0.3,0.1,0.4,1.1,5,Forward-Center,0.458458591,0.750123081,-0.728437203,-0.363302956,-0.650484354,-0.972599123,-0.813392641,-0.552030506,-0.36854892,0.147591631,0.924998827,-3.376205245,349,BRK,1.7,0.324,1.2,2.4,0.495,0.492
Jared Rhoden,,2023-24,,,,24,17,0,14.4,1.9,3.9,0.5,0.7,,,0.3,0.5,0.625,0.2,1.8,1.9,0.8,0.2,0.8,0.4,1.6,4.9,Guard,0.461370406,0.747231474,-0.743518857,-0.816651784,-0.755500862,-1.229622159,0.895025935,-0.441657205,0.229664994,-0.476949408,0.924998827,-2.414210518,352,DET,1.8,0.387,1.2,2.1,0.6,0.591
Kobe Bufkin,,2023-24,,,,20,17,0,11.5,2,5.4,0.37,0.5,,,0.2,0.5,0.5,0.4,1.6,1.9,1.6,0.4,0.3,0.6,1.2,4.8,Guard,0.455259821,0.74599385,-0.758600511,-0.816651784,-0.335434832,-0.715576088,-0.325273048,-0.662403806,-1.025715825,-0.744256425,0.684205057,-4.699707261,353,ATL,2.4,0.225,1.5,3.1,0.481,0.418
Facundo Campazzo,1630267,2022-23,0,1610612742,DAL,32,8,0,6.5,0.375,1.625,0.231,0.375,1.375,0.273,0.125,0.25,0.5,0,0.25,0.25,1.125,0.75,0,0.375,0.375,1.25,Guard,0.456204282,0.7472177,-1.293999224,-1.496675025,-0.584849037,0.184004537,-1.057452438,-0.800370432,-0.831682352,-0.479924321,0.955098048,-5.405850244,,,,,,,,
Eugene Omoruyi,,2023-24,,,,26,43,0,9.1,1.9,3.9,0.485,0.3,,,0.7,1.1,0.653,0.8,1.2,2,0.8,0.6,0.1,0.5,1.4,4.8,Forward,0.460807365,0.746399011,-0.758600511,-0.775438254,-0.755500862,-0.201530016,-0.813392641,-0.883150407,0.113991714,-0.656748261,0.804601942,-3.925767296,355,WAS,1.1,0.283,1.6,2.8,0.562,0.524
Kenneth Lofton Jr.,,2023-24,,,,21,21,0,9.5,1.7,3.7,0.462,0.3,,,0.8,1.2,0.654,0.6,1.2,1.8,1.6,0.3,0.2,0.7,1.1,4.6,Forward-Center,0.459940069,0.746240028,-0.788763818,-0.857865313,-0.335434832,-0.972599123,-0.569332845,-0.883150407,-0.064188611,-0.691085936,0.563808173,-4.598612714,357,3TM,1.1,0.292,1.4,2.6,0.537,0.506
Anthony Black,,2023-24,,,,20,69,33,16.9,1.7,3.6,0.466,0.5,,,0.7,1.2,0.613,0.5,1.5,2,1.3,0.5,0.3,0.8,1.6,4.6,Guard,0.460077077,0.745279091,-0.788763818,-0.775438254,-0.492959593,-0.458553052,-0.325273048,-0.662403806,-0.03604123,-0.898633128,0.443411288,-3.994654642,358,ORL,1.4,0.394,1.1,2.2,0.51,0.54
A.J. Green,,2023-24,,,,24,56,0,11,1.5,3.5,0.423,1.2,,,0.3,0.3,0.895,0.2,1,1.1,0.5,0.2,0.1,0.2,0.9,4.5,Guard,0.458617248,0.749327822,-0.803845472,-1.146360022,-0.913025623,-1.229622159,-0.813392641,0.110209297,-0.335953818,-0.024171676,1.165792596,-3.990369518,363,MIL,3,0.408,0.3,0.5,0.519,0.599
Jaylen Nowell,1629669,2024-25,0,1610612740,NOP,25,8,0,21,3.25,9.125,0.356,1,3.375,0.296,0.875,1.375,0.636,0.75,1.75,2.5,2.25,0.125,0.5,1,1.125,8.375,Guard,0.451178787,0.745444077,-0.219431384,-0.569370605,0.005868817,-1.422389435,0.162846545,-0.110537304,-1.864138365,-0.862998766,0.202617519,-4.677532979,,,,,,,,
Julian Strawther,,2023-24,,,,21,50,0,10.9,1.6,4.4,0.369,0.8,,,0.4,0.6,0.71,0.1,1.1,1.2,0.9,0.3,0.1,0.5,1.1,4.5,Forward,0.456034341,0.747997815,-0.803845472,-1.105146492,-0.702992608,-0.972599123,-0.813392641,-0.331283905,-0.866595736,-0.311431969,0.804601942,-5.102686005,366,DEN,2.8,0.297,0.8,1.7,0.488,0.462
Patrick Baldwin Jr.,,2023-24,,,,21,38,7,13,1.6,4.1,0.381,0.8,,,0.5,0.7,0.679,0.4,2.8,3.2,0.8,0.5,0.4,0.5,1.5,4.4,Forward,0.456757783,0.747494861,-0.818927126,-0.280875896,-0.755500862,-0.458553052,-0.081213252,-0.331283905,-0.717969187,-0.420062079,0.804601942,-3.059783417,369,WAS,2.6,0.32,0.7,1.5,0.483,0.481
MarJon Beauchamp,,2023-24,,,,23,48,1,12.7,1.7,3.5,0.488,0.6,,,0.4,0.6,0.679,0.5,1.6,2.1,0.6,0.3,0.1,0.6,1.1,4.4,Forward,0.460815316,0.747630226,-0.818927126,-0.734224724,-0.860517369,-0.972599123,-0.813392641,-0.552030506,0.115625231,-0.390825322,0.684205057,-4.342686524,372,MIL,1.6,0.4,1.1,1.9,0.56,0.578
Jontay Porter,,2023-24,,,,24,26,5,13.8,1.5,4,0.385,0.8,,,0.6,0.7,0.833,1,2.2,3.2,2.3,0.8,0.8,0.8,1.3,4.4,Forward-Center,0.456984473,0.749621094,-0.818927126,-0.280875896,0.032122944,0.312516055,0.895025935,-0.331283905,-0.671397129,0.039170322,0.443411288,-0.380237512,375,TOR,2.3,0.333,0.8,1.7,0.455,0.481
Lester Quiñones,,2023-24,,,,23,37,0,10.6,1.5,3.8,0.397,0.9,,,0.5,0.8,0.69,0.6,1.4,1.9,1,0.2,0.1,0.5,1.2,4.4,Guard,0.457562478,0.747533257,-0.818927126,-0.816651784,-0.650484354,-1.229622159,-0.813392641,-0.220910604,-0.552649717,-0.411769167,0.804601942,-4.709805611,376,GSW,2.4,0.364,0.6,1.4,0.453,0.511
Ben Sheppard,,2023-24,,,,22,57,1,14.3,1.6,4,0.393,0.9,,,0.4,0.5,0.885,0.3,1.3,1.6,0.9,0.6,0,0.3,1.5,4.4,Guard,0.457292165,0.749805732,-0.818927126,-0.940292373,-0.702992608,-0.201530016,-1.057452438,-0.220910604,-0.608183697,0.079049188,1.045395711,-3.425843964,377,IND,2.7,0.314,0.7,1.3,0.562,0.5
Josh Richardson,1626196,2024-25,0,1610612748,MIA,31,8,0,18.625,1.375,4.75,0.289,0.75,2.75,0.273,0.5,0.5,1,0.75,0.75,1.5,1.5,1,0.125,1,2.125,4,Guard,0.452115849,0.750944345,-0.879253742,-0.981505903,-0.387943086,0.826562126,-0.752377692,-0.386470555,-1.67162502,0.324971644,0.202617519,-3.705024709,,,,,,,,
Jacob Gilyard,,2023-24,,,,25,41,14,17,1.5,3.7,0.4,1.2,,,0,0,1,0.2,0.9,1.1,3.3,0.8,0.1,0.7,1,4.2,Guard,0.457727919,0.748453789,-0.849090434,-1.146360022,0.557205481,0.312516055,-0.813392641,0.110209297,-0.518660882,-0.212948896,0.563808173,-1.996713869,385,2TM,3.1,0.405,0.2,0.6,0.375,0.57
Troy Brown Jr.,,2023-24,,,,24,59,15,14,1.4,3.8,0.372,0.8,,,0.5,0.6,0.865,0.4,2,2.4,1,0.4,0.1,0.5,0.7,4.2,Forward,0.456647256,0.74983576,-0.849090434,-0.610584135,-0.650484354,-0.715576088,-0.813392641,-0.331283905,-0.740676184,0.0855348,0.804601942,-3.820950999,387,2TM,2.4,0.333,0.6,1.4,0.435,0.476
Max Christie,,2023-24,,,,20,67,7,14.1,1.5,3.6,0.427,0.6,,,0.5,0.7,0.783,0.2,1.9,2.1,0.9,0.3,0.3,0.5,0.9,4.2,Guard,0.458721865,0.748930758,-0.849090434,-0.734224724,-0.702992608,-0.972599123,-0.325273048,-0.552030506,-0.31446101,-0.109931107,0.804601942,-3.756000618,388,LAL,1.8,0.356,0.9,1.8,0.496,0.515
Ashton Hagans,,2023-24,,,,24,19,1,16.6,1.5,3.7,0.408,0.4,,,0.7,0.9,0.824,0.7,1.6,2.4,2.8,0.6,0.5,1.6,2.1,4.2,Guard,0.458013358,0.749789576,-0.849090434,-0.610584135,0.294664213,-0.201530016,0.162846545,-0.772777107,-0.460019299,0.075559952,-0.519763789,-2.88069407,389,POR,1.3,0.32,1.1,2.4,0.457,0.465
Skylar Mays,,2023-24,,,,26,38,5,11.4,1.7,4.2,0.396,0.4,,,0.3,0.4,0.765,0.3,0.9,1.1,2.2,0.6,0.1,0.5,0.7,4.1,Guard,0.457289685,0.748585108,-0.864172088,-1.146360022,-0.02038531,-0.201530016,-0.813392641,-0.772777107,-0.60869323,-0.184586054,0.804601942,-3.807294526,391,2TM,1.4,0.296,1.2,2.8,0.448,0.447
Sandro Mamukelashvili,,2023-24,,,,24,46,5,9.8,1.6,3.4,0.471,0.4,,,0.5,0.7,0.735,1,2.2,3.2,1.1,0.2,0.3,0.4,0.8,4.1,Center,0.460230031,0.748268036,-0.864172088,-0.280875896,-0.597976101,-1.229622159,-0.325273048,-0.772777107,-0.004617858,-0.253068478,0.924998827,-3.403383908,392,SAS,1.4,0.297,1.2,2,0.593,0.532
Luka Šamanić,,2023-24,,,,24,43,7,9.4,1.4,3.7,0.38,0.3,,,1,1.3,0.786,0.5,1.9,2.4,0.4,0.1,0.2,0.7,0.7,4.1,Forward-Center,0.457014322,0.749405252,-0.864172088,-0.610584135,-0.965533877,-1.486645194,-0.569332845,-0.883150407,-0.66526484,-0.007447949,0.563808173,-5.488323163,393,UTA,1.5,0.203,1.1,2.2,0.5,0.421
Markelle Fultz,1628365,2020-21,0,1610612753,ORL,23,8,8,26.875,5.125,13,0.394,0.5,2,0.25,2.125,2.375,0.895,0.625,2.5,3.125,5.375,1,0.25,2.25,2.25,12.875,Guard,0.452286595,0.755099082,0.459243041,-0.311786044,1.646751746,0.826562126,-0.447302946,-0.662403806,-1.636546432,1.222328658,-1.30234354,-0.205497196,,,,,,,,
Otto Porter Jr.,203490,2022-23,0,1610612761,TOR,30,8,2,18.25,1.875,3.75,0.5,0.75,2.125,0.353,1,1,1,0.75,1.625,2.375,1,1.375,0,0.5,0.875,5.5,Forward,0.461314556,0.753386068,-0.653028933,-0.620887517,-0.650484354,1.79039851,-1.057452438,-0.386470555,0.218190963,0.852344721,0.804601942,0.297212338,,,,,,,,
R.J. Hampton,1630181,2023-24,0,1610612748,MIA,23,8,2,9.5,0.5,1.75,0.286,0.125,1,0.125,0.125,0.25,0.5,0.25,0.5,0.75,1,0,0,0.375,1,1.25,Guard,0.456873564,0.7472177,-1.293999224,-1.290607376,-0.650484354,-1.74366823,-1.057452438,-1.076303683,-0.694182569,-0.479924321,0.955098048,-7.331524147,,,,,,,,
Rayan Rupert,,2023-24,,,,19,39,12,16.2,1.4,4.1,0.335,0.7,,,0.5,0.6,0.76,0.6,1.7,2.4,1.6,0.3,0.1,0.8,1.4,4,Guard,0.454946063,0.7485907,-0.879253742,-0.610584135,-0.335434832,-0.972599123,-0.813392641,-0.441657205,-1.090175463,-0.183378172,0.443411288,-4.883064026,404,POR,2,0.359,0.7,2.1,0.313,0.422
Victor Oladipo,203506,2021-22,0,1610612748,MIA,30,8,1,21.625,4.375,9.125,0.479,1.875,4.5,0.417,1.75,2.375,0.737,0.375,2.5,2.875,3.5,0.625,0.125,2,1.625,12.375,Guard,0.461464011,0.747934405,0.383834772,-0.414819868,0.662221989,-0.137274257,-0.752377692,0.855229075,0.248895516,-0.325127613,-1.001351328,-0.480769407,,,,,,,,
Jules Bernard,,2023-24,,,,24,19,0,7.8,1.5,3.4,0.453,0.6,,,0.3,0.5,0.556,0.5,0.8,1.4,0.8,0.2,0.1,0.4,0.7,3.9,Guard,0.459638155,0.746548306,-0.894335396,-1.022719433,-0.755500862,-1.229622159,-0.813392641,-0.552030506,-0.126215069,-0.624502882,0.924998827,-5.09332012,407,WAS,1.5,0.379,0.9,1.8,0.514,0.539
Matthew Hurt,,2023-24,,,,23,8,0,14.1,1.5,4.3,0.353,0.6,,,0.4,0.4,1,1.1,0.9,2,0.5,0.4,0.4,0.3,1,4,Forward-Center,0.455458151,0.750450187,-0.879253742,-0.775438254,-0.913025623,-0.715576088,-0.081213252,-0.552030506,-0.984970215,0.218241378,1.045395711,-3.637870589,401,MEM,2.5,0.25,0.9,1.8,0.5,0.426
Oscar Tshiebwe,,2023-24,,,,24,8,0,5.3,1.3,2.5,0.5,0,,,0.8,1,0.75,1,1,2,0.3,0.3,0.1,0,0.4,3.3,Forward-Center,0.460842782,0.748484107,-0.984825319,-0.775438254,-1.018042131,-0.972599123,-0.813392641,-1.214270308,0.121268048,-0.20640072,1.406586365,-4.457114083,441,IND,0,,1.3,2.5,0.5,0.5
JD Davison,,2023-24,,,,21,8,0,4.9,0.6,1.5,0.417,0.4,,,0.4,0.5,0.75,0.3,1,1.3,1.3,0.1,0.1,0.3,0.5,2,Guard,0.459230396,0.748469098,-1.18088682,-1.063932962,-0.492959593,-1.486645194,-0.813392641,-0.772777107,-0.209986504,-0.209642391,1.045395711,-5.184827501,498,BOS,0.9,0.429,0.3,0.6,0.4,0.542
Collin Gillespie,,2023-24,,,,24,24,0,9.4,1.3,2.9,0.464,0.6,,,0.3,0.5,0.667,0,0.8,0.9,1.1,0.5,0,0.6,1,3.6,Guard,0.45998042,0.747647316,-0.939580357,-1.228787081,-0.597976101,-0.458553052,-1.057452438,-0.552030506,-0.055898879,-0.38713425,0.684205057,-4.593207607,419,DEN,1.6,0.395,0.7,1.3,0.548,0.572
Gui Santos,,2023-24,,,,21,23,0,8.3,1.2,2.4,0.509,0.4,,,0.7,0.7,0.941,0.7,1.4,2.1,0.6,0.2,0.1,0.3,1,3.6,Forward-Center,0.46101548,0.751112218,-0.939580357,-0.734224724,-0.860517369,-1.229622159,-0.813392641,-0.772777107,0.156747762,0.361229409,1.045395711,-3.786741475,420,GSW,1.2,0.37,0.8,1.2,0.643,0.6
Jarace Walker,,2023-24,,,,20,33,0,10.3,1.4,3.3,0.409,0.7,,,0.2,0.3,0.889,0.4,1.5,1.9,1.2,0.5,0.3,0.5,0.9,3.6,Forward-Center,0.458238966,0.749292037,-0.939580357,-0.816651784,-0.545467847,-0.458553052,-0.325273048,-0.441657205,-0.413669494,-0.031900728,0.804601942,-3.168151573,421,IND,1.7,0.4,0.7,1.7,0.418,0.509
Théo Maledon,,2023-24,,,,22,17,1,12.5,1.2,4.1,0.286,0.3,,,0.8,0.9,0.933,0.2,1.2,1.4,1.6,0.4,0,1.1,1.2,3.5,Guard,0.453016188,0.751716885,-0.954662011,-1.022719433,-0.335434832,-0.715576088,-1.057452438,-0.883150407,-1.486656062,0.491827874,0.082220634,-5.881602762,423,2TM,1.8,0.167,0.9,2.4,0.375,0.321
Onuralp Bitim,,2023-24,,,,24,23,1,11.7,1.4,3.7,0.381,0.5,,,0.2,0.2,0.8,0.3,1.1,1.4,0.6,0.1,0.1,0.4,1,3.5,Guard,0.457050002,0.748659152,-0.954662011,-1.022719433,-0.860517369,-1.486645194,-0.813392641,-0.662403806,-0.657934642,-0.168593675,0.924998827,-5.701869945,424,CHI,1.9,0.273,0.9,1.7,0.5,0.452
Jordan Miller,,2023-24,,,,24,8,0,3.5,0.6,1.1,0.556,0.1,,,0.3,0.3,1,0.4,0.3,0.6,0,0,0,0.1,0.3,1.6,Forward,0.460909844,0.749954064,-1.241213435,-1.352427671,-1.175566892,-1.74366823,-1.057452438,-1.103897008,0.135045362,0.111086737,1.286189481,-6.141904094,519,LAC,0.3,0.5,0.5,0.9,0.571,0.611
Charlie Brown Jr.,,2023-24,,,,26,8,0,4.6,0.3,1.3,0.2,0.3,,,0,0,,0.1,0.1,0.3,0,0,0.3,0.3,0.6,0.8,Guard,0.456528975,,-1.361866666,-1.47606826,-1.175566892,-1.74366823,-0.325273048,-0.883150407,-0.764976254,,1.045395711,-6.685174046,550,NYK,0.9,0.286,0,0.4,0,0.3
Yuta Watanabe,,2023-24,,,,29,34,0,13.6,1.2,3.4,0.353,0.7,,,0.3,0.5,0.588,0.3,1.3,1.6,0.4,0.4,0.2,0.6,1.1,3.4,Forward,0.456349953,0.746865137,-0.969743665,-0.940292373,-0.965533877,-0.715576088,-0.569332845,-0.441657205,-0.801755134,-0.556072285,0.684205057,-5.275758414,428,2TM,2.5,0.294,0.5,0.9,0.516,0.461
E.J. Liddell,,2023-24,,,,23,8,0,2.9,0.1,0.8,0.167,0,,,0.3,0.3,1,0,0.6,0.6,0.1,0.3,0.3,0.3,0.3,0.5,Forward-Center,0.457539536,0.749954064,-1.407111628,-1.352427671,-1.123058638,-0.972599123,-0.325273048,-1.214270308,-0.557363033,0.111086737,1.045395711,-5.795621001,560,NOP,0.6,0,0.1,0.1,1,0.167
Jaden Springer,,2023-24,,,,21,49,2,10.3,1.2,3,0.399,0.2,,,0.7,0.9,0.833,0.7,0.9,1.6,0.9,0.7,0.3,0.7,1.3,3.3,Guard,0.458091118,0.749948712,-0.984825319,-0.940292373,-0.702992608,0.055493019,-0.325273048,-0.993523708,-0.44404386,0.109930698,0.563808173,-3.661719026,434,2TM,1,0.208,1,2,0.49,0.432
Terquavion Smith,,2023-24,,,,21,16,0,5.3,1.1,2.9,0.391,0.8,,,0.2,0.3,0.6,0,0.3,0.3,0.8,0.5,0,0.4,0.5,3.3,Guard,0.457923082,0.747568379,-0.984825319,-1.47606826,-0.755500862,-0.458553052,-1.057452438,-0.331283905,-0.478565757,-0.40418341,0.924998827,-5.021434176,438,PHI,2.2,0.371,0.3,0.7,0.455,0.533
Pete Nance,,2023-24,,,,23,8,0,3.4,0.1,0.8,0.167,0.1,,,0,0.3,0,0,0.4,0.4,0,0.1,0,0.1,0.3,0.4,Forward-Center,0.457539536,0.74398985,-1.422193282,-1.43485473,-1.175566892,-1.486645194,-1.057452438,-1.103897008,-0.557363033,-1.17708863,1.286189481,-8.128871727,561,CLE,0.1,1,0,0.6,0,0.25
A.J. Lawson,,2023-24,,,,23,42,0,7.4,1.3,2.9,0.446,0.3,,,0.4,0.5,0.652,0.3,0.9,1.2,0.5,0.2,0.1,0.3,0.5,3.2,Guard,0.459473131,0.747498801,-0.999906973,-1.105146492,-0.913025623,-1.229622159,-0.813392641,-0.883150407,-0.160118109,-0.419211092,1.045395711,-5.478177786,443,DAL,1.2,0.26,1,1.7,0.577,0.5
Bobi Klintman,,2024-25,,,,21,8,0,5.3,0.8,1.3,0.6,0.3,,,0.1,0.3,0.5,0.1,0.8,0.9,0.9,0.3,0.1,0.1,1,1.9,Forward,0.461662243,0.746971957,-1.195968473,-1.228787081,-0.702992608,-0.972599123,-0.813392641,-0.883150407,0.289620988,-0.533000946,1.286189481,-4.754080812,508,DET,0.6,0.4,0.5,0.6,0.8,0.7
JT Thor,,2023-24,,,,21,63,3,12.4,1.3,2.9,0.437,0.4,,,0.2,0.3,0.55,0.7,1.6,2.3,0.5,0.2,0.4,0.2,1,3.2,Forward-Center,0.459219487,0.747270168,-0.999906973,-0.651797665,-0.913025623,-1.229622159,-0.081213252,-0.772777107,-0.212227725,-0.468592178,1.165792596,-4.163370084,447,CHO,1.3,0.346,0.8,1.6,0.51,0.514
Olivier-Maxence Prosper,,2023-24,,,,21,40,1,8.4,1,2.6,0.385,0.3,,,0.7,1,0.683,0.6,1.4,2,0.6,0.2,0.1,0.2,0.5,3,Forward-Center,0.457966717,0.747170381,-1.030070281,-0.775438254,-0.860517369,-1.229622159,-0.813392641,-0.883150407,-0.469601276,-0.490144498,1.165792596,-5.386144289,455,DAL,1.1,0.289,0.7,1.5,0.458,0.447
Jalen Bridges,,2024-25,,,,23,8,0,3.8,0.3,0.9,0.286,0.3,,,0.4,0.5,0.75,0,0.5,0.5,0,0,0,0.5,0,1.1,Forward,0.458313034,0.748469098,-1.316621705,-1.393641201,-1.175566892,-1.74366823,-1.057452438,-0.883150407,-0.398452577,-0.209642391,0.804601942,-7.373593898,539,PHO,0.9,0.286,0,0,,0.429
Jeenathan Williams,,2023-24,,,,24,22,0,5.9,1.2,2.3,0.54,0.1,,,0.3,0.6,0.538,0.5,0.5,1,0.3,0.2,0,0.2,0.5,2.9,Guard,0.461665544,0.745958289,-1.045151935,-1.187573552,-1.018042131,-1.229622159,-1.057452438,-1.103897008,0.290299288,-0.751937028,1.165792596,-5.937584365,458,HOU,0.2,0.4,1.1,2,0.556,0.56
Tristen Newton,,2024-25,,,,23,8,0,2,0.1,1,0.125,0,,,0.1,0.1,1,0.3,0.3,0.5,0.3,0.1,0,0.3,0.5,0.4,Guard,0.456548368,0.748955877,-1.422193282,-1.393641201,-1.018042131,-1.486645194,-1.057452438,-1.214270308,-0.760992086,-0.104505833,1.045395711,-7.412346762,558,2TM,0.4,0,0.1,0.6,0.2,0.125
Cassius Stanley,1630199,2021-22,0,1610612765,DET,22,9,1,17.22222222,2.111111111,5.111111111,0.413,0.444444444,1.888888889,0.235,1.111111111,1.111111111,1,0.555555556,1.555555556,2.111111111,0.444444444,0.555555556,0.222222222,0.666666667,1.888888889,5.777777778,Guard,0.45758506,0.753922185,-0.61113545,-0.729645443,-0.942196875,-0.315762475,-0.515097335,-0.723722307,-0.548010347,0.968137505,0.603940467,-2.813492261,,,,,,,,
Orlando Robinson,,2023-24,,,,23,36,7,8.4,1,2,0.5,0.2,,,0.5,0.7,0.76,0.8,1.6,2.3,0.9,0.2,0.2,0.5,1,2.8,Center,0.460650835,0.748613204,-1.060233588,-0.651797665,-0.702992608,-1.229622159,-0.569332845,-0.993523708,0.081833725,-0.178517764,0.804601942,-4.499584669,461,MIA,0.4,0.533,0.8,1.6,0.491,0.556
Chuma Okeke,1629643,2024-25,0,0,TOT,26,9,3,21.88888889,2.222222222,4.444444444,0.5,1.222222222,3.111111111,0.393,0.222222222,0.333333333,0.667,2.333333333,2.888888889,5.222222222,1.666666667,0.555555556,0.444444444,0.333333333,0.555555556,5.888888889,Forward,0.461571773,0.74791436,-0.594378057,0.552553261,-0.300429329,-0.315762475,0.027257768,0.134736697,0.271034574,-0.32945698,1.005263417,0.450818875,,,,,,,,
Leaky Black,,2023-24,,,,24,26,3,10.9,1,2,0.481,0.3,,,0.4,0.6,0.667,0.3,1.5,1.8,0.9,0.3,0.4,0.2,0.7,2.7,Forward,0.460278286,0.747487934,-1.075315242,-0.857865313,-0.702992608,-0.972599123,-0.081213252,-0.883150407,0.005295893,-0.421558233,1.165792596,-3.823605691,463,CHO,0.8,0.45,0.6,1.2,0.5,0.567
Darius Bazley,1629647,2023-24,0,0,TOT,24,9,0,16.88888889,2,3.333333333,0.6,0.222222222,0.888888889,0.25,1.111111111,1.333333333,0.833,0.888888889,2.222222222,3.111111111,0.777777778,0.666666667,0.777777778,0.888888889,0.333333333,5.333333333,Forward,0.464384373,0.750649794,-0.678165023,-0.317510145,-0.767169363,-0.030181325,0.840790425,-0.968996308,0.848865338,0.261353306,0.336391835,-0.474621259,,,,,,,,
Frank Kaminsky,1626163,2021-22,0,1610612756,PHX,29,9,0,20.11111111,4,7.333333333,0.545,0.555555556,1.666666667,0.333,2,2.222222222,0.9,1.222222222,3.333333333,4.555555556,1.444444444,0.888888889,0.777777778,0.555555556,1.555555556,10.55555556,Forward-Center,0.465680607,0.754902564,0.109432459,0.277796396,-0.417114338,0.540980976,0.840790425,-0.601085305,1.115168503,1.179883762,0.737714783,3.783567661,,,,,,,,
Freddie Gillespie,1630273,2021-22,0,1610612753,ORL,25,9,2,13.22222222,1,2.444444444,0.409,0,0.111111111,0,0.333333333,0.777777778,0.429,1.444444444,2.555555556,4,0.555555556,0.333333333,1,0.555555556,2,2.333333333,Center,0.458650181,0.743560624,-1.13061464,0.048832342,-0.883854371,-0.886924779,1.383145528,-1.214270308,-0.329188024,-1.269794643,0.737714783,-3.544954111,,,,,,,,
Ja Morant,1629630,2023-24,0,1610612763,MEM,24,9,9,35.33333333,8.888888889,18.88888889,0.471,1.555555556,5.666666667,0.275,5.777777778,7.111111111,0.813,0.666666667,4.888888889,5.555555556,8.111111111,0.777777778,0.555555556,3,2.111111111,25.11111111,Guard,0.461633146,0.756490671,2.304650969,0.689931694,3.083435911,0.255399825,0.298435322,0.502647699,0.283643344,1.522889657,-2.205320175,6.735714247,,,,,,,,
Harry Giles,,2023-24,,,,25,23,0,4.3,1,2.2,0.46,0.1,,,0.3,0.6,0.538,0.5,0.8,1.3,0.3,0.1,0.1,0.3,0.7,2.4,Center,0.459866783,0.745958289,-1.120560204,-1.063932962,-1.018042131,-1.486645194,-0.813392641,-1.103897008,-0.07924489,-0.751937028,1.045395711,-6.392256347,475,2TM,0.6,0.214,0.9,1.6,0.556,0.49
AJ Griffin,,2023-24,,,,20,20,0,8.6,0.9,3.1,0.29,0.5,,,0.1,0.1,1,0.1,0.8,0.9,0.3,0.1,0.1,0.4,0.3,2.4,Forward,0.454756403,0.748955877,-1.120560204,-1.228787081,-1.018042131,-1.486645194,-0.813392641,-0.662403806,-1.129139889,-0.104505833,0.924998827,-6.638477953,476,ATL,2,0.256,0.4,1.2,0.348,0.371
Jae Crowder,203109,2024-25,0,1610612758,SAC,34,9,2,11.44444444,0.777777778,2.444444444,0.318,0.444444444,1.666666667,0.267,0.555555556,0.666666667,0.833,0.666666667,1.555555556,2.222222222,0.666666667,0.333333333,0,0.444444444,1.111111111,2.555555556,Forward,0.456478814,0.749566239,-1.097099853,-0.683852632,-0.825511867,-0.886924779,-1.057452438,-0.723722307,-0.775281513,0.027322615,0.871489101,-5.151033674,,,,,,,,
James Johnson,201949,2023-24,0,1610612754,IND,37,9,0,5.222222222,0.333333333,1.111111111,0.3,0,0.222222222,0,0.222222222,0.222222222,1,0.111111111,0.333333333,0.444444444,0.888888889,0.555555556,0.111111111,0.555555556,1,0.888888889,Forward,0.458107106,0.749566825,-1.348460752,-1.416537606,-0.708826858,-0.315762475,-0.786274887,-1.214270308,-0.440759242,0.027449221,0.737714783,-5.465728125,,,,,,,,
Javonte Green,1629750,2023-24,0,1610612741,CHI,30,9,5,25.55555556,5,8.333333333,0.6,1.111111111,3,0.37,1.111111111,1.444444444,0.769,2.222222222,5.222222222,7.444444444,0.555555556,1.111111111,0.888888889,0.777777778,2.111111111,12.22222222,Guard,0.470643555,0.74903068,0.360793356,1.468409479,-0.883854371,1.112143277,1.111967977,0.012099697,2.13477473,-0.088349531,0.470166151,5.698150764,,,,,,,,
Kemba Walker,202689,2022-23,0,1610612742,DAL,33,9,1,16,2.666666667,6.333333333,0.421,0.777777778,3.111111111,0.25,1.888888889,2.333333333,0.81,0.333333333,1.444444444,1.777777778,2.111111111,0.222222222,0.222222222,0.444444444,1.222222222,8,Guard,0.457549077,0.751197887,-0.275987586,-0.867023876,-0.067059313,-1.172505929,-0.515097335,-0.355811305,-0.555402811,0.379732685,0.871489101,-2.557666368,,,,,,,,
Michael Porter Jr.,1629008,2021-22,0,1610612743,DEN,24,9,9,29.44444444,4.111111111,11.44444444,0.359,1.111111111,5.333333333,0.208,0.555555556,1,0.556,1,5.555555556,6.555555556,1.888888889,1.111111111,0.222222222,1.333333333,1.777777778,9.888888889,Forward,0.449505949,0.744680185,0.008888099,1.102066992,-0.183744321,1.112143277,-0.515097335,0.012099697,-2.207812456,-1.027987182,-0.19870543,-1.898148659,,,,,,,,
Cole Swider,,2023-24,,,,24,18,0,4.8,0.8,2.1,0.395,0.6,,,0.1,0.1,1,0.1,0.3,0.4,0.3,0.1,0.1,0.4,0.2,2.3,Forward,0.458529728,0.748955877,-1.135641858,-1.43485473,-1.018042131,-1.486645194,-0.813392641,-0.552030506,-0.353934368,-0.104505833,0.924998827,-5.974048435,487,MIA,1.7,0.333,0.3,0.4,0.625,0.526
Udoka Azubuike,,2023-24,,,,24,16,0,7.1,1,1.4,0.696,0,,,0.2,0.8,0.231,0.7,1.3,2,0.2,0.1,0.4,0.3,1.1,2.2,Center,0.463124114,0.74030491,-1.150723512,-0.775438254,-1.070550384,-1.486645194,-0.081213252,-1.214270308,0.589953224,-1.972976853,1.045395711,-6.116468822,488,PHO,0,,1,1.4,0.696,0.696
Reggie Bullock,,2023-24,,,,32,44,0,9.5,0.8,1.9,0.415,0.6,,,0,0,1,0.1,1.5,1.7,0.3,0.3,0.1,0.2,0.7,2.2,Forward,0.459027332,0.748453789,-1.150723512,-0.899078843,-1.018042131,-0.972599123,-0.813392641,-0.552030506,-0.251704586,-0.212948896,1.165792596,-4.704727642,489,HOU,1.5,0.403,0.2,0.3,0.467,0.579
Trent Forrest,,2023-24,,,,25,38,0,10.9,0.9,2.4,0.378,0.1,,,0.3,0.4,0.765,0.3,1.1,1.3,2.4,0.3,0.1,0.5,0.7,2.2,Guard,0.457945168,0.748585108,-1.150723512,-1.063932962,0.084631198,-0.972599123,-0.813392641,-1.103897008,-0.47402846,-0.184586054,0.804601942,-4.873926621,490,ATL,0.3,0.2,0.8,2.1,0.4,0.389
Olivier Sarr,1630846,2022-23,0,1610612760,OKC,24,9,1,12.66666667,1.666666667,3.333333333,0.5,0.111111111,0.888888889,0.125,0.555555556,0.777777778,0.714,1.333333333,2.111111111,3.444444444,0.444444444,0.111111111,0.555555556,0.444444444,1.888888889,4,Center,0.461158566,0.74792605,-0.879253742,-0.180131713,-0.942196875,-1.45808708,0.298435322,-1.091633308,0.18614387,-0.326932018,0.871489101,-3.522166442,,,,,,,,
Andre Jackson Jr.,,2023-24,,,,22,57,8,10,0.9,1.8,0.5,0.3,,,0.1,0.2,0.727,0.8,1.2,2,0.9,0.3,0.1,0.5,1.6,2.2,Guard,0.460573528,0.748368316,-1.150723512,-0.775438254,-0.702992608,-0.972599123,-0.813392641,-0.883150407,0.065951532,-0.231409759,0.804601942,-4.65915283,492,MIL,0.8,0.37,0.6,0.9,0.611,0.585
Julian Phillips,,2023-24,,,,20,40,0,8.1,0.8,1.9,0.416,0.3,,,0.3,0.5,0.684,0.3,0.6,0.9,0.3,0.2,0.2,0.3,1,2.2,Forward,0.459045978,0.747815633,-1.150723512,-1.228787081,-1.018042131,-1.229622159,-0.569332845,-0.883150407,-0.247873939,-0.350780496,1.045395711,-5.632916858,493,CHI,1,0.316,0.5,1,0.513,0.494
Omer Yurtseven,1630209,2022-23,0,1610612748,MIA,25,9,0,9.222222222,1.777777778,3,0.593,0.333333333,0.777777778,0.429,0.555555556,0.666666667,0.833,0.888888889,1.666666667,2.555555556,0.222222222,0.222222222,0.222222222,0.444444444,1.777777778,4.444444444,Center,0.463741604,0.749566239,-0.812224169,-0.546474199,-1.058881884,-1.172505929,-0.515097335,-0.846359307,0.716812521,0.027322615,0.871489101,-3.335918587,,,,,,,,
Colby Jones,,2023-24,,,,21,30,0,6.4,0.9,2.4,0.394,0.1,,,0.2,0.4,0.545,0.6,0.8,1.3,0.7,0.2,0.2,0.3,1,2.1,Guard,0.458320168,0.746839076,-1.165805166,-1.063932962,-0.808009116,-1.229622159,-0.569332845,-1.103897008,-0.396987089,-0.561701097,1.045395711,-5.85389173,495,SAC,0.7,0.091,0.9,1.6,0.531,0.408
PJ Dozier,1628408,2024-25,0,1610612750,MIN,28,9,0,3.888888889,0.222222222,0.333333333,0.667,0.222222222,0.333333333,0.667,0.111111111,0.666666667,0.167,0.111111111,0.444444444,0.555555556,0.555555556,0.111111111,0,0.111111111,0.333333333,0.777777778,Guard-Forward,0.460552012,0.740803081,-1.365218145,-1.370744795,-0.883854371,-1.45808708,-1.057452438,-0.968996308,0.061531097,-1.865379893,1.272812049,-7.635389883,,,,,,,,
Kobe Brown,,2023-24,,,,24,44,0,9,0.8,2,0.411,0.3,,,0,0,0.5,0.5,1,1.4,0.6,0.3,0.1,0.2,1.1,2,Forward-Center,0.458905737,0.748453789,-1.18088682,-1.022719433,-0.860517369,-0.972599123,-0.813392641,-0.883150407,-0.276685595,-0.212948896,1.165792596,-5.057107687,497,LAC,1.1,0.292,0.5,1,0.548,0.489
Victor Oladipo,203506,2020-21,0,1610612754,IND,29,9,9,33.33333333,7.111111111,16.88888889,0.421,2.777777778,7.666666667,0.362,3,4.111111111,0.73,0.111111111,5.555555556,5.666666667,4.222222222,1.666666667,0.222222222,2,2.555555556,20,Guard,0.454248542,0.747051756,1.533810881,0.735724505,1.041448266,2.540049031,-0.515097335,1.851654705,-1.233476685,-0.515765741,-1.001351328,4.436996299,,,,,,,,
DeJon Jarreau,,2023-24,,,,26,9,0,16.7,1.9,5.6,0.34,0.4,,,0.6,1.2,0.455,0.9,4,4.9,2.9,0.7,0.2,1,1.6,4.8,Guard,0.453507435,0.741575966,-0.758600511,0.41975411,0.347172467,0.055493019,-0.569332845,-0.772777107,-1.385732415,-1.698449137,0.202617519,-4.1598549,354,MEM,1.4,0.308,1.4,4.1,0.351,0.38
Dru Smith,,2023-24,,,,26,9,0,14.6,1.7,3.7,0.455,0.8,,,0.2,0.2,1,0.7,0.9,1.6,1.6,1,0.3,0.6,1.3,4.3,Guard,0.45969031,0.749455965,-0.83400878,-0.940292373,-0.335434832,0.826562126,-0.325273048,-0.331283905,-0.115499997,0.003505186,0.684205057,-1.367520565,383,MIA,1.9,0.412,0.9,1.8,0.5,0.561
Adama Sanogo,,2023-24,,,,21,9,0,7.3,1.6,3,0.519,0,,,0.9,1.3,0.667,2.1,1.9,4,0,0.1,0,0.6,0.6,4,Forward-Center,0.461586264,0.746389658,-0.879253742,0.048832342,-1.175566892,-1.486645194,-1.057452438,-1.214270308,0.274011634,-0.658768332,0.684205057,-5.464907874,405,CHI,0,,1.6,3,0.519,0.519
Jamaree Bouyea,,2023-24,,,,24,9,0,10.6,1.1,3.1,0.357,0.1,,,0,0,,0.3,1.8,2.1,1.2,0.1,0,1,1.1,2.3,Guard,0.456770952,,-1.135641858,-0.734224724,-0.545467847,-1.486645194,-1.057452438,-1.103897008,-0.715263583,,0.202617519,-6.575975133,481,2TM,1,0.111,1,2.1,0.474,0.375
Jericho Sims,,2023-24,,,,25,45,11,13,0.8,1.2,0.691,0,,,0.4,0.5,0.667,1.2,2,3.3,0.6,0.2,0.4,0.4,1,2,Center,0.462604597,0.747647316,-1.18088682,-0.239662367,-0.860517369,-1.229622159,-0.081213252,-1.214270308,0.483221637,-0.38713425,0.924998827,-3.785086061,504,NYK,0,,0.8,1.2,0.691,0.691
Jordan Walsh,,2023-24,,,,19,9,1,9.2,0.7,1.7,0.4,0.2,,,0.1,0.2,0.5,0.6,1.7,2.2,0.6,0.6,0.1,0.3,1.2,1.7,Forward,0.458863178,0.747463933,-1.226131781,-0.693011194,-0.860517369,-0.201530016,-0.813392641,-0.993523708,-0.285429129,-0.426741965,1.045395711,-4.454882093,515,BOS,1,0.222,0.4,0.7,0.667,0.467
Seth Lundy,,2023-24,,,,23,9,0,5.8,0.4,1.9,0.235,0.3,,,0.3,0.4,0.75,0.1,0.7,0.8,0,0,0,0.1,0.7,1.6,Forward,0.455671101,0.74846606,-1.241213435,-1.270000611,-1.175566892,-1.74366823,-1.057452438,-0.883150407,-0.941221073,-0.210298443,1.286189481,-7.236382049,518,ATL,1.4,0.231,0.1,0.4,0.25,0.324
Justin Minaya,,2023-24,,,,24,34,1,11.2,0.6,2.2,0.297,0.4,,,0.1,0.3,0.556,0.9,0.8,1.6,0.6,0.3,0.3,0.3,1,1.8,Forward,0.456357976,0.747305953,-1.211050127,-0.940292373,-0.860517369,-0.972599123,-0.325273048,-0.772777107,-0.800106873,-0.460863126,1.045395711,-5.298083435,507,POR,1.4,0.245,0.3,0.7,0.4,0.378
Leonard Miller,,2023-24,,,,20,17,0,3.1,0.8,1.2,0.65,0.1,,,0.1,0.1,0.5,0.3,0.9,1.2,0.5,0.1,0.1,0.1,0.3,1.7,Forward,0.462118431,0.747957873,-1.226131781,-1.105146492,-0.913025623,-1.486645194,-0.813392641,-1.103897008,0.383341916,-0.320058797,1.286189481,-5.298766141,513,MIN,0.3,0.4,0.6,0.9,0.733,0.7
Jacob Toppin,,2023-24,,,,23,9,0,4.2,0.6,1,0.556,0.1,,,0.2,0.2,1,0.3,0.4,0.8,0.3,0,0.1,0.1,0.3,1.4,Forward,0.460815695,0.749455965,-1.271376743,-1.270000611,-1.018042131,-1.74366823,-0.813392641,-1.103897008,0.115703115,0.003505186,1.286189481,-5.814979583,532,NYK,0.4,0.25,0.4,0.6,0.8,0.611
Keyontae Johnson,,2023-24,,,,23,9,0,7.3,0.6,1.8,0.313,0.1,,,0,0,,0.4,0.7,1.1,0.4,0.1,0,0.4,0.6,1.2,Forward,0.457267045,,-1.301540051,-1.146360022,-0.965533877,-1.486645194,-1.057452438,-1.103897008,-0.613344483,,0.924998827,-6.749774246,538,OKC,0.3,0.333,0.4,1.4,0.308,0.344
Jalen Hood-Schifino,,2023-24,,,,20,21,0,5.2,0.5,2.1,0.222,0.1,,,0.6,1,0.6,0.1,0.5,0.6,0.4,0.1,0.1,0.4,0.6,1.6,Guard,0.454971451,0.74554293,-1.241213435,-1.352427671,-0.965533877,-1.486645194,-0.813392641,-1.103897008,-1.084959636,-0.841647984,0.924998827,-7.96471862,516,LAL,0.7,0.133,0.4,1.4,0.267,0.244
Jett Howard,,2023-24,,,,20,18,0,3.7,0.6,1.7,0.333,0.4,,,0.1,0.2,0.5,0.1,0.3,0.4,0.3,0.1,0.1,0.2,0.2,1.6,Forward,0.457743217,0.747463933,-1.241213435,-1.43485473,-1.018042131,-1.486645194,-0.813392641,-0.772777107,-0.515517942,-0.426741965,1.165792596,-6.54339255,517,ORL,1.4,0.28,0.2,0.3,0.6,0.45
Drew Timme,,2024-25,,,,24,9,2,28.2,5,11.3,0.441,1,,,1.1,1.8,0.625,1.9,5.3,7.2,2.2,0.4,0.1,1.7,2.3,12.1,Forward-Center,0.457948654,0.744163889,0.342360224,1.367665295,-0.02038531,-0.715576088,-0.813392641,-0.110537304,-0.473312255,-1.139498957,-0.640160674,-2.20283771,143,BRK,3.9,0.257,4,7.4,0.537,0.485
Jack McVeigh,,2024-25,,,,28,9,0,4.8,0.6,1.9,0.294,0.4,,,0,0,,0.2,0.3,0.6,0.1,0,0.2,0.2,0.3,1.6,Forward-Center,0.456771199,,-1.241213435,-1.352427671,-1.123058638,-1.74366823,-0.569332845,-0.772777107,-0.715212892,,1.165792596,-6.351898221,523,HOU,1.4,0.308,0.1,0.4,0.25,0.412
Jalen Pickett,,2023-24,,,,24,27,0,4.5,0.6,1.3,0.429,0.3,,,0.1,0.1,0.75,0,0.5,0.5,0.8,0.1,0,0.3,0.5,1.6,Guard,0.459467771,0.748456875,-1.241213435,-1.393641201,-0.755500862,-1.486645194,-1.057452438,-0.883150407,-0.161219333,-0.212282315,1.045395711,-6.145709474,521,DEN,0.9,0.36,0.2,0.4,0.6,0.557
Ibou Badji,,2023-24,,,,21,22,1,10.3,0.6,1,0.636,0,,,0.3,0.5,0.5,0.9,1.4,2.3,0.6,0.1,0.9,0.7,2.1,1.5,Center,0.461607774,0.74599385,-1.256295089,-0.651797665,-0.860517369,-1.486645194,1.139085732,-1.214270308,0.278430763,-0.744256425,0.563808173,-4.232457384,522,POR,0,,0.6,1,0.636,0.636
Colin Castleton,,2023-24,,,,23,16,0,3.7,0.6,1,0.563,0,,,0.4,0.4,1,0.4,0.4,0.8,0.2,0.1,0,0.2,0.7,1.5,Center,0.460885002,0.750450187,-1.256295089,-1.270000611,-1.070550384,-1.486645194,-1.057452438,-1.214270308,0.129941784,0.218241378,1.165792596,-5.841238267,523,LAL,0,,0.6,1,0.563,0.563
Armel Traoré,,2024-25,,,,22,9,0,7.4,0.7,2.1,0.316,0,,,0.2,0.8,0.286,0.2,1.4,1.7,0.1,0.4,0.2,0.3,0.7,1.6,Forward,0.45690485,0.741171052,-1.241213435,-0.899078843,-1.123058638,-0.715576088,-0.569332845,-1.214270308,-0.687755156,-1.785904037,1.045395711,-7.190793638,524,LAL,0.8,0,0.7,1.3,0.5,0.316
Anton Watson,,2024-25,,,,24,9,0,2.4,0.4,1,0.444,0,,,0,0,,0.1,0.2,0.3,0.2,0.1,0,0.2,0.3,0.9,Forward,0.459706784,,-1.346785012,-1.47606826,-1.070550384,-1.486645194,-1.057452438,-1.214270308,-0.112115591,,1.165792596,-6.598094593,548,NYK,0.1,0,0.4,0.9,0.5,0.444
Armoni Brooks,1629717,2023-24,0,1610612751,BKN,26,10,0,10.4,1.5,4.6,0.326,1.1,3.2,0.344,0.1,0.2,0.5,0.7,1.1,1.8,0.5,0.1,0.1,0.3,0.3,4.2,Guard,0.453976914,0.747463933,-0.849090434,-0.857865313,-0.913025623,-1.486645194,-0.813392641,-0.000164003,-1.289281067,-0.426741965,1.045395711,-5.59081053,,,,,,,,
Gabriel Deck,1630466,2020-21,0,1610612760,OKC,26,10,0,21.2,3.2,6.7,0.478,0.2,1.5,0.133,1.8,2.2,0.818,1.6,2.4,4,2.4,0.8,0,0.6,0.9,8.4,Forward,0.461002673,0.751384855,-0.21566097,0.048832342,0.084631198,0.312516055,-1.057452438,-0.993523708,0.154116533,0.420114748,0.684205057,-0.562221183,,,,,,,,
Jarrett Culver,1629633,2022-23,0,1610612737,ATL,24,10,1,13.7,1.7,4.3,0.395,0.1,1.2,0.083,0.9,1.3,0.692,1,2.8,3.8,0.6,0.6,0.2,0.7,1.4,4.4,Guard-Forward,0.457189695,0.747023186,-0.818927126,-0.033594718,-0.860517369,-0.201530016,-0.569332845,-1.103897008,-0.629235564,-0.521936319,0.563808173,-4.175162793,,,,,,,,
Mason Jones,1630222,2024-25,0,1610612758,SAC,26,10,0,4.5,0.9,1.8,0.5,0.1,0.8,0.125,0.4,0.5,0.8,0.2,0.7,0.9,1.1,0,0.1,0.1,0.3,2.3,Guard,0.460573528,0.748964147,-1.135641858,-1.228787081,-0.597976101,-1.74366823,-0.813392641,-1.103897008,0.065951532,-0.102719584,1.286189481,-5.373941491,,,,,,,,
Nathan Mensah,,2023-24,,,,25,25,0,12.3,0.5,1.1,0.429,0,,,0.4,0.5,0.75,1.2,1.4,2.6,0.4,0.2,0.6,0.6,2.6,1.3,Center,0.459528043,0.748469098,-1.286458397,-0.528157075,-0.965533877,-1.229622159,0.406906342,-1.214270308,-0.148836721,-0.209642391,0.684205057,-4.491409529,534,CHO,0,,0.5,1.1,0.429,0.429
Thomas Bryant,1628418,2020-21,0,1610612764,WAS,23,10,10,27.1,5.9,9.1,0.648,0.9,2.1,0.429,1.6,2.4,0.667,1.8,4.3,6.1,1.5,0.4,0.8,1.1,3.1,14.3,Forward-Center,0.475556234,0.744723081,0.674156609,0.914316467,-0.387943086,-0.715576088,0.895025935,-0.220910604,3.144053451,-1.018722369,0.082220634,3.36662095,,,,,,,,
Xavier Moon,1629875,2021-22,0,1610612746,LAC,27,10,0,13.7,2.5,5.1,0.49,0.5,1.4,0.357,0.3,0.5,0.6,0.2,1.2,1.4,2.4,0.7,0.3,0.6,0.9,5.8,Guard,0.461326215,0.746983949,-0.607783972,-1.022719433,0.084631198,0.055493019,-0.325273048,-0.662403806,0.220586208,-0.530410811,0.684205057,-2.103675587,,,,,,,,
Chris Livingston,,2023-24,,,,20,21,0,4.3,0.5,1,0.5,0,,,0.1,0.2,0.75,0.1,0.9,1,0.2,0.1,0,0.2,0.7,1.2,Forward,0.460261239,0.748459949,-1.301540051,-1.187573552,-1.070550384,-1.486645194,-1.057452438,-1.214270308,0.001793762,-0.21161839,1.165792596,-6.36206396,539,MIL,0.2,0.2,0.5,0.8,0.588,0.523
Admiral Schofield,,2023-24,,,,26,23,0,3.7,0.4,1.1,0.385,0.3,,,0,0.1,0,0.1,0.6,0.7,0.3,0,0,0.2,0.4,1.1,Forward-Center,0.459049309,0.746959869,-1.316621705,-1.311214141,-1.018042131,-1.74366823,-1.057452438,-0.883150407,-0.247189569,-0.535611761,1.165792596,-6.947157785,542,ORL,0.7,0.375,0.2,0.4,0.4,0.5
Yogi Ferrell,1627812,2020-21,0,0,TOT,28,10,0,13.7,2,5.7,0.351,0.9,2.8,0.321,0.7,0.9,0.778,0.5,1.4,1.9,2.2,0.7,0.3,0.3,1.1,5.6,Guard,0.453993237,0.748976217,-0.637947279,-0.816651784,-0.02038531,0.055493019,-0.325273048,-0.220910604,-1.285927506,-0.100112749,1.045395711,-2.30631955,,,,,,,,
Tristan Vukcevic,,2023-24,,,,20,10,4,15.3,2.9,6.7,0.433,1,,,1.7,2.2,0.773,0.6,3,3.6,1.3,0.5,0.7,1,2.8,8.5,Center,0.458176993,0.749488304,-0.200579317,-0.116021777,-0.492959593,-0.458553052,0.650966138,-0.110537304,-0.426401386,0.010489788,0.202617519,-0.940978984,215,WAS,3.6,0.278,1.9,3.1,0.613,0.507
Thanasis Antetokounmpo,,2023-24,,,,31,34,0,4.6,0.5,0.9,0.533,0,,,0,0.1,0,0.2,0.2,0.4,0.5,0.2,0.1,0.4,0.7,0.9,Forward-Center,0.460516206,0.746959869,-1.346785012,-1.43485473,-0.913025623,-1.229622159,-0.813392641,-1.214270308,0.05417502,-0.535611761,0.924998827,-6.508388389,548,MIL,0,0,0.5,0.9,0.552,0.533
Buddy Boeheim,,2023-24,,,,24,10,0,8.4,0.9,2.9,0.31,0.8,,,0.8,1,0.8,0.3,0.7,1,0.3,0,0.1,0,0.5,3.4,Forward,0.455640284,0.749464499,-0.969743665,-1.187573552,-1.018042131,-1.74366823,-0.813392641,-0.331283905,-0.947552294,0.005348369,1.406586365,-5.599321683,429,DET,2.5,0.32,0.1,0.4,0.25,0.448
DaQuan Jeffries,,2023-24,,,,26,17,0,2.7,0.4,1,0.353,0.1,,,0,0.1,0,0,0.3,0.3,0.3,0,0.1,0.2,0.1,0.8,Guard,0.458805794,0.746959869,-1.361866666,-1.47606826,-1.018042131,-1.74366823,-0.813392641,-1.103897008,-0.297218291,-0.535611761,1.165792596,-7.183972392,551,NYK,0.6,0.2,0.2,0.4,0.571,0.412
Amari Bailey,,2023-24,,,,19,10,0,6.5,0.8,2.4,0.333,0.1,,,0.6,0.7,0.857,0.6,0.3,0.9,0.7,0.3,0,0.4,0.2,2.3,Guard,0.45689048,0.749952455,-1.135641858,-1.228787081,-0.808009116,-0.972599123,-1.057452438,-1.103897008,-0.690707315,0.110739008,0.924998827,-5.961356104,482,CHO,0.8,0.125,0.7,1.6,0.438,0.354
Isaiah Mobley,,2023-24,,,,24,10,0,7.2,1,2.4,0.417,0.3,,,0,0.1,0,0.3,0.7,1,0.6,0.2,0,0.2,0.6,2.3,Forward-Center,0.45885923,0.746959869,-1.135641858,-1.187573552,-0.860517369,-1.229622159,-1.057452438,-0.883150407,-0.286240119,-0.535611761,1.165792596,-6.010017066,483,CLE,1,0.3,0.7,1.4,0.5,0.479
Marcus Bagley,,2024-25,,,,23,10,4,25.3,2.7,6.9,0.391,0.5,,,0.8,1,0.8,2.3,4.7,7,1,0.9,1.2,0.7,1.6,6.7,Forward,0.455418945,0.749464499,-0.472049087,1.285238235,-0.650484354,0.569539091,1.871265122,-0.662403806,-0.993024977,0.005348369,0.563808173,1.517236764,310,PHI,3.2,0.156,2.2,3.7,0.595,0.428
Cole Swider,,2024-25,,,,25,10,0,16.9,2.2,6.3,0.349,1.5,,,0,0.1,0,0.5,2.2,2.7,0.3,0.4,0.2,0.4,1.2,5.9,Forward,0.45329337,0.746959869,-0.592702318,-0.486943545,-1.018042131,-0.715576088,-0.569332845,0.441329199,-1.429710895,-0.535611761,0.924998827,-3.981591557,347,2TM,4.7,0.319,0.7,1.6,0.438,0.468
Kobe Bufkin,,2024-25,,,,21,10,0,12.4,1.8,4.7,0.383,0.4,,,1.3,1.8,0.722,0.5,1.6,2.1,1.7,0.3,0.2,0.8,0.9,5.3,Guard,0.456413421,0.747534545,-0.683192241,-0.734224724,-0.282926578,-0.972599123,-0.569332845,-0.772777107,-0.788716113,-0.411490876,0.443411288,-4.771848319,368,ATL,1.9,0.211,1.4,2.8,0.5,0.426
Emoni Bates,,2024-25,,,,21,10,0,7.5,1.3,3.8,0.342,1.1,,,0,0,,0,0.7,0.7,0.8,0.1,0.1,0.2,0.4,3.7,Forward,0.45554899,,-0.924498703,-1.311214141,-0.755500862,-1.486645194,-0.813392641,-0.000164003,-0.966307944,,1.165792596,-5.091930893,440,CLE,3,0.367,0.2,0.8,0.25,0.487
Elijah Harkless,,2024-25,,,,24,10,0,13.8,1.1,3.5,0.314,0.7,,,0.3,0.6,0.5,0.9,1.2,2.1,0.8,1,0.1,0.3,1.8,3.2,Guard,0.454931258,0.745507697,-0.999906973,-0.734224724,-0.755500862,0.826562126,-0.813392641,-0.441657205,-1.093217145,-0.849257913,1.045395711,-3.815199626,461,UTA,2.5,0.28,0.4,1,0.4,0.414
Braxton Key,1630296,2021-22,0,0,TOT,25,11,0,17.90909091,3,6.545454545,0.458,0.545454545,1.909090909,0.286,0.636363636,1.181818182,0.538,1.181818182,3.363636364,4.545454545,1,0.909090909,1,1,2.363636364,7.181818182,Forward,0.459749349,0.743594288,-0.399382936,0.273633413,-0.650484354,0.592904821,1.383145528,-0.612234125,-0.103370882,-1.262523773,0.202617519,-0.57569479,,,,,,,,
Maxwell Lewis,,2023-24,,,,21,34,0,3,0.1,0.6,0.19,0,,,0.1,0.1,0.667,0.1,0.1,0.1,0.2,0.1,0,0.3,0.1,0.3,Forward,0.458254326,0.748291206,-1.437274936,-1.55849532,-1.070550384,-1.486645194,-1.057452438,-1.214270308,-0.410513896,-0.248064107,1.045395711,-7.437870872,562,LAL,0.3,0.111,0.1,0.4,0.25,0.214
Ryan Arcidiacono,,2023-24,,,,29,20,0,2.3,0,0.3,0,0,,,0,0,,0,0.4,0.4,0.2,0.1,0,0.1,0.3,0,Guard,0.458488387,,-1.482519897,-1.43485473,-1.070550384,-1.486645194,-1.057452438,-1.214270308,-0.36242759,,1.286189481,-6.822531063,563,NYK,0.3,0,0,0,,0
Collin Sexton,1629012,2021-22,0,1610612739,CLE,23,11,11,28.72727273,6.181818182,13.72727273,0.45,1,4.090909091,0.244,2.636363636,3.545454545,0.744,1.181818182,2.090909091,3.272727273,2.090909091,0.909090909,0,2.818181818,2.272727273,16,Guard,0.458673251,0.748158886,0.930544726,-0.25090242,-0.077667041,0.592904821,-1.057452438,-0.110537304,-0.324448384,-0.276643209,-1.986416748,-2.560617997,,,,,,,,
Danny Green,201980,2022-23,0,0,TOT,36,11,0,12.63636364,2,4.454545455,0.449,1.454545455,3.363636364,0.432,0.090909091,0.090909091,1,0.272727273,1,1.272727273,0.545454545,0.545454545,0.272727273,0.909090909,1.454545455,5.545454545,Guard,0.459400554,0.748910316,-0.646173636,-1.075173016,-0.889158235,-0.341724401,-0.39183481,0.391159517,-0.175028516,-0.114346401,0.312069232,-2.930210266,,,,,,,,
Gabe Vincent,1629216,2023-24,0,1610612747,LAL,28,11,0,19.81818182,1.363636364,4.454545455,0.306,0.272727273,2.545454545,0.107,0.090909091,0.181818182,0.5,0.363636364,0.454545455,0.818181818,1.909090909,0.818181818,0,0.454545455,1.727272727,3.090909091,Guard,0.453302208,0.747553594,-1.016359686,-1.262507242,-0.173136593,0.359247515,-1.057452438,-0.913252216,-1.427895088,-0.407376651,0.859327798,-5.039404601,,,,,,,,
Jaren Jackson Jr.,1628991,2020-21,0,1610612763,MEM,21,11,4,23.45454545,4.818181818,11.36363636,0.424,1.545454545,5.454545455,0.283,3.181818182,3.818181818,0.833,1.545454545,4.090909091,5.636363636,1.090909091,1.090909091,1.636363636,1.363636364,3.818181818,14.36363636,Forward-Center,0.456204275,0.754452,0.683754025,0.723235556,-0.602749578,1.060219432,2.936253324,0.49149888,-0.831683816,1.082569112,-0.235189335,5.3079076,,,,,,,,
Jonathan Isaac,1628371,2022-23,0,1610612753,ORL,25,11,0,11.27272727,2,4.818181818,0.415,0.545454545,1.363636364,0.4,0.454545455,0.818181818,0.556,1.363636364,2.636363636,4,0.545454545,1.272727273,0.363636364,0.363636364,0.454545455,5,Forward,0.457801593,0.745355248,-0.728437203,0.048832342,-0.889158235,1.527534042,-0.169962268,-0.612234125,-0.503524941,-0.882184268,0.968779511,-1.240355144,,,,,,,,
Juan Toscano-Anderson,1629308,2023-24,0,1610612758,SAC,31,11,0,4.818181818,0.272727273,1.090909091,0.25,0.090909091,0.363636364,0.25,0,0,0,0.363636364,0.909090909,1.272727273,0.363636364,0.090909091,0.090909091,0.181818182,1,0.636363636,Forward,0.457599134,0.748453789,-1.386545736,-1.075173016,-0.984627787,-1.510010925,-0.835579895,-1.113930944,-0.545118908,-0.212948896,1.187682938,-6.476253169,,,,,,,,
Moussa Diabaté,1631217,2023-24,0,1610612746,LAC,22,11,0,5.818181818,0.909090909,1.727272727,0.526,0,0,0,0.818181818,1.272727273,0.643,1.363636364,0.818181818,2.181818182,0.363636364,0.454545455,0.090909091,0.181818182,0.363636364,2.636363636,Forward,0.460986807,0.745836142,-1.084912659,-0.700504563,-0.984627787,-0.575381703,-0.835579895,-1.214270308,0.150857011,-0.778319,1.187682938,-4.835055968,,,,,,,,
Victor Wembanyama,,2024-25,,,,21,46,46,33.2,8.9,18.6,0.476,3.1,,,3.4,4.1,0.836,1.8,9.2,11,3.7,1.1,3.8,3.2,2.3,24.3,Center,0.462394479,0.755088529,2.182321999,2.933779427,0.767238496,1.083585162,8.216819835,2.207302006,0.440054251,1.220049379,-2.446113944,16.60503661,21,SAS,8.8,0.352,5.8,9.9,0.586,0.559
Brandon Miller,,2024-25,,,,22,27,27,34.2,7.3,18.2,0.403,3.9,,,2.5,2.9,0.861,0.9,3.9,4.9,3.6,1.1,0.7,2.8,2.7,21,Forward,0.451108166,0.754623619,1.68462742,0.41975411,0.714730243,1.083585162,0.650966138,3.09028841,-1.878647165,1.11963612,-1.964526405,4.920414033,44,CHO,10.9,0.355,3.5,7.3,0.475,0.509
Alperen Şengün,,2024-25,,,,22,76,76,31.5,7.5,15,0.496,0.3,,,3.9,5.6,0.692,3.4,6.9,10.3,4.9,1.1,0.8,2.6,2.8,19.1,Center,0.464577262,0.742767796,1.398075996,2.645284718,1.397337541,1.083585162,0.895025935,-0.883150407,0.888493308,-1.441032832,-1.723732636,4.259886786,56,HOU,1.2,0.233,7.2,13.9,0.519,0.505
Jimmy Butler,,2024-25,,,,35,55,55,31.7,5.5,10.9,0.504,0.6,,,6,7.1,0.842,2.3,3.1,5.4,5.4,1.4,0.3,1.3,0.9,17.5,Forward,0.46420185,0.760085629,1.156769534,0.625821759,1.65987881,1.854654269,-0.325273048,-0.552030506,0.811367233,2.299343381,-0.158573135,7.371958296,73,2TM,1.9,0.308,4.9,9,0.546,0.531
Keyonte George,,2024-25,,,,21,67,35,31.5,5.4,13.7,0.391,2.6,,,3.5,4.3,0.818,0.4,3.4,3.8,5.6,0.7,0.1,2.7,1.7,16.8,Guard,0.451566272,0.753961132,1.051197957,-0.033594718,1.764895317,0.055493019,-0.813392641,1.655435504,-1.784532025,0.976549392,-1.844129521,1.027922284,80,UTA,7.6,0.343,2.8,6.1,0.449,0.485
Jared McCain,,2024-25,,,,20,23,8,25.7,5.5,11.9,0.46,2.2,,,2.1,2.4,0.875,0.6,1.9,2.4,2.6,0.7,0,1.6,1.6,15.3,Guard,0.45987833,0.754249799,0.824973148,-0.610584135,0.189647705,0.055493019,-1.057452438,1.213942302,-0.076872449,1.038896862,-0.519763789,1.058280226,92,PHI,5.8,0.383,3.3,6.1,0.532,0.553
Chet Holmgren,,2024-25,,,,22,32,32,27.4,5.2,10.7,0.49,1.4,,,3.2,4.2,0.754,1.5,6.5,8,2,0.7,2.2,1.8,2.3,15,Center,0.462776741,0.748883569,0.779728187,1.697373533,-0.125401817,0.055493019,4.311863088,0.330955898,0.518587513,-0.120123219,-0.760557559,6.687918644,95,OKC,3.6,0.379,3.8,7,0.547,0.554
Stephon Castle,,2024-25,,,,20,81,47,26.7,5.2,12.2,0.428,1.2,,,3.1,4.2,0.724,1.1,2.6,3.7,4.1,0.9,0.3,2.2,2,14.7,Guard,0.456399155,0.746558846,0.734483225,-0.074808248,0.977271511,0.569539091,-0.325273048,0.110209297,-0.791646995,-0.622226408,-1.242145097,-0.664596671,97,SAS,4.1,0.285,4,8.1,0.501,0.476
Gradey Dick,,2024-25,,,,21,54,54,29.4,4.9,12,0.41,2.1,,,2.5,2.9,0.858,0.8,2.8,3.6,1.8,0.9,0.2,1.5,2.2,14.4,Guard,0.454521296,0.754459158,0.689238263,-0.116021777,-0.230418325,0.569539091,-0.569332845,1.103569001,-1.17744114,1.08411511,-0.399366905,0.953880475,104,TOR,6,0.35,2.8,5.9,0.47,0.498
Amen Thompson,,2024-25,,,,22,69,42,32.2,5.6,10.1,0.557,0.4,,,2.4,3.6,0.684,2.8,5.4,8.2,3.8,1.4,1.3,2,2.4,14.1,Forward,0.468774616,0.744124803,0.643993302,1.779800593,0.81974675,1.854654269,2.115324918,-0.772777107,1.750812889,-1.147940871,-1.001351328,6.042263414,110,HOU,1.3,0.275,5.3,8.8,0.599,0.575
T.J. Warren,203933,2023-24,0,1610612750,MIN,30,11,0,11.36363636,1.636363636,3.727272727,0.439,0.181818182,1.181818182,0.154,0.272727273,0.363636364,0.75,0.454545455,1.545454545,2,0.818181818,0.363636364,0.090909091,0.363636364,1,3.727272727,Forward,0.459114143,0.748464953,-0.920385525,-0.775438254,-0.745953907,-0.809039009,-0.835579895,-1.01359158,-0.233869949,-0.210537654,0.968779511,-4.575616262,,,,,,,,
Alex Sarr,,2024-25,,,,19,67,67,27.1,4.9,12.4,0.394,1.6,,,1.7,2.5,0.679,1.9,4.6,6.5,2.4,0.7,1.5,1.7,2.2,13,Center,0.452597733,0.745146466,0.478095109,1.079170586,0.084631198,0.055493019,2.603444512,0.551702499,-1.572625021,-0.927278038,-0.640160674,1.71247319,125,WAS,5.1,0.308,3.3,7.3,0.454,0.457
Scoot Henderson,,2024-25,,,,20,66,10,26.7,4.3,10.4,0.419,1.6,,,2.4,3.1,0.767,0.8,2.2,3,5.1,1,0.2,2.7,2.7,12.7,Guard,0.456014359,0.749536524,0.432850147,-0.363302956,1.502354049,0.826562126,-0.569332845,0.551702499,-0.870700971,0.020904722,-1.844129521,-0.313092749,128,POR,4.5,0.354,2.8,5.9,0.469,0.496
Zaccharie Risacher,,2024-25,,,,19,75,73,24.6,4.8,10.4,0.458,1.6,,,1.4,2,0.711,1.1,2.4,3.6,1.2,0.7,0.5,1.2,2,12.6,Forward,0.459688272,0.747013259,0.417768493,-0.116021777,-0.545467847,0.055493019,0.162846545,0.551702499,-0.115918847,-0.524080501,-0.038176251,-0.151854667,131,ATL,4.6,0.355,3.1,5.8,0.54,0.537
Bilal Coulibaly,,2024-25,,,,20,59,59,33,4.5,10.6,0.421,1.1,,,2.3,3.1,0.746,1.5,3.4,5,3.4,1.3,0.7,2.1,2.4,12.3,Forward,0.456139106,0.748310536,0.372523531,0.46096764,0.609713735,1.597631233,0.650966138,-0.000164003,-0.845072287,-0.243889307,-1.121748213,1.480928468,137,WAS,3.8,0.281,3.4,6.8,0.5,0.472
Marques Bolden,,2023-24,,,,25,11,2,11,1.5,2.3,0.68,0,,,0.3,0.4,0.75,0.9,2.2,3.1,0.4,0.3,0.6,0.3,0.9,3.4,Center,0.464813149,0.74846606,-0.969743665,-0.322089426,-0.965533877,-0.972599123,0.406906342,-1.214270308,0.936954781,-0.210298443,1.045395711,-2.265278009,426,2TM,0.1,0,1.5,2.2,0.708,0.68
Brandin Podziemski,,2024-25,,,,21,64,33,26.8,4.4,9.8,0.445,1.8,,,1.1,1.5,0.758,1,4.1,5.1,3.4,1.1,0.2,1.2,1.5,11.7,Guard,0.458537206,0.748731834,0.282033608,0.502181169,0.609713735,1.083585162,-0.569332845,0.7724491,-0.352398035,-0.152895608,-0.038176251,2.137160036,151,GSW,4.8,0.372,2.6,5,0.516,0.537
Toumani Camara,,2024-25,,,,24,78,78,32.7,4.2,9.2,0.458,1.7,,,1.2,1.6,0.722,2.2,3.6,5.8,2.2,1.5,0.6,1.4,2.9,11.3,Forward-Center,0.459706824,0.747633516,0.221706993,0.790675878,-0.02038531,2.111677304,0.406906342,0.6620758,-0.112107367,-0.390114694,-0.27897002,3.391464926,154,POR,4.6,0.375,2.5,4.6,0.542,0.552
Guerschon Yabusele,,2024-25,,,,29,70,43,27.1,4,8,0.501,1.5,,,1.4,2,0.725,1.9,3.7,5.6,2.1,0.8,0.3,1.2,2.3,11,Center,0.462910974,0.74755172,0.176462031,0.708248818,-0.072893563,0.312516055,-0.325273048,0.441329199,0.546164899,-0.407781387,-0.038176251,1.340596753,163,PHI,3.9,0.38,2.5,4.1,0.616,0.593
Brice Sensabaugh,,2024-25,,,,21,71,15,20.2,3.9,8.4,0.459,2.2,,,0.9,1,0.89,0.6,2.4,3,1.5,0.6,0.1,1.5,1.6,10.9,Forward,0.459796911,0.751229205,0.161380377,-0.363302956,-0.387943086,-0.201530016,-0.813392641,1.213942302,-0.093599511,0.386496727,-0.399366905,-0.497315709,164,UTA,5.2,0.422,1.7,3.2,0.52,0.59
Jordan Hawkins,,2024-25,,,,22,56,9,23.6,3.7,9.9,0.372,2,,,1.4,1.8,0.816,0.4,2.4,2.8,1.2,0.5,0.4,1,0.9,10.8,Guard,0.45194891,0.750800955,0.146298723,-0.445730016,-0.545467847,-0.458553052,-0.081213252,0.993195701,-1.705921627,0.294001492,0.202617519,-1.600772359,166,NOP,5.9,0.331,1.7,4,0.433,0.471
Brandon Boston Jr.,,2024-25,,,,23,42,10,23.6,4,9.1,0.436,1.2,,,1.6,2,0.788,0.7,2.5,3.2,2.2,1.3,0.2,1.2,1.7,10.7,Guard,0.457873375,0.749974797,0.131217069,-0.280875896,-0.02038531,1.597631233,-0.569332845,0.110209297,-0.48877789,0.115564629,-0.038176251,0.557074036,167,NOP,3.3,0.35,2.8,5.7,0.485,0.5
Ochai Agbaji,,2024-25,,,,24,64,45,27.2,4.2,8.3,0.498,1.6,,,0.5,0.8,0.708,1,2.8,3.8,1.5,0.9,0.5,0.8,2,10.4,Guard,0.462786567,0.747816721,0.085972107,-0.033594718,-0.387943086,0.569539091,0.162846545,0.551702499,0.520606244,-0.350545336,0.443411288,1.561994634,174,TOR,4,0.399,2.6,4.4,0.587,0.593
Jaylen Wells,,2024-25,,,,21,79,74,25.9,3.6,8.6,0.425,1.7,,,1.4,1.7,0.822,1.1,2.3,3.4,1.7,0.6,0.1,0.9,1.8,10.4,Guard,0.457102994,0.750872136,0.085972107,-0.198448837,-0.282926578,-0.201530016,-0.813392641,0.6620758,-0.647047658,0.309375611,0.323014403,-0.762907809,175,MEM,5,0.352,1.9,3.6,0.525,0.527
Mouhamadou Gueye,,2023-24,,,,25,11,0,10.9,1,3.5,0.289,0,,,0.4,0.8,0.444,1.1,1,2.1,0.5,0.3,1.6,1.1,1.4,2.4,Forward-Center,0.454085847,0.743659241,-1.120560204,-0.734224724,-0.913025623,-0.972599123,2.847504308,-1.214270308,-1.266901395,-1.248494855,0.082220634,-4.54035129,477,TOR,0.3,0,1,3.2,0.314,0.289
Justin Edwards,,2024-25,,,,21,44,26,26.3,3.9,8.6,0.455,1.6,,,0.7,1,0.696,1,2.3,3.4,1.6,1,0.4,1.1,2.2,10.1,Forward,0.459478685,0.747425283,0.040727146,-0.198448837,-0.335434832,0.826562126,-0.081213252,0.551702499,-0.158977096,-0.435089735,0.082220634,0.292048654,187,PHI,4.3,0.363,2.3,4.3,0.548,0.546
Ausar Thompson,,2024-25,,,,22,59,48,22.5,4.2,7.8,0.535,0.2,,,1.5,2.4,0.641,1.9,3.3,5.1,2.3,1.7,0.7,1.4,2.8,10.1,Forward,0.465300419,0.743532241,0.040727146,0.502181169,0.032122944,2.625723375,0.650966138,-0.993523708,1.037061259,-1.275924773,-0.27897002,2.340363532,189,DET,0.8,0.224,4,7,0.572,0.547
Julian Champagnie,,2024-25,,,,23,82,29,23.6,3.4,8.1,0.415,2.2,,,1,1.1,0.904,0.8,3.1,3.9,1.4,0.7,0.4,0.9,1.4,9.9,Forward,0.456502176,0.751802142,0.010563838,0.007618812,-0.440451339,0.055493019,-0.081213252,1.213942302,-0.77048205,0.510241987,0.323014403,0.828727721,195,SAS,5.9,0.371,1.2,2.3,0.53,0.549
Nick Smith Jr.,,2024-25,,,,20,60,27,22.8,3.7,9.5,0.391,1.7,,,0.7,0.8,0.935,0.2,1.9,2.1,2.4,0.3,0.1,1.4,1.3,9.9,Guard,0.453889362,0.751391524,0.010563838,-0.734224724,0.084631198,-0.972599123,-0.813392641,0.6620758,-1.307267945,0.421555197,-0.27897002,-2.927628421,197,CHO,5.1,0.34,2,4.4,0.45,0.482
Bub Carrington,,2024-25,,,,19,82,57,30,3.7,9.1,0.401,1.7,,,0.8,1,0.812,0.4,3.8,4.2,4.4,0.7,0.3,1.7,2.3,9.8,Guard,0.454954035,0.749699793,-0.004517816,0.131259401,1.134796272,0.055493019,-0.325273048,0.6620758,-1.088537782,0.05616815,-0.640160674,-0.018696677,198,WAS,5,0.339,2,4.2,0.475,0.493
Max Christie,,2024-25,,,,21,78,36,27.3,3.2,7.6,0.427,1.5,,,1.7,1.9,0.855,0.5,2.8,3.3,1.9,0.8,0.4,1.1,1.5,9.6,Guard,0.457542613,0.752354325,-0.034681124,-0.239662367,-0.177910071,0.312516055,-0.081213252,0.441329199,-0.556730743,0.629504673,0.082220634,0.375373004,201,2TM,4,0.366,1.8,3.5,0.496,0.525
Kyle Filipowski,,2024-25,,,,21,72,27,21.1,3.6,7.2,0.502,1.1,,,1.3,2,0.65,1.6,4.6,6.1,1.9,0.7,0.3,1.4,2.4,9.6,Center,0.462693892,0.744667105,-0.034681124,0.914316467,-0.177910071,0.055493019,-0.325273048,-0.000164003,0.501566721,-1.030812358,-0.27897002,-0.376434416,202,UTA,3.1,0.35,2.5,4.1,0.614,0.576
Tosan Evbuomwan,,2024-25,,,,23,28,0,23.8,3.4,7.9,0.427,0.9,,,2,2.6,0.753,1.1,3.1,4.3,2,0.9,0.4,1.4,2,9.5,Forward,0.457457694,0.748678507,-0.049762778,0.172472931,-0.125401817,0.569539091,-0.081213252,-0.220910604,-0.574176858,-0.164413461,-0.27897002,-0.752836768,203,BRK,2.8,0.312,2.5,5.1,0.49,0.482
Jalen Wilson,,2024-25,,,,24,79,22,25.7,3.1,7.8,0.397,1.5,,,1.7,2.1,0.818,0.9,2.5,3.4,1.8,0.5,0.1,1,2.1,9.5,Forward-Center,0.455315261,0.751256995,-0.049762778,-0.198448837,-0.230418325,-0.458553052,-0.813392641,0.441329199,-1.014326035,0.39249899,0.202617519,-1.728455961,205,BRK,4.6,0.337,1.6,3.3,0.481,0.495
Nickeil Alexander-Walker,,2024-25,,,,26,82,10,25.3,3.3,7.5,0.438,1.7,,,1.1,1.4,0.78,0.7,2.6,3.2,2.7,0.6,0.4,1.2,1.7,9.4,Guard,0.458338467,0.749313024,-0.064844431,-0.280875896,0.242155959,-0.201530016,-0.081213252,0.6620758,-0.393227672,-0.027367754,-0.038176251,-0.183003513,206,MIN,4.5,0.381,1.6,3,0.524,0.553
Anthony Black,,2024-25,,,,21,78,10,24.2,3.4,7.9,0.423,0.8,,,1.9,2.5,0.761,0.7,2.3,2.9,3.1,1.1,0.6,1.8,2.1,9.4,Guard,0.45716483,0.749051227,-0.064844431,-0.404516486,0.452188974,1.083585162,0.406906342,-0.331283905,-0.63434386,-0.08391167,-0.760557559,-0.336777433,208,ORL,2.5,0.318,2.6,5.4,0.471,0.473
Tristan Vukcevic,,2024-25,,,,21,35,1,14.7,3.4,6.9,0.496,1.1,,,1.5,1.9,0.776,0.7,3,3.7,1.1,0.3,0.7,1.2,1.6,9.4,Center,0.462196307,0.749462224,-0.064844431,-0.074808248,-0.597976101,-0.972599123,0.650966138,-0.000164003,0.399341048,0.004857103,-0.038176251,-0.693403868,210,WAS,2.9,0.373,2.3,4,0.586,0.574
Cam Whitmore,,2024-25,,,,20,51,3,16.2,3.5,7.9,0.444,1.3,,,1.1,1.4,0.75,0.7,2.3,3,1,0.6,0.3,0.9,0.9,9.4,Forward,0.458702365,0.748495904,-0.064844431,-0.363302956,-0.650484354,-0.201530016,-0.325273048,0.220582598,-0.3184671,-0.203852791,0.323014403,-1.584157697,211,HOU,3.6,0.355,2.2,4.3,0.518,0.525
Nick Richards,,2024-25,,,,27,57,43,22,3.6,6.1,0.591,0,,,2.1,2.8,0.744,2.6,5.6,8.2,0.9,0.2,1,1.4,2.5,9.3,Center,0.467403253,0.748217603,-0.079926085,1.779800593,-0.702992608,-1.229622159,1.383145528,-1.214270308,1.46907521,-0.26396126,-0.27897002,0.86227889,212,2TM,0,0,3.6,6.1,0.594,0.591
Kel'el Ware,,2024-25,,,,20,64,36,22.2,4,7.3,0.554,0.5,,,0.7,1,0.687,1.8,5.6,7.4,0.9,0.6,1.1,0.9,1.7,9.3,Center,0.466268268,0.747248813,-0.079926085,1.450092354,-0.702992608,-0.201530016,1.627205325,-0.662403806,1.235899717,-0.473204571,0.323014403,2.516154714,213,MIA,1.7,0.315,3.5,5.5,0.629,0.592
Zach Edey,,2024-25,,,,22,66,55,21.5,3.8,6.6,0.58,0.3,,,1.4,1.9,0.709,3.5,4.8,8.3,1,0.5,1.3,1.3,2.8,9.2,Center,0.467301925,0.747009431,-0.095007739,1.821014122,-0.650484354,-0.458553052,2.115324918,-0.883150407,1.448257896,-0.524907292,-0.158573135,2.613920957,214,MEM,0.8,0.346,3.5,5.8,0.612,0.6
Noah Clowney,,2024-25,,,,20,46,20,22.7,2.9,8.1,0.358,1.9,,,1.5,1.7,0.838,0.9,3,3.9,0.9,0.5,0.5,1,2.3,9.1,Forward-Center,0.45223113,0.751398248,-0.110089393,0.007618812,-0.702992608,-0.458553052,0.162846545,0.882822401,-1.647941213,0.423007463,0.202617519,-1.240663528,216,BRK,5.7,0.333,1,2.4,0.414,0.474
Dalton Knecht,,2024-25,,,,23,78,16,19.2,3.3,7.1,0.461,1.6,,,0.8,1.1,0.762,0.5,2.3,2.8,0.8,0.3,0.1,0.5,1.2,9.1,Forward,0.459939171,0.74874539,-0.110089393,-0.445730016,-0.755500862,-0.972599123,-0.813392641,0.551702499,-0.064373214,-0.149967635,0.804601942,-1.955348444,217,LAL,4.4,0.376,1.7,2.8,0.594,0.576
A.J. Lawson,,2024-25,,,,24,26,2,18.7,3.1,7.3,0.421,1.3,,,1.7,2.4,0.683,0.8,2.5,3.3,1.2,0.5,0.2,0.6,1.7,9.1,Guard,0.457219806,0.745455905,-0.110089393,-0.239662367,-0.545467847,-0.458553052,-0.569332845,0.220582598,-0.623049441,-0.860443966,0.684205057,-2.501811256,218,TOR,3.9,0.327,1.8,3.4,0.528,0.508
Yves Missi,,2024-25,,,,20,73,67,26.8,3.7,6.7,0.547,0,,,1.7,2.8,0.623,3.5,4.7,8.2,1.4,0.5,1.3,1.1,2,9.1,Center,0.465335381,0.741800936,-0.110089393,1.779800593,-0.440451339,-0.458553052,2.115324918,-1.214270308,1.04424401,-1.649859042,0.082220634,1.14836702,220,NOP,0,0,3.7,6.7,0.548,0.547
Jared Butler,,2024-25,,,,24,60,17,17.4,3.4,7.6,0.448,1,,,1.3,1.5,0.824,0.4,1.4,1.8,3.7,0.7,0.2,1.3,1.6,9,Guard,0.459025885,0.750654164,-0.125171047,-0.857865313,0.767238496,0.055493019,-0.569332845,-0.110537304,-0.25200205,0.26229707,-0.158573135,-0.988453109,222,2TM,2.8,0.355,2.4,4.7,0.504,0.514
Julian Strawther,,2024-25,,,,22,65,4,21.3,3.2,7.5,0.432,1.4,,,1.1,1.4,0.822,0.3,1.9,2.2,1.3,0.6,0.2,0.9,2.3,9,Guard,0.457919862,0.750456993,-0.125171047,-0.693011194,-0.492959593,-0.201530016,-0.569332845,0.330955898,-0.479227341,0.219711299,0.323014403,-1.687550437,227,DEN,4.1,0.349,1.8,3.3,0.535,0.529
Justin Champagnie,,2024-25,,,,23,62,31,21.6,3.4,6.6,0.511,1.2,,,0.8,1.2,0.685,1.8,3.9,5.7,1,1,0.6,0.9,1.8,8.8,Forward,0.46302988,0.746966591,-0.155334355,0.749462348,-0.650484354,0.826562126,0.406906342,0.110209297,0.570593351,-0.53416001,0.323014403,1.646769148,233,WAS,3.1,0.383,2.2,3.5,0.624,0.601
Isaiah Collier,,2024-25,,,,20,71,46,25.9,3.3,7.8,0.422,0.6,,,1.5,2.2,0.682,0.5,2.9,3.3,6.3,0.9,0.2,2.9,2.1,8.7,Guard,0.457124167,0.745653054,-0.170416009,-0.239662367,2.132453093,0.569539091,-0.569332845,-0.552030506,-0.642697902,-0.817862909,-2.08492329,-2.374933644,240,UTA,2.4,0.249,2.7,5.4,0.497,0.459
Dante Exum,,2024-25,,,,29,20,13,18.6,3.2,6.7,0.478,1.2,,,1.2,1.6,0.742,0.2,1.5,1.7,2.8,0.6,0.2,1.1,1.7,8.7,Guard,0.461002673,0.748253671,-0.170416009,-0.899078843,0.294664213,-0.201530016,-0.569332845,0.110209297,0.154116533,-0.256171084,0.082220634,-1.45531812,241,DAL,2.7,0.434,2.1,4.1,0.506,0.563
Kyshawn George,,2024-25,,,,21,68,38,26.5,3,8,0.372,1.7,,,1,1.4,0.753,0.7,3.5,4.2,2.5,1,0.7,1.4,3,8.7,Guard,0.453355418,0.748577616,-0.170416009,0.131259401,0.137139452,0.826562126,0.650966138,0.6620758,-1.41696336,-0.186204287,-0.27897002,0.355449241,242,WAS,5.2,0.322,1.3,2.8,0.464,0.476
Dereck Lively II,,2024-25,,,,20,36,29,23.1,3.7,5.3,0.702,0,,,1.3,2,0.63,2.9,4.6,7.5,2.4,0.6,1.6,1.1,2.8,8.7,Center,0.472051141,0.743897874,-0.170416009,1.491305884,0.084631198,-0.201530016,2.847504308,-1.214270308,2.423954302,-1.19695395,0.082220634,4.146446043,244,DAL,0,,3.7,5.3,0.702,0.702
Tyrese Martin,,2024-25,,,,25,60,11,21.9,3.2,7.8,0.406,1.7,,,0.8,1,0.793,1,2.7,3.7,2,0.6,0.2,1.2,1.3,8.7,Guard,0.455966467,0.749327244,-0.170416009,-0.074808248,-0.125401817,-0.201530016,-0.569332845,0.6620758,-0.880539907,-0.024296504,-0.038176251,-1.422425797,245,BRK,4.7,0.351,1.5,3.1,0.492,0.513
Matas Buzelis,,2024-25,,,,20,80,31,18.9,3.2,6.9,0.454,1.2,,,1.1,1.4,0.815,0.7,2.8,3.5,1,0.4,0.9,0.9,1.6,8.6,Forward,0.459485362,0.750266332,-0.185497663,-0.157235307,-0.650484354,-0.715576088,1.139085732,0.110209297,-0.157605362,0.178531457,0.323014403,-0.115557885,246,CHI,3.3,0.361,2,3.6,0.54,0.541
Jaime Jaquez Jr.,,2024-25,,,,23,66,17,20.7,3.2,7,0.461,0.6,,,1.6,2.2,0.754,1.3,3.1,4.4,2.5,0.9,0.2,1.5,1.2,8.6,Forward,0.459938179,0.748687537,-0.185497663,0.213686461,0.137139452,0.569539091,-0.569332845,-0.552030506,-0.064576897,-0.162462973,-0.399366905,-1.012902785,247,MIA,1.8,0.311,2.7,5.2,0.513,0.501
Ja'Kobe Walter,,2024-25,,,,20,52,18,21.2,3.1,7.6,0.405,1.3,,,1.3,1.6,0.795,1.1,1.9,3.1,1.6,0.8,0.2,1,1.8,8.6,Guard,0.45598871,0.749897082,-0.185497663,-0.322089426,-0.335434832,0.312516055,-0.569332845,0.220582598,-0.875970326,0.09877948,0.202617519,-1.45382944,248,TOR,3.6,0.349,1.8,4,0.454,0.487
Ish Wainright,,2023-24,,,,29,11,0,5.6,0.6,2.2,0.292,0.6,,,0.2,0.2,1,0.3,1,1.3,0.1,0.4,0.1,0.2,0.7,2.1,Forward,0.456250344,0.749455965,-1.165805166,-1.063932962,-1.123058638,-0.715576088,-0.813392641,-0.552030506,-0.822219204,0.003505186,1.165792596,-5.086717422,494,2TM,1.8,0.35,0,0.4,0,0.438
Cason Wallace,,2024-25,,,,21,68,43,27.6,3.4,7.2,0.474,1.1,,,0.4,0.5,0.811,1,2.3,3.4,2.5,1.8,0.5,0.9,2.1,8.4,Guard,0.460813295,0.749073058,-0.21566097,-0.198448837,0.137139452,2.882746411,0.162846545,-0.000164003,0.115209997,-0.079196566,0.323014403,3.127486431,253,OKC,3.1,0.356,2.3,4.1,0.562,0.55
Dalano Banton,,2024-25,,,,25,67,7,16.7,3,7.6,0.391,1.1,,,1.4,1.9,0.728,0.4,1.6,2,2.4,0.6,0.5,1.3,0.9,8.3,Guard,0.454999862,0.747704999,-0.230742624,-0.775438254,0.084631198,-0.201530016,0.162846545,-0.000164003,-1.079122788,-0.374675598,-0.158573135,-2.572768676,255,POR,3.3,0.324,1.9,4.3,0.442,0.462
Quinten Post,,2024-25,,,,24,42,14,16.3,2.9,6.5,0.449,1.7,,,0.5,0.6,0.778,0.8,2.7,3.5,1.3,0.4,0.4,0.8,2,8.1,Forward-Center,0.4592008,0.748804139,-0.260905932,-0.157235307,-0.492959593,-0.715576088,-0.081213252,0.6620758,-0.216066824,-0.137278805,0.443411288,-0.955748714,262,GSW,4.3,0.408,1.2,2.3,0.526,0.582
TyTy Washington Jr.,,2023-24,,,,22,11,0,5.1,0.5,1.8,0.3,0.2,,,0,0,,0.1,0.4,0.5,0.5,0.3,0,0.2,0.1,1.3,Guard,0.457037183,,-1.286458397,-1.393641201,-0.913025623,-0.972599123,-1.057452438,-0.993523708,-0.66056827,,1.165792596,-6.111476163,536,MIL,0.5,0.333,0.4,1.3,0.286,0.35
KJ Simpson,,2024-25,,,,22,36,15,23.4,2.9,8.4,0.346,0.9,,,1.1,1.4,0.82,1.1,1.9,3,3.1,0.9,0.2,1.6,1.6,7.8,Guard,0.451040454,0.750402518,-0.306150894,-0.363302956,0.452188974,0.569539091,-0.569332845,-0.220910604,-1.892558158,0.20794563,-0.519763789,-2.642345552,268,CHO,3.6,0.254,2,4.8,0.415,0.4
Karlo Matković,,2024-25,,,,23,42,7,18.8,3.2,5.6,0.574,0.5,,,0.8,1,0.773,1.5,3.5,5,1.1,0.5,1,1,2.5,7.7,Forward-Center,0.465916526,0.748935087,-0.321232548,0.46096764,-0.597976101,-0.458553052,1.383145528,-0.662403806,1.163636577,-0.108996139,0.202617519,1.061205618,270,NOP,1.6,0.318,2.7,4,0.675,0.619
AJ Johnson,,2024-25,,,,20,29,11,22,2.8,7.3,0.385,0.8,,,1.1,1.3,0.865,0.3,1.8,2,2.6,0.4,0.1,1.2,1.7,7.6,Guard,0.454770598,0.751407202,-0.336314202,-0.775438254,0.189647705,-0.715576088,-0.813392641,-0.331283905,-1.126223649,0.424941212,-0.038176251,-3.521816072,271,2TM,3.1,0.267,2,4.2,0.472,0.441
Kylor Kelley,,2024-25,,,,27,11,2,11.5,1.3,2,0.636,0,,,0.5,0.9,0.6,1.1,2.5,3.5,0.5,0.1,0.3,0.4,1.4,3.1,Center,0.463317502,0.745828869,-1.014988627,-0.157235307,-0.913025623,-1.486645194,-0.325273048,-1.214270308,0.629683472,-0.779889724,0.924998827,-4.336645534,465,2TM,0,,1.3,2,0.636,0.636
A.J. Green,,2024-25,,,,25,73,7,22.7,2.5,5.8,0.429,2.1,,,0.3,0.4,0.815,0.2,2.1,2.4,1.5,0.5,0.1,0.5,2.2,7.4,Guard,0.458171883,0.748981933,-0.366477509,-0.610584135,-0.387943086,-0.458553052,-0.813392641,1.103569001,-0.427451335,-0.09887809,0.804601942,-1.255108905,276,MIL,5,0.427,0.4,0.8,0.443,0.612
RayJ Dennis,,2024-25,,,,23,11,0,6.4,1,3,0.333,0.5,,,0.2,0.2,1,0.2,0.9,1.1,1.3,0.6,0.2,0.5,0.6,2.7,Guard,0.456168788,0.749455965,-1.075315242,-1.146360022,-0.492959593,-0.201530016,-0.569332845,-0.662403806,-0.838974381,0.003505186,0.804601942,-4.178768778,475,IND,1.9,0.286,0.5,1.1,0.417,0.424
Ricky Council IV,,2024-25,,,,23,73,12,17.1,2.4,6.3,0.382,0.8,,,1.7,2.1,0.804,0.7,2.2,2.9,1.3,0.4,0.2,0.7,0.9,7.3,Forward,0.455249155,0.750692696,-0.381559163,-0.404516486,-0.492959593,-0.715576088,-0.569332845,-0.331283905,-1.027907171,0.270619303,0.563808173,-3.088707774,281,PHI,2.9,0.258,1.7,3.4,0.488,0.442
Tristan Da Silva,,2024-25,,,,23,74,38,22,2.7,6.5,0.412,1.1,,,0.7,0.9,0.873,1,2.3,3.3,1.5,0.4,0.2,0.8,1.3,7.2,Forward,0.456942584,0.750655981,-0.396640817,-0.239662367,-0.387943086,-0.715576088,-0.569332845,-0.000164003,-0.680002965,0.262689568,0.443411288,-2.283221314,285,ORL,3.2,0.335,1.6,3.3,0.488,0.495
GG Jackson II,,2024-25,,,,20,29,3,15.8,2.6,6.9,0.372,1.1,,,1,1.4,0.725,0.9,2.2,3.2,1,0.4,0.2,1.1,1,7.2,Forward-Center,0.454192565,0.74781497,-0.396640817,-0.280875896,-0.650484354,-0.715576088,-0.569332845,-0.000164003,-1.244976925,-0.350923656,0.082220634,-4.12675395,286,MEM,3.3,0.337,1.4,3.6,0.404,0.452
Vit Krejci,,2024-25,,,,24,57,16,20.2,2.5,5.1,0.497,1.6,,,0.6,0.8,0.711,0.4,2.4,2.7,2.6,0.6,0.5,0.9,1.8,7.2,Guard,0.461665891,0.747863965,-0.396640817,-0.486943545,0.189647705,-0.201530016,0.162846545,0.551702499,0.29037059,-0.340341364,0.323014403,0.092126,287,ATL,3.6,0.437,1,1.5,0.64,0.651
Cade Cunningham,1630595,2022-23,0,1610612765,DET,21,12,12,33.33333333,7.75,18.66666667,0.415,1.416666667,5.083333333,0.279,3,3.583333333,0.837,1,5.166666667,6.166666667,6,0.833333333,0.583333333,3.25,2.833333333,19.91666667,Guard,0.452806617,0.754375231,1.521242837,0.941792154,1.974928332,0.398190399,0.366229708,0.349351449,-1.529711177,1.065988204,-2.506312386,2.58169952,,,,,,,,
Jabari Parker,203953,2021-22,0,1610612738,BOS,27,12,0,9.333333333,1.5,3.166666667,0.474,0.666666667,1.333333333,0.5,0.75,0.75,1,0.416666667,1.916666667,2.333333333,0.5,0.333333333,0.083333333,0.666666667,1.083333333,4.416666667,Forward,0.460297756,0.752171221,-0.816413517,-0.638059821,-0.913025623,-0.886924779,-0.854069275,-0.478448305,0.009295903,0.589957131,0.603940467,-3.383747819,,,,,,,,
James Johnson,201949,2024-25,0,1610612754,IND,38,12,0,3.083333333,0.333333333,0.916666667,0.364,0,0.25,0,0,0.083333333,0,0,0.5,0.5,0.333333333,0,0.166666667,0.333333333,0.416666667,0.666666667,Forward,0.458993082,0.747208441,-1.381975538,-1.393641201,-1.000539379,-1.74366823,-0.65068611,-1.214270308,-0.258741155,-0.481924095,1.005263417,-7.120182599,,,,,,,,
Jamison Battle,,2024-25,,,,23,59,10,17.7,2.5,5.9,0.429,1.8,,,0.3,0.3,0.889,0.6,2.1,2.7,0.9,0.3,0.2,0.5,1.6,7.1,Forward,0.458144336,0.749292037,-0.411722471,-0.486943545,-0.702992608,-0.972599123,-0.569332845,0.7724491,-0.433110616,-0.031900728,0.804601942,-2.031550895,293,TOR,4.4,0.405,0.7,1.5,0.5,0.581
Jamal Shead,,2024-25,,,,22,75,11,19.6,2.7,6.7,0.405,1,,,0.7,0.9,0.768,0.4,1.1,1.5,4.2,0.8,0.1,1.6,2.1,7.1,Guard,0.456418793,0.7487994,-0.411722471,-0.981505903,1.029779765,0.312516055,-0.813392641,-0.110537304,-0.787612536,-0.138302467,-0.519763789,-2.420541291,295,TOR,3,0.323,1.8,3.7,0.47,0.476
Jeff Dowtin Jr.,1630288,2023-24,0,1610612755,PHI,27,12,0,11.83333333,1.666666667,3,0.556,0.75,1.583333333,0.474,0.25,0.333333333,0.75,0.25,1.416666667,1.666666667,2.25,0.583333333,0.083333333,0.416666667,0.083333333,4.333333333,Guard,0.462663934,0.748464029,-0.828981562,-0.912816686,0.005868817,-0.24436719,-0.854069275,-0.386470555,0.495412077,-0.21073726,0.904932679,-2.031228955,,,,,,,,
Tony Bradley,1628396,2022-23,0,1610612741,CHI,25,12,0,2.75,0.5,1,0.5,0.25,0.416666667,0.6,0.333333333,0.333333333,1,0.083333333,0.833333333,0.916666667,0.083333333,0.083333333,0.083333333,0.083333333,0.166666667,1.583333333,Forward-Center,0.460261239,0.750119658,-1.243727044,-1.22191816,-1.131810014,-1.529482368,-0.854069275,-0.938337057,0.001793762,0.146852259,1.306255628,-5.464442268,,,,,,,,
Orlando Robinson,,2024-25,,,,24,44,8,17.5,2.6,5.9,0.444,0.4,,,1.2,1.6,0.771,2,3,5,1.8,0.4,0.4,1.1,2.3,6.9,Center,0.45898003,0.749152896,-0.441885779,0.46096764,-0.230418325,-0.715576088,-0.081213252,-0.772777107,-0.261422575,-0.061952851,0.082220634,-2.022057702,300,2TM,1.2,0.327,2.3,4.8,0.474,0.477
Jake LaRavia,,2024-25,,,,23,66,0,20.4,2.4,5.1,0.475,0.9,,,1.2,1.7,0.678,1.4,2.6,3.9,2.4,0.9,0.3,1.3,2,6.9,Forward-Center,0.460598337,0.746137127,-0.441885779,0.007618812,0.084631198,0.569539091,-0.325273048,-0.220910604,0.071048248,-0.713311048,-0.158573135,-1.127116266,301,2TM,2.2,0.423,1.5,3,0.513,0.564
Ryan Dunn,,2024-25,,,,22,74,44,19.1,2.8,6.4,0.43,1.1,,,0.3,0.5,0.487,1.2,2.4,3.6,0.8,0.6,0.5,0.5,2.2,6.9,Forward,0.45806753,0.745865137,-0.441885779,-0.116021777,-0.755500862,-0.201530016,0.162846545,-0.000164003,-0.44888994,-0.772056355,0.804601942,-1.768600245,302,PHO,3.6,0.311,1.7,2.9,0.577,0.516
Antonio Reeves,,2024-25,,,,24,44,6,15,2.6,5.6,0.456,1.2,,,0.6,0.8,0.8,0.4,1,1.4,0.9,0.5,0.1,0.7,0.9,6.9,Guard,0.459658951,0.74926554,-0.441885779,-1.022719433,-0.702992608,-0.458553052,-0.813392641,0.110209297,-0.121942658,-0.037623534,0.563808173,-2.925092235,305,NOP,2.9,0.395,1.4,2.7,0.521,0.558
Sidy Cissoko,,2023-24,,,,19,12,0,11.8,1.3,2.8,0.485,0.1,,,1,1.3,0.8,0.7,1.2,1.8,0.8,0.6,0.3,0.3,1.5,3.8,Forward,0.460548494,0.749760028,-0.90941705,-0.857865313,-0.755500862,-0.201530016,-0.325273048,-1.103897008,0.060808389,0.069177978,1.045395711,-2.978101219,410,SAS,1,0.083,1.3,1.8,0.714,0.5
DaQuan Jeffries,,2024-25,,,,27,47,20,22.8,2.5,6.2,0.405,1.2,,,0.5,0.6,0.8,0.8,2.1,2.9,1.1,0.6,0.5,0.7,2.1,6.7,Guard,0.456660877,0.749065009,-0.472049087,-0.404516486,-0.597976101,-0.201530016,0.162846545,0.110209297,-0.737877768,-0.080935135,0.563808173,-1.658020577,311,CHO,3.5,0.335,1.3,2.7,0.496,0.5
Jalen Slawson,,2023-24,,,,24,12,0,3.1,0.3,0.5,0.667,0,,,0,0,,0.1,0.5,0.6,0.2,0.1,0.1,0.2,0.7,0.7,Forward,0.46089438,,-1.37694832,-1.352427671,-1.070550384,-1.486645194,-0.813392641,-1.214270308,0.131868459,,1.165792596,-6.016573464,555,SAC,0.2,0,0.3,0.3,1,0.667
Vasilije Micić,,2024-25,,,,31,41,16,19.1,2.3,6.7,0.348,1.1,,,0.8,1,0.829,0.5,1.7,2.2,3.1,0.4,0,1.9,1.1,6.6,Guard,0.452839599,0.750033126,-0.48713074,-0.693011194,0.452188974,-0.715576088,-1.057452438,-0.000164003,-1.522935234,0.12816284,-0.880954443,-4.776872327,313,2TM,3,0.36,1.2,3.6,0.338,0.43
Trayce Jackson-Davis,,2024-25,,,,24,62,37,15.6,2.8,4.9,0.576,0,,,1,1.6,0.578,2,3,5,1.7,0.4,0.6,0.7,1.2,6.6,Center,0.465288705,0.7431684,-0.48713074,0.46096764,-0.282926578,-0.715576088,0.406906342,-1.214270308,1.034654719,-1.35450868,0.563808173,-1.588075522,315,GSW,0,0,2.8,4.8,0.582,0.576
Marcus Sasser,,2024-25,,,,24,57,1,14.2,2.4,5.2,0.463,1,,,0.8,0.9,0.843,0.3,0.9,1.2,2.3,0.6,0.1,0.9,1.3,6.6,Guard,0.460018871,0.750125529,-0.48713074,-1.105146492,0.032122944,-0.201530016,-0.813392641,-0.110537304,-0.047999385,0.148120415,0.323014403,-2.262478817,316,DET,2.7,0.382,1.4,2.5,0.549,0.561
Donovan Clingan,,2024-25,,,,20,67,37,19.8,2.7,5,0.539,0.2,,,0.9,1.6,0.596,3.2,4.6,7.9,1.1,0.5,1.6,1.1,2.8,6.5,Center,0.46363224,0.74372654,-0.502212394,1.656160003,-0.597976101,-0.458553052,2.847504308,-0.993523708,0.694344406,-1.233959432,0.082220634,1.494004665,319,POR,0.7,0.286,2.5,4.3,0.582,0.56
Ajay Mitchell,,2024-25,,,,22,36,1,16.6,2.5,5.1,0.495,0.6,,,0.8,1,0.829,0.5,1.4,1.9,1.8,0.7,0.1,0.8,1.9,6.5,Guard,0.461568841,0.750033126,-0.502212394,-0.816651784,-0.230418325,0.055493019,-0.813392641,-0.552030506,0.270432195,0.12816284,0.443411288,-2.017206308,324,OKC,1.7,0.383,1.9,3.4,0.548,0.557
Ron Holland,,2024-25,,,,19,81,2,15.6,2.4,5.1,0.474,0.4,,,1.1,1.5,0.754,0.5,2.2,2.7,1,0.6,0.2,0.9,1.7,6.4,Forward,0.460549811,0.748615329,-0.517294048,-0.486943545,-0.650484354,-0.201530016,-0.569332845,-0.772777107,0.061079051,-0.178058801,0.323014403,-2.992327263,328,DET,1.9,0.238,2,3.3,0.608,0.517
Sandro Mamukelashvili,,2024-25,,,,25,61,0,11.2,2.3,4.6,0.502,1,,,0.7,1,0.741,1,2,3.1,0.8,0.4,0.3,0.4,1,6.3,Forward-Center,0.461716876,0.748307636,-0.532375702,-0.322089426,-0.755500862,-0.715576088,-0.325273048,-0.110537304,0.300844967,-0.244515555,0.924998827,-1.780024192,331,SAS,2.6,0.373,1.3,2,0.675,0.609
Jonathan Mogbo,,2024-25,,,,23,63,18,20.4,2.5,5.7,0.438,0.3,,,1,1.3,0.732,1.7,3.2,4.9,2.3,0.9,0.5,1.1,2.2,6.2,Forward-Center,0.458684817,0.748036831,-0.547457356,0.41975411,0.032122944,0.569539091,0.162846545,-0.883150407,-0.322072174,-0.303005098,0.082220634,-0.789201711,335,TOR,1.1,0.243,2.2,4.5,0.486,0.462
Ryan Rollins,,2024-25,,,,22,56,19,14.6,2.4,4.8,0.487,0.9,,,0.6,0.8,0.8,0.4,1.6,1.9,1.9,0.8,0.3,0.9,1.6,6.2,Guard,0.461106729,0.74926554,-0.547457356,-0.816651784,-0.177910071,0.312516055,-0.325273048,-0.220910604,0.175494197,-0.037623534,0.323014403,-1.314801742,336,MIL,2.1,0.408,1.5,2.7,0.55,0.577
E.J. Liddell,,2024-25,,,,24,12,0,4.4,0.7,1.3,0.533,0.3,,,0.2,0.2,1,0.3,0.5,0.8,0.3,0.1,0.1,0.2,0.9,1.8,Forward-Center,0.46080242,0.749455965,-1.211050127,-1.270000611,-1.018042131,-1.486645194,-0.813392641,-0.883150407,0.11297595,0.003505186,1.165792596,-5.40000738,514,CHI,0.8,0.3,0.4,0.4,1,0.633
Jarace Walker,,2024-25,,,,21,75,5,15.8,2.3,4.8,0.472,1,,,0.6,0.9,0.667,0.3,2.7,3.1,1.5,0.7,0.3,1,1.5,6.1,Forward-Center,0.460419706,0.747013545,-0.56253901,-0.322089426,-0.387943086,0.055493019,-0.325273048,-0.110537304,0.034349701,-0.524018616,0.202617519,-1.93994025,339,IND,2.5,0.405,1.3,2.3,0.543,0.576
Luke Travers,,2024-25,,,,23,12,0,7.3,0.4,1.7,0.25,0,,,0.2,0.2,1,0.7,1,1.7,0.7,0.1,0.1,0.7,0.5,1,Guard,0.456355803,0.749455965,-1.331703359,-0.899078843,-0.808009116,-1.486645194,-0.813392641,-1.214270308,-0.800553338,0.003505186,0.563808173,-6.786339441,545,CLE,0.8,0,0.4,0.9,0.455,0.25
Mouhamed Gueye,,2024-25,,,,22,33,28,16.2,2.2,5.2,0.421,0.6,,,1,1.3,0.762,1.3,2.9,4.2,0.8,0.8,1,0.5,1.7,6,Forward-Center,0.457942825,0.748797065,-0.577620664,0.131259401,-0.755500862,0.312516055,1.383145528,-0.552030506,-0.474509787,-0.138806682,0.804601942,0.133054426,341,ATL,2.5,0.259,1.5,2.7,0.567,0.482
Brook Lopez,201572,2021-22,0,1610612749,MIL,34,13,11,22.92307692,4.692307692,10.07692308,0.466,1.461538462,4.076923077,0.358,1.538461538,1.769230769,0.87,1.461538462,2.615384615,4.076923077,0.461538462,0.615384615,1.153846154,0.923076923,2.615384615,12.38461538,Center,0.460425582,0.752607671,0.38528493,0.080535057,-0.933221105,-0.161988012,1.758622139,0.39887793,0.035556833,0.684223531,0.295230507,2.543121811,,,,,,,,
Isaiah Wong,,2024-25,,,,24,20,0,13.3,2.1,5.3,0.39,0.7,,,1.3,1.7,0.735,0.7,0.9,1.6,1.4,0.6,0,0.9,1.1,6,Guard,0.456347438,0.748011401,-0.577620664,-0.940292373,-0.440451339,-0.201530016,-1.057452438,-0.441657205,-0.802271985,-0.308497579,0.323014403,-4.446759196,346,CHO,1.7,0.394,1.4,3.6,0.389,0.452
Bryce McGowens,1631121,2024-25,0,1610612757,POR,22,13,0,2.461538462,0.307692308,1.076923077,0.286,0,0.307692308,0,0.384615385,0.461538462,0.833,0.153846154,0.076923077,0.230769231,0.153846154,0.076923077,0,0.307692308,0.230769231,1,Guard,0.458011421,0.749227077,-1.331703359,-1.504600704,-1.094784963,-1.545958202,-1.057452438,-1.214270308,-0.460417132,-0.045930894,1.036134412,-7.218983588,,,,,,,,
Simone Fontecchio,,2024-25,,,,29,75,0,16.5,2,5,0.402,1,,,0.9,1.1,0.833,0.7,2.2,2.9,0.9,0.4,0.2,0.7,1.3,5.9,Forward,0.45710843,0.750273766,-0.592702318,-0.404516486,-0.702992608,-0.715576088,-0.569332845,-0.110537304,-0.645930867,0.180137176,0.563808173,-2.997643167,350,DET,3,0.335,1,1.9,0.507,0.504
Collin Gillespie,,2024-25,,,,25,33,9,14,2.1,4.8,0.43,1.2,,,0.6,0.7,0.864,0.7,1.7,2.4,2.4,0.6,0.2,0.5,0.9,5.9,Guard,0.458496042,0.750049101,-0.592702318,-0.610584135,0.084631198,-0.201530016,-0.569332845,0.110209297,-0.360854887,0.131613208,0.804601942,-1.203948556,351,PHO,2.7,0.433,0.9,2.1,0.426,0.554
Tidjane Salaün,,2024-25,,,,19,60,10,20.7,1.9,5.8,0.33,1,,,1.1,1.6,0.713,1.2,3.5,4.7,1.2,0.5,0.2,1,1.4,5.9,Forward-Center,0.452744661,0.747354447,-0.592702318,0.33732705,-0.545467847,-0.458553052,-0.569332845,-0.110537304,-1.542439489,-0.450389318,0.202617519,-3.729477603,352,CHO,3.4,0.283,0.9,2.3,0.4,0.414
Adem Bona,,2024-25,,,,21,58,11,15.6,2.3,3.3,0.703,0,,,1.2,1.7,0.67,1.6,2.6,4.2,0.5,0.4,1.2,1.1,2.2,5.8,Center,0.467631028,0.74587407,-0.607783972,0.131259401,-0.913025623,-0.715576088,1.871265122,-1.214270308,1.515870043,-0.770126974,0.082220634,-0.620167765,355,PHI,0,0,2.3,3.3,0.707,0.703
Quenton Jackson,,2024-25,,,,26,28,7,13.6,2.1,4.4,0.475,0.5,,,1.1,1.4,0.775,0.5,1.1,1.6,1.9,0.8,0.2,0.6,1.5,5.8,Guard,0.460501774,0.749176837,-0.607783972,-0.940292373,-0.177910071,0.312516055,-0.569332845,-0.662403806,0.051210018,-0.056781927,0.684205057,-1.966573863,356,IND,1.4,0.375,1.5,2.9,0.524,0.537
Robert Williams,,2024-25,,,,27,20,3,17.6,2.5,3.9,0.641,0.1,,,0.8,0.9,0.882,1.8,4.2,5.9,1.1,0.7,1.7,0.9,1.6,5.8,Center,0.466662995,0.750815117,-0.607783972,0.831889408,-0.597976101,0.055493019,3.091564105,-1.103897008,1.316993829,0.297060314,0.323014403,3.606357998,357,POR,0.2,0.333,2.5,3.8,0.653,0.647
Dariq Whitehead,,2024-25,,,,20,20,0,12.3,2,4.8,0.406,1.7,,,0.2,0.3,0.6,0.2,1.3,1.5,0.6,0.3,0.1,0.8,1.1,5.7,Forward,0.457396805,0.747568379,-0.622865626,-0.981505903,-0.860517369,-0.972599123,-0.813392641,0.6620758,-0.586686081,-0.40418341,0.443411288,-4.136263065,359,BRK,3.7,0.446,0.3,1.1,0.273,0.578
Jordan Goodwin,,2024-25,,,,26,29,5,18.7,2.2,5,0.438,0.9,,,0.3,0.4,0.818,1.3,2.6,3.9,1.4,1,0.4,0.9,1.5,5.6,Guard,0.458822716,0.749005743,-0.637947279,0.007618812,-0.440451339,0.826562126,-0.081213252,-0.220910604,-0.293741744,-0.093735612,0.323014403,-0.61080449,361,LAL,2.3,0.382,1.3,2.6,0.487,0.528
Keaton Wallace,,2024-25,,,,25,31,5,16.2,2.1,5.2,0.401,0.9,,,0.4,0.4,1,0.2,1.4,1.6,2.6,0.9,0.3,1.1,1.3,5.4,Guard,0.456954232,0.750450187,-0.668110587,-0.940292373,0.189647705,0.569539091,-0.325273048,-0.220910604,-0.677609978,0.218241378,0.082220634,-1.772547783,367,ATL,2.6,0.329,1.2,2.6,0.475,0.485
Donta Hall,1629743,2020-21,0,1610612753,ORL,23,13,0,13.76923077,1.923076923,2.692307692,0.714,0,0,0,1.769230769,2.615384615,0.676,1.846153846,2.923076923,4.769230769,0.846153846,0.384615385,0.769230769,0.615384615,1.384615385,5.615384615,Center,0.466526597,0.744852285,-0.635627025,0.365859494,-0.731266283,-0.755118092,0.819930612,-1.214270308,1.288971779,-0.990816414,0.66568246,-1.186653777,,,,,,,,
Ben Sheppard,,2024-25,,,,23,63,9,19.5,1.9,4.6,0.418,1.1,,,0.4,0.4,0.889,0.7,2.1,2.8,1.3,0.6,0.2,0.3,2,5.3,Guard,0.458022803,0.749569235,-0.683192241,-0.445730016,-0.492959593,-0.201530016,-0.569332845,-0.000164003,-0.458078822,0.027969697,1.045395711,-1.777622128,372,IND,3.2,0.342,0.8,1.4,0.591,0.537
Monte Morris,,2024-25,,,,29,45,0,12.7,1.8,4.3,0.426,0.7,,,0.8,0.9,0.857,0.3,1.2,1.5,1.6,0.4,0.1,0.5,0.5,5.2,Guard,0.458467739,0.750373074,-0.698273895,-0.981505903,-0.335434832,-0.715576088,-0.813392641,-0.441657205,-0.366669512,0.20158602,0.804601942,-3.346322114,373,PHO,1.9,0.36,1.2,2.4,0.477,0.505
Ignas Brazdeikis,1629649,2020-21,0,0,TOT,22,13,0,19.15384615,2.692307692,6.384615385,0.422,0.846153846,2.153846154,0.393,0.769230769,1.076923077,0.714,0.846153846,2.615384615,3.461538462,1.307692308,0.307692308,0.230769231,0.923076923,1.692307692,7,Forward,0.457591473,0.747727354,-0.426804125,-0.173086665,-0.488920497,-0.95282812,-0.494237522,-0.280342382,-0.54669278,-0.36984735,0.295230507,-3.437528932,,,,,,,,
Kai Jones,,2024-25,,,,24,40,6,11.7,2.2,2.7,0.798,0,,,0.6,0.8,0.719,1,2.1,3.1,0.6,0.4,0.6,0.5,1.3,5,Center,0.468753507,0.74798995,-0.728437203,-0.322089426,-0.860517369,-0.715576088,0.406906342,-1.214270308,1.746476278,-0.313130773,0.804601942,-1.196036605,379,2TM,0.1,0.2,2.2,2.6,0.827,0.803
Jabari Parker,203953,2020-21,0,0,TOT,26,13,0,12.69230769,2.307692308,4.230769231,0.545,0.153846154,0.846153846,0.182,0.769230769,1,0.769,0.769230769,2.461538462,3.230769231,0.846153846,0.076923077,0.384615385,0.769230769,1,5.538461538,Forward,0.463319563,0.748856656,-0.647228297,-0.26819481,-0.731266283,-1.545958202,-0.118760912,-1.044465231,0.63010686,-0.125936066,0.480456483,-3.371246458,,,,,,,,
Jaylen Martin,,2024-25,,,,21,16,0,14.9,1.9,4.6,0.419,0.4,,,0.6,0.6,0.9,0.7,2.1,2.8,1.1,0.6,0,0.8,0.9,4.9,Forward,0.45806678,0.75025078,-0.743518857,-0.445730016,-0.597976101,-0.201530016,-1.057452438,-0.772777107,-0.449044015,0.175172458,0.443411288,-3.649444803,384,2TM,1.4,0.304,1.5,3.2,0.471,0.466
Trevelin Queen,,2024-25,,,,27,31,2,13.9,1.8,4.7,0.381,0.7,,,0.6,0.7,0.857,0.8,0.9,1.7,1.2,1,0.3,0.7,1.2,4.9,Guard,0.456323641,0.749952455,-0.743518857,-0.899078843,-0.545467847,0.826562126,-0.325273048,-0.441657205,-0.807160911,0.110739008,0.563808173,-2.261047404,386,ORL,2.5,0.286,1.1,2.3,0.486,0.456
Colin Castleton,,2024-25,,,,24,26,4,16.6,1.8,3.8,0.469,0.1,,,1.1,1.5,0.763,2,2.7,4.7,1.1,0.3,0.4,0.9,2,4.7,Center,0.460198316,0.748877465,-0.773682164,0.33732705,-0.597976101,-0.972599123,-0.081213252,-1.103897008,-0.011133494,-0.121441617,0.323014403,-3.001601305,388,3TM,0.6,0.125,1.7,3.2,0.537,0.48
Jaylen Nowell,1629669,2023-24,0,0,TOT,24,13,1,16.46153846,2.615384615,6,0.436,0.461538462,2.230769231,0.207,0.538461538,0.692307692,0.778,0.461538462,1.384615385,1.846153846,1.461538462,0.307692308,0.153846154,0.538461538,1.153846154,6.230769231,Guard,0.458513068,0.748857303,-0.542816847,-0.838843684,-0.408138568,-0.95282812,-0.681975828,-0.704855075,-0.357357016,-0.125796243,0.758295448,-3.854315931,,,,,,,,
David Roddy,,2024-25,,,,23,33,3,12.4,1.7,3.8,0.456,0.6,,,0.6,0.8,0.769,0.4,2.2,2.5,1.1,0.4,0.3,0.7,0.6,4.6,Forward-Center,0.459722401,0.748777351,-0.788763818,-0.569370605,-0.597976101,-0.715576088,-0.325273048,-0.552030506,-0.108907256,-0.143064576,0.563808173,-3.237153825,390,3TM,1.8,0.311,1.2,1.9,0.594,0.532
Pelle Larsson,,2024-25,,,,23,55,8,14.2,1.6,3.7,0.438,0.6,,,0.7,1.1,0.672,0.5,1.2,1.7,1.2,0.6,0.1,0.4,1.7,4.6,Guard,0.459083753,0.746808013,-0.788763818,-0.899078843,-0.545467847,-0.201530016,-0.813392641,-0.552030506,-0.240113361,-0.568410354,0.924998827,-3.68378856,392,MIA,1.7,0.337,1,2,0.528,0.517
Julian Phillips,,2024-25,,,,21,79,5,14.2,1.6,3.6,0.446,0.6,,,0.8,1,0.789,0.8,1.3,2.1,0.5,0.5,0.3,0.3,1.4,4.6,Forward,0.459382096,0.749248813,-0.788763818,-0.734224724,-0.913025623,-0.458553052,-0.325273048,-0.552030506,-0.178820605,-0.041236431,1.045395711,-2.946532095,393,CHI,1.9,0.327,1,1.7,0.582,0.533
Cody Williams,,2024-25,,,,20,50,21,21.2,1.7,5.1,0.323,0.7,,,0.6,0.8,0.725,0.5,1.7,2.3,1.2,0.5,0.3,0.9,1.9,4.6,Guard,0.453222504,0.748084438,-0.788763818,-0.651797665,-0.545467847,-0.458553052,-0.325273048,-0.441657205,-1.444269748,-0.292722829,0.323014403,-4.625490809,394,UTA,2.7,0.259,1,2.4,0.393,0.391
Rob Dillingham,,2024-25,,,,20,49,1,10.5,1.9,4.3,0.441,0.5,,,0.2,0.3,0.533,0.2,0.8,1,2,0.4,0,1.1,0.8,4.5,Guard,0.459086147,0.747168776,-0.803845472,-1.187573552,-0.125401817,-0.715576088,-1.057452438,-0.662403806,-0.239621423,-0.490491159,0.082220634,-5.200145121,395,MIN,1.5,0.338,1.4,2.8,0.496,0.5
Jett Howard,,2024-25,,,,21,60,0,11.7,1.6,4.4,0.374,0.9,,,0.3,0.4,0.696,0.3,0.8,1.2,0.7,0.2,0.2,0.6,1.1,4.5,Forward,0.456245069,0.748037489,-0.803845472,-1.105146492,-0.808009116,-1.229622159,-0.569332845,-0.220910604,-0.823303012,-0.302863045,0.684205057,-5.178827687,396,ORL,3.1,0.296,0.7,1.3,0.566,0.479
Reed Sheppard,,2024-25,,,,20,52,3,12.6,1.6,4.6,0.351,0.9,,,0.3,0.3,0.813,0.3,1.2,1.5,1.4,0.7,0.3,0.7,1,4.4,Guard,0.45507634,0.748838756,-0.818927126,-0.981505903,-0.440451339,0.055493019,-0.325273048,-0.220910604,-1.063410892,-0.129802056,0.563808173,-3.360979777,404,HOU,2.7,0.338,0.7,1.9,0.371,0.452
Terrence Shannon Jr.,,2024-25,,,,24,32,1,10.6,1.7,3.6,0.482,0.3,,,0.5,0.7,0.81,0.3,1.2,1.5,1,0.2,0.2,0.5,0.8,4.3,Guard,0.460633062,0.749303539,-0.83400878,-0.981505903,-0.650484354,-1.229622159,-0.569332845,-0.883150407,0.078182269,-0.029416335,0.804601942,-4.294736572,409,MIN,1,0.355,1.4,2.6,0.53,0.531
Torrey Craig,,2024-25,,,,34,26,4,12.1,1.5,3.5,0.422,0.9,,,0.3,0.5,0.667,1,1.8,2.8,0.7,0.3,0.5,0.3,1.3,4.2,Forward,0.458583432,0.747647316,-0.849090434,-0.445730016,-0.808009116,-0.972599123,0.162846545,-0.220910604,-0.342901188,-0.38713425,1.045395711,-2.818132474,411,2TM,2.5,0.364,0.5,0.9,0.583,0.556
Wendell Moore Jr.,,2024-25,,,,23,36,1,13.9,1.6,3.5,0.468,0.4,,,0.5,0.6,0.818,0.8,1.8,2.6,1.2,0.6,0.1,0.8,0.9,4.2,Guard,0.460138987,0.749278448,-0.849090434,-0.528157075,-0.545467847,-0.201530016,-0.813392641,-0.772777107,-0.023322169,-0.034835768,0.443411288,-3.325161769,412,2TM,1.1,0.341,1.3,2.4,0.529,0.524
Oso Ighodaro,,2024-25,,,,22,61,6,17.1,1.9,3.1,0.604,0,,,0.5,0.8,0.58,1.1,2.6,3.6,1.2,0.5,0.5,0.6,1.7,4.2,Forward-Center,0.464197722,0.745800973,-0.849090434,-0.116021777,-0.545467847,-0.458553052,0.162846545,-1.214270308,0.810519217,-0.7859148,0.684205057,-2.311747399,415,PHO,0,0,1.9,3,0.611,0.604
Kris Murray,,2024-25,,,,24,69,6,15.1,1.7,4,0.419,0.4,,,0.4,0.8,0.456,1.1,1.5,2.6,1,0.5,0.2,0.6,1,4.2,Forward,0.458292165,0.743848217,-0.849090434,-0.528157075,-0.650484354,-0.458553052,-0.569332845,-0.772777107,-0.402740042,-1.207678968,0.684205057,-4.754608819,416,POR,1.7,0.225,1.3,2.3,0.566,0.468
Duop Reath,,2024-25,,,,28,46,0,10.2,1.5,3.6,0.422,0.7,,,0.4,0.5,0.909,1,1,2,0.6,0.3,0.3,0.3,0.9,4.2,Center,0.458548119,0.750043355,-0.849090434,-0.775438254,-0.860517369,-0.972599123,-0.325273048,-0.441657205,-0.350155854,0.130372135,1.045395711,-3.398963441,417,POR,2.3,0.321,0.8,1.3,0.6,0.524
Cam Spencer,,2024-25,,,,24,25,1,10.1,1.4,3.3,0.415,0.8,,,0.8,0.8,1,0.5,0.7,1.2,1.4,0.4,0,0.2,0.9,4.2,Guard,0.458430641,0.752415147,-0.849090434,-1.105146492,-0.440451339,-0.715576088,-1.057452438,-0.331283905,-0.374291136,0.642641253,1.165792596,-3.064857982,418,MEM,2.1,0.365,0.6,1.2,0.5,0.53
Maxwell Lewis,,2024-25,,,,22,28,1,11.7,1.6,3.9,0.417,0.7,,,0.3,0.4,0.7,0.6,1.3,2,0.7,0.3,0.3,0.5,1,4.1,Forward,0.45825491,0.748069235,-0.864172088,-0.775438254,-0.808009116,-0.972599123,-0.325273048,-0.441657205,-0.410393823,-0.296006408,0.804601942,-4.088947123,419,2TM,1.8,0.38,0.9,2.1,0.448,0.505
Jaylen Clark,,2024-25,,,,23,40,4,13.1,1.4,3,0.467,0.6,,,0.7,0.9,0.784,0.7,0.7,1.3,0.7,0.9,0.1,0.2,1.5,4.1,Guard,0.460071701,0.749082307,-0.864172088,-1.063932962,-0.808009116,0.569539091,-0.813392641,-0.552030506,-0.037145747,-0.077198919,1.165792596,-2.480550292,420,MIN,1.3,0.431,0.9,1.7,0.493,0.558
Jordan Miller,,2024-25,,,,25,37,0,11.4,1.6,3.6,0.433,0.2,,,0.8,0.9,0.8,0.6,0.9,1.6,0.9,0.5,0.1,0.7,0.7,4.1,Forward,0.458930359,0.749365215,-0.864172088,-0.940292373,-0.702992608,-0.458553052,-0.813392641,-0.993523708,-0.271627198,-0.016095371,0.563808173,-4.496840866,422,LAC,1,0.211,1.4,2.6,0.521,0.463
Jalen Pickett,,2024-25,,,,25,49,4,13.6,1.6,3.7,0.428,0.8,,,0.1,0.2,0.75,0.3,1.1,1.4,2.2,0.4,0.1,0.5,0.8,4.1,Guard,0.458726954,0.748459949,-0.864172088,-1.022719433,-0.02038531,-0.715576088,-0.813392641,-0.331283905,-0.31341534,-0.21161839,0.804601942,-3.487961252,423,DEN,2.1,0.396,0.8,1.6,0.468,0.539
Gui Santos,,2024-25,,,,22,56,2,13.6,1.5,3.2,0.458,0.6,,,0.5,0.8,0.69,1.3,1.8,3.1,1.4,0.4,0.2,0.8,1.6,4.1,Forward-Center,0.459806058,0.747533257,-0.864172088,-0.322089426,-0.440451339,-0.715576088,-0.569332845,-0.552030506,-0.091720381,-0.411769167,0.443411288,-3.523730551,425,GSW,1.8,0.33,0.9,1.4,0.632,0.553
Colby Jones,,2024-25,,,,22,39,0,13.2,1.5,3.3,0.457,0.4,,,0.6,0.9,0.657,0.5,1.7,2.2,1.1,0.7,0.3,0.6,0.9,4,Guard,0.459772364,0.746836728,-0.879253742,-0.693011194,-0.597976101,0.055493019,-0.325273048,-0.772777107,-0.098642631,-0.562208333,0.684205057,-3.189444079,427,2TM,1.3,0.327,1.1,2.1,0.538,0.519
Justin Patton,1628383,2020-21,0,1610612745,HOU,24,13,6,19,2.230769231,5.384615385,0.414,0.692307692,2.615384615,0.265,0.230769231,0.307692308,0.75,1.076923077,2.692307692,3.769230769,1.076923077,0.923076923,1.076923077,0.307692308,2.615384615,5.384615385,Center,0.457520443,0.748463246,-0.670430842,-0.046275804,-0.61009339,0.628852099,1.570883834,-0.450147459,-0.561285405,-0.210906345,1.036134412,0.686731099,,,,,,,,
Olivier-Maxence Prosper,,2024-25,,,,22,52,4,11.2,1.3,3.3,0.402,0.2,,,0.9,1.5,0.645,0.8,1.6,2.4,0.8,0.5,0.1,0.3,0.5,3.9,Forward-Center,0.458015345,0.745440572,-0.894335396,-0.610584135,-0.755500862,-0.458553052,-0.813392641,-0.993523708,-0.459610911,-0.863755799,1.045395711,-4.803860792,434,DAL,1,0.235,1.1,2.4,0.472,0.437
Branden Carlson,,2024-25,,,,25,32,0,7.7,1.3,3,0.443,0.7,,,0.4,0.6,0.778,0.5,1.2,1.7,0.4,0.2,0.7,0.2,0.7,3.8,Center,0.459372672,0.748804139,-0.90941705,-0.899078843,-0.965533877,-1.229622159,0.650966138,-0.441657205,-0.180756846,-0.137278805,1.165792596,-2.94658605,436,OKC,2.1,0.333,0.7,1,0.677,0.557
Devin Carter,,2024-25,,,,22,36,0,11,1.3,3.5,0.37,0.5,,,0.7,1.2,0.591,0.5,1.6,2.1,1.1,0.6,0.1,0.5,1.1,3.8,Guard,0.456824978,0.744763466,-0.90941705,-0.734224724,-0.597976101,-0.201530016,-0.813392641,-0.662403806,-0.704164426,-1.009999914,0.804601942,-4.828506737,437,SAC,1.7,0.295,0.8,1.8,0.439,0.441
Mike James,1628455,2020-21,0,1610612751,BKN,30,13,1,18.15384615,2.615384615,7.076923077,0.37,0.846153846,2.384615385,0.355,1.615384615,2.076923077,0.778,0.230769231,2.230769231,2.461538462,4.153846154,0.461538462,0.076923077,1.538461538,0.769230769,7.692307692,Guard,0.453924574,0.749632146,-0.322392675,-0.585221962,1.005545186,-0.557408064,-0.869714133,-0.280342382,-1.300033891,0.041557449,-0.445673398,-3.31368387,,,,,,,,
Craig Porter Jr.,,2024-25,,,,24,51,1,10.1,1.4,2.7,0.514,0.4,,,0.5,0.6,0.719,0.4,0.9,1.3,1.4,0.3,0.3,0.7,0.5,3.7,Guard,0.4612871,0.748104534,-0.924498703,-1.063932962,-0.440451339,-0.972599123,-0.325273048,-0.772777107,0.212550332,-0.288382285,0.563808173,-4.011556064,442,CLE,0.9,0.438,1,1.8,0.554,0.589
Moses Brown,1629650,2024-25,0,0,TOT,25,13,2,9.153846154,2.615384615,3.769230769,0.694,0,0,0,0.615384615,0.846153846,0.727,0.923076923,2.461538462,3.384615385,0.153846154,0.461538462,0.307692308,0.846153846,1.307692308,5.846153846,Center,0.468368426,0.748096767,-0.600823208,-0.20478938,-1.094784963,-0.557408064,-0.306499217,-1.214270308,1.667363909,-0.290060004,0.387843495,-2.213427741,,,,,,,,
JT Thor,,2024-25,,,,22,20,0,12.5,1.3,3,0.424,0.3,,,0.8,1.1,0.682,1,1.4,2.4,0.3,0.4,0.5,0.5,0.9,3.6,Forward-Center,0.458819274,0.747023277,-0.939580357,-0.610584135,-1.018042131,-0.715576088,0.162846545,-0.883150407,-0.294448965,-0.521916719,0.804601942,-4.015850314,445,2TM,1.1,0.286,1,1.9,0.5,0.475
Baylor Scheierman,,2024-25,,,,24,31,2,12.4,1.3,3.5,0.355,0.8,,,0.3,0.4,0.75,0.6,1.5,2.1,1.1,0.5,0.1,0.4,0.7,3.6,Guard,0.456317731,0.74846606,-0.939580357,-0.734224724,-0.597976101,-0.458553052,-0.813392641,-0.331283905,-0.808374976,-0.210298443,0.924998827,-3.968685373,446,BOS,2.6,0.317,0.4,0.9,0.464,0.473
Jaylon Tyson,,2024-25,,,,22,47,3,9.6,1.4,3.2,0.43,0.4,,,0.4,0.5,0.792,0.8,1.3,2,0.9,0.3,0.1,0.6,1.1,3.6,Guard,0.458937841,0.748884939,-0.939580357,-0.775438254,-0.702992608,-0.972599123,-0.813392641,-0.772777107,-0.270090066,-0.119827233,0.684205057,-4.682492332,448,CLE,1.2,0.345,0.9,1.9,0.484,0.497
Tre Mann,1630544,2024-25,0,1610612766,CHA,24,13,0,24.53846154,5.384615385,12.38461538,0.435,1.846153846,4.615384615,0.4,1.461538462,1.615384615,0.905,0.923076923,2,2.923076923,3,0.538461538,0.307692308,1.923076923,1.846153846,14.07692308,Guard,0.457123893,0.753353149,0.64051292,-0.395005671,0.39968072,-0.359698039,-0.306499217,0.823390623,-0.642754197,0.845234776,-0.90873834,0.096123575,,,,,,,,
Bruno Fernando,,2024-25,,,,26,17,2,8.6,1.5,2.9,0.531,0,,,0.4,0.5,0.75,1.2,1.8,3,1.1,0.2,0.5,0.8,1.6,3.4,Center,0.461868661,0.748469098,-0.969743665,-0.363302956,-0.597976101,-1.229622159,0.162846545,-1.214270308,0.332028256,-0.209642391,0.443411288,-3.646271491,455,TOR,0,,1.5,2.9,0.531,0.531
Andre Jackson Jr.,,2024-25,,,,23,67,43,14.6,1.4,2.9,0.477,0.4,,,0.2,0.4,0.5,1,1.7,2.7,1.2,0.5,0.2,0.9,1.7,3.4,Guard,0.460346795,0.746481933,-0.969743665,-0.486943545,-0.545467847,-0.458553052,-0.569332845,-0.772777107,0.019370565,-0.638838265,0.323014403,-4.099271357,456,MIL,1.1,0.395,1,1.8,0.529,0.553
Isaac Jones,,2024-25,,,,24,40,0,7.6,1.4,2.1,0.651,0.1,,,0.6,0.9,0.639,0.6,0.9,1.4,0.3,0.1,0.3,0.4,0.8,3.4,Forward-Center,0.463795154,0.746518457,-0.969743665,-1.022719433,-1.018042131,-1.486645194,-0.325273048,-1.103897008,0.727814005,-0.630949825,0.924998827,-4.904457472,457,SAC,0.2,0.375,1.3,1.9,0.68,0.669
Ryan Rollins,,2023-24,,,,21,13,0,6,1.1,2.1,0.519,0.2,,,1,1.3,0.765,0.2,0.8,1,1.1,0.8,0.2,0.6,0.6,3.4,Guard,0.461080168,0.748873089,-0.969743665,-1.187573552,-0.597976101,0.312516055,-0.569332845,-0.993523708,0.1700375,-0.12238684,0.684205057,-3.273778098,427,2TM,0.3,0.75,0.8,1.8,0.478,0.574
Jeenathan Williams,,2024-25,,,,25,20,0,7.4,1.4,3.1,0.435,0.3,,,0.3,0.4,0.625,0.3,0.4,0.7,0.5,0.4,0.2,0.7,0.8,3.3,Guard,0.459116248,0.747473997,-0.984825319,-1.311214141,-0.913025623,-0.715576088,-0.569332845,-0.883150407,-0.233437435,-0.424568354,0.563808173,-5.471322039,460,HOU,1.3,0.231,1.1,1.8,0.583,0.484
Lester Quiñones,,2024-25,,,,24,13,0,14.1,2.4,6,0.397,1,,,0.8,1,0.846,0.3,1.2,1.5,1.8,0.2,0.2,1.1,1.4,6.6,Guard,0.456305521,0.75036646,-0.48713074,-0.981505903,-0.230418325,-1.229622159,-0.569332845,-0.110537304,-0.810883575,0.20015753,0.082220634,-4.137052686,312,2TM,3.4,0.295,1.4,2.6,0.529,0.481
Pete Nance,,2024-25,,,,24,13,1,10.6,1.1,2.5,0.438,0.7,,,0.1,0.2,0.5,0.4,1.2,1.6,0.8,0.2,0.2,0.3,1.3,2.9,Center,0.459330587,0.747463933,-1.045151935,-0.940292373,-0.755500862,-1.229622159,-0.569332845,-0.441657205,-0.189402845,-0.426741965,1.045395711,-4.552306477,471,2TM,1.8,0.375,0.4,0.6,0.625,0.578
Vlatko Čančar,,2024-25,,,,27,13,0,10.5,0.8,2,0.385,0.3,,,0,0,,0.5,2,2.5,0.7,0.2,0.2,0.8,0.8,1.8,Forward-Center,0.458395933,,-1.211050127,-0.569370605,-0.808009116,-1.229622159,-0.569332845,-0.883150407,-0.381421576,,0.443411288,-5.208545546,511,DEN,1.2,0.267,0.5,0.8,0.545,0.462
Rayan Rupert,,2024-25,,,,20,52,0,8.8,1.1,2.7,0.408,0.3,,,0.4,0.6,0.767,0.5,0.8,1.3,0.5,0.3,0.1,0.6,0.7,3,Guard,0.458500343,0.748673704,-1.030070281,-1.063932962,-0.913025623,-0.972599123,-0.813392641,-0.883150407,-0.359971324,-0.165450641,0.684205057,-5.517387945,469,POR,1.1,0.271,0.8,1.6,0.506,0.465
Leonard Miller,,2024-25,,,,21,13,0,2.5,0.5,1.2,0.4,0,,,0.6,0.6,1,0.2,0.6,0.8,0,0.2,0.1,0.2,0.2,1.5,Forward,0.459154004,0.75143655,-1.256295089,-1.270000611,-1.175566892,-1.229622159,-0.813392641,-1.214270308,-0.225680777,0.431280051,1.165792596,-5.587755832,530,MIN,0.4,0,0.5,0.8,0.6,0.4
Tyler Smith,,2024-25,,,,20,23,0,5.3,1,2.2,0.48,0.6,,,0.3,0.3,0.75,0.3,0.8,1.1,0.2,0.1,0.2,0.3,0.5,2.9,Forward-Center,0.460297311,0.748463011,-1.045151935,-1.146360022,-1.070550384,-1.486645194,-0.569332845,-0.552030506,0.009204434,-0.210957104,1.045395711,-5.026427845,474,MIL,1.3,0.433,0.5,0.9,0.55,0.61
Cam Christie,,2024-25,,,,19,13,0,4.5,0.5,1.8,0.292,0.2,,,0.2,0.3,0.5,0.2,0.7,0.9,0.5,0.4,0.1,0.2,0.3,1.4,Guard,0.456895729,0.746971957,-1.271376743,-1.228787081,-0.913025623,-0.715576088,-0.813392641,-0.993523708,-0.689629062,-0.533000946,1.165792596,-5.992519296,534,LAC,1,0.154,0.4,0.8,0.455,0.333
Liam Robbins,,2024-25,,,,25,13,0,4.4,0.2,0.6,0.25,0,,,0.4,0.8,0.5,0.5,0.4,0.9,0.2,0.2,0.2,0.5,0.7,0.7,Center,0.458612179,0.744541131,-1.37694832,-1.228787081,-1.070550384,-1.229622159,-0.569332845,-1.214270308,-0.336995291,-1.058020714,0.804601942,-7.279925162,555,MIL,0.2,0,0.2,0.5,0.333,0.25
Keshad Johnson,,2024-25,,,,23,16,0,6.1,1.1,1.6,0.692,0.2,,,0.3,0.6,0.444,0.4,1.4,1.8,0.3,0.3,0.3,0.3,0.7,2.7,Forward,0.463519539,0.744843665,-1.075315242,-0.857865313,-1.018042131,-0.972599123,-0.325273048,-0.993523708,0.671190775,-0.992678165,1.045395711,-4.518710244,477,MIA,0.4,0.429,0.9,1.2,0.789,0.75
Hunter Tyson,,2024-25,,,,24,51,2,7.8,0.9,2.4,0.375,0.5,,,0.4,0.5,0.75,0.5,1,1.5,0.4,0.2,0.1,0.3,0.9,2.6,Forward-Center,0.457874855,0.748469098,-1.090396896,-0.981505903,-0.965533877,-1.229622159,-0.813392641,-0.662403806,-0.488473717,-0.209642391,1.045395711,-5.395575678,481,DEN,1.5,0.311,0.4,0.9,0.478,0.471
Jaden Springer,,2024-25,,,,22,43,2,8.5,0.8,2.1,0.389,0.3,,,0.6,0.9,0.711,0.4,1,1.3,0.8,0.6,0.1,0.4,1,2.5,Guard,0.458406319,0.747791541,-1.10547855,-1.063932962,-0.755500862,-0.201530016,-0.813392641,-0.883150407,-0.379287846,-0.355983858,0.924998827,-4.633258316,482,2TM,1.1,0.25,0.5,1,0.548,0.456
Trey Jemison,,2024-25,,,,25,38,0,10.3,1.1,1.9,0.554,0,,,0.3,0.9,0.394,1.2,1.6,2.8,0.4,0.2,0.4,0.6,1.8,2.5,Center,0.461619089,0.742186433,-1.10547855,-0.445730016,-0.965533877,-1.229622159,-0.081213252,-1.214270308,0.280755367,-1.566597908,0.684205057,-5.643485644,483,2TM,0,,1.1,1.9,0.554,0.554
Dillon Jones,,2024-25,,,,23,54,3,10.2,0.9,2.5,0.383,0.3,,,0.3,0.5,0.607,0.6,1.7,2.2,1.1,0.3,0.1,0.5,1,2.5,Forward,0.457989124,0.747053256,-1.10547855,-0.693011194,-0.597976101,-0.972599123,-0.813392641,-0.883150407,-0.464997992,-0.515441619,0.804601942,-5.241445685,485,OKC,1.2,0.254,0.6,1.3,0.5,0.444
Pat Spencer,,2024-25,,,,28,39,0,6.4,1.1,2.6,0.406,0.1,,,0.3,0.4,0.733,0.4,0.8,1.2,1.2,0.4,0.1,0.5,0.5,2.5,Guard,0.458498881,0.74833114,-1.10547855,-1.105146492,-0.545467847,-0.715576088,-0.813392641,-1.103897008,-0.360271612,-0.239439151,0.804601942,-5.184067447,486,GSW,0.6,0.227,0.9,2,0.456,0.431
Christian Koloko,,2024-25,,,,24,37,0,9.2,1.1,1.8,0.606,0,,,0.3,0.4,0.714,0.9,1.5,2.5,0.4,0.2,0.4,0.3,1.2,2.4,Center,0.462447792,0.748180346,-1.120560204,-0.569370605,-0.965533877,-1.229622159,-0.081213252,-1.214270308,0.451007027,-0.272008178,1.045395711,-3.956175844,488,LAL,0.1,0,1.1,1.7,0.645,0.606
MarJon Beauchamp,,2024-25,,,,24,35,0,4.5,0.8,1.9,0.415,0.3,,,0.4,0.6,0.75,0.3,0.9,1.3,0.3,0.1,0,0.4,0.4,2.3,Forward,0.459027332,0.748472123,-1.135641858,-1.063932962,-1.018042131,-1.486645194,-1.057452438,-0.883150407,-0.251704586,-0.208988931,0.924998827,-6.180559682,490,3TM,0.8,0.345,0.5,1,0.472,0.492
Bronny James,,2024-25,,,,20,27,1,6.7,0.8,2.5,0.313,0.3,,,0.4,0.5,0.786,0.1,0.5,0.7,0.8,0.3,0.1,0.5,0.5,2.3,Guard,0.456281807,0.748825534,-1.135641858,-1.311214141,-0.755500862,-0.972599123,-0.813392641,-0.883150407,-0.815755452,-0.13265797,0.804601942,-6.015310512,491,LAL,1.2,0.281,0.4,1.3,0.343,0.381
Abdel Nader,1627846,2021-22,0,1610612756,PHX,28,14,0,10.35714286,0.857142857,2.5,0.343,0.285714286,1,0.286,0.428571429,0.714285714,0.6,0.285714286,1.642857143,1.928571429,0.5,0.571428571,0.285714286,0.785714286,1.428571429,2.428571429,Forward,0.457013514,0.74636289,-1.11625116,-0.804876489,-0.913025623,-0.27496517,-0.360138733,-0.898918021,-0.665430826,-0.664549649,0.460610843,-5.237544829,,,,,,,,
Patrick Baldwin Jr.,,2024-25,,,,22,24,0,4.5,0.8,1.5,0.543,0.5,,,0.1,0.2,0.5,0.2,0.8,1,0.1,0.1,0.1,0.2,0.3,2.2,Forward,0.461092465,0.747463933,-1.150723512,-1.187573552,-1.123058638,-1.486645194,-0.813392641,-0.662403806,0.172563751,-0.426741965,1.165792596,-5.512182962,494,2TM,1,0.565,0.3,0.5,0.5,0.729
Drew Peterson,,2024-25,,,,25,25,1,7.4,0.7,1.6,0.415,0.5,,,0.3,0.4,0.778,0.4,1.2,1.6,0.5,0.2,0.1,0.3,0.7,2.2,Forward-Center,0.459157334,0.748688283,-1.150723512,-0.940292373,-0.913025623,-1.229622159,-0.813392641,-0.662403806,-0.224996507,-0.162301983,1.045395711,-5.051362894,495,BOS,1.3,0.394,0.2,0.3,0.5,0.573
TyTy Washington Jr.,,2024-25,,,,23,16,0,7.4,0.9,2.8,0.311,0.3,,,0.2,0.4,0.5,0.3,0.6,0.8,1,0.2,0,0.2,0.3,2.2,Guard,0.455809194,0.746481933,-1.150723512,-1.270000611,-0.650484354,-1.229622159,-1.057452438,-0.883150407,-0.912850645,-0.638838265,1.165792596,-6.627329795,496,PHO,1.3,0.19,0.6,1.5,0.417,0.356
JD Davison,,2024-25,,,,22,16,0,5.8,0.8,2.1,0.353,0.3,,,0.3,0.4,0.714,0.1,0.7,0.8,0.8,0.3,0.1,0.8,0.1,2.1,Guard,0.457665869,0.748180346,-1.165805166,-1.270000611,-0.755500862,-0.972599123,-0.813392641,-0.883150407,-0.531408711,-0.272008178,0.443411288,-6.220454411,498,BOS,1.1,0.222,0.5,1,0.5,0.412
Enrique Freeman,,2024-25,,,,24,22,1,8.2,0.7,1.7,0.432,0,,,0.6,0.9,0.684,0.5,0.9,1.4,0.4,0.1,0.1,0.3,1,2.1,Forward-Center,0.459398084,0.747314134,-1.165805166,-1.022719433,-0.965533877,-1.486645194,-0.813392641,-1.214270308,-0.175535964,-0.459096095,1.045395711,-6.257602968,500,IND,0.5,0.1,0.7,1.2,0.556,0.446
Johnny Furphy,,2024-25,,,,20,50,0,7.6,0.7,1.8,0.38,0.3,,,0.4,0.4,0.818,0.5,1,1.4,0.4,0.4,0.2,0.2,0.8,2.1,Guard,0.458451721,0.749005743,-1.165805166,-1.022719433,-0.965533877,-0.715576088,-0.569332845,-0.883150407,-0.369960349,-0.093735612,1.165792596,-4.62002118,501,IND,1,0.3,0.4,0.8,0.476,0.462
Tyler Kolek,,2024-25,,,,23,41,0,7.2,0.7,2,0.329,0.3,,,0.3,0.4,0.765,0.2,0.5,0.7,1.7,0.3,0.1,0.4,0.6,2,Guard,0.457297894,0.748585108,-1.18088682,-1.311214141,-0.282926578,-0.972599123,-0.813392641,-0.883150407,-0.607006766,-0.184586054,0.924998827,-5.310763704,504,NYK,1.1,0.298,0.3,0.9,0.371,0.415
Greg Monroe,202328,2021-22,0,0,TOT,32,14,0,13.92857143,2.285714286,4.071428571,0.561,0,0,0,0.857142857,1.642857143,0.522,2.142857143,2.428571429,4.571428571,1.571428571,0.571428571,0.714285714,0.857142857,1.714285714,5.428571429,Forward-Center,0.463820448,0.741249865,-0.663801543,0.284338226,-0.35043719,-0.27496517,0.685831823,-1.214270308,0.733010554,-1.768881748,0.374613068,-2.194562289,,,,,,,,
Kobe Brown,,2024-25,,,,25,40,0,6.8,0.8,1.8,0.458,0.2,,,0.1,0.2,0.714,0.5,1.2,1.6,0.6,0.2,0.1,0.3,0.6,1.9,Forward-Center,0.459830896,0.748316523,-1.195968473,-0.940292373,-0.860517369,-1.229622159,-0.813392641,-0.993523708,-0.086617627,-0.242596185,1.045395711,-5.317134823,506,LAC,0.7,0.231,0.7,1.2,0.587,0.5
Ariel Hukporti,,2024-25,,,,22,25,1,8.7,0.8,1.2,0.677,0,,,0.2,0.5,0.462,0.6,1.5,2,0.4,0,0.6,0.8,1.3,1.9,Center,0.462438589,0.745617613,-1.195968473,-0.775438254,-0.965533877,-1.74366823,0.406906342,-1.214270308,0.449116366,-0.825517758,0.443411288,-5.420962905,507,NYK,0,,0.8,1.2,0.677,0.677
Joe Harris,203925,2021-22,0,1610612751,BKN,30,14,14,30.21428571,4,8.857142857,0.452,2.928571429,6.285714286,0.466,0.357142857,0.428571429,0.833,0.357142857,3.642857143,4,1,0.5,0.142857143,1.142857143,2.214285714,11.28571429,Guard-Forward,0.459224011,0.749172312,0.219552471,0.048832342,-0.650484354,-0.458553052,-0.708795585,2.018090634,-0.211298266,-0.057759365,0.030621969,0.230206794,,,,,,,,
Jericho Sims,,2024-25,,,,26,53,5,11.9,0.8,1.3,0.634,0,,,0.2,0.2,0.615,1.3,2.4,3.7,0.6,0.2,0.4,0.6,1.2,1.8,Center,0.46209857,0.7479221,-1.211050127,-0.074808248,-0.860517369,-1.229622159,-0.081213252,-1.214270308,0.379261754,-0.32778512,0.684205057,-3.935799773,510,2TM,0,,0.8,1.3,0.634,0.634
Josh Christopher,1630528,2024-25,0,1610612748,MIA,23,14,0,4.928571429,0.785714286,2.214285714,0.355,0.142857143,0.785714286,0.182,0.285714286,0.428571429,0.667,0,0.642857143,0.642857143,0.571428571,0.357142857,0.214285714,0.428571429,0.142857143,2,Guard,0.457592168,0.747761547,-1.18088682,-1.334764729,-0.875519728,-0.825728817,-0.53446716,-1.056594165,-0.546550007,-0.362462104,0.890599716,-5.826373814,,,,,,,,
Adam Flagler,,2024-25,,,,25,37,0,5.5,0.7,2.6,0.26,0.4,,,0,0.1,0.5,0.2,0.5,0.7,0.3,0.2,0.1,0.1,0.4,1.8,Guard,0.454799076,0.747957873,-1.211050127,-1.311214141,-1.018042131,-1.229622159,-0.813392641,-0.772777107,-1.120373088,-0.320058797,1.286189481,-6.51034071,512,OKC,1.9,0.194,0.3,0.6,0.458,0.333
Kris Dunn,1627739,2021-22,0,1610612757,POR,28,14,3,24,3.142857143,7.285714286,0.431,0.071428571,0.785714286,0.091,1.214285714,1.285714286,0.944,0.642857143,2.857142857,3.5,5.642857143,1.642857143,0.214285714,2.285714286,2.714285714,7.571428571,Guard,0.457903723,0.753356062,-0.340623246,-0.157235307,1.787398855,2.47885307,-0.53446716,-1.135432237,-0.482542947,0.845863915,-1.345342427,1.116472515,,,,,,,,
Tony Bradley,1628396,2024-25,0,1610612754,IND,27,14,0,8.071428571,2.071428571,3.214285714,0.644,0.071428571,0.214285714,0.333,0.142857143,0.428571429,0.333,1.285714286,1.714285714,3,0.428571429,0.142857143,0.642857143,0.357142857,0.785714286,4.357142857,Forward-Center,0.465598196,0.74492302,-0.825390692,-0.363302956,-0.950531518,-1.376492464,0.511503398,-1.135432237,1.098237532,-0.975538699,0.976597492,-3.040350146,,,,,,,,
Xavier Moon,1629875,2023-24,0,1610612746,LAC,29,14,1,8.5,1.071428571,3.285714286,0.326,0.142857143,1.214285714,0.118,0.071428571,0.142857143,0.5,0.571428571,0.714285714,1.285714286,1.5,0.214285714,0.214285714,0.357142857,0.571428571,2.357142857,Guard,0.455605389,0.747745943,-1.12702377,-1.069820609,-0.387943086,-1.192904583,-0.53446716,-1.056594165,-0.954721159,-0.365832259,0.976597492,-5.7127093,,,,,,,,
Pacome Dadiet,,2024-25,,,,19,18,0,6.2,0.6,1.7,0.323,0.3,,,0.2,0.3,0.667,0.2,0.8,1,0.3,0.2,0.1,0.2,0.4,1.7,Guard,0.457576059,0.747967981,-1.226131781,-1.187573552,-1.018042131,-1.229622159,-0.813392641,-0.883150407,-0.549859556,-0.31787566,1.165792596,-6.059855291,516,NYK,1.1,0.316,0.2,0.7,0.333,0.419
Alex Ducas,,2024-25,,,,24,21,0,6,0.6,1.4,0.4,0.5,,,0.1,0.1,1,0.4,0.8,1.2,0.2,0.2,0,0.2,0.6,1.7,Guard,0.459037329,0.748955877,-1.226131781,-1.105146492,-1.070550384,-1.229622159,-1.057452438,-0.662403806,-0.249650826,-0.104505833,1.165792596,-5.539671124,517,OKC,1,0.476,0.1,0.4,0.222,0.567
PJ Hall,,2024-25,,,,22,19,0,3.5,0.7,1.3,0.583,0.1,,,0.2,0.2,0.75,0.3,0.8,1.2,0.2,0,0.2,0.1,0.6,1.7,Center,0.461444079,0.748459949,-1.226131781,-1.105146492,-1.070550384,-1.74366823,-0.569332845,-1.103897008,0.244800605,-0.21161839,1.286189481,-5.499355044,518,DEN,0.4,0.25,0.6,0.8,0.75,0.625
James Bouknight,,2023-24,,,,23,14,0,5.8,1.3,2.9,0.439,0.9,,,0.1,0.1,0.5,0.1,0.6,0.6,0.4,0.1,0.1,0.1,0.2,3.6,Guard,0.459275852,0.747957873,-0.939580357,-1.352427671,-0.965533877,-1.486645194,-0.813392641,-0.220910604,-0.20064781,-0.320058797,1.286189481,-5.013007471,418,CHO,2.1,0.433,0.4,0.8,0.455,0.598
Yuki Kawamura,,2024-25,,,,23,22,0,4.2,0.5,1.4,0.367,0.3,,,0.3,0.4,0.778,0,0.5,0.5,0.9,0.1,0,0.2,0.4,1.6,Guard,0.458581708,0.748688283,-1.241213435,-1.393641201,-0.702992608,-1.486645194,-1.057452438,-0.883150407,-0.343255332,-0.162301983,1.165792596,-6.104860003,522,MEM,1,0.304,0.2,0.3,0.571,0.483
Boban Marjanović,,2023-24,,,,35,14,0,5.1,1.3,2.4,0.529,0,,,0.6,1,0.643,0.5,1.8,2.3,0.4,0.1,0.1,0.4,0.4,3.2,Center,0.46148423,0.746386068,-0.999906973,-0.651797665,-0.965533877,-1.486645194,-0.813392641,-1.214270308,0.253049476,-0.659543768,0.924998827,-5.613042124,444,HOU,0.1,0,1.3,2.3,0.563,0.529
Trevelin Queen,,2023-24,,,,26,14,0,11.8,1,2.7,0.368,0.2,,,0.6,0.9,0.75,0.2,1.2,1.4,1.3,0.5,0.4,0.5,1.1,2.9,Guard,0.457448736,0.748481129,-1.045151935,-1.022719433,-0.492959593,-0.458553052,-0.081213252,-0.993523708,-0.576017232,-0.207043959,0.804601942,-4.07258022,456,ORL,1.2,0.176,0.8,1.5,0.524,0.408
Jordan Walsh,,2024-25,,,,20,52,1,7.8,0.6,1.6,0.361,0.3,,,0.1,0.2,0.583,0.4,0.9,1.3,0.4,0.2,0.2,0.3,0.6,1.6,Forward-Center,0.458306941,0.74779461,-1.241213435,-1.063932962,-0.965533877,-1.229622159,-0.569332845,-0.883150407,-0.399704497,-0.355320938,1.045395711,-5.662415409,525,BOS,1.1,0.273,0.3,0.5,0.536,0.452
Jermaine Samuels,,2023-24,,,,25,14,0,4.3,0.6,1,0.643,0,,,0.1,0.1,1,0.2,0.7,0.9,0.2,0.1,0.1,0,0.4,1.4,Forward,0.461677081,0.748955877,-1.271376743,-1.228787081,-1.070550384,-1.486645194,-0.813392641,-1.214270308,0.292669432,-0.104505833,1.406586365,-5.490272389,531,HOU,0.1,0,0.6,0.9,0.75,0.643
Sidy Cissoko,,2024-25,,,,20,22,0,5.2,0.6,1.4,0.433,0.1,,,0.1,0.4,0.333,0.4,0.6,1,0.7,0.1,0,0.5,0.5,1.5,Forward,0.45949295,0.745156537,-1.256295089,-1.187573552,-0.808009116,-1.486645194,-1.057452438,-1.103897008,-0.156046321,-0.925102865,0.804601942,-7.176419641,527,2TM,0.6,0.231,0.5,0.8,0.588,0.483
Jazian Gortman,,2024-25,,,,21,16,0,3.6,0.6,1.4,0.391,0.3,,,0.1,0.3,0.5,0.1,0.3,0.3,0.4,0.1,0.1,0.3,0.6,1.5,Guard,0.458913069,0.746971957,-1.256295089,-1.47606826,-0.965533877,-1.486645194,-0.813392641,-0.883150407,-0.275179328,-0.533000946,1.045395711,-6.643870031,528,DAL,0.7,0.364,0.3,0.8,0.417,0.478
Keion Brooks Jr.,,2024-25,,,,24,14,6,23.7,3.8,7.8,0.486,1,,,1.6,2.1,0.733,0.9,3.3,4.1,0.9,0.7,0.7,0.9,2.1,10.1,Forward,0.461754965,0.747830891,0.040727146,0.090045872,-0.702992608,0.055493019,0.650966138,-0.110537304,0.308670118,-0.34748482,0.323014403,0.307901965,185,NOP,3.1,0.326,2.8,4.7,0.591,0.55
Jared Rhoden,,2024-25,,,,25,14,2,16.2,3,6.2,0.483,0.9,,,1.6,1.8,0.88,1,2,3,1.1,0.7,0.1,0.6,1.4,8.4,Guard,0.46121455,0.753024893,-0.21566097,-0.363302956,-0.597976101,0.055493019,-0.813392641,-0.220910604,0.197645317,0.77433672,0.684205057,-0.499563159,251,2TM,2.8,0.308,2.1,3.4,0.625,0.552
Oscar Tshiebwe,,2024-25,,,,25,14,1,18.2,3,5,0.6,0,,,1.6,2.2,0.742,3.3,5.4,8.7,0.6,0.9,0.1,0.7,1.7,7.6,Center,0.466537002,0.74818179,-0.336314202,1.985868242,-0.860517369,0.569539091,-0.813392641,-1.214270308,1.291109309,-0.271696296,0.563808173,0.914133997,273,UTA,0,,3,5,0.6,0.6
Matt Ryan,,2024-25,,,,27,19,0,3.6,0.5,1.6,0.323,0.3,,,0.1,0.1,1,0,0.4,0.4,0.2,0.1,0,0.2,0.1,1.5,Forward,0.457708516,0.748955877,-1.256295089,-1.43485473,-1.070550384,-1.486645194,-1.057452438,-0.883150407,-0.522647157,-0.104505833,1.165792596,-6.650308637,532,NYK,1,0.316,0.2,0.6,0.333,0.419
Jacob Toppin,,2024-25,,,,24,17,0,4.5,0.5,1.3,0.409,0.3,,,0,0,,0.2,0.7,0.9,0.4,0.1,0,0.2,0.2,1.4,Forward,0.459211107,,-1.271376743,-1.228787081,-0.965533877,-1.486645194,-1.057452438,-0.883150407,-0.213949195,,1.165792596,-5.94110234,533,2TM,0.6,0.5,0.2,0.7,0.333,0.523
Dru Smith,,2024-25,,,,27,14,1,19.1,2.2,4.4,0.508,1.1,,,0.6,0.9,0.75,0.9,1.7,2.6,1.6,1.5,0.4,1.2,2.1,6.2,Guard,0.461892578,0.748481129,-0.547457356,-0.528157075,-0.335434832,2.111677304,-0.081213252,-0.000164003,0.336941998,-0.207043959,-0.038176251,0.710972574,337,MIA,2.1,0.533,1.1,2.2,0.484,0.639
Chris Livingston,,2024-25,,,,21,21,1,5,0.4,1.3,0.333,0,,,0.6,0.8,0.75,0.5,1.2,1.7,0.2,0.2,0,0.3,0.4,1.4,Forward,0.458235787,0.748478139,-1.271376743,-0.899078843,-1.070550384,-1.229622159,-1.057452438,-1.214270308,-0.414322671,-0.207689731,1.045395711,-6.318967566,535,MIL,0.4,0,0.4,0.9,0.474,0.333
Trey Alexander,,2024-25,,,,21,24,0,4.9,0.5,1.7,0.317,0.1,,,0.1,0.2,0.75,0,0.5,0.5,0.5,0.1,0,0.2,0.4,1.3,Guard,0.457475764,0.748459949,-1.286458397,-1.393641201,-0.913025623,-1.486645194,-1.057452438,-1.103897008,-0.570464525,-0.21161839,1.165792596,-6.857410179,536,DEN,0.7,0.176,0.4,1,0.417,0.354
Spencer Jones,,2024-25,,,,23,20,0,6.3,0.6,1.7,0.324,0.1,,,0.2,0.2,1,0.4,0.5,0.9,0.3,0.3,0.3,0.3,0.9,1.3,Forward,0.457592775,0.749455965,-1.286458397,-1.228787081,-1.018042131,-0.972599123,-0.325273048,-1.103897008,-0.546425395,0.003505186,1.045395711,-5.432581286,537,DEN,0.9,0.059,0.5,0.9,0.588,0.338
Kevin Knox,,2024-25,,,,25,14,0,6,1.3,2.6,0.5,0.3,,,0.4,0.6,0.75,0.5,0.7,1.2,0.4,0.1,0.3,0.3,0.4,3.3,Forward,0.460880947,0.748472123,-0.984825319,-1.105146492,-0.965533877,-1.486645194,-0.325273048,-0.883150407,0.129108791,-0.208988931,1.045395711,-4.785058767,458,GSW,1.1,0.267,1,1.5,0.667,0.556
Ben Simmons,1627732,2023-24,0,1610612751,BKN,27,15,12,23.93333333,2.866666667,4.933333333,0.581,0,0,0,0.4,1,0.4,2.066666667,5.866666667,7.933333333,5.733333333,0.8,0.6,1.8,2.4,6.133333333,Guard-Forward,0.465558944,0.741621362,-0.557511792,1.669897846,1.834906322,0.312516055,0.406906342,-1.214270308,1.090173537,-1.688644337,-0.760557559,1.093416106,,,,,,,,
Cody Zeller,203469,2022-23,0,1610612748,MIA,30,15,2,14.46666667,2.466666667,3.933333333,0.627,0,0.133333333,0,1.6,2.333333333,0.686,1.666666667,2.6,4.266666667,0.666666667,0.2,0.266666667,0.933333333,2.2,6.533333333,Forward-Center,0.466189081,0.745669225,-0.497185176,0.158735088,-0.825511867,-1.229622159,-0.406626313,-1.214270308,1.219631261,-0.814370325,0.282882109,-3.326337691,,,,,,,,
Daishen Nix,1630227,2023-24,0,1610612750,MIN,22,15,0,3.333333333,0.6,1.6,0.375,0.4,1.133333333,0.353,0.2,0.4,0.5,0.066666667,0.133333333,0.2,0.4,0.333333333,0,0.333333333,0.133333333,1.8,Guard,0.458527413,0.746481933,-1.211050127,-1.51728179,-0.965533877,-0.886924779,-1.057452438,-0.772777107,-0.354409833,-0.638838265,1.005263417,-6.399004799,,,,,,,,
Xavier Tillman Sr.,,2024-25,,,,26,33,2,7,0.4,1.6,0.245,0.2,,,0.1,0.1,0.75,0.3,1,1.3,0.2,0.3,0.2,0.4,0.5,1,Center,0.456480169,0.748456875,-1.331703359,-1.063932962,-1.070550384,-0.972599123,-0.569332845,-0.993523708,-0.775003143,-0.212282315,0.924998827,-6.063929012,544,BOS,1,0.156,0.2,0.6,0.381,0.292
Josh Minott,1631169,2022-23,0,1610612750,MIN,20,15,0,6.4,1.2,2.4,0.5,0.133333333,0.4,0.333,0.533333333,0.533333333,1,0.333333333,1.333333333,1.666666667,0.333333333,0.266666667,0.4,0.2,0.666666667,3.066666667,Forward,0.460804543,0.75110863,-1.020015845,-0.912816686,-1.000539379,-1.058273467,-0.081213252,-1.067105908,0.113411991,0.360454528,1.165792596,-3.500305422,,,,,,,,
Markieff Morris,202693,2024-25,0,0,TOT,35,15,2,10.93333333,1.4,4.666666667,0.3,0.6,2.4,0.25,0.333333333,0.4,0.833,0.2,1.333333333,1.533333333,1.4,0.133333333,0.2,0.333333333,1.066666667,3.733333333,Forward,0.452736164,0.749124791,-0.919471485,-0.96776806,-0.440451339,-1.40097085,-0.569332845,-0.552030506,-1.544185205,-0.068023223,1.005263417,-5.456970096,,,,,,,,
Justin Minaya,,2024-25,,,,25,19,0,5.3,0.4,1.1,0.381,0.1,,,0,0.1,0,0.3,0.3,0.5,0.4,0.3,0.1,0.3,0.6,0.9,Forward,0.459005788,0.746959869,-1.346785012,-1.393641201,-0.965533877,-0.972599123,-0.813392641,-1.103897008,-0.256130737,-0.535611761,1.045395711,-6.342195649,547,POR,0.5,0.2,0.3,0.6,0.545,0.429
Matisse Thybulle,1629680,2024-25,0,1610612757,POR,28,15,5,20.8,2.8,5.866666667,0.477,1.4,3.2,0.438,0.466666667,1,0.467,0.933333333,2.533333333,3.466666667,1.866666667,2.2,0.6,0.866666667,0.933333333,7.466666667,Guard-Forward,0.460813462,0.742935087,-0.356423073,-0.17097315,-0.195412822,3.910838554,0.406906342,0.330955898,0.115244396,-1.404900558,0.363146698,2.999382283,,,,,,,,
Nikola Jović,1631107,2022-23,0,1610612748,MIA,20,15,8,13.6,1.866666667,4.6,0.406,0.533333333,2.333333333,0.229,1.2,1.266666667,0.947,0.6,1.466666667,2.066666667,0.666666667,0.466666667,0.133333333,0.666666667,1.266666667,5.466666667,Forward,0.457495078,0.753359352,-0.658056151,-0.747962567,-0.825511867,-0.544227396,-0.732039377,-0.625612706,-0.566496506,0.846574585,0.603940467,-3.249391519,,,,,,,,
Olivier Sarr,1630846,2023-24,0,1610612760,OKC,25,15,0,6.533333333,0.733333333,1.266666667,0.579,0.133333333,0.4,0.333,0.666666667,1,0.667,0.666666667,1.733333333,2.4,0.133333333,0,0.466666667,0.2,1.2,2.266666667,Center,0.461354034,0.746856656,-1.140669076,-0.610584135,-1.105555887,-1.74366823,0.08149328,-1.067105908,0.226301485,-0.557904206,1.165792596,-4.75190008,,,,,,,,
Otto Porter Jr.,203490,2023-24,0,1610612761,TOR,31,15,1,11.6,0.933333333,2.2,0.424,0.533333333,1.533333333,0.348,0.2,0.2,1,0.4,1.533333333,1.933333333,0.533333333,0.333333333,0.333333333,0.133333333,1.266666667,2.6,Forward,0.459091831,0.749455965,-1.090396896,-0.802913941,-0.895522872,-0.886924779,-0.243919783,-0.625612706,-0.238453671,0.003505186,1.246057186,-3.534182276,,,,,,,,
Vince Williams Jr.,1631246,2022-23,0,1610612763,MEM,22,15,1,7,0.8,2.666666667,0.3,0.266666667,1.866666667,0.143,0.133333333,0.133333333,1,0.266666667,0.733333333,1,0.266666667,0.4,0.133333333,0.333333333,0.8,2,Guard,0.455711544,0.749122795,-1.18088682,-1.187573552,-1.035544882,-0.715576088,-0.732039377,-0.919941507,-0.9329123,-0.068454283,1.005263417,-5.76766539,,,,,,,,
Stanley Umude,,2024-25,,,,25,22,0,3.9,0.2,1.2,0.192,0.1,,,0.1,0.2,0.5,0.2,0.6,0.8,0.2,0.1,0.3,0.1,0.4,0.7,Guard,0.456687601,0.747463933,-1.37694832,-1.270000611,-1.070550384,-1.486645194,-0.325273048,-1.103897008,-0.732387658,-0.426741965,1.286189481,-6.506254709,556,MIL,0.7,0.2,0.1,0.5,0.182,0.25
Justin Champagnie,,2023-24,,,,22,15,1,15.7,2.1,5.2,0.41,0.9,,,0.8,1,0.8,1.3,2.3,3.5,1.3,0.7,0.6,0.7,0.9,5.9,Forward,0.457399099,0.749464499,-0.592702318,-0.157235307,-0.492959593,0.055493019,0.406906342,-0.220910604,-0.586214892,0.005348369,0.563808173,-1.018466812,302,WAS,3,0.289,1.3,2.2,0.576,0.494
Emoni Bates,,2023-24,,,,20,15,0,8.9,1,3.3,0.306,0.7,,,0.1,0.3,0.25,0.1,0.9,0.9,0.7,0.1,0.1,0.5,0.3,2.7,Forward,0.45494855,0.745480903,-1.075315242,-1.228787081,-0.808009116,-1.486645194,-0.813392641,-0.441657205,-1.089664637,-0.855044788,0.804601942,-6.993913964,462,CLE,2.2,0.303,0.3,1.1,0.313,0.408
Nate Hinton,,2023-24,,,,24,15,0,5,0.7,1.7,0.423,0.5,,,0.3,0.3,0.8,0.5,1,1.5,0.7,0.2,0.1,0.2,0.7,2.2,Guard,0.459247642,0.748761222,-1.150723512,-0.981505903,-0.808009116,-1.229622159,-0.813392641,-0.662403806,-0.206443417,-0.146548336,1.165792596,-4.832856294,491,HOU,0.9,0.5,0.3,0.8,0.333,0.558
Kendall Brown,,2023-24,,,,20,15,0,4.2,0.5,1,0.533,0,,,0.3,0.5,0.625,0.2,0.1,0.3,0.3,0,0,0.1,0.6,1.4,Guard,0.460587972,0.747231474,-1.271376743,-1.47606826,-1.018042131,-1.74366823,-1.057452438,-1.214270308,0.068918916,-0.476949408,1.286189481,-6.902719121,528,IND,0.1,0,0.5,0.9,0.615,0.533
Damion Baugh,,2024-25,,,,24,15,2,24.7,2.8,8.7,0.323,0.8,,,0.9,1,0.867,0.9,2.4,3.3,3.7,1,0.1,2.1,1.5,7.3,Guard,0.448909707,0.750778224,-0.381559163,-0.239662367,0.767238496,0.826562126,-0.813392641,-0.331283905,-2.330306491,0.289092147,-1.121748213,-3.33506001,279,CHO,3.7,0.214,2,4.9,0.405,0.369
Jalen Hood-Schifino,,2024-25,,,,21,15,0,21,2.5,6.5,0.378,0.9,,,1.2,1.4,0.857,0.2,1.6,1.8,2.5,0.3,0.5,1.2,1.7,7.1,Guard,0.454867466,0.7514103,-0.411722471,-0.857865313,0.137139452,-0.972599123,0.162846545,-0.220910604,-1.106322663,0.42561051,-0.038176251,-2.881999919,292,2TM,3.1,0.304,1.5,3.5,0.442,0.449
Alex Reese,,2024-25,,,,25,15,0,14.4,1.7,3.6,0.481,1,,,0.6,0.8,0.75,0.6,2.5,3.1,0.3,0.7,0.7,0.4,1.4,5.1,Forward-Center,0.460598313,0.748478139,-0.713355549,-0.322089426,-1.018042131,0.055493019,0.650966138,-0.110537304,0.0710433,-0.207689731,0.924998827,-0.669212855,376,2TM,2.7,0.366,0.7,0.9,0.846,0.62
Isaiah Crawford,,2024-25,,,,23,15,0,3.1,0.3,0.7,0.455,0.1,,,0.1,0.3,0.5,0.1,0.5,0.5,0.1,0.1,0.1,0.1,0.1,0.9,Forward,0.459830041,0.746971957,-1.346785012,-1.393641201,-1.123058638,-1.486645194,-0.813392641,-1.103897008,-0.08679311,-0.533000946,1.286189481,-6.601024271,546,SAC,0.3,0.2,0.3,0.4,0.667,0.5
League Average,,,,,,,,,,,,0.467,,,,,,0.78,,,,,,,,,,,,,,,,,,,,,,0,,,,0.36,,,0.545,0.543
